ts_iso,dir,can_id,dlc,data_hex
2025-08-10T15:28:35.156,RX,0x064,6,01 B7 3F 80 07 EB
2025-08-10T15:28:35.260,RX,0x064,6,01 B7 3F 80 07 DE
2025-08-10T15:28:35.361,RX,0x064,6,01 B7 3F 80 08 08
2025-08-10T15:28:35.464,RX,0x064,6,01 B7 3F 80 07 DF
2025-08-10T15:28:35.567,RX,0x064,6,01 B7 3F 80 07 DE
2025-08-10T15:28:35.668,RX,0x064,6,01 B7 3F 80 07 B9
2025-08-10T15:28:35.769,RX,0x064,6,01 B7 3F 80 08 1E
2025-08-10T15:28:35.870,RX,0x064,6,01 B7 3F 80 07 F7
2025-08-10T15:28:35.972,RX,0x064,6,01 B7 3F 80 08 3B
2025-08-10T15:28:36.073,RX,0x064,6,01 B7 3F 80 08 05
2025-08-10T15:28:36.173,RX,0x064,6,01 B7 3F 80 08 1F
2025-08-10T15:28:36.275,RX,0x064,6,01 B7 3F 80 08 02
2025-08-10T15:28:36.379,RX,0x064,6,01 B7 3F 80 07 F5
2025-08-10T15:28:36.481,RX,0x064,6,01 B7 3F 80 07 81
2025-08-10T15:28:36.581,RX,0x064,6,01 B7 3F 80 08 2D
2025-08-10T15:28:36.682,RX,0x064,6,01 B7 3F 80 07 F1
2025-08-10T15:28:36.783,RX,0x064,6,01 B7 3F 80 08 29
2025-08-10T15:28:36.885,RX,0x064,6,01 B7 3F 80 07 F8
2025-08-10T15:28:36.984,RX,0x064,6,01 B7 3F 80 08 05
2025-08-10T15:28:37.085,RX,0x064,6,01 B7 3F 80 07 B3
2025-08-10T15:28:37.186,RX,0x064,6,01 B7 3F 80 07 F8
2025-08-10T15:28:37.290,RX,0x064,6,01 B7 3F 80 08 54
2025-08-10T15:28:37.389,RX,0x064,6,01 B7 3F 80 08 1F
2025-08-10T15:28:37.491,RX,0x064,6,01 B7 3F 80 07 EF
2025-08-10T15:28:37.595,RX,0x064,6,01 B7 3F 80 07 B4
2025-08-10T15:28:37.697,RX,0x064,6,01 B7 3F 80 08 40
2025-08-10T15:28:37.799,RX,0x064,6,01 B7 3F 80 07 B6
2025-08-10T15:28:37.900,RX,0x064,6,01 B7 3F 80 08 0B
2025-08-10T15:28:38.001,RX,0x064,6,01 B7 3F 80 08 1F
2025-08-10T15:28:38.103,RX,0x064,6,01 B7 4E 80 A7 F4
2025-08-10T15:28:38.205,RX,0x064,6,01 B7 B4 82 88 2D
2025-08-10T15:28:38.306,RX,0x064,6,01 B8 D1 85 97 EB
2025-08-10T15:28:38.409,RX,0x064,6,01 BA 89 86 D7 F1
2025-08-10T15:28:38.512,RX,0x064,6,01 BC 19 84 A7 FD
2025-08-10T15:28:38.614,RX,0x064,6,01 BC 72 80 07 F0
2025-08-10T15:28:38.720,RX,0x064,6,01 BC 72 80 08 37
2025-08-10T15:28:38.822,RX,0x064,6,01 BC 72 80 07 D3
2025-08-10T15:28:38.923,RX,0x064,6,01 BC 72 80 07 CC
2025-08-10T15:28:39.023,RX,0x064,6,01 BC 72 80 07 F8
2025-08-10T15:28:39.124,RX,0x064,6,01 BC 72 80 07 D5
2025-08-10T15:28:39.225,RX,0x064,6,01 BC 72 80 08 17
2025-08-10T15:28:39.326,RX,0x064,6,01 BC 72 80 07 EA
2025-08-10T15:28:39.427,RX,0x064,6,01 BC 71 80 07 FA
2025-08-10T15:28:39.533,RX,0x064,6,01 BC 71 80 07 D9
2025-08-10T15:28:39.641,RX,0x064,6,01 BC 71 80 07 E5
2025-08-10T15:28:39.741,RX,0x064,6,01 BC 71 80 07 E8
2025-08-10T15:28:39.844,RX,0x064,6,01 BC 71 80 08 11
2025-08-10T15:28:39.949,RX,0x064,6,01 BC 71 80 08 0E
2025-08-10T15:28:40.051,RX,0x064,6,01 BC 71 80 08 24
2025-08-10T15:28:40.152,RX,0x064,6,01 BC 71 80 08 02
2025-08-10T15:28:40.256,RX,0x064,6,01 BC 71 80 07 EB
2025-08-10T15:28:40.357,RX,0x064,6,01 BC 71 80 07 C3
2025-08-10T15:28:40.459,RX,0x064,6,01 BC 71 80 08 34
2025-08-10T15:28:40.562,RX,0x064,6,01 BC 71 80 08 12
2025-08-10T15:28:40.665,RX,0x064,6,01 BC 74 80 27 D7
2025-08-10T15:28:40.768,RX,0x064,6,01 BD 79 87 87 F2
2025-08-10T15:28:40.869,RX,0x064,6,01 C3 44 8A F7 F3
2025-08-10T15:28:40.970,RX,0x064,6,01 C5 9E 87 F7 F4
2025-08-10T15:28:41.070,RX,0x064,6,01 C7 97 87 18 0C
2025-08-10T15:28:41.172,RX,0x064,6,01 C9 11 84 68 00
2025-08-10T15:28:41.274,RX,0x064,6,01 C9 C6 81 27 FA
2025-08-10T15:28:41.379,RX,0x064,6,01 C9 CE 80 47 F9
2025-08-10T15:28:41.483,RX,0x064,6,01 C9 F2 81 E8 0C
2025-08-10T15:28:41.587,RX,0x064,6,01 CA B4 83 77 EC
2025-08-10T15:28:41.687,RX,0x064,6,01 CB CA 84 C7 D4
2025-08-10T15:28:41.788,RX,0x064,6,01 CD 6F 87 77 D2
2025-08-10T15:28:41.890,RX,0x064,6,01 CF 67 87 98 09
2025-08-10T15:28:41.991,RX,0x064,6,01 D0 A7 81 98 19
2025-08-10T15:28:42.091,RX,0x064,6,01 D0 AA 80 08 1B
2025-08-10T15:28:42.192,RX,0x064,6,01 D0 AA 80 07 DF
2025-08-10T15:28:42.294,RX,0x064,6,01 D0 AA 80 07 FC
2025-08-10T15:28:42.394,RX,0x064,6,01 D0 AA 80 08 23
2025-08-10T15:28:42.500,RX,0x064,6,01 D0 AA 80 08 05
2025-08-10T15:28:42.606,RX,0x064,6,01 D0 AA 80 07 CF
2025-08-10T15:28:42.713,RX,0x064,6,01 D0 AA 80 07 E4
2025-08-10T15:28:42.816,RX,0x064,6,01 D0 AA 80 07 E0
2025-08-10T15:28:42.916,RX,0x064,6,01 D0 AA 80 08 01
2025-08-10T15:28:43.019,RX,0x064,6,01 D0 AA 80 08 30
2025-08-10T15:28:43.120,RX,0x064,6,01 D0 AA 80 08 0E
2025-08-10T15:28:43.223,RX,0x064,6,01 D0 AA 80 08 0D
2025-08-10T15:28:43.324,RX,0x064,6,01 D0 AA 80 08 0C
2025-08-10T15:28:43.426,RX,0x064,6,01 D0 AA 80 07 E2
2025-08-10T15:28:43.526,RX,0x064,6,01 D0 AA 80 07 CD
2025-08-10T15:28:43.627,RX,0x064,6,01 D0 AA 80 08 21
2025-08-10T15:28:43.732,RX,0x064,6,01 D0 AA 80 08 29
2025-08-10T15:28:43.833,RX,0x064,6,01 D0 AA 80 07 D6
2025-08-10T15:28:43.935,RX,0x064,6,01 D0 AA 80 08 22
2025-08-10T15:28:44.036,RX,0x064,6,01 D0 AA 80 08 2C
2025-08-10T15:28:44.136,RX,0x064,6,01 D0 AA 80 07 FF
2025-08-10T15:28:44.237,RX,0x064,6,01 D0 AA 80 07 DF
2025-08-10T15:28:44.338,RX,0x064,6,01 D0 AA 80 08 0A
2025-08-10T15:28:44.440,RX,0x064,6,01 D0 AA 80 08 36
2025-08-10T15:28:44.541,RX,0x064,6,01 D0 AE 80 17 FF
2025-08-10T15:28:44.645,RX,0x064,6,01 D1 6C 85 B8 20
2025-08-10T15:28:44.746,RX,0x064,6,01 D4 44 8E 58 1E
2025-08-10T15:28:44.848,RX,0x064,6,01 D7 B9 8B 38 34
2025-08-10T15:28:44.951,RX,0x064,6,01 D9 9E 84 C8 26
2025-08-10T15:28:45.053,RX,0x064,6,01 D9 F3 80 08 0C
2025-08-10T15:28:45.153,RX,0x064,6,01 D9 F3 80 08 08
2025-08-10T15:28:45.257,RX,0x064,6,01 D9 F3 80 07 E3
2025-08-10T15:28:45.361,RX,0x064,6,01 D9 F3 80 08 01
2025-08-10T15:28:45.461,RX,0x064,6,01 D9 F3 80 07 F7
2025-08-10T15:28:45.563,RX,0x064,6,01 D9 F3 80 07 E9
2025-08-10T15:28:45.666,RX,0x064,6,01 D9 F3 80 08 19
2025-08-10T15:28:45.771,RX,0x064,6,01 D9 F3 80 07 F4
2025-08-10T15:28:45.873,RX,0x064,6,01 D9 F3 80 08 06
2025-08-10T15:28:45.981,RX,0x064,6,01 D9 F3 80 08 0B
2025-08-10T15:28:46.082,RX,0x064,6,01 D9 F3 80 07 DE
2025-08-10T15:28:46.183,RX,0x064,6,01 D9 F3 80 07 F7
2025-08-10T15:28:46.289,RX,0x064,6,01 D9 F3 80 07 F6
2025-08-10T15:28:46.389,RX,0x064,6,01 D9 F6 80 17 EA
2025-08-10T15:28:46.494,RX,0x064,6,01 DA 86 84 C8 1A
2025-08-10T15:28:46.599,RX,0x064,6,01 DC 74 89 17 D1
2025-08-10T15:28:46.701,RX,0x064,6,01 DE E7 89 08 28
2025-08-10T15:28:46.803,RX,0x064,6,01 E1 21 87 B7 E3
2025-08-10T15:28:46.904,RX,0x064,6,01 E2 9C 84 78 09
2025-08-10T15:28:47.006,RX,0x064,6,01 E3 99 83 57 C9
2025-08-10T15:28:47.110,RX,0x064,6,01 E4 4C 81 68 1B
2025-08-10T15:28:47.215,RX,0x064,6,01 E4 64 80 07 FC
2025-08-10T15:28:47.315,RX,0x064,6,01 E4 64 80 08 07
2025-08-10T15:28:47.416,RX,0x064,6,01 E4 64 80 07 E7
2025-08-10T15:28:47.519,RX,0x064,6,01 E4 64 80 08 20
2025-08-10T15:28:47.619,RX,0x064,6,01 E4 64 80 07 E3
2025-08-10T15:28:47.721,RX,0x064,6,01 E4 64 80 07 ED
2025-08-10T15:28:47.822,RX,0x064,6,01 E4 64 80 07 C3
2025-08-10T15:28:47.926,RX,0x064,6,01 E4 64 80 08 14
2025-08-10T15:28:48.026,RX,0x064,6,01 E4 64 80 07 CA
2025-08-10T15:28:48.128,RX,0x064,6,01 E4 64 80 07 D9
2025-08-10T15:28:48.229,RX,0x064,6,01 E4 64 80 08 03
2025-08-10T15:28:48.329,RX,0x064,6,01 E4 64 80 07 C6
2025-08-10T15:28:48.430,RX,0x064,6,01 E4 64 80 07 BF
2025-08-10T15:28:48.533,RX,0x064,6,01 E4 64 80 08 0F
2025-08-10T15:28:48.634,RX,0x064,6,01 E4 66 80 07 A8
2025-08-10T15:28:48.735,RX,0x064,6,01 E5 41 86 E8 6B
2025-08-10T15:28:48.837,RX,0x064,6,01 E8 5C 8E 97 EF
2025-08-10T15:28:48.938,RX,0x064,6,01 EB F9 8B E7 F5
2025-08-10T15:28:49.041,RX,0x064,6,01 EE 64 87 57 F9
2025-08-10T15:28:49.142,RX,0x064,6,01 EF B9 83 A8 07
2025-08-10T15:28:49.244,RX,0x064,6,01 F0 26 80 08 27
2025-08-10T15:28:49.345,RX,0x064,6,01 F0 26 80 07 F7
2025-08-10T15:28:49.452,RX,0x064,6,01 F0 26 80 08 32
2025-08-10T15:28:49.552,RX,0x064,6,01 F0 26 80 08 2A
2025-08-10T15:28:49.653,RX,0x064,6,01 F0 26 80 08 28
2025-08-10T15:28:49.755,RX,0x064,6,01 F0 26 80 07 CF
2025-08-10T15:28:49.855,RX,0x064,6,01 F0 26 80 07 C7
2025-08-10T15:28:49.956,RX,0x064,6,01 F0 26 80 08 33
2025-08-10T15:28:50.058,RX,0x064,6,01 F0 26 80 08 35
2025-08-10T15:28:50.159,RX,0x064,6,01 F0 26 80 07 E2
2025-08-10T15:28:50.259,RX,0x064,6,01 F0 26 80 07 EC
2025-08-10T15:28:50.366,RX,0x064,6,01 F0 26 80 07 DF
2025-08-10T15:28:50.462,RX,0x064,6,01 F0 26 80 07 CF
2025-08-10T15:28:50.564,RX,0x064,6,01 F0 26 80 08 12
2025-08-10T15:28:50.665,RX,0x064,6,01 F0 26 80 08 17
2025-08-10T15:28:50.767,RX,0x064,6,01 F0 26 80 08 23
2025-08-10T15:28:50.868,RX,0x064,6,01 F0 26 80 07 F2
2025-08-10T15:28:50.969,RX,0x064,6,01 F0 26 80 08 1D
2025-08-10T15:28:51.072,RX,0x064,6,01 F0 26 80 08 35
2025-08-10T15:28:51.173,RX,0x064,6,01 F0 26 80 07 EB
2025-08-10T15:28:51.277,RX,0x064,6,01 F0 26 80 08 2C
2025-08-10T15:28:51.375,RX,0x064,6,01 F0 26 80 08 1C
2025-08-10T15:28:51.478,RX,0x064,6,01 F0 26 80 08 2F
2025-08-10T15:28:51.579,RX,0x064,6,01 F0 26 80 08 1A
2025-08-10T15:28:51.680,RX,0x064,6,01 F0 26 80 08 2F
2025-08-10T15:28:51.781,RX,0x064,6,01 F0 26 80 07 D4
2025-08-10T15:28:51.883,RX,0x064,6,01 F0 26 80 08 16
2025-08-10T15:28:51.984,RX,0x064,6,01 F0 26 80 08 1D
2025-08-10T15:28:52.085,RX,0x064,6,01 F0 26 80 07 E9
2025-08-10T15:28:52.185,RX,0x064,6,01 F0 26 80 07 F3
2025-08-10T15:28:52.289,RX,0x064,6,01 F0 26 80 08 30
2025-08-10T15:28:52.389,RX,0x064,6,01 F0 26 80 08 01
2025-08-10T15:28:52.492,RX,0x064,6,01 F0 26 80 07 F7
2025-08-10T15:28:52.593,RX,0x064,6,01 F0 26 80 07 E6
2025-08-10T15:28:52.694,RX,0x064,6,01 F0 26 80 07 D1
2025-08-10T15:28:52.795,RX,0x064,6,01 F0 26 80 07 DB
2025-08-10T15:28:52.901,RX,0x064,6,01 F0 26 80 07 E7
2025-08-10T15:28:53.005,RX,0x064,6,01 F0 26 80 07 F0
2025-08-10T15:28:53.106,RX,0x064,6,01 F0 26 80 08 02
2025-08-10T15:28:53.207,RX,0x064,6,01 F0 26 80 08 21
2025-08-10T15:28:53.308,RX,0x064,6,01 F0 26 80 07 E7
2025-08-10T15:28:53.418,RX,0x064,6,01 F0 26 80 08 39
2025-08-10T15:28:53.519,RX,0x064,6,01 F0 26 80 08 33
2025-08-10T15:28:53.623,RX,0x064,6,01 F0 26 80 08 38
2025-08-10T15:28:53.724,RX,0x064,6,01 F0 26 80 08 23
2025-08-10T15:28:53.829,RX,0x064,6,01 F0 26 80 08 2E
2025-08-10T15:28:53.930,RX,0x064,6,01 F0 26 80 08 2C
2025-08-10T15:28:54.030,RX,0x064,6,01 F0 26 80 08 2E
2025-08-10T15:28:54.131,RX,0x064,6,01 F0 26 80 07 D6
2025-08-10T15:28:54.232,RX,0x064,6,01 F0 26 80 08 0F
2025-08-10T15:28:54.333,RX,0x064,6,01 F0 26 80 07 F0
2025-08-10T15:28:54.433,RX,0x064,6,01 F0 26 80 08 2C
2025-08-10T15:28:54.534,RX,0x064,6,01 F0 26 80 08 29
2025-08-10T15:28:54.635,RX,0x064,6,01 F0 26 80 07 CD
2025-08-10T15:28:54.736,RX,0x064,6,01 F0 26 80 07 CF
2025-08-10T15:28:54.837,RX,0x064,6,01 F0 26 80 08 26
2025-08-10T15:28:54.938,RX,0x064,6,01 F0 26 80 07 EF
2025-08-10T15:28:55.038,RX,0x064,6,01 F0 26 80 07 E0
2025-08-10T15:28:55.140,RX,0x064,6,01 F0 26 80 07 FC
2025-08-10T15:28:55.241,RX,0x064,6,01 F0 26 80 07 F4
2025-08-10T15:28:55.342,RX,0x064,6,01 F0 26 80 08 12
2025-08-10T15:28:55.442,RX,0x064,6,01 F0 26 80 07 D9
2025-08-10T15:28:55.544,RX,0x064,6,01 F0 26 80 07 DB
2025-08-10T15:28:55.654,RX,0x064,6,01 F0 26 80 07 FF
2025-08-10T15:28:55.754,RX,0x064,6,01 F0 26 80 08 1F
2025-08-10T15:28:55.855,RX,0x064,6,01 F0 26 80 07 F9
2025-08-10T15:28:55.957,RX,0x064,6,01 F0 26 80 08 19
2025-08-10T15:28:56.059,RX,0x064,6,01 F0 26 80 07 C9
2025-08-10T15:28:56.158,RX,0x064,6,01 F0 26 80 08 19
2025-08-10T15:28:56.267,RX,0x064,6,01 F0 26 80 07 ED
2025-08-10T15:28:56.369,RX,0x064,6,01 F0 26 80 08 02
2025-08-10T15:28:56.471,RX,0x064,6,01 F0 26 80 07 FB
2025-08-10T15:28:56.573,RX,0x064,6,01 F0 26 80 07 CF
2025-08-10T15:28:56.675,RX,0x064,6,01 F0 26 80 08 32
2025-08-10T15:28:56.776,RX,0x064,6,01 F0 26 80 07 E8
2025-08-10T15:28:56.878,RX,0x064,6,01 F0 26 80 08 29
2025-08-10T15:28:56.977,RX,0x064,6,01 F0 26 80 08 25
2025-08-10T15:28:57.078,RX,0x064,6,01 F0 26 80 07 E8
2025-08-10T15:28:57.185,RX,0x064,6,01 F0 26 80 07 E6
2025-08-10T15:28:57.285,RX,0x064,6,01 F0 26 80 08 2B
2025-08-10T15:28:57.389,RX,0x064,6,01 F0 26 80 08 2F
2025-08-10T15:28:57.489,RX,0x064,6,01 F0 26 80 07 D0
2025-08-10T15:28:57.590,RX,0x064,6,01 F0 26 80 08 2E
2025-08-10T15:28:57.691,RX,0x064,6,01 F0 26 80 08 39
2025-08-10T15:28:57.792,RX,0x064,6,01 F0 26 80 08 2B
2025-08-10T15:28:57.899,RX,0x064,6,01 F0 26 80 07 EC
2025-08-10T15:28:57.999,RX,0x064,6,01 F0 26 80 07 FF
2025-08-10T15:28:58.099,RX,0x064,6,01 F0 26 80 08 05
2025-08-10T15:28:58.200,RX,0x064,6,01 F0 26 80 08 16
2025-08-10T15:28:58.301,RX,0x064,6,01 F0 26 80 07 F5
2025-08-10T15:28:58.402,RX,0x064,6,01 F0 26 80 08 12
2025-08-10T15:28:58.503,RX,0x064,6,01 F0 26 80 08 27
2025-08-10T15:28:58.604,RX,0x064,6,01 F0 26 80 07 FD
2025-08-10T15:28:58.706,RX,0x064,6,01 F0 26 80 07 E7
2025-08-10T15:28:58.807,RX,0x064,6,01 F0 26 80 08 26
2025-08-10T15:28:58.908,RX,0x064,6,01 F0 26 80 08 29
2025-08-10T15:28:59.010,RX,0x064,6,01 F0 26 80 08 35
2025-08-10T15:28:59.117,RX,0x064,6,01 F0 26 80 08 35
2025-08-10T15:28:59.218,RX,0x064,6,01 F0 26 80 07 DB
2025-08-10T15:28:59.319,RX,0x064,6,01 F0 26 80 07 D6
2025-08-10T15:28:59.420,RX,0x064,6,01 F0 26 80 08 0A
2025-08-10T15:28:59.520,RX,0x064,6,01 F0 26 80 08 35
2025-08-10T15:28:59.621,RX,0x064,6,01 F0 26 80 07 D3
2025-08-10T15:28:59.722,RX,0x064,6,01 F0 26 80 08 24
2025-08-10T15:28:59.822,RX,0x064,6,01 F0 26 80 07 DE
2025-08-10T15:28:59.924,RX,0x064,6,01 F0 26 80 08 13
2025-08-10T15:29:00.025,RX,0x064,6,01 F0 26 80 08 0B
2025-08-10T15:29:00.133,RX,0x064,6,01 F0 26 80 08 12
2025-08-10T15:29:00.233,RX,0x064,6,01 F0 26 80 08 04
2025-08-10T15:29:00.335,RX,0x064,6,01 F0 26 80 08 1A
2025-08-10T15:29:00.435,RX,0x064,6,01 F0 26 80 07 D0
2025-08-10T15:29:00.536,RX,0x064,6,01 F0 26 80 07 F2
2025-08-10T15:29:00.639,RX,0x064,6,01 F0 26 80 07 F0
2025-08-10T15:29:00.746,RX,0x064,6,01 F0 26 80 07 DF
2025-08-10T15:29:00.849,RX,0x064,6,01 F0 26 80 07 EC
2025-08-10T15:29:00.951,RX,0x064,6,01 F0 26 80 07 E9
2025-08-10T15:29:01.053,RX,0x064,6,01 F0 26 80 07 D7
2025-08-10T15:29:01.153,RX,0x064,6,01 F0 26 80 08 20
2025-08-10T15:29:01.261,RX,0x064,6,01 F0 26 80 08 2A
2025-08-10T15:29:01.362,RX,0x064,6,01 F0 26 80 08 18
2025-08-10T15:29:01.470,RX,0x064,6,01 F0 26 80 08 1F
2025-08-10T15:29:01.575,RX,0x064,6,01 F0 26 80 07 F3
2025-08-10T15:29:01.683,RX,0x064,6,01 F0 26 80 08 1A
2025-08-10T15:29:01.793,RX,0x064,6,01 F0 26 80 08 32
2025-08-10T15:29:01.895,RX,0x064,6,01 F0 26 80 08 0A
2025-08-10T15:29:01.997,RX,0x064,6,01 F0 26 80 07 FB
2025-08-10T15:29:02.100,RX,0x064,6,01 F0 26 80 08 1D
2025-08-10T15:29:02.200,RX,0x064,6,01 F0 26 80 07 EC
2025-08-10T15:29:02.301,RX,0x064,6,01 F0 26 80 08 0B
2025-08-10T15:29:02.406,RX,0x064,6,01 F0 26 80 07 E5
2025-08-10T15:29:02.510,RX,0x064,6,01 F0 26 80 08 2D
2025-08-10T15:29:02.611,RX,0x064,6,01 F0 26 80 08 18
2025-08-10T15:29:02.715,RX,0x064,6,01 F0 26 80 08 2C
2025-08-10T15:29:02.817,RX,0x064,6,01 F0 26 80 08 27
2025-08-10T15:29:02.918,RX,0x064,6,01 F0 26 80 08 1F
2025-08-10T15:29:03.020,RX,0x064,6,01 F0 26 80 08 24
2025-08-10T15:29:03.122,RX,0x064,6,01 F0 26 80 08 2D
2025-08-10T15:29:03.223,RX,0x064,6,01 F0 26 80 08 0C
2025-08-10T15:29:03.324,RX,0x064,6,01 F0 26 80 08 2B
2025-08-10T15:29:03.425,RX,0x064,6,01 F0 26 80 07 D7
2025-08-10T15:29:03.529,RX,0x064,6,01 F0 26 80 08 12
2025-08-10T15:29:03.636,RX,0x064,6,01 F0 26 80 07 FB
2025-08-10T15:29:03.731,RX,0x064,6,01 F0 26 80 07 ED
2025-08-10T15:29:03.832,RX,0x064,6,01 F0 26 80 08 0B
2025-08-10T15:29:03.934,RX,0x064,6,01 F0 26 80 08 11
2025-08-10T15:29:04.035,RX,0x064,6,01 F0 26 80 07 D5
2025-08-10T15:29:04.136,RX,0x064,6,01 F0 26 80 08 00
2025-08-10T15:29:04.237,RX,0x064,6,01 F0 26 80 07 D6
2025-08-10T15:29:04.339,RX,0x064,6,01 F0 26 80 07 F4
2025-08-10T15:29:04.442,RX,0x064,6,01 F0 26 80 08 08
2025-08-10T15:29:04.543,RX,0x064,6,01 F0 26 80 07 DD
2025-08-10T15:29:04.644,RX,0x064,6,01 F0 26 80 08 28
2025-08-10T15:29:04.745,RX,0x064,6,01 F0 26 80 08 15
2025-08-10T15:29:04.847,RX,0x064,6,01 F0 26 80 08 18
2025-08-10T15:29:04.948,RX,0x064,6,01 F0 26 80 07 CF
2025-08-10T15:29:05.049,RX,0x064,6,01 F0 26 80 08 12
2025-08-10T15:29:05.160,RX,0x064,6,01 F0 26 80 07 F3
2025-08-10T15:29:05.291,RX,0x064,6,01 F0 26 80 07 CD
2025-08-10T15:29:05.392,RX,0x064,6,01 F0 26 80 07 D7
2025-08-10T15:29:05.498,RX,0x064,6,01 F0 26 80 08 2B
2025-08-10T15:29:05.599,RX,0x064,6,01 F0 26 80 07 C4
2025-08-10T15:29:05.705,RX,0x064,6,01 F0 26 80 08 26
2025-08-10T15:29:05.806,RX,0x064,6,01 F0 26 80 08 29
2025-08-10T15:29:05.907,RX,0x064,6,01 F0 26 80 08 29
2025-08-10T15:29:06.009,RX,0x064,6,01 F0 26 80 07 F4
2025-08-10T15:29:06.116,RX,0x064,6,01 F0 26 80 07 FF
2025-08-10T15:29:06.217,RX,0x064,6,01 F0 26 80 08 18
2025-08-10T15:29:06.319,RX,0x064,6,01 F0 26 80 08 33
2025-08-10T15:29:06.419,RX,0x064,6,01 F0 26 80 08 19
2025-08-10T15:29:06.523,RX,0x064,6,01 F0 26 80 08 20
2025-08-10T15:29:06.627,RX,0x064,6,01 F0 26 80 08 24
2025-08-10T15:29:06.731,RX,0x064,6,01 F0 26 80 07 DD
2025-08-10T15:29:06.831,RX,0x064,6,01 F0 26 80 07 D0
2025-08-10T15:29:06.932,RX,0x064,6,01 F0 26 80 07 D7
2025-08-10T15:29:07.033,RX,0x064,6,01 F0 26 80 07 ED
2025-08-10T15:29:07.139,RX,0x064,6,01 F0 26 80 08 12
2025-08-10T15:29:07.243,RX,0x064,6,01 F0 26 80 08 15
2025-08-10T15:29:07.342,RX,0x064,6,01 F0 26 80 07 D5
2025-08-10T15:29:07.444,RX,0x064,6,01 F0 26 80 07 E8
2025-08-10T15:29:07.545,RX,0x064,6,01 F0 26 80 08 08
2025-08-10T15:29:07.647,RX,0x064,6,01 F0 26 80 08 1E
2025-08-10T15:29:07.753,RX,0x064,6,01 F0 26 80 07 DB
2025-08-10T15:29:07.855,RX,0x064,6,01 F0 26 80 08 01
2025-08-10T15:29:07.955,RX,0x064,6,01 F0 26 80 08 2E
2025-08-10T15:29:08.056,RX,0x064,6,01 F0 26 80 08 11
2025-08-10T15:29:08.162,RX,0x064,6,01 F0 26 80 07 D2
2025-08-10T15:29:08.262,RX,0x064,6,01 F0 26 80 07 D9
2025-08-10T15:29:08.363,RX,0x064,6,01 F0 26 80 07 CE
2025-08-10T15:29:08.464,RX,0x064,6,01 F0 26 80 07 E7
2025-08-10T15:29:08.565,RX,0x064,6,01 F0 26 80 07 EE
2025-08-10T15:29:08.667,RX,0x064,6,01 F0 26 80 08 30
2025-08-10T15:29:08.768,RX,0x064,6,01 F0 26 80 07 F7
2025-08-10T15:29:08.869,RX,0x064,6,01 F0 26 80 07 D9
2025-08-10T15:29:08.970,RX,0x064,6,01 F0 26 80 07 CF
2025-08-10T15:29:09.076,RX,0x064,6,01 F0 26 80 08 27
2025-08-10T15:29:09.177,RX,0x064,6,01 F0 26 80 08 03
2025-08-10T15:29:09.277,RX,0x064,6,01 F0 26 80 08 04
2025-08-10T15:29:09.382,RX,0x064,6,01 F0 26 80 07 D4
2025-08-10T15:29:09.488,RX,0x064,6,01 F0 26 80 07 EF
2025-08-10T15:29:09.589,RX,0x064,6,01 F0 26 80 08 33
2025-08-10T15:29:09.690,RX,0x064,6,01 F0 26 80 08 2E
2025-08-10T15:29:09.791,RX,0x064,6,01 F0 26 80 07 E4
2025-08-10T15:29:09.893,RX,0x064,6,01 F0 26 80 07 DC
2025-08-10T15:29:09.995,RX,0x064,6,01 F0 26 80 08 2C
2025-08-10T15:29:10.097,RX,0x064,6,01 F0 26 80 07 DE
2025-08-10T15:29:10.198,RX,0x064,6,01 F0 26 80 08 2D
2025-08-10T15:29:10.301,RX,0x064,6,01 F0 26 80 07 DD
2025-08-10T15:29:10.403,RX,0x064,6,01 F0 26 80 08 18
2025-08-10T15:29:10.506,RX,0x064,6,01 F0 26 80 08 22
2025-08-10T15:29:10.605,RX,0x064,6,01 F0 26 80 08 18
2025-08-10T15:29:10.706,RX,0x064,6,01 F0 26 80 07 EC
2025-08-10T15:29:10.807,RX,0x064,6,01 F0 26 80 08 1F
2025-08-10T15:29:10.908,RX,0x064,6,01 F0 26 80 07 E1
2025-08-10T15:29:11.009,RX,0x064,6,01 F0 26 80 07 FB
2025-08-10T15:29:11.110,RX,0x064,6,01 F0 26 80 07 D8
2025-08-10T15:29:11.212,RX,0x064,6,01 F0 26 80 08 17
2025-08-10T15:29:11.312,RX,0x064,6,01 F0 26 80 08 31
2025-08-10T15:29:11.413,RX,0x064,6,01 F0 26 80 08 1B
2025-08-10T15:29:11.519,RX,0x064,6,01 F0 26 80 08 29
2025-08-10T15:29:11.618,RX,0x064,6,01 F0 26 80 07 F9
2025-08-10T15:29:11.719,RX,0x064,6,01 F0 26 80 08 28
2025-08-10T15:29:11.819,RX,0x064,6,01 F0 26 80 08 04
2025-08-10T15:29:11.924,RX,0x064,6,01 F0 26 80 07 DE
2025-08-10T15:29:12.025,RX,0x064,6,01 F0 26 80 07 EA
2025-08-10T15:29:12.127,RX,0x064,6,01 F0 26 80 07 FB
2025-08-10T15:29:12.228,RX,0x064,6,01 F0 26 80 07 D5
2025-08-10T15:29:12.331,RX,0x064,6,01 F0 26 80 07 E3
2025-08-10T15:29:12.434,RX,0x064,6,01 F0 26 80 07 E6
2025-08-10T15:29:12.532,RX,0x064,6,01 F0 26 80 07 E3
2025-08-10T15:29:12.633,RX,0x064,6,01 F0 26 80 08 08
2025-08-10T15:29:12.733,RX,0x064,6,01 F0 26 80 07 D9
2025-08-10T15:29:12.837,RX,0x064,6,01 F0 26 80 07 D2
2025-08-10T15:29:12.939,RX,0x064,6,01 F0 26 80 07 DB
2025-08-10T15:29:13.039,RX,0x064,6,01 F0 26 80 07 DC
2025-08-10T15:29:13.140,RX,0x064,6,01 F0 26 80 08 0B
2025-08-10T15:29:13.241,RX,0x064,6,01 F0 26 80 07 D4
2025-08-10T15:29:13.341,RX,0x064,6,01 F0 26 80 08 24
2025-08-10T15:29:13.443,RX,0x064,6,01 F0 26 80 08 03
2025-08-10T15:29:13.544,RX,0x064,6,01 F0 26 80 08 0C
2025-08-10T15:29:13.646,RX,0x064,6,01 F0 26 80 08 15
2025-08-10T15:29:13.748,RX,0x064,6,01 F0 26 80 07 D6
2025-08-10T15:30:24.180,RX,0x064,6,01 C9 64 80 08 72
2025-08-10T15:30:24.281,RX,0x064,6,01 C9 64 80 08 00
2025-08-10T15:30:24.392,RX,0x064,6,01 C9 64 80 08 08
2025-08-10T15:30:24.494,RX,0x064,6,01 C9 64 80 07 A8
2025-08-10T15:30:24.594,RX,0x064,6,01 C9 64 80 07 D6
2025-08-10T15:30:24.696,RX,0x064,6,01 C9 64 80 08 49
2025-08-10T15:30:24.799,RX,0x064,6,01 C9 64 80 07 C3
2025-08-10T15:30:24.898,RX,0x064,6,01 C9 64 80 07 B5
2025-08-10T15:30:25.001,RX,0x064,6,01 C9 64 80 07 A5
2025-08-10T15:30:25.101,RX,0x064,6,01 C9 64 80 08 29
2025-08-10T15:30:25.203,RX,0x064,6,01 C9 64 80 08 23
2025-08-10T15:30:25.304,RX,0x064,6,01 C9 64 80 08 31
2025-08-10T15:30:25.405,RX,0x064,6,01 C9 64 80 08 0A
2025-08-10T15:30:25.507,RX,0x064,6,01 C9 64 80 07 BE
2025-08-10T15:30:25.607,RX,0x064,6,01 C9 64 80 08 3F
2025-08-10T15:30:25.709,RX,0x064,6,01 C9 64 80 08 98
2025-08-10T15:30:25.811,RX,0x064,6,01 C9 64 80 07 35
2025-08-10T15:30:25.912,RX,0x064,6,01 C9 64 80 08 7B
2025-08-10T15:30:26.013,RX,0x064,6,01 C9 64 80 08 29
2025-08-10T15:30:26.114,RX,0x064,6,01 C9 64 80 07 41
2025-08-10T15:30:26.220,RX,0x064,6,01 C9 64 80 07 C0
2025-08-10T15:30:26.322,RX,0x064,6,01 C9 64 80 08 80
2025-08-10T15:30:26.427,RX,0x064,6,01 C9 64 80 07 83
2025-08-10T15:30:26.527,RX,0x064,6,01 C9 64 80 07 95
2025-08-10T15:30:26.628,RX,0x064,6,01 C9 64 80 08 2E
2025-08-10T15:30:26.733,RX,0x064,6,01 C9 64 80 08 33
2025-08-10T15:31:30.436,RX,0x064,6,01 C9 64 80 08 0F,1,-5.333110,-64.986114,2.125984
2025-08-10T15:31:30.541,RX,0x064,6,01 C9 64 80 08 0C,1,-5.333110,-64.986114,1.700787
2025-08-10T15:31:30.638,RX,0x064,6,01 C9 64 80 07 FB,1,-5.333110,-64.988098,-0.708661
2025-08-10T15:31:30.741,RX,0x064,6,01 C9 64 80 08 2C,1,-5.333110,-64.986114,6.236220
2025-08-10T15:31:30.841,RX,0x064,6,01 C9 64 80 08 3B,1,-5.333110,-64.986114,8.362205
2025-08-10T15:31:30.942,RX,0x064,6,01 C9 64 80 08 71,1,-5.333110,-64.986114,16.015748
2025-08-10T15:31:31.047,RX,0x064,6,01 C9 64 80 07 D3,1,-5.333110,-64.988098,-6.377953
2025-08-10T15:31:31.148,RX,0x064,6,01 C9 64 80 07 DD,1,-5.333110,-64.988098,-4.960630
2025-08-10T15:31:31.251,RX,0x064,6,01 C9 64 80 07 CB,1,-5.333110,-64.988098,-7.511811
2025-08-10T15:31:31.353,RX,0x064,6,01 C9 64 80 07 C8,1,-5.333110,-64.988098,-7.937008
2025-08-10T15:31:31.453,RX,0x064,6,01 C9 64 80 07 AA,1,-5.333110,-64.988098,-12.188976
2025-08-10T15:31:31.554,RX,0x064,6,01 C9 64 80 07 FC,1,-5.333110,-64.988098,-0.566929
2025-08-10T15:31:31.656,RX,0x064,6,01 C9 64 80 08 34,1,-5.333110,-64.986114,7.370079
2025-08-10T15:31:31.758,RX,0x064,6,01 C9 64 80 07 EC,1,-5.333110,-64.988098,-2.834646
2025-08-10T15:31:31.860,RX,0x064,6,01 C9 64 80 07 FA,1,-5.333110,-64.988098,-0.850394
2025-08-10T15:31:31.962,RX,0x064,6,01 C9 64 80 07 BE,1,-5.333110,-64.988098,-9.354331
2025-08-10T15:31:32.064,RX,0x064,6,01 C9 64 80 07 5A,1,-5.333110,-64.988098,12.755906
2025-08-10T15:31:32.165,RX,0x064,6,01 C9 64 80 07 CE,1,-5.333110,-64.988098,-7.086614
2025-08-10T15:31:32.266,RX,0x064,6,01 C9 64 80 08 02,1,-5.333110,-64.986114,0.283465
2025-08-10T15:31:32.366,RX,0x064,6,01 C9 64 80 08 25,1,-5.333110,-64.986114,5.244094
2025-08-10T15:31:32.468,RX,0x064,6,01 C9 64 80 08 10,1,-5.333110,-64.986114,2.267717
2025-08-10T15:31:32.568,RX,0x064,6,01 C9 64 80 08 3D,1,-5.333110,-64.986114,8.645669
2025-08-10T15:31:32.669,RX,0x064,6,01 C9 64 80 07 5B,1,-5.333110,-64.988098,12.897638
2025-08-10T15:31:32.770,RX,0x064,6,01 C9 64 80 07 D3,1,-5.333110,-64.988098,-6.377953
2025-08-10T15:31:32.873,RX,0x064,6,01 C9 64 80 07 DC,1,-5.333110,-64.988098,-5.102362
2025-08-10T15:31:32.974,RX,0x064,6,01 C9 64 80 07 EE,1,-5.333110,-64.988098,-2.551181
2025-08-10T15:31:33.075,RX,0x064,6,01 C9 64 80 08 18,1,-5.333110,-64.986114,3.401575
2025-08-10T15:31:33.176,RX,0x064,6,01 C9 64 80 07 D4,1,-5.333110,-64.988098,-6.236220
2025-08-10T15:31:33.278,RX,0x064,6,01 C9 64 80 08 07,1,-5.333110,-64.986114,0.992126
2025-08-10T15:31:33.378,RX,0x064,6,01 C9 64 80 07 B0,1,-5.333110,-64.988098,-11.338583
2025-08-10T15:31:33.480,RX,0x064,6,01 C9 64 80 07 E2,1,-5.333110,-64.988098,-4.251969
2025-08-10T15:31:33.584,RX,0x064,6,01 C9 64 80 07 CB,1,-5.333110,-64.988098,-7.511811
2025-08-10T15:31:33.685,RX,0x064,6,01 C9 64 80 08 28,1,-5.333110,-64.986114,5.669291
2025-08-10T15:31:33.785,RX,0x064,6,01 C9 64 80 08 25,1,-5.333110,-64.986114,5.244094
2025-08-10T15:31:33.886,RX,0x064,6,01 C9 64 80 08 62,1,-5.333110,-64.986114,13.889764
2025-08-10T15:31:33.987,RX,0x064,6,01 C9 64 80 08 72,1,-5.333110,-64.986114,16.157480
2025-08-10T15:31:34.087,RX,0x064,6,01 C9 64 80 08 73,1,-5.333110,-64.986114,16.299213
2025-08-10T15:31:34.190,RX,0x064,6,01 C9 64 80 07 D4,1,-5.333110,-64.988098,-6.236220
2025-08-10T15:31:34.290,RX,0x064,6,01 C9 64 80 07 39,1,-5.333110,-64.988098,8.078740
2025-08-10T15:31:34.391,RX,0x064,6,01 C9 64 80 07 FD,1,-5.333110,-64.988098,-0.425197
2025-08-10T15:31:34.495,RX,0x064,6,01 C9 64 80 07 F1,1,-5.333110,-64.988098,-2.125984
2025-08-10T15:31:34.596,RX,0x064,6,01 C9 64 80 07 CE,1,-5.333110,-64.988098,-7.086614
2025-08-10T15:31:34.702,RX,0x064,6,01 C9 64 80 08 4E,1,-5.333110,-64.986114,11.055118
2025-08-10T15:31:34.803,RX,0x064,6,01 C9 64 80 07 C4,1,-5.333110,-64.988098,-8.503937
2025-08-10T15:31:34.904,RX,0x064,6,01 C9 64 80 08 32,1,-5.333110,-64.986114,7.086614
2025-08-10T15:31:35.004,RX,0x064,6,01 C9 64 80 08 0E,1,-5.333110,-64.986114,1.984252
2025-08-10T15:31:35.106,RX,0x064,6,01 C9 64 80 08 2A,1,-5.333110,-64.986114,5.952756
2025-08-10T15:31:35.206,RX,0x064,6,01 C9 64 80 07 3F,1,-5.333110,-64.988098,8.929134
2025-08-10T15:31:35.307,RX,0x064,6,01 C9 64 80 07 D6,1,-5.333110,-64.988098,-5.952756
2025-08-10T15:31:35.408,RX,0x064,6,01 C9 64 80 07 4B,1,-5.333110,-64.988098,10.629921
2025-08-10T15:31:35.512,RX,0x064,6,01 C9 64 80 07 A0,1,-5.333110,-64.988098,-13.606299
2025-08-10T15:31:35.612,RX,0x064,6,01 C9 64 80 07 C8,1,-5.333110,-64.988098,-7.937008
2025-08-10T15:31:35.712,RX,0x064,6,01 C9 64 80 08 2B,1,-5.333110,-64.986114,6.094488
2025-08-10T15:31:35.817,RX,0x064,6,01 C9 64 80 08 14,1,-5.333110,-64.986114,2.834646
2025-08-10T15:31:35.915,RX,0x064,6,01 C9 64 80 07 EE,1,-5.333110,-64.988098,-2.551181
2025-08-10T15:31:36.017,RX,0x064,6,01 C9 64 80 07 F2,1,-5.333110,-64.988098,-1.984252
2025-08-10T15:31:36.121,RX,0x064,6,01 C9 64 80 08 00,1,-5.333110,-64.986114,0.000000
2025-08-10T15:31:36.222,RX,0x064,6,01 C9 64 80 08 00,1,-5.333110,-64.986114,0.000000
2025-08-10T15:31:36.322,RX,0x064,6,01 C9 64 80 08 10,1,-5.333110,-64.986114,2.267717
2025-08-10T15:31:36.422,RX,0x064,6,01 C9 64 80 07 DC,1,-5.333110,-64.988098,-5.102362
2025-08-10T15:31:36.525,RX,0x064,6,01 C9 64 80 07 CC,1,-5.333110,-64.988098,-7.370079
2025-08-10T15:31:36.625,RX,0x064,6,01 C9 64 80 08 62,1,-5.333110,-64.986114,13.889764
2025-08-10T15:31:36.726,RX,0x064,6,01 C9 64 80 08 39,1,-5.333110,-64.986114,8.078740
2025-08-10T15:31:36.826,RX,0x064,6,01 C9 64 80 08 7B,1,-5.333110,-64.986114,17.433071
2025-08-10T15:31:36.927,RX,0x064,6,01 C9 64 80 08 51,1,-5.333110,-64.986114,11.480315
2025-08-10T15:31:37.027,RX,0x064,6,01 C9 64 80 08 54,1,-5.333110,-64.986114,11.905512
2025-08-10T15:31:37.127,RX,0x064,6,01 C9 64 80 08 3A,1,-5.333110,-64.986114,8.220472
2025-08-10T15:31:37.228,RX,0x064,6,01 C9 64 80 07 FB,1,-5.333110,-64.988098,-0.708661
2025-08-10T15:31:37.329,RX,0x064,6,01 C9 64 80 07 FD,1,-5.333110,-64.988098,-0.425197
2025-08-10T15:31:37.432,RX,0x064,6,01 C9 64 80 08 62,1,-5.333110,-64.986114,13.889764
2025-08-10T15:31:37.533,RX,0x064,6,01 C9 64 80 07 D8,1,-5.333110,-64.988098,-5.669291
2025-08-10T15:31:37.636,RX,0x064,6,01 C9 64 80 08 1B,1,-5.333110,-64.986114,3.826772
2025-08-10T15:31:37.738,RX,0x064,6,01 C9 64 80 07 C0,1,-5.333110,-64.988098,-9.070866
2025-08-10T15:31:37.838,RX,0x064,6,01 C9 64 80 08 23,1,-5.333110,-64.986114,4.960630
2025-08-10T15:31:37.939,RX,0x064,6,01 C9 64 80 08 41,1,-5.333110,-64.986114,9.212598
2025-08-10T15:31:38.040,RX,0x064,6,01 C9 64 80 08 29,1,-5.333110,-64.986114,5.811024
2025-08-10T15:31:38.141,RX,0x064,6,01 C9 64 80 08 A0,1,-5.333110,-64.986114,-13.606299
2025-08-10T15:31:38.242,RX,0x064,6,01 C9 64 80 07 7E,1,-5.333110,-64.988098,17.858268
2025-08-10T15:31:38.344,RX,0x064,6,01 C9 64 80 07 BA,1,-5.333110,-64.988098,-9.921260
2025-08-10T15:31:38.448,RX,0x064,6,01 C9 64 80 07 EC,1,-5.333110,-64.988098,-2.834646
2025-08-10T15:31:38.549,RX,0x064,6,01 C9 64 80 07 E0,1,-5.333110,-64.988098,-4.535433
2025-08-10T15:31:38.650,RX,0x064,6,01 C9 64 80 08 19,1,-5.333110,-64.986114,3.543307
2025-08-10T15:31:38.751,RX,0x064,6,01 C9 64 80 07 F8,1,-5.333110,-64.988098,-1.133858
2025-08-10T15:31:38.852,RX,0x064,6,01 C9 64 80 08 6B,1,-5.333110,-64.986114,15.165354
2025-08-10T15:31:38.954,RX,0x064,6,01 C9 64 80 07 FC,1,-5.333110,-64.988098,-0.566929
2025-08-10T15:31:39.054,RX,0x064,6,01 C9 64 80 07 FC,1,-5.333110,-64.988098,-0.566929
2025-08-10T15:31:39.158,RX,0x064,6,01 C9 64 80 08 32,1,-5.333110,-64.986114,7.086614
2025-08-10T15:31:39.260,RX,0x064,6,01 C9 64 80 08 20,1,-5.333110,-64.986114,4.535433
2025-08-10T15:31:39.360,RX,0x064,6,01 C9 64 80 07 D0,1,-5.333110,-64.988098,-6.803150
2025-08-10T15:31:39.461,RX,0x064,6,01 C9 64 80 08 2A,1,-5.333110,-64.986114,5.952756
2025-08-10T15:31:39.567,RX,0x064,6,01 C9 64 80 08 6B,1,-5.333110,-64.986114,15.165354
2025-08-10T15:31:39.666,RX,0x064,6,01 C9 64 80 07 D6,1,-5.333110,-64.988098,-5.952756
2025-08-10T15:31:39.768,RX,0x064,6,01 C9 64 80 07 BD,1,-5.333110,-64.988098,-9.496063
2025-08-10T15:31:39.873,RX,0x064,6,01 C9 64 80 07 FB,1,-5.333110,-64.988098,-0.708661
2025-08-10T15:31:39.977,RX,0x064,6,01 C9 64 80 08 48,1,-5.333110,-64.986114,10.204724
2025-08-10T15:31:40.080,RX,0x064,6,01 C9 64 80 07 E6,1,-5.333110,-64.988098,-3.685039
2025-08-10T15:31:40.182,RX,0x064,6,01 C9 64 80 07 CA,1,-5.333110,-64.988098,-7.653543
2025-08-10T15:31:40.283,RX,0x064,6,01 C9 64 80 08 4A,1,-5.333110,-64.986114,10.488189
2025-08-10T15:31:40.385,RX,0x064,6,01 C9 64 80 08 6A,1,-5.333110,-64.986114,15.023622
2025-08-10T15:31:40.486,RX,0x064,6,01 C9 64 80 08 23,1,-5.333110,-64.986114,4.960630
2025-08-10T15:31:40.587,RX,0x064,6,01 C9 64 80 07 32,1,-5.333110,-64.988098,7.086614
2025-08-10T15:31:40.688,RX,0x064,6,01 C9 64 80 07 D5,1,-5.333110,-64.988098,-6.094488
2025-08-10T15:31:40.790,RX,0x064,6,01 C9 64 80 08 23,1,-5.333110,-64.986114,4.960630
2025-08-10T15:31:40.892,RX,0x064,6,01 C9 64 80 07 9F,1,-5.333110,-64.988098,-13.748031
2025-08-10T15:31:40.993,RX,0x064,6,01 C9 64 80 08 2F,1,-5.333110,-64.986114,6.661417
2025-08-10T15:31:41.093,RX,0x064,6,01 C9 64 80 08 5A,1,-5.333110,-64.986114,12.755906
2025-08-10T15:31:41.194,RX,0x064,6,01 C9 64 80 08 37,1,-5.333110,-64.986114,7.795276
2025-08-10T15:31:41.302,RX,0x064,6,01 C9 64 80 07 F4,1,-5.333110,-64.988098,-1.700787
2025-08-10T15:31:41.395,RX,0x064,6,01 C9 64 80 08 16,1,-5.333110,-64.986114,3.118110
2025-08-10T15:31:41.497,RX,0x064,6,01 C9 64 80 08 04,1,-5.333110,-64.986114,0.566929
2025-08-10T15:31:41.601,RX,0x064,6,01 C9 64 80 07 26,1,-5.333110,-64.988098,5.385827
2025-08-10T15:31:41.701,RX,0x064,6,01 C9 64 80 07 3A,1,-5.333110,-64.988098,8.220472
2025-08-10T15:31:41.802,RX,0x064,6,01 C9 64 80 08 84,1,-5.333110,-64.986114,-17.574803
2025-08-10T15:31:41.902,RX,0x064,6,01 C9 64 80 08 00,1,-5.333110,-64.986114,0.000000
2025-08-10T15:31:42.005,RX,0x064,6,01 C9 64 80 08 22,1,-5.333110,-64.986114,4.818898
2025-08-10T15:31:42.105,RX,0x064,6,01 C9 64 80 07 CE,1,-5.333110,-64.988098,-7.086614
2025-08-10T15:31:42.207,RX,0x064,6,01 C9 64 80 08 33,1,-5.333110,-64.986114,7.228346
2025-08-10T15:31:42.307,RX,0x064,6,01 C9 64 80 08 47,1,-5.333110,-64.986114,10.062992
2025-08-10T15:31:42.414,RX,0x064,6,01 C9 64 80 08 3D,1,-5.333110,-64.986114,8.645669
2025-08-10T15:31:42.514,RX,0x064,6,01 C9 64 80 08 2D,1,-5.333110,-64.986114,6.377953
2025-08-10T15:31:42.622,RX,0x064,6,01 C9 64 80 07 D8,1,-5.333110,-64.988098,-5.669291
2025-08-10T15:31:42.724,RX,0x064,6,01 C9 64 80 07 F5,1,-5.333110,-64.988098,-1.559055
2025-08-10T15:31:42.823,RX,0x064,6,01 C9 64 80 08 2E,1,-5.333110,-64.986114,6.519685
2025-08-10T15:31:42.925,RX,0x064,6,01 C9 64 80 08 10,1,-5.333110,-64.986114,2.267717
2025-08-10T15:31:43.035,RX,0x064,6,01 C9 64 80 07 F6,1,-5.333110,-64.988098,-1.417323
2025-08-10T15:31:43.139,RX,0x064,6,01 C9 64 80 07 FD,1,-5.333110,-64.988098,-0.425197
2025-08-10T15:31:43.242,RX,0x064,6,01 C9 64 80 08 12,1,-5.333110,-64.986114,2.551181
2025-08-10T15:31:43.345,RX,0x064,6,01 C9 64 80 07 27,1,-5.333110,-64.988098,5.527559
2025-08-10T15:31:43.450,RX,0x064,6,01 C9 64 80 07 F0,1,-5.333110,-64.988098,-2.267717
2025-08-10T15:31:43.551,RX,0x064,6,01 C9 64 80 07 D3,1,-5.333110,-64.988098,-6.377953
2025-08-10T15:31:43.654,RX,0x064,6,01 C9 64 80 08 92,1,-5.333110,-64.986114,-15.590551
2025-08-10T15:31:43.755,RX,0x064,6,01 C9 64 80 07 B4,1,-5.333110,-64.988098,-10.771654
2025-08-10T15:31:43.857,RX,0x064,6,01 C9 64 80 08 21,1,-5.333110,-64.986114,4.677165
2025-08-10T15:31:43.958,RX,0x064,6,01 C9 64 80 07 D9,1,-5.333110,-64.988098,-5.527559
2025-08-10T15:31:44.058,RX,0x064,6,01 C9 64 80 07 D8,1,-5.333110,-64.988098,-5.669291
2025-08-10T15:31:44.164,RX,0x064,6,01 C9 64 80 08 55,1,-5.333110,-64.986114,12.047244
2025-08-10T15:31:44.269,RX,0x064,6,01 C9 64 80 08 08,1,-5.333110,-64.986114,1.133858
2025-08-10T15:31:44.372,RX,0x064,6,01 C9 64 80 08 5E,1,-5.333110,-64.986114,13.322835
2025-08-10T15:31:44.475,RX,0x064,6,01 C9 64 80 08 6C,1,-5.333110,-64.986114,15.307087
2025-08-10T15:31:44.577,RX,0x064,6,01 C9 64 80 08 84,1,-5.333110,-64.986114,-17.574803
2025-08-10T15:31:44.677,RX,0x064,6,01 C9 64 80 07 FA,1,-5.333110,-64.988098,-0.850394
2025-08-10T15:31:44.779,RX,0x064,6,01 C9 64 80 07 AD,1,-5.333110,-64.988098,-11.763780
2025-08-10T15:31:44.878,RX,0x064,6,01 C9 64 80 07 F9,1,-5.333110,-64.988098,-0.992126
2025-08-10T15:31:44.979,RX,0x064,6,01 C9 64 80 08 62,1,-5.333110,-64.986114,13.889764
2025-08-10T15:31:45.084,RX,0x064,6,01 C9 64 80 07 E4,1,-5.333110,-64.988098,-3.968504
2025-08-10T15:31:45.185,RX,0x064,6,01 C9 64 80 08 1C,1,-5.333110,-64.986114,3.968504
2025-08-10T15:31:45.291,RX,0x064,6,01 C9 64 80 08 54,1,-5.333110,-64.986114,11.905512
2025-08-10T15:31:45.392,RX,0x064,6,01 C9 64 80 07 D3,1,-5.333110,-64.988098,-6.377953
2025-08-10T15:31:45.493,RX,0x064,6,01 C9 64 80 07 DC,1,-5.333110,-64.988098,-5.102362
2025-08-10T15:31:45.594,RX,0x064,6,01 C9 64 80 08 6F,1,-5.333110,-64.986114,15.732283
2025-08-10T15:31:45.695,RX,0x064,6,01 C9 64 80 08 14,1,-5.333110,-64.986114,2.834646
2025-08-10T15:31:45.797,RX,0x064,6,01 C9 64 80 07 E6,1,-5.333110,-64.988098,-3.685039
2025-08-10T15:31:45.898,RX,0x064,6,01 C9 64 80 08 2E,1,-5.333110,-64.986114,6.519685
2025-08-10T15:31:45.999,RX,0x064,6,01 C9 64 80 08 4B,1,-5.333110,-64.986114,10.629921
2025-08-10T15:31:46.106,RX,0x064,6,01 C9 64 80 07 E2,1,-5.333110,-64.988098,-4.251969
2025-08-10T15:31:46.211,RX,0x064,6,01 C9 64 80 08 51,1,-5.333110,-64.986114,11.480315
2025-08-10T15:31:46.312,RX,0x064,6,01 C9 64 80 07 D4,1,-5.333110,-64.988098,-6.236220
2025-08-10T15:31:46.421,RX,0x064,6,01 C9 64 80 08 3D,1,-5.333110,-64.986114,8.645669
2025-08-10T15:31:46.521,RX,0x064,6,01 C9 64 80 07 C2,1,-5.333110,-64.988098,-8.787402
2025-08-10T15:31:46.622,RX,0x064,6,01 C9 64 80 07 D3,1,-5.333110,-64.988098,-6.377953
2025-08-10T15:31:46.728,RX,0x064,6,01 C9 64 80 08 61,1,-5.333110,-64.986114,13.748031
2025-08-10T15:31:46.829,RX,0x064,6,01 C9 64 80 08 27,1,-5.333110,-64.986114,5.527559
2025-08-10T15:31:46.931,RX,0x064,6,01 C9 64 80 07 EA,1,-5.333110,-64.988098,-3.118110
2025-08-10T15:31:47.033,RX,0x064,6,01 C9 64 80 07 BC,1,-5.333110,-64.988098,-9.637795
2025-08-10T15:31:47.138,RX,0x064,6,01 C9 64 80 07 C7,1,-5.333110,-64.988098,-8.078740
2025-08-10T15:31:47.236,RX,0x064,6,01 C9 64 80 08 67,1,-5.333110,-64.986114,14.598425
2025-08-10T15:31:47.338,RX,0x064,6,01 C9 64 80 08 30,1,-5.333110,-64.986114,6.803150
2025-08-10T15:31:47.442,RX,0x064,6,01 C9 64 80 08 02,1,-5.333110,-64.986114,0.283465
2025-08-10T15:31:47.548,RX,0x064,6,01 C9 64 80 08 1D,1,-5.333110,-64.986114,4.110236
2025-08-10T15:31:47.649,RX,0x064,6,01 C9 64 80 07 C1,1,-5.333110,-64.988098,-8.929134
2025-08-10T15:31:47.751,RX,0x064,6,01 C9 64 80 08 03,1,-5.333110,-64.986114,0.425197
2025-08-10T15:31:47.851,RX,0x064,6,01 C9 64 80 07 EC,1,-5.333110,-64.988098,-2.834646
2025-08-10T15:31:47.955,RX,0x064,6,01 C9 64 80 07 E9,1,-5.333110,-64.988098,-3.259843
2025-08-10T15:31:48.056,RX,0x064,6,01 C9 64 80 08 22,1,-5.333110,-64.986114,4.818898
2025-08-10T15:31:48.158,RX,0x064,6,01 C9 64 80 07 E9,1,-5.333110,-64.988098,-3.259843
2025-08-10T15:31:48.258,RX,0x064,6,01 C9 64 80 07 CC,1,-5.333110,-64.988098,-7.370079
2025-08-10T15:31:48.360,RX,0x064,6,01 C9 64 80 07 D9,1,-5.333110,-64.988098,-5.527559
2025-08-10T15:31:48.464,RX,0x064,6,01 C9 64 80 07 C7,1,-5.333110,-64.988098,-8.078740
2025-08-10T15:31:48.568,RX,0x064,6,01 C9 64 80 08 3E,1,-5.333110,-64.986114,8.787402
2025-08-10T15:31:48.670,RX,0x064,6,01 C9 64 80 08 12,1,-5.333110,-64.986114,2.551181
2025-08-10T15:31:48.775,RX,0x064,6,01 C9 64 80 07 77,1,-5.333110,-64.988098,16.866142
2025-08-10T15:31:48.876,RX,0x064,6,01 C9 64 80 07 AB,1,-5.333110,-64.988098,-12.047244
2025-08-10T15:31:48.976,RX,0x064,6,01 C9 64 80 07 EC,1,-5.333110,-64.988098,-2.834646
2025-08-10T15:31:49.081,RX,0x064,6,01 C9 64 80 07 8D,1,-5.333110,-64.988098,-16.299213
2025-08-10T15:31:49.180,RX,0x064,6,01 C9 64 80 07 D5,1,-5.333110,-64.988098,-6.094488
2025-08-10T15:31:49.283,RX,0x064,6,01 C9 64 80 07 E3,1,-5.333110,-64.988098,-4.110236
2025-08-10T15:31:49.384,RX,0x064,6,01 C9 64 80 07 F4,1,-5.333110,-64.988098,-1.700787
2025-08-10T15:31:49.487,RX,0x064,6,01 C9 64 80 08 04,1,-5.333110,-64.986114,0.566929
2025-08-10T15:31:49.589,RX,0x064,6,01 C9 64 80 07 DD,1,-5.333110,-64.988098,-4.960630
2025-08-10T15:31:49.690,RX,0x064,6,01 C9 64 80 08 40,1,-5.333110,-64.986114,9.070866
2025-08-10T15:31:49.791,RX,0x064,6,01 C9 64 80 08 00,1,-5.333110,-64.986114,0.000000
2025-08-10T15:31:49.899,RX,0x064,6,01 C9 64 80 08 5B,1,-5.333110,-64.986114,12.897638
2025-08-10T15:31:50.009,RX,0x064,6,01 C9 64 80 07 3E,1,-5.333110,-64.988098,8.787402
2025-08-10T15:31:50.111,RX,0x064,6,01 C9 64 80 07 CB,1,-5.333110,-64.988098,-7.511811
2025-08-10T15:31:50.214,RX,0x064,6,01 C9 64 80 08 43,1,-5.333110,-64.986114,9.496063
2025-08-10T15:31:50.316,RX,0x064,6,01 C9 64 80 07 DF,1,-5.333110,-64.988098,-4.677165
2025-08-10T15:31:50.417,RX,0x064,6,01 C9 64 80 08 1A,1,-5.333110,-64.986114,3.685039
2025-08-10T15:31:50.518,RX,0x064,6,01 C9 64 80 07 EC,1,-5.333110,-64.988098,-2.834646
2025-08-10T15:31:50.619,RX,0x064,6,01 C9 64 80 07 F3,1,-5.333110,-64.988098,-1.842520
2025-08-10T15:31:50.720,RX,0x064,6,01 C9 64 80 07 CE,1,-5.333110,-64.988098,-7.086614
2025-08-10T15:31:50.821,RX,0x064,6,01 C9 64 80 07 B0,1,-5.333110,-64.988098,-11.338583
2025-08-10T15:31:50.921,RX,0x064,6,01 C9 64 80 08 4C,1,-5.333110,-64.986114,10.771654
2025-08-10T15:31:51.021,RX,0x064,6,01 C9 64 80 07 BC,1,-5.333110,-64.988098,-9.637795
2025-08-10T15:31:51.122,RX,0x064,6,01 C9 64 80 08 07,1,-5.333110,-64.986114,0.992126
2025-08-10T15:31:51.223,RX,0x064,6,01 C9 64 80 07 F8,1,-5.333110,-64.988098,-1.133858
2025-08-10T15:31:51.325,RX,0x064,6,01 C9 64 80 07 2D,1,-5.333110,-64.988098,6.377953
2025-08-10T15:31:51.425,RX,0x064,6,01 C9 64 80 08 58,1,-5.333110,-64.986114,12.472441
2025-08-10T15:31:51.529,RX,0x064,6,01 C9 64 80 08 3D,1,-5.333110,-64.986114,8.645669
2025-08-10T15:31:51.632,RX,0x064,6,01 C9 64 80 07 BF,1,-5.333110,-64.988098,-9.212598
2025-08-10T15:31:51.730,RX,0x064,6,01 C9 64 80 08 78,1,-5.333110,-64.986114,17.007874
2025-08-10T15:31:51.830,RX,0x064,6,01 C9 64 80 07 58,1,-5.333110,-64.988098,12.472441
2025-08-10T15:31:51.931,RX,0x064,6,01 C9 64 80 08 23,1,-5.333110,-64.986114,4.960630
2025-08-10T15:31:52.035,RX,0x064,6,01 C9 64 80 08 7E,1,-5.333110,-64.986114,17.858268
2025-08-10T15:31:52.135,RX,0x064,6,01 C9 64 80 08 0B,1,-5.333110,-64.986114,1.559055
2025-08-10T15:31:52.241,RX,0x064,6,01 C9 64 80 08 3F,1,-5.333110,-64.986114,8.929134
2025-08-10T15:31:52.343,RX,0x064,6,01 C9 64 80 07 D1,1,-5.333110,-64.988098,-6.661417
2025-08-10T15:31:52.448,RX,0x064,6,01 C9 64 80 08 0A,1,-5.333110,-64.986114,1.417323
2025-08-10T15:31:52.562,RX,0x064,6,01 C9 64 80 08 17,1,-5.333110,-64.986114,3.259843
2025-08-10T15:31:52.665,RX,0x064,6,01 C9 64 80 07 DD,1,-5.333110,-64.988098,-4.960630
2025-08-10T15:31:52.765,RX,0x064,6,01 C9 64 80 08 7D,1,-5.333110,-64.986114,17.716535
2025-08-10T15:31:52.866,RX,0x064,6,01 C9 64 80 08 1C,1,-5.333110,-64.986114,3.968504
2025-08-10T15:31:52.968,RX,0x064,6,01 C9 64 80 08 4E,1,-5.333110,-64.986114,11.055118
2025-08-10T15:31:53.070,RX,0x064,6,01 C9 64 80 07 7A,1,-5.333110,-64.988098,17.291339
2025-08-10T15:31:53.172,RX,0x064,6,01 C9 64 80 07 F6,1,-5.333110,-64.988098,-1.417323
2025-08-10T15:31:53.274,RX,0x064,6,01 C9 64 80 08 06,1,-5.333110,-64.986114,0.850394
2025-08-10T15:31:53.375,RX,0x064,6,01 C9 64 80 07 E9,1,-5.333110,-64.988098,-3.259843
2025-08-10T15:31:53.479,RX,0x064,6,01 C9 64 80 08 20,1,-5.333110,-64.986114,4.535433
2025-08-10T15:31:53.584,RX,0x064,6,01 C9 64 80 08 23,1,-5.333110,-64.986114,4.960630
2025-08-10T15:31:53.684,RX,0x064,6,01 C9 64 80 07 E5,1,-5.333110,-64.988098,-3.826772
2025-08-10T15:31:53.790,RX,0x064,6,01 C9 64 80 08 40,1,-5.333110,-64.986114,9.070866
2025-08-10T15:31:53.890,RX,0x064,6,01 C9 64 80 08 31,1,-5.333110,-64.986114,6.944882
2025-08-10T15:31:53.992,RX,0x064,6,01 C9 64 80 08 01,1,-5.333110,-64.986114,0.141732
2025-08-10T15:31:54.094,RX,0x064,6,01 C9 64 80 07 7C,1,-5.333110,-64.988098,17.574803
2025-08-10T15:31:54.194,RX,0x064,6,01 C9 64 80 08 5E,1,-5.333110,-64.986114,13.322835
2025-08-10T15:31:54.295,RX,0x064,6,01 C9 64 80 07 FD,1,-5.333110,-64.988098,-0.425197
2025-08-10T15:31:54.396,RX,0x064,6,01 C9 64 80 07 BA,1,-5.333110,-64.988098,-9.921260
2025-08-10T15:31:54.497,RX,0x064,6,01 C9 64 80 08 04,1,-5.333110,-64.986114,0.566929
2025-08-10T15:31:54.598,RX,0x064,6,01 C9 64 80 07 E1,1,-5.333110,-64.988098,-4.393701
2025-08-10T15:31:54.700,RX,0x064,6,01 C9 64 80 07 50,1,-5.333110,-64.988098,11.338583
2025-08-10T15:31:54.806,RX,0x064,6,01 C9 64 80 07 33,1,-5.333110,-64.988098,7.228346
2025-08-10T15:31:54.908,RX,0x064,6,01 C9 64 80 08 5B,1,-5.333110,-64.986114,12.897638
2025-08-10T15:31:55.012,RX,0x064,6,01 C9 64 80 07 F1,1,-5.333110,-64.988098,-2.125984
2025-08-10T15:31:55.116,RX,0x064,6,01 C9 64 80 08 14,1,-5.333110,-64.986114,2.834646
2025-08-10T15:31:55.220,RX,0x064,6,01 C9 64 80 07 6D,1,-5.333110,-64.988098,15.448819
2025-08-10T15:31:55.321,RX,0x064,6,01 C9 64 80 08 29,1,-5.333110,-64.986114,5.811024
2025-08-10T15:31:55.420,RX,0x064,6,01 C9 64 80 08 3A,1,-5.333110,-64.986114,8.220472
2025-08-10T15:31:55.523,RX,0x064,6,01 C9 64 80 07 AC,1,-5.333110,-64.988098,-11.905512
2025-08-10T15:31:55.629,RX,0x064,6,01 C9 64 80 08 54,1,-5.333110,-64.986114,11.905512
2025-08-10T15:31:55.730,RX,0x064,6,01 C9 64 80 07 D9,1,-5.333110,-64.988098,-5.527559
2025-08-10T15:31:55.838,RX,0x064,6,01 C9 64 80 07 C7,1,-5.333110,-64.988098,-8.078740
2025-08-10T15:31:55.938,RX,0x064,6,01 C9 64 80 07 C5,1,-5.333110,-64.988098,-8.362205
2025-08-10T15:31:56.039,RX,0x064,6,01 C9 64 80 07 A6,1,-5.333110,-64.988098,-12.755906
2025-08-10T15:31:56.140,RX,0x064,6,01 C9 64 80 07 FE,1,-5.333110,-64.988098,-0.283465
2025-08-10T15:31:56.243,RX,0x064,6,01 C9 64 80 07 EF,1,-5.333110,-64.988098,-2.409449
2025-08-10T15:31:56.344,RX,0x064,6,01 C9 64 80 07 DB,1,-5.333110,-64.988098,-5.244094
2025-08-10T15:31:56.444,RX,0x064,6,01 C9 64 80 07 C8,1,-5.333110,-64.988098,-7.937008
2025-08-10T15:31:56.546,RX,0x064,6,01 C9 64 80 08 43,1,-5.333110,-64.986114,9.496063
2025-08-10T15:31:56.648,RX,0x064,6,01 C9 64 80 07 59,1,-5.333110,-64.988098,12.614173
2025-08-10T15:31:56.756,RX,0x064,6,01 C9 64 80 08 4B,1,-5.333110,-64.986114,10.629921
2025-08-10T15:31:56.856,RX,0x064,6,01 C9 64 80 08 41,1,-5.333110,-64.986114,9.212598
2025-08-10T15:31:56.957,RX,0x064,6,01 C9 64 80 08 23,1,-5.333110,-64.986114,4.960630
2025-08-10T15:31:57.059,RX,0x064,6,01 C9 64 80 07 FF,1,-5.333110,-64.988098,-0.141732
2025-08-10T15:31:57.160,RX,0x064,6,01 C9 64 80 07 D9,1,-5.333110,-64.988098,-5.527559
2025-08-10T15:31:57.268,RX,0x064,6,01 C9 64 80 08 4E,1,-5.333110,-64.986114,11.055118
2025-08-10T15:31:57.368,RX,0x064,6,01 C9 64 80 07 E1,1,-5.333110,-64.988098,-4.393701
2025-08-10T15:31:57.470,RX,0x064,6,01 C9 64 80 07 87,1,-5.333110,-64.988098,-17.149606
2025-08-10T15:31:57.570,RX,0x064,6,01 C9 64 80 08 7E,1,-5.333110,-64.986114,17.858268
2025-08-10T15:31:57.673,RX,0x064,6,01 C9 64 80 08 8B,1,-5.333110,-64.986114,-16.582677
2025-08-10T15:31:57.773,RX,0x064,6,01 C9 64 80 07 CD,1,-5.333110,-64.988098,-7.228346
2025-08-10T15:31:57.875,RX,0x064,6,01 C9 64 80 08 19,1,-5.333110,-64.986114,3.543307
2025-08-10T15:31:57.980,RX,0x064,6,01 C9 64 80 08 04,1,-5.333110,-64.986114,0.566929
2025-08-10T15:31:58.083,RX,0x064,6,01 C9 64 80 07 9D,1,-5.333110,-64.988098,-14.031496
2025-08-10T15:31:58.184,RX,0x064,6,01 C9 64 80 08 62,1,-5.333110,-64.986114,13.889764
2025-08-10T15:31:58.286,RX,0x064,6,01 C9 64 80 08 2D,1,-5.333110,-64.986114,6.377953
2025-08-10T15:31:58.387,RX,0x064,6,01 C9 64 80 08 23,1,-5.333110,-64.986114,4.960630
2025-08-10T15:31:58.487,RX,0x064,6,01 C9 64 80 07 E7,1,-5.333110,-64.988098,-3.543307
2025-08-10T15:31:58.588,RX,0x064,6,01 C9 64 80 08 42,1,-5.333110,-64.986114,9.354331
2025-08-10T15:31:58.689,RX,0x064,6,01 C9 64 80 08 71,1,-5.333110,-64.986114,16.015748
2025-08-10T15:31:58.790,RX,0x064,6,01 C9 64 80 08 75,1,-5.333110,-64.986114,16.582677
2025-08-10T15:31:58.890,RX,0x064,6,01 C9 64 80 08 2A,1,-5.333110,-64.986114,5.952756
2025-08-10T15:31:58.990,RX,0x064,6,01 C9 64 80 07 DB,1,-5.333110,-64.988098,-5.244094
2025-08-10T15:31:59.093,RX,0x064,6,01 C9 64 80 07 F6,1,-5.333110,-64.988098,-1.417323
2025-08-10T15:31:59.192,RX,0x064,6,01 C9 64 80 08 31,1,-5.333110,-64.986114,6.944882
2025-08-10T15:31:59.292,RX,0x064,6,01 C9 64 80 07 C1,1,-5.333110,-64.988098,-8.929134
2025-08-10T15:31:59.393,RX,0x064,6,01 C9 64 80 08 53,1,-5.333110,-64.986114,11.763780
2025-08-10T15:31:59.494,RX,0x064,6,01 C9 64 80 08 4F,1,-5.333110,-64.986114,11.196850
2025-08-10T15:31:59.598,RX,0x064,6,01 C9 64 80 07 DE,1,-5.333110,-64.988098,-4.818898
2025-08-10T15:31:59.695,RX,0x064,6,01 C9 64 80 08 3D,1,-5.333110,-64.986114,8.645669
2025-08-10T15:31:59.799,RX,0x064,6,01 C9 64 80 08 0E,1,-5.333110,-64.986114,1.984252
2025-08-10T15:31:59.901,RX,0x064,6,01 C9 64 80 07 FC,1,-5.333110,-64.988098,-0.566929
2025-08-10T15:32:00.010,RX,0x064,6,01 C9 64 80 07 E2,1,-5.333110,-64.988098,-4.251969
2025-08-10T15:32:00.102,RX,0x064,6,01 C9 64 80 08 32,1,-5.333110,-64.986114,7.086614
2025-08-10T15:32:00.203,RX,0x064,6,01 C9 64 80 07 F5,1,-5.333110,-64.988098,-1.559055
2025-08-10T15:32:00.303,RX,0x064,6,01 C9 64 80 08 4E,1,-5.333110,-64.986114,11.055118
2025-08-10T15:32:00.403,RX,0x064,6,01 C9 64 80 07 A4,1,-5.333110,-64.988098,-13.039370
2025-08-10T15:32:00.505,RX,0x064,6,01 C9 64 80 08 38,1,-5.333110,-64.986114,7.937008
2025-08-10T15:32:00.605,RX,0x064,6,01 C9 64 80 07 DB,1,-5.333110,-64.988098,-5.244094
2025-08-10T15:32:00.708,RX,0x064,6,01 C9 64 80 07 84,1,-5.333110,-64.988098,-17.574803
2025-08-10T15:32:00.810,RX,0x064,6,01 C9 64 80 08 3B,1,-5.333110,-64.986114,8.362205
2025-08-10T15:32:00.911,RX,0x064,6,01 C9 64 80 07 8D,1,-5.333110,-64.988098,-16.299213
2025-08-10T15:32:01.013,RX,0x064,6,01 C9 64 80 07 D1,1,-5.333110,-64.988098,-6.661417
2025-08-10T15:34:23.747,RX,0x064,6,01 C9 64 80 07 E3,1,-13980,128,7,227,,,,smc6
2025-08-10T15:34:23.845,RX,0x064,6,01 C9 64 80 07 B5,1,-13980,128,7,181,,,,smc6
2025-08-10T15:34:23.949,RX,0x064,6,01 C9 64 80 07 D1,1,-13980,128,7,209,,,,smc6
2025-08-10T15:34:24.049,RX,0x064,6,01 C9 64 80 08 7B,1,-13980,128,8,123,,,,smc6
2025-08-10T15:34:24.150,RX,0x064,6,01 C9 64 80 08 65,1,-13980,128,8,101,,,,smc6
2025-08-10T15:34:24.252,RX,0x064,6,01 C9 64 80 08 57,1,-13980,128,8,87,,,,smc6
2025-08-10T15:34:24.353,RX,0x064,6,01 C9 64 80 08 1A,1,-13980,128,8,26,,,,smc6
2025-08-10T15:34:24.456,RX,0x064,6,01 C9 64 80 07 72,1,-13980,128,7,114,,,,smc6
2025-08-10T15:34:24.556,RX,0x064,6,01 C9 64 80 08 2C,1,-13980,128,8,44,,,,smc6
2025-08-10T15:34:24.658,RX,0x064,6,01 C9 64 80 08 2E,1,-13980,128,8,46,,,,smc6
2025-08-10T15:34:24.760,RX,0x064,6,01 C9 64 80 07 E1,1,-13980,128,7,225,,,,smc6
2025-08-10T15:34:24.863,RX,0x064,6,01 C9 64 80 08 49,1,-13980,128,8,73,,,,smc6
2025-08-10T15:34:24.964,RX,0x064,6,01 C9 64 80 08 4F,1,-13980,128,8,79,,,,smc6
2025-08-10T15:34:25.065,RX,0x064,6,01 C9 64 80 07 CE,1,-13980,128,7,206,,,,smc6
2025-08-10T15:34:25.166,RX,0x064,6,01 C9 64 80 08 09,1,-13980,128,8,9,,,,smc6
2025-08-10T15:34:25.273,RX,0x064,6,01 C9 64 80 08 2E,1,-13980,128,8,46,,,,smc6
2025-08-10T15:34:25.373,RX,0x064,6,01 C9 64 80 07 97,1,-13980,128,7,151,,,,smc6
2025-08-10T15:34:25.474,RX,0x064,6,01 C9 64 80 07 D9,1,-13980,128,7,217,,,,smc6
2025-08-10T15:34:25.575,RX,0x064,6,01 C9 64 80 07 FE,1,-13980,128,7,254,,,,smc6
2025-08-10T15:34:25.675,RX,0x064,6,01 C9 64 80 08 19,1,-13980,128,8,25,,,,smc6
2025-08-10T15:34:25.777,RX,0x064,6,01 C9 64 80 08 12,1,-13980,128,8,18,,,,smc6
2025-08-10T15:34:25.878,RX,0x064,6,01 C9 64 80 08 27,1,-13980,128,8,39,,,,smc6
2025-08-10T15:34:25.978,RX,0x064,6,01 C9 64 80 07 D0,1,-13980,128,7,208,,,,smc6
2025-08-10T15:34:26.079,RX,0x064,6,01 C9 64 80 07 8E,1,-13980,128,7,142,,,,smc6
2025-08-10T15:34:26.182,RX,0x064,6,01 C9 64 80 07 CF,1,-13980,128,7,207,,,,smc6
2025-08-10T15:34:26.283,RX,0x064,6,01 C9 64 80 08 5B,1,-13980,128,8,91,,,,smc6
2025-08-10T15:34:26.388,RX,0x064,6,01 C9 64 80 08 38,1,-13980,128,8,56,,,,smc6
2025-08-10T15:34:26.499,RX,0x064,6,01 C9 64 80 07 FC,1,-13980,128,7,252,,,,smc6
2025-08-10T15:34:26.600,RX,0x064,6,01 C9 64 80 08 51,1,-13980,128,8,81,,,,smc6
2025-08-10T15:34:26.701,RX,0x064,6,01 C9 64 80 07 DE,1,-13980,128,7,222,,,,smc6
2025-08-10T15:34:26.809,RX,0x064,6,01 C9 64 80 08 19,1,-13980,128,8,25,,,,smc6
2025-08-10T15:34:26.913,RX,0x064,6,01 C9 64 80 07 BC,1,-13980,128,7,188,,,,smc6
2025-08-10T15:34:27.017,RX,0x064,6,01 C9 64 80 07 D3,1,-13980,128,7,211,,,,smc6
2025-08-10T15:34:27.117,RX,0x064,6,01 C9 64 80 08 2B,1,-13980,128,8,43,,,,smc6
2025-08-10T15:34:27.219,RX,0x064,6,01 C9 64 80 08 3C,1,-13980,128,8,60,,,,smc6
2025-08-10T15:34:27.320,RX,0x064,6,01 C9 64 80 08 15,1,-13980,128,8,21,,,,smc6
2025-08-10T15:34:27.421,RX,0x064,6,01 C9 64 80 08 32,1,-13980,128,8,50,,,,smc6
2025-08-10T15:34:27.526,RX,0x064,6,01 C9 64 80 08 35,1,-13980,128,8,53,,,,smc6
2025-08-10T15:34:27.626,RX,0x064,6,01 C9 64 80 07 A8,1,-13980,128,7,168,,,,smc6
2025-08-10T15:34:27.728,RX,0x064,6,01 C9 64 80 07 F4,1,-13980,128,7,244,,,,smc6
2025-08-10T15:34:27.829,RX,0x064,6,01 C9 64 80 08 15,1,-13980,128,8,21,,,,smc6
2025-08-10T15:34:27.936,RX,0x064,6,01 C9 64 80 08 2E,1,-13980,128,8,46,,,,smc6
2025-08-10T15:34:28.046,RX,0x064,6,01 C9 64 80 07 A6,1,-13980,128,7,166,,,,smc6
2025-08-10T15:34:28.146,RX,0x064,6,01 C9 64 80 07 C6,1,-13980,128,7,198,,,,smc6
2025-08-10T15:34:28.247,RX,0x064,6,01 C9 64 80 08 40,1,-13980,128,8,64,,,,smc6
2025-08-10T15:34:28.356,RX,0x064,6,01 C9 64 80 08 4D,1,-13980,128,8,77,,,,smc6
2025-08-10T15:34:28.457,RX,0x064,6,01 C9 64 80 08 09,1,-13980,128,8,9,,,,smc6
2025-08-10T15:34:28.558,RX,0x064,6,01 C9 64 80 08 4C,1,-13980,128,8,76,,,,smc6
2025-08-10T15:34:28.666,RX,0x064,6,01 C9 64 80 07 F4,1,-13980,128,7,244,,,,smc6
2025-08-10T15:34:28.768,RX,0x064,6,01 C9 64 80 07 CF,1,-13980,128,7,207,,,,smc6
2025-08-10T15:34:28.870,RX,0x064,6,01 C9 64 80 08 11,1,-13980,128,8,17,,,,smc6
2025-08-10T15:34:28.972,RX,0x064,6,01 C9 64 80 07 B9,1,-13980,128,7,185,,,,smc6
2025-08-10T15:34:29.073,RX,0x064,6,01 C9 64 80 07 FA,1,-13980,128,7,250,,,,smc6
2025-08-10T15:34:29.174,RX,0x064,6,01 C9 64 80 07 E0,1,-13980,128,7,224,,,,smc6
2025-08-10T15:34:29.275,RX,0x064,6,01 C9 64 80 08 5F,1,-13980,128,8,95,,,,smc6
2025-08-10T15:34:29.376,RX,0x064,6,01 C9 64 80 07 DC,1,-13980,128,7,220,,,,smc6
2025-08-10T15:34:29.477,RX,0x064,6,01 C9 64 80 07 DB,1,-13980,128,7,219,,,,smc6
2025-08-10T15:34:29.578,RX,0x064,6,01 C9 64 80 07 CF,1,-13980,128,7,207,,,,smc6
2025-08-10T15:34:29.678,RX,0x064,6,01 C9 64 80 08 1D,1,-13980,128,8,29,,,,smc6
2025-08-10T15:34:29.779,RX,0x064,6,01 C9 64 80 08 33,1,-13980,128,8,51,,,,smc6
2025-08-10T15:34:29.879,RX,0x064,6,01 C9 64 80 07 81,1,-13980,128,7,129,,,,smc6
2025-08-10T15:34:29.981,RX,0x064,6,01 C9 64 80 07 D6,1,-13980,128,7,214,,,,smc6
2025-08-10T15:34:30.082,RX,0x064,6,01 C9 64 80 08 5E,1,-13980,128,8,94,,,,smc6
2025-08-10T15:34:30.183,RX,0x064,6,01 C9 64 80 07 B7,1,-13980,128,7,183,,,,smc6
2025-08-10T15:34:30.284,RX,0x064,6,01 C9 64 80 07 B1,1,-13980,128,7,177,,,,smc6
2025-08-10T15:34:30.386,RX,0x064,6,01 C9 64 80 08 74,1,-13980,128,8,116,,,,smc6
2025-08-10T15:34:30.486,RX,0x064,6,01 C9 64 80 07 5E,1,-13980,128,7,94,,,,smc6
2025-08-10T15:34:30.588,RX,0x064,6,01 C9 64 80 07 FD,1,-13980,128,7,253,,,,smc6
2025-08-10T15:34:30.688,RX,0x064,6,01 C9 64 80 07 C4,1,-13980,128,7,196,,,,smc6
2025-08-10T15:34:30.788,RX,0x064,6,01 C9 64 80 08 4B,1,-13980,128,8,75,,,,smc6
2025-08-10T15:34:30.889,RX,0x064,6,01 C9 64 80 07 8A,1,-13980,128,7,138,,,,smc6
2025-08-10T15:34:30.989,RX,0x064,6,01 C9 64 80 08 0A,1,-13980,128,8,10,,,,smc6
2025-08-10T15:34:31.093,RX,0x064,6,01 C9 64 80 08 51,1,-13980,128,8,81,,,,smc6
2025-08-10T15:34:31.191,RX,0x064,6,01 C9 64 80 08 06,1,-13980,128,8,6,,,,smc6
2025-08-10T15:34:31.292,RX,0x064,6,01 C9 64 80 07 CF,1,-13980,128,7,207,,,,smc6
2025-08-10T15:34:31.393,RX,0x064,6,01 C9 64 80 07 42,1,-13980,128,7,66,,,,smc6
2025-08-10T15:34:31.495,RX,0x064,6,01 C9 64 80 08 51,1,-13980,128,8,81,,,,smc6
2025-08-10T15:34:31.597,RX,0x064,6,01 C9 64 80 08 68,1,-13980,128,8,104,,,,smc6
2025-08-10T15:34:31.698,RX,0x064,6,01 C9 64 80 07 D4,1,-13980,128,7,212,,,,smc6
2025-08-10T15:34:31.800,RX,0x064,6,01 C9 66 80 07 F9,1,-13978,128,7,249,,,,smc6
2025-08-10T15:34:31.902,RX,0x064,6,01 C9 67 80 07 FC,1,-13977,128,7,252,,,,smc6
2025-08-10T15:34:32.003,RX,0x064,6,01 C9 82 81 17 B9,1,-13950,129,23,185,,,,smc6
2025-08-10T15:34:32.104,RX,0x064,6,01 CA 84 85 B7 F8,1,-13692,133,183,248,,,,smc6
2025-08-10T15:34:32.209,RX,0x064,6,01 CC 49 87 A7 E9,1,-13239,135,167,233,,,,smc6
2025-08-10T15:34:32.307,RX,0x064,6,01 CE 8E 88 F8 65,1,-12658,136,248,101,,,,smc6
2025-08-10T15:34:32.411,RX,0x064,6,01 D0 D6 88 87 8F,1,-12074,136,135,143,,,,smc6
2025-08-10T15:34:32.523,RX,0x064,6,01 D2 56 83 48 13,1,-11690,131,72,19,,,,smc6
2025-08-10T15:34:32.616,RX,0x064,6,01 D2 7E 80 07 9F,1,-11650,128,7,159,,,,smc6
2025-08-10T15:34:32.718,RX,0x064,6,01 D2 7E 80 07 40,1,-11650,128,7,64,,,,smc6
2025-08-10T15:34:32.818,RX,0x064,6,01 D2 7E 80 08 6A,1,-11650,128,8,106,,,,smc6
2025-08-10T15:34:32.918,RX,0x064,6,01 D2 7E 80 07 79,1,-11650,128,7,121,,,,smc6
2025-08-10T15:34:33.020,RX,0x064,6,01 D2 7E 80 08 58,1,-11650,128,8,88,,,,smc6
2025-08-10T15:34:33.121,RX,0x064,6,01 D2 7E 80 07 AE,1,-11650,128,7,174,,,,smc6
2025-08-10T15:34:33.222,RX,0x064,6,01 D2 7E 80 08 3E,1,-11650,128,8,62,,,,smc6
2025-08-10T15:34:33.323,RX,0x064,6,01 D2 7E 80 08 79,1,-11650,128,8,121,,,,smc6
2025-08-10T15:34:33.425,RX,0x064,6,01 D2 7E 80 07 D1,1,-11650,128,7,209,,,,smc6
2025-08-10T15:34:33.527,RX,0x064,6,01 D2 7E 80 07 DB,1,-11650,128,7,219,,,,smc6
2025-08-10T15:34:33.627,RX,0x064,6,01 D2 7E 80 08 1B,1,-11650,128,8,27,,,,smc6
2025-08-10T15:34:33.730,RX,0x064,6,01 D2 7E 80 08 3A,1,-11650,128,8,58,,,,smc6
2025-08-10T15:34:33.832,RX,0x064,6,01 D2 7E 80 08 5C,1,-11650,128,8,92,,,,smc6
2025-08-10T15:34:33.933,RX,0x064,6,01 D2 7E 80 07 A4,1,-11650,128,7,164,,,,smc6
2025-08-10T15:34:34.037,RX,0x064,6,01 D2 7E 80 07 97,1,-11650,128,7,151,,,,smc6
2025-08-10T15:34:34.139,RX,0x064,6,01 D2 7E 80 08 0A,1,-11650,128,8,10,,,,smc6
2025-08-10T15:34:34.239,RX,0x064,6,01 D2 7E 80 08 26,1,-11650,128,8,38,,,,smc6
2025-08-10T15:34:34.341,RX,0x064,6,01 D2 7E 80 08 3A,1,-11650,128,8,58,,,,smc6
2025-08-10T15:34:34.442,RX,0x064,6,01 D2 7E 80 08 39,1,-11650,128,8,57,,,,smc6
2025-08-10T15:34:34.543,RX,0x064,6,01 D2 7E 80 08 72,1,-11650,128,8,114,,,,smc6
2025-08-10T15:34:34.643,RX,0x064,6,01 D2 7E 80 08 33,1,-11650,128,8,51,,,,smc6
2025-08-10T15:34:34.748,RX,0x064,6,01 D2 7E 80 08 8C,1,-11650,128,8,140,,,,smc6
2025-08-10T15:34:34.850,RX,0x064,6,01 D2 7E 80 08 1C,1,-11650,128,8,28,,,,smc6
2025-08-10T15:34:34.953,RX,0x064,6,01 D2 7E 80 07 BD,1,-11650,128,7,189,,,,smc6
2025-08-10T15:34:35.055,RX,0x064,6,01 D2 7E 80 07 7C,1,-11650,128,7,124,,,,smc6
2025-08-10T15:34:35.155,RX,0x064,6,01 D2 7E 80 08 75,1,-11650,128,8,117,,,,smc6
2025-08-10T15:34:35.256,RX,0x064,6,01 D2 7E 80 08 9E,1,-11650,128,8,158,,,,smc6
2025-08-10T15:34:35.357,RX,0x064,6,01 D2 7E 80 08 4E,1,-11650,128,8,78,,,,smc6
2025-08-10T15:34:35.458,RX,0x064,6,01 D2 7E 80 08 7C,1,-11650,128,8,124,,,,smc6
2025-08-10T15:34:35.559,RX,0x064,6,01 D2 7F 80 07 EC,1,-11649,128,7,236,,,,smc6
2025-08-10T15:34:35.660,RX,0x064,6,01 D2 DE 82 98 2F,1,-11554,130,152,47,,,,smc6
2025-08-10T15:34:35.763,RX,0x064,6,01 D4 0F 85 F8 5E,1,-11249,133,248,94,,,,smc6
2025-08-10T15:34:35.862,RX,0x064,6,01 D5 D4 87 07 D8,1,-10796,135,7,216,,,,smc6
2025-08-10T15:34:35.964,RX,0x064,6,01 D7 57 84 27 EC,1,-10409,132,39,236,,,,smc6
2025-08-10T15:34:36.066,RX,0x064,6,01 D7 DF 80 77 FE,1,-10273,128,119,254,,,,smc6
2025-08-10T15:34:36.166,RX,0x064,6,01 D7 DF 80 08 1C,1,-10273,128,8,28,,,,smc6
2025-08-10T15:34:36.271,RX,0x064,6,01 D7 DF 80 07 ED,1,-10273,128,7,237,,,,smc6
2025-08-10T15:34:36.371,RX,0x064,6,01 D7 DF 80 07 F6,1,-10273,128,7,246,,,,smc6
2025-08-10T15:34:36.472,RX,0x064,6,01 D7 DF 80 08 18,1,-10273,128,8,24,,,,smc6
2025-08-10T15:34:36.573,RX,0x064,6,01 D7 DF 80 07 D4,1,-10273,128,7,212,,,,smc6
2025-08-10T15:34:36.674,RX,0x064,6,01 D7 DF 80 08 0F,1,-10273,128,8,15,,,,smc6
2025-08-10T15:34:36.777,RX,0x064,6,01 D7 DF 80 07 D6,1,-10273,128,7,214,,,,smc6
2025-08-10T15:34:36.876,RX,0x064,6,01 D7 DF 80 07 C3,1,-10273,128,7,195,,,,smc6
2025-08-10T15:34:36.977,RX,0x064,6,01 D7 FB 81 58 44,1,-10245,129,88,68,,,,smc6
2025-08-10T15:34:37.078,RX,0x064,6,01 D9 A7 8B 47 EC,1,-9817,139,71,236,,,,smc6
2025-08-10T15:34:37.182,RX,0x064,6,01 DD A1 91 88 25,1,-8799,145,136,37,,,,smc6
2025-08-10T15:34:37.283,RX,0x064,6,01 E2 6C 92 87 E6,1,-7572,146,135,230,,,,smc6
2025-08-10T15:34:37.384,RX,0x064,6,01 E7 13 91 58 60,1,-6381,145,88,96,,,,smc6
2025-08-10T15:34:37.485,RX,0x064,6,01 EA 9C 8A 67 EC,1,-5476,138,103,236,,,,smc6
2025-08-10T15:34:37.588,RX,0x064,6,01 EB CC 80 07 BD,1,-5172,128,7,189,,,,smc6
2025-08-10T15:34:37.692,RX,0x064,6,01 EB C9 80 07 C3,1,-5175,128,7,195,,,,smc6
2025-08-10T15:34:37.793,RX,0x064,6,01 EB C9 80 08 08,1,-5175,128,8,8,,,,smc6
2025-08-10T15:34:37.893,RX,0x064,6,01 EB C9 80 07 CD,1,-5175,128,7,205,,,,smc6
2025-08-10T15:34:37.993,RX,0x064,6,01 EB C9 80 08 07,1,-5175,128,8,7,,,,smc6
2025-08-10T15:34:38.096,RX,0x064,6,01 EB C9 80 08 25,1,-5175,128,8,37,,,,smc6
2025-08-10T15:34:38.200,RX,0x064,6,01 EB C9 80 07 99,1,-5175,128,7,153,,,,smc6
2025-08-10T15:34:38.302,RX,0x064,6,01 EB C9 80 07 FF,1,-5175,128,7,255,,,,smc6
2025-08-10T15:34:38.403,RX,0x064,6,01 EB C9 80 07 ED,1,-5175,128,7,237,,,,smc6
2025-08-10T15:34:38.506,RX,0x064,6,01 EB C9 80 08 26,1,-5175,128,8,38,,,,smc6
2025-08-10T15:34:38.606,RX,0x064,6,01 EB C9 80 07 8F,1,-5175,128,7,143,,,,smc6
2025-08-10T15:34:38.707,RX,0x064,6,01 EB C9 80 07 D4,1,-5175,128,7,212,,,,smc6
2025-08-10T15:34:38.808,RX,0x064,6,01 EB C9 80 08 40,1,-5175,128,8,64,,,,smc6
2025-08-10T15:34:38.908,RX,0x064,6,01 EB C9 80 08 2F,1,-5175,128,8,47,,,,smc6
2025-08-10T15:34:39.010,RX,0x064,6,01 EB C9 80 08 72,1,-5175,128,8,114,,,,smc6
2025-08-10T15:34:39.110,RX,0x064,6,01 EB C9 80 08 23,1,-5175,128,8,35,,,,smc6
2025-08-10T15:34:39.211,RX,0x064,6,01 EB C9 80 08 29,1,-5175,128,8,41,,,,smc6
2025-08-10T15:34:39.313,RX,0x064,6,01 EB C9 80 08 1B,1,-5175,128,8,27,,,,smc6
2025-08-10T15:34:39.413,RX,0x064,6,01 EB C9 80 07 E9,1,-5175,128,7,233,,,,smc6
2025-08-10T15:34:39.517,RX,0x064,6,01 EB C9 80 07 B5,1,-5175,128,7,181,,,,smc6
2025-08-10T15:34:39.624,RX,0x064,6,01 EB C9 80 07 EE,1,-5175,128,7,238,,,,smc6
2025-08-10T15:34:39.724,RX,0x064,6,01 EB C9 80 07 CF,1,-5175,128,7,207,,,,smc6
2025-08-10T15:34:39.825,RX,0x064,6,01 EB C9 80 08 04,1,-5175,128,8,4,,,,smc6
2025-08-10T15:34:39.928,RX,0x064,6,01 EB C9 80 08 11,1,-5175,128,8,17,,,,smc6
2025-08-10T15:34:40.030,RX,0x064,6,01 EB C9 80 07 D5,1,-5175,128,7,213,,,,smc6
2025-08-10T15:34:40.131,RX,0x064,6,01 EB C9 80 07 D9,1,-5175,128,7,217,,,,smc6
2025-08-10T15:34:40.233,RX,0x064,6,01 EB C9 80 08 1C,1,-5175,128,8,28,,,,smc6
2025-08-10T15:34:40.336,RX,0x064,6,01 EB C9 80 07 DA,1,-5175,128,7,218,,,,smc6
2025-08-10T15:34:40.446,RX,0x064,6,01 EB C9 80 08 23,1,-5175,128,8,35,,,,smc6
2025-08-10T15:34:40.547,RX,0x064,6,01 EB C9 80 08 3A,1,-5175,128,8,58,,,,smc6
2025-08-10T15:34:40.648,RX,0x064,6,01 EB C9 80 08 51,1,-5175,128,8,81,,,,smc6
2025-08-10T15:34:40.749,RX,0x064,6,01 EB CC 80 18 2A,1,-5172,128,24,42,,,,smc6
2025-08-10T15:34:40.854,RX,0x064,6,01 EF 14 8C 88 0D,1,-4332,140,136,13,,,,smc6
2025-08-10T15:34:40.955,RX,0x064,6,01 F3 37 92 07 E8,1,-3273,146,7,232,,,,smc6
2025-08-10T15:34:41.057,RX,0x064,6,01 F8 53 94 07 BF,1,-1965,148,7,191,,,,smc6
2025-08-10T15:34:41.157,RX,0x064,6,01 FC EB 8E D8 1A,1,-789,142,216,26,,,,smc6
2025-08-10T15:34:41.262,RX,0x064,6,01 FF 09 83 87 E4,1,-247,131,135,228,,,,smc6
2025-08-10T15:34:41.364,RX,0x064,6,01 FF 1C 80 07 F6,1,-228,128,7,246,,,,smc6
2025-08-10T15:34:41.465,RX,0x064,6,01 FF 1C 80 08 2B,1,-228,128,8,43,,,,smc6
2025-08-10T15:34:41.568,RX,0x064,6,01 FF 1C 80 07 E8,1,-228,128,7,232,,,,smc6
2025-08-10T15:34:41.668,RX,0x064,6,01 FF 1C 80 08 4B,1,-228,128,8,75,,,,smc6
2025-08-10T15:34:41.770,RX,0x064,6,01 FF 1C 80 07 EE,1,-228,128,7,238,,,,smc6
2025-08-10T15:34:41.876,RX,0x064,6,01 FF 1C 80 08 22,1,-228,128,8,34,,,,smc6
2025-08-10T15:34:41.980,RX,0x064,6,01 FF 1C 80 07 C0,1,-228,128,7,192,,,,smc6
2025-08-10T15:34:42.087,RX,0x064,6,01 FF 1C 80 07 DE,1,-228,128,7,222,,,,smc6
2025-08-10T15:34:42.184,RX,0x064,6,01 FF 1C 80 08 3E,1,-228,128,8,62,,,,smc6
2025-08-10T15:34:42.285,RX,0x064,6,01 FF 1C 80 08 13,1,-228,128,8,19,,,,smc6
2025-08-10T15:34:42.389,RX,0x064,6,01 FF 1C 80 08 23,1,-228,128,8,35,,,,smc6
2025-08-10T15:34:42.489,RX,0x064,6,01 FF 1C 80 08 04,1,-228,128,8,4,,,,smc6
2025-08-10T15:34:42.592,RX,0x064,6,01 FF 1C 80 08 2C,1,-228,128,8,44,,,,smc6
2025-08-10T15:34:42.693,RX,0x064,6,01 FF 1C 80 08 1A,1,-228,128,8,26,,,,smc6
2025-08-10T15:34:42.796,RX,0x064,6,01 FF 1C 80 08 2C,1,-228,128,8,44,,,,smc6
2025-08-10T15:34:42.897,RX,0x064,6,01 FF 1C 80 07 CF,1,-228,128,7,207,,,,smc6
2025-08-10T15:34:42.998,RX,0x064,6,01 FF 3C 81 B8 03,1,-196,129,184,3,,,,smc6
2025-08-10T15:34:43.104,RX,0x064,6,01 FF FF 88 08 10,1,-1,136,8,16,,,,smc6
2025-08-10T15:34:43.204,RX,0x064,6,01 FF FF 8E 48 13,1,-1,142,72,19,,,,smc6
2025-08-10T15:34:43.306,RX,0x064,6,01 FF FF 92 98 1A,1,-1,146,152,26,,,,smc6
2025-08-10T15:34:43.406,RX,0x064,6,01 FF FF 92 68 4D,1,-1,146,104,77,,,,smc6
2025-08-10T15:34:43.508,RX,0x064,6,01 FF FF 8F 37 F7,1,-1,143,55,247,,,,smc6
2025-08-10T15:34:43.610,RX,0x064,6,01 FF FF 88 07 D7,1,-1,136,7,215,,,,smc6
2025-08-10T15:34:43.711,RX,0x064,6,01 FF FF 80 08 3E,1,-1,128,8,62,,,,smc6
2025-08-10T15:34:43.812,RX,0x064,6,01 FF FF 80 07 A5,1,-1,128,7,165,,,,smc6
2025-08-10T15:34:43.913,RX,0x064,6,01 FF FF 80 08 0B,1,-1,128,8,11,,,,smc6
2025-08-10T15:34:44.014,RX,0x064,6,01 FF FF 80 07 FC,1,-1,128,7,252,,,,smc6
2025-08-10T15:34:44.121,RX,0x064,6,01 FF FF 80 08 3F,1,-1,128,8,63,,,,smc6
2025-08-10T15:34:44.221,RX,0x064,6,01 FF FF 80 08 39,1,-1,128,8,57,,,,smc6
2025-08-10T15:34:44.322,RX,0x064,6,01 FF FF 80 08 28,1,-1,128,8,40,,,,smc6
2025-08-10T15:34:44.424,RX,0x064,6,01 FF FF 80 08 05,1,-1,128,8,5,,,,smc6
2025-08-10T15:34:44.522,RX,0x064,6,01 FF FF 80 08 14,1,-1,128,8,20,,,,smc6
2025-08-10T15:34:44.622,RX,0x064,6,01 FF FF 80 07 EE,1,-1,128,7,238,,,,smc6
2025-08-10T15:34:44.725,RX,0x064,6,01 FF FF 80 08 0A,1,-1,128,8,10,,,,smc6
2025-08-10T15:34:44.827,RX,0x064,6,01 FF FF 80 07 8F,1,-1,128,7,143,,,,smc6
2025-08-10T15:34:44.928,RX,0x064,6,01 FF FF 80 08 01,1,-1,128,8,1,,,,smc6
2025-08-10T15:34:45.032,RX,0x064,6,01 FF FF 80 07 92,1,-1,128,7,146,,,,smc6
2025-08-10T15:34:45.129,RX,0x064,6,01 FF FF 80 08 0C,1,-1,128,8,12,,,,smc6
2025-08-10T15:34:45.231,RX,0x064,6,01 FF FF 80 07 D0,1,-1,128,7,208,,,,smc6
2025-08-10T15:34:45.332,RX,0x064,6,01 FF FF 80 07 91,1,-1,128,7,145,,,,smc6
2025-08-10T15:34:45.432,RX,0x064,6,01 FF FF 80 08 49,1,-1,128,8,73,,,,smc6
2025-08-10T15:34:45.535,RX,0x064,6,01 FF FF 80 08 41,1,-1,128,8,65,,,,smc6
2025-08-10T15:34:45.637,RX,0x064,6,01 FF FF 80 07 8B,1,-1,128,7,139,,,,smc6
2025-08-10T15:34:45.734,RX,0x064,6,01 FF FF 80 08 4C,1,-1,128,8,76,,,,smc6
2025-08-10T15:34:45.836,RX,0x064,6,01 FF FF 80 08 01,1,-1,128,8,1,,,,smc6
2025-08-10T15:34:45.938,RX,0x064,6,01 FF FF 80 08 0A,1,-1,128,8,10,,,,smc6
2025-08-10T15:34:46.038,RX,0x064,6,01 FF FF 80 08 41,1,-1,128,8,65,,,,smc6
2025-08-10T15:34:46.139,RX,0x064,6,01 FF FF 80 08 37,1,-1,128,8,55,,,,smc6
2025-08-10T15:34:46.239,RX,0x064,6,01 FF FF 80 07 EA,1,-1,128,7,234,,,,smc6
2025-08-10T15:34:46.344,RX,0x064,6,01 FF FF 80 07 E7,1,-1,128,7,231,,,,smc6
2025-08-10T15:34:46.445,RX,0x064,6,01 FF FF 80 07 E6,1,-1,128,7,230,,,,smc6
2025-08-10T15:34:46.549,RX,0x064,6,01 FF FF 80 08 4A,1,-1,128,8,74,,,,smc6
2025-08-10T15:34:46.651,RX,0x064,6,01 FF FF 80 08 53,1,-1,128,8,83,,,,smc6
2025-08-10T15:34:46.751,RX,0x064,6,01 FF FF 80 08 15,1,-1,128,8,21,,,,smc6
2025-08-10T15:34:46.852,RX,0x064,6,01 FF FF 80 07 FC,1,-1,128,7,252,,,,smc6
2025-08-10T15:34:46.952,RX,0x064,6,01 FF FF 80 08 4B,1,-1,128,8,75,,,,smc6
2025-08-10T15:34:47.053,RX,0x064,6,01 FF FF 80 08 26,1,-1,128,8,38,,,,smc6
2025-08-10T15:34:47.154,RX,0x064,6,01 FF FF 80 08 31,1,-1,128,8,49,,,,smc6
2025-08-10T15:34:47.255,RX,0x064,6,01 FF FF 80 08 07,1,-1,128,8,7,,,,smc6
2025-08-10T15:34:47.357,RX,0x064,6,01 FF FF 80 08 4C,1,-1,128,8,76,,,,smc6
2025-08-10T15:34:47.459,RX,0x064,6,01 FF FF 80 08 53,1,-1,128,8,83,,,,smc6
2025-08-10T15:34:47.564,RX,0x064,6,01 FF FF 80 08 12,1,-1,128,8,18,,,,smc6
2025-08-10T15:34:47.664,RX,0x064,6,01 FF FF 80 08 45,1,-1,128,8,69,,,,smc6
2025-08-10T15:34:47.766,RX,0x064,6,01 FF FF 80 08 11,1,-1,128,8,17,,,,smc6
2025-08-10T15:34:47.868,RX,0x064,6,01 FF FF 80 08 24,1,-1,128,8,36,,,,smc6
2025-08-10T15:34:47.969,RX,0x064,6,01 FF FF 80 08 1E,1,-1,128,8,30,,,,smc6
2025-08-10T15:34:48.069,RX,0x064,6,01 FF FF 80 07 D9,1,-1,128,7,217,,,,smc6
2025-08-10T15:34:48.171,RX,0x064,6,01 FF FF 80 08 21,1,-1,128,8,33,,,,smc6
2025-08-10T15:34:48.272,RX,0x064,6,01 FF FF 80 08 34,1,-1,128,8,52,,,,smc6
2025-08-10T15:34:48.373,RX,0x064,6,01 FF FF 80 08 4D,1,-1,128,8,77,,,,smc6
2025-08-10T15:34:48.478,RX,0x064,6,01 FF FF 80 08 50,1,-1,128,8,80,,,,smc6
2025-08-10T15:34:48.582,RX,0x064,6,01 FF FF 80 07 FD,1,-1,128,7,253,,,,smc6
2025-08-10T15:34:48.678,RX,0x064,6,01 FF FF 80 07 CF,1,-1,128,7,207,,,,smc6
2025-08-10T15:34:48.779,RX,0x064,6,01 FF FF 80 08 03,1,-1,128,8,3,,,,smc6
2025-08-10T15:34:48.879,RX,0x064,6,01 FF FF 80 07 8B,1,-1,128,7,139,,,,smc6
2025-08-10T15:34:48.980,RX,0x064,6,01 FF FF 80 07 95,1,-1,128,7,149,,,,smc6
2025-08-10T15:34:49.080,RX,0x064,6,01 FF FF 80 07 A2,1,-1,128,7,162,,,,smc6
2025-08-10T15:34:49.182,RX,0x064,6,01 FF FF 80 07 EE,1,-1,128,7,238,,,,smc6
2025-08-10T15:34:49.285,RX,0x064,6,01 FF FF 80 08 09,1,-1,128,8,9,,,,smc6
2025-08-10T15:34:49.388,RX,0x064,6,01 FF FF 80 08 0B,1,-1,128,8,11,,,,smc6
2025-08-10T15:34:49.490,RX,0x064,6,01 FF FF 80 08 33,1,-1,128,8,51,,,,smc6
2025-08-10T15:34:49.591,RX,0x064,6,01 FF FF 80 07 D3,1,-1,128,7,211,,,,smc6
2025-08-10T15:34:49.706,RX,0x064,6,01 FF FF 80 08 33,1,-1,128,8,51,,,,smc6
2025-08-10T15:34:49.807,RX,0x064,6,01 FF FF 80 07 CA,1,-1,128,7,202,,,,smc6
2025-08-10T15:34:49.908,RX,0x064,6,01 FF FF 80 08 69,1,-1,128,8,105,,,,smc6
2025-08-10T15:34:50.010,RX,0x064,6,01 FF FF 80 07 FD,1,-1,128,7,253,,,,smc6
2025-08-10T15:34:50.111,RX,0x064,6,01 FF FF 80 07 FA,1,-1,128,7,250,,,,smc6
2025-08-10T15:34:50.211,RX,0x064,6,01 FF FF 80 07 DA,1,-1,128,7,218,,,,smc6
2025-08-10T15:34:50.313,RX,0x064,6,01 FF FF 80 08 62,1,-1,128,8,98,,,,smc6
2025-08-10T15:34:50.413,RX,0x064,6,01 FF FF 80 07 DE,1,-1,128,7,222,,,,smc6
2025-08-10T15:34:50.515,RX,0x064,6,01 FF FF 80 07 E9,1,-1,128,7,233,,,,smc6
2025-08-10T15:34:50.618,RX,0x064,6,01 FF FF 80 08 4A,1,-1,128,8,74,,,,smc6
2025-08-10T15:34:50.719,RX,0x064,6,01 FF FF 80 08 1F,1,-1,128,8,31,,,,smc6
2025-08-10T15:34:50.821,RX,0x064,6,01 FF FF 80 08 13,1,-1,128,8,19,,,,smc6
2025-08-10T15:34:50.922,RX,0x064,6,01 FF FF 80 08 19,1,-1,128,8,25,,,,smc6
2025-08-10T15:34:51.025,RX,0x064,6,01 FF FF 80 08 2A,1,-1,128,8,42,,,,smc6
2025-08-10T15:34:51.125,RX,0x064,6,01 FF FF 80 08 21,1,-1,128,8,33,,,,smc6
2025-08-10T15:34:51.227,RX,0x064,6,01 FF FF 80 08 44,1,-1,128,8,68,,,,smc6
2025-08-10T15:34:51.328,RX,0x064,6,01 FF FF 80 08 43,1,-1,128,8,67,,,,smc6
2025-08-10T15:34:51.430,RX,0x064,6,01 FF FF 80 07 E5,1,-1,128,7,229,,,,smc6
2025-08-10T15:34:51.543,RX,0x064,6,01 FF FF 80 08 07,1,-1,128,8,7,,,,smc6
2025-08-10T15:34:51.644,RX,0x064,6,01 FF FF 80 07 FA,1,-1,128,7,250,,,,smc6
2025-08-10T15:34:51.745,RX,0x064,6,01 FF FF 80 08 26,1,-1,128,8,38,,,,smc6
2025-08-10T15:34:51.846,RX,0x064,6,01 FF FF 80 07 EC,1,-1,128,7,236,,,,smc6
2025-08-10T15:34:51.947,RX,0x064,6,01 FF FF 80 07 FF,1,-1,128,7,255,,,,smc6
2025-08-10T15:34:52.049,RX,0x064,6,01 FF FF 80 07 EF,1,-1,128,7,239,,,,smc6
2025-08-10T15:34:52.149,RX,0x064,6,01 FF FF 80 07 B7,1,-1,128,7,183,,,,smc6
2025-08-10T15:34:52.253,RX,0x064,6,01 FF FF 80 07 B4,1,-1,128,7,180,,,,smc6
2025-08-10T15:34:52.354,RX,0x064,6,01 FF FF 80 08 47,1,-1,128,8,71,,,,smc6
2025-08-10T15:34:52.455,RX,0x064,6,01 FF FF 80 08 55,1,-1,128,8,85,,,,smc6
2025-08-10T15:34:52.554,RX,0x064,6,01 FF FF 80 07 E9,1,-1,128,7,233,,,,smc6
2025-08-10T15:34:52.654,RX,0x064,6,01 FF FF 80 07 D2,1,-1,128,7,210,,,,smc6
2025-08-10T15:34:52.758,RX,0x064,6,01 FF FF 80 08 44,1,-1,128,8,68,,,,smc6
2025-08-10T15:34:52.858,RX,0x064,6,01 FF FF 80 08 4A,1,-1,128,8,74,,,,smc6
2025-08-10T15:34:52.960,RX,0x064,6,01 FF FF 80 07 EA,1,-1,128,7,234,,,,smc6
2025-08-10T15:34:53.065,RX,0x064,6,01 FF FF 80 07 E2,1,-1,128,7,226,,,,smc6
2025-08-10T15:34:53.170,RX,0x064,6,01 FF FF 80 08 65,1,-1,128,8,101,,,,smc6
2025-08-10T15:34:53.270,RX,0x064,6,01 FF FF 80 08 1F,1,-1,128,8,31,,,,smc6
2025-08-10T15:34:53.377,RX,0x064,6,01 FF FF 80 07 D0,1,-1,128,7,208,,,,smc6
2025-08-10T15:34:53.475,RX,0x064,6,01 FF FF 80 07 F0,1,-1,128,7,240,,,,smc6
2025-08-10T15:34:53.579,RX,0x064,6,01 FF FF 80 07 E1,1,-1,128,7,225,,,,smc6
2025-08-10T15:34:53.678,RX,0x064,6,01 FF FF 80 07 AB,1,-1,128,7,171,,,,smc6
2025-08-10T15:34:53.779,RX,0x064,6,01 FF FF 80 07 BD,1,-1,128,7,189,,,,smc6
2025-08-10T15:34:53.886,RX,0x064,6,01 FF FF 80 07 C2,1,-1,128,7,194,,,,smc6
2025-08-10T15:34:53.987,RX,0x064,6,01 FF FF 80 07 F7,1,-1,128,7,247,,,,smc6
2025-08-10T15:34:54.088,RX,0x064,6,01 FF FF 80 07 CE,1,-1,128,7,206,,,,smc6
2025-08-10T15:34:54.188,RX,0x064,6,01 FF FF 80 07 C3,1,-1,128,7,195,,,,smc6
2025-08-10T15:34:54.293,RX,0x064,6,01 FF FF 80 07 FE,1,-1,128,7,254,,,,smc6
2025-08-10T15:34:54.393,RX,0x064,6,01 FF FF 80 08 3E,1,-1,128,8,62,,,,smc6
2025-08-10T15:34:54.494,RX,0x064,6,01 FF FF 80 08 2E,1,-1,128,8,46,,,,smc6
2025-08-10T15:34:54.599,RX,0x064,6,01 FF FF 80 08 20,1,-1,128,8,32,,,,smc6
2025-08-10T15:34:54.701,RX,0x064,6,01 FF FF 80 07 93,1,-1,128,7,147,,,,smc6
2025-08-10T15:34:54.802,RX,0x064,6,01 FF FF 80 08 4A,1,-1,128,8,74,,,,smc6
2025-08-10T15:34:54.904,RX,0x064,6,01 FF FF 80 08 44,1,-1,128,8,68,,,,smc6
2025-08-10T15:34:55.006,RX,0x064,6,01 FF FF 80 08 0F,1,-1,128,8,15,,,,smc6
2025-08-10T15:34:55.107,RX,0x064,6,01 FF FF 80 08 14,1,-1,128,8,20,,,,smc6
2025-08-10T15:34:55.207,RX,0x064,6,01 FF FF 80 07 82,1,-1,128,7,130,,,,smc6
2025-08-10T15:34:55.314,RX,0x064,6,01 FF FF 80 07 A8,1,-1,128,7,168,,,,smc6
2025-08-10T15:34:55.416,RX,0x064,6,01 FF FF 80 08 2D,1,-1,128,8,45,,,,smc6
2025-08-10T15:34:55.517,RX,0x064,6,01 FF FF 80 08 1A,1,-1,128,8,26,,,,smc6
2025-08-10T15:34:55.618,RX,0x064,6,01 FF FF 80 08 44,1,-1,128,8,68,,,,smc6
2025-08-10T15:34:55.720,RX,0x064,6,01 FF FF 80 08 1A,1,-1,128,8,26,,,,smc6
2025-08-10T15:34:55.826,RX,0x064,6,01 FF FF 80 08 2E,1,-1,128,8,46,,,,smc6
2025-08-10T15:34:55.927,RX,0x064,6,01 FF FF 80 08 37,1,-1,128,8,55,,,,smc6
2025-08-10T15:34:56.027,RX,0x064,6,01 FF FF 80 07 EE,1,-1,128,7,238,,,,smc6
2025-08-10T15:34:56.131,RX,0x064,6,01 FF FF 80 08 2F,1,-1,128,8,47,,,,smc6
2025-08-10T15:34:56.231,RX,0x064,6,01 FF FF 80 07 B6,1,-1,128,7,182,,,,smc6
2025-08-10T15:34:56.335,RX,0x064,6,01 FF FF 80 08 21,1,-1,128,8,33,,,,smc6
2025-08-10T15:34:56.431,RX,0x064,6,01 FF FF 80 08 15,1,-1,128,8,21,,,,smc6
2025-08-10T15:34:56.537,RX,0x064,6,01 FF FF 80 08 29,1,-1,128,8,41,,,,smc6
2025-08-10T15:34:56.637,RX,0x064,6,01 FF FF 7D 18 24,1,-1,125,24,36,,,,smc6
2025-08-10T15:34:56.738,RX,0x064,6,01 FF FF 78 F7 E0,1,-1,120,247,224,,,,smc6
2025-08-10T15:34:56.843,RX,0x064,6,01 FF FF 77 98 1C,1,-1,119,152,28,,,,smc6
2025-08-10T15:34:56.946,RX,0x064,6,01 FF FF 79 28 22,1,-1,121,40,34,,,,smc6
2025-08-10T15:34:57.046,RX,0x064,6,01 FF FF 7C B8 04,1,-1,124,184,4,,,,smc6
2025-08-10T15:34:57.148,RX,0x064,6,01 FF FF 7B F7 C9,1,-1,123,247,201,,,,smc6
2025-08-10T15:34:57.256,RX,0x064,6,01 FF FF 7B C7 D3,1,-1,123,199,211,,,,smc6
2025-08-10T15:34:57.359,RX,0x064,6,01 FF FF 7E 88 05,1,-1,126,136,5,,,,smc6
2025-08-10T15:34:57.459,RX,0x064,6,01 FF FF 80 07 F8,1,-1,128,7,248,,,,smc6
2025-08-10T15:34:57.560,RX,0x064,6,01 FF FF 80 08 0C,1,-1,128,8,12,,,,smc6
2025-08-10T15:34:57.661,RX,0x064,6,01 FF FF 80 08 0A,1,-1,128,8,10,,,,smc6
2025-08-10T15:34:57.765,RX,0x064,6,01 FF FF 80 08 13,1,-1,128,8,19,,,,smc6
2025-08-10T15:34:57.865,RX,0x064,6,01 FF FF 80 08 2A,1,-1,128,8,42,,,,smc6
2025-08-10T15:34:57.966,RX,0x064,6,01 FF FF 7F 97 DE,1,-1,127,151,222,,,,smc6
2025-08-10T15:34:58.067,RX,0x064,6,01 FF FF 7A A8 0F,1,-1,122,168,15,,,,smc6
2025-08-10T15:34:58.175,RX,0x064,6,01 FF FF 75 58 13,1,-1,117,88,19,,,,smc6
2025-08-10T15:34:58.280,RX,0x064,6,01 FF FF 75 68 49,1,-1,117,104,73,,,,smc6
2025-08-10T15:34:58.380,RX,0x064,6,01 FF 8B 76 E8 14,1,-117,118,232,20,,,,smc6
2025-08-10T15:34:58.481,RX,0x064,6,01 FD 83 78 38 47,1,-637,120,56,71,,,,smc6
2025-08-10T15:34:58.581,RX,0x064,6,01 FB C4 7A 48 4E,1,-1084,122,72,78,,,,smc6
2025-08-10T15:34:58.684,RX,0x064,6,01 FA E9 7E B8 20,1,-1303,126,184,32,,,,smc6
2025-08-10T15:34:58.785,RX,0x064,6,01 FA D9 80 08 21,1,-1319,128,8,33,,,,smc6
2025-08-10T15:34:58.887,RX,0x064,6,01 FA D9 80 07 82,1,-1319,128,7,130,,,,smc6
2025-08-10T15:34:58.987,RX,0x064,6,01 FA D9 80 08 23,1,-1319,128,8,35,,,,smc6
2025-08-10T15:34:59.090,RX,0x064,6,01 FA D9 80 07 4F,1,-1319,128,7,79,,,,smc6
2025-08-10T15:34:59.199,RX,0x064,6,01 FA D9 80 07 98,1,-1319,128,7,152,,,,smc6
2025-08-10T15:34:59.307,RX,0x064,6,01 FA D9 80 07 DB,1,-1319,128,7,219,,,,smc6
2025-08-10T15:34:59.409,RX,0x064,6,01 FA D9 80 08 04,1,-1319,128,8,4,,,,smc6
2025-08-10T15:34:59.510,RX,0x064,6,01 FA D9 80 08 2E,1,-1319,128,8,46,,,,smc6
2025-08-10T15:34:59.610,RX,0x064,6,01 FA D9 80 08 23,1,-1319,128,8,35,,,,smc6
2025-08-10T15:34:59.712,RX,0x064,6,01 FA D9 80 08 3D,1,-1319,128,8,61,,,,smc6
2025-08-10T15:34:59.816,RX,0x064,6,01 FA D9 80 07 D9,1,-1319,128,7,217,,,,smc6
2025-08-10T15:34:59.916,RX,0x064,6,01 FA D9 80 08 49,1,-1319,128,8,73,,,,smc6
2025-08-10T15:35:00.017,RX,0x064,6,01 FA D9 80 08 52,1,-1319,128,8,82,,,,smc6
2025-08-10T15:35:00.119,RX,0x064,6,01 FA D9 80 08 6B,1,-1319,128,8,107,,,,smc6
2025-08-10T15:35:00.232,RX,0x064,6,01 FA D9 80 07 96,1,-1319,128,7,150,,,,smc6
2025-08-10T15:35:00.334,RX,0x064,6,01 FA D9 80 08 7C,1,-1319,128,8,124,,,,smc6
2025-08-10T15:35:00.435,RX,0x064,6,01 FA D9 80 07 C6,1,-1319,128,7,198,,,,smc6
2025-08-10T15:35:00.540,RX,0x064,6,01 FA D9 80 08 2B,1,-1319,128,8,43,,,,smc6
2025-08-10T15:35:00.641,RX,0x064,6,01 FA D9 80 07 E1,1,-1319,128,7,225,,,,smc6
2025-08-10T15:35:00.742,RX,0x064,6,01 FA D9 80 07 5D,1,-1319,128,7,93,,,,smc6
2025-08-10T15:35:00.843,RX,0x064,6,01 FA D9 80 07 FA,1,-1319,128,7,250,,,,smc6
2025-08-10T15:35:00.944,RX,0x064,6,01 FA D9 80 07 F1,1,-1319,128,7,241,,,,smc6
2025-08-10T15:35:01.049,RX,0x064,6,01 FA D9 80 08 0E,1,-1319,128,8,14,,,,smc6
2025-08-10T15:35:01.153,RX,0x064,6,01 FA D9 80 07 F3,1,-1319,128,7,243,,,,smc6
2025-08-10T15:35:01.254,RX,0x064,6,01 FA D9 80 07 BD,1,-1319,128,7,189,,,,smc6
2025-08-10T15:35:01.356,RX,0x064,6,01 FA D9 80 07 E0,1,-1319,128,7,224,,,,smc6
2025-08-10T15:35:01.456,RX,0x064,6,01 FA D9 80 07 87,1,-1319,128,7,135,,,,smc6
2025-08-10T15:35:01.559,RX,0x064,6,01 FA D9 80 08 27,1,-1319,128,8,39,,,,smc6
2025-08-10T15:35:01.659,RX,0x064,6,01 FA D9 80 08 1F,1,-1319,128,8,31,,,,smc6
2025-08-10T15:35:01.760,RX,0x064,6,01 FA D9 80 07 A5,1,-1319,128,7,165,,,,smc6
2025-08-10T15:35:01.861,RX,0x064,6,01 FA D9 80 07 FF,1,-1319,128,7,255,,,,smc6
2025-08-10T15:35:01.962,RX,0x064,6,01 FA D9 80 07 E0,1,-1319,128,7,224,,,,smc6
2025-08-10T15:35:02.061,RX,0x064,6,01 FA D9 80 07 DB,1,-1319,128,7,219,,,,smc6
2025-08-10T15:35:02.162,RX,0x064,6,01 FA D9 80 08 04,1,-1319,128,8,4,,,,smc6
2025-08-10T15:35:02.273,RX,0x064,6,01 FA D9 80 08 37,1,-1319,128,8,55,,,,smc6
2025-08-10T15:35:02.367,RX,0x064,6,01 FA D9 80 07 F7,1,-1319,128,7,247,,,,smc6
2025-08-10T15:35:02.468,RX,0x064,6,01 FA D9 80 08 40,1,-1319,128,8,64,,,,smc6
2025-08-10T15:35:02.569,RX,0x064,6,01 FA D9 80 08 04,1,-1319,128,8,4,,,,smc6
2025-08-10T15:35:02.669,RX,0x064,6,01 FA D9 80 07 C7,1,-1319,128,7,199,,,,smc6
2025-08-10T15:35:02.772,RX,0x064,6,01 FA D9 80 08 0C,1,-1319,128,8,12,,,,smc6
2025-08-10T15:35:02.873,RX,0x064,6,01 FA D9 80 08 29,1,-1319,128,8,41,,,,smc6
2025-08-10T15:35:02.974,RX,0x064,6,01 FA D9 80 08 01,1,-1319,128,8,1,,,,smc6
2025-08-10T15:35:03.076,RX,0x064,6,01 FA D9 80 08 49,1,-1319,128,8,73,,,,smc6
2025-08-10T15:35:03.180,RX,0x064,6,01 FA D9 80 07 E1,1,-1319,128,7,225,,,,smc6
2025-08-10T15:35:03.280,RX,0x064,6,01 FA D9 80 07 C9,1,-1319,128,7,201,,,,smc6
2025-08-10T15:35:03.381,RX,0x064,6,01 FA D9 80 07 E4,1,-1319,128,7,228,,,,smc6
2025-08-10T15:35:03.481,RX,0x064,6,01 FA D9 80 07 D9,1,-1319,128,7,217,,,,smc6
2025-08-10T15:35:03.582,RX,0x064,6,01 FA D9 80 08 20,1,-1319,128,8,32,,,,smc6
2025-08-10T15:35:03.683,RX,0x064,6,01 FA D9 80 08 70,1,-1319,128,8,112,,,,smc6
2025-08-10T15:35:03.786,RX,0x064,6,01 FA D9 80 07 D1,1,-1319,128,7,209,,,,smc6
2025-08-10T15:35:03.890,RX,0x064,6,01 FA D9 80 08 62,1,-1319,128,8,98,,,,smc6
2025-08-10T15:35:03.991,RX,0x064,6,01 FA D9 80 07 E1,1,-1319,128,7,225,,,,smc6
2025-08-10T15:35:04.092,RX,0x064,6,01 FA D9 80 08 46,1,-1319,128,8,70,,,,smc6
2025-08-10T15:35:04.193,RX,0x064,6,01 FA D9 80 08 40,1,-1319,128,8,64,,,,smc6
2025-08-10T15:35:04.294,RX,0x064,6,01 FA D9 80 07 D6,1,-1319,128,7,214,,,,smc6
2025-08-10T15:35:04.396,RX,0x064,6,01 FA D9 80 08 33,1,-1319,128,8,51,,,,smc6
2025-08-10T15:35:04.497,RX,0x064,6,01 FA D9 80 08 82,1,-1319,128,8,130,,,,smc6
2025-08-10T15:35:04.597,RX,0x064,6,01 FA D9 80 08 47,1,-1319,128,8,71,,,,smc6
2025-08-10T15:35:04.699,RX,0x064,6,01 FA D9 80 07 FF,1,-1319,128,7,255,,,,smc6
2025-08-10T15:35:04.800,RX,0x064,6,01 FA D9 80 08 06,1,-1319,128,8,6,,,,smc6
2025-08-10T15:35:04.901,RX,0x064,6,01 FA D9 80 08 24,1,-1319,128,8,36,,,,smc6
2025-08-10T15:35:05.003,RX,0x064,6,01 FA D9 80 07 83,1,-1319,128,7,131,,,,smc6
2025-08-10T15:35:05.104,RX,0x064,6,01 FA D9 80 08 04,1,-1319,128,8,4,,,,smc6
2025-08-10T15:35:05.205,RX,0x064,6,01 FA D9 80 07 E1,1,-1319,128,7,225,,,,smc6
2025-08-10T15:35:05.310,RX,0x064,6,01 FA D9 80 07 EA,1,-1319,128,7,234,,,,smc6
2025-08-10T15:35:05.413,RX,0x064,6,01 FA D9 80 08 40,1,-1319,128,8,64,,,,smc6
2025-08-10T15:35:05.513,RX,0x064,6,01 FA D9 80 08 40,1,-1319,128,8,64,,,,smc6
2025-08-10T15:35:05.618,RX,0x064,6,01 FA D9 80 08 40,1,-1319,128,8,64,,,,smc6
2025-08-10T15:35:05.718,RX,0x064,6,01 FA D9 80 07 9C,1,-1319,128,7,156,,,,smc6
2025-08-10T15:35:05.820,RX,0x064,6,01 FA D9 80 08 3D,1,-1319,128,8,61,,,,smc6
2025-08-10T15:35:05.921,RX,0x064,6,01 FA D9 80 07 F2,1,-1319,128,7,242,,,,smc6
2025-08-10T15:35:06.025,RX,0x064,6,01 FA D9 80 07 C2,1,-1319,128,7,194,,,,smc6
2025-08-10T15:35:06.126,RX,0x064,6,01 FA D9 80 08 0C,1,-1319,128,8,12,,,,smc6
2025-08-10T15:35:06.227,RX,0x064,6,01 FA D9 80 07 E2,1,-1319,128,7,226,,,,smc6
2025-08-10T15:35:06.327,RX,0x064,6,01 FA D9 80 08 0C,1,-1319,128,8,12,,,,smc6
2025-08-10T15:35:06.428,RX,0x064,6,01 FA D9 80 08 12,1,-1319,128,8,18,,,,smc6
2025-08-10T15:35:06.528,RX,0x064,6,01 FA D9 80 08 40,1,-1319,128,8,64,,,,smc6
2025-08-10T15:35:06.634,RX,0x064,6,01 FA D9 80 07 CD,1,-1319,128,7,205,,,,smc6
2025-08-10T15:35:06.734,RX,0x064,6,01 FA D9 80 08 15,1,-1319,128,8,21,,,,smc6
2025-08-10T15:35:06.835,RX,0x064,6,01 FA D9 80 07 EA,1,-1319,128,7,234,,,,smc6
2025-08-10T15:35:06.940,RX,0x064,6,01 FA D9 80 08 1F,1,-1319,128,8,31,,,,smc6
2025-08-10T15:35:07.041,RX,0x064,6,01 FA D9 80 08 22,1,-1319,128,8,34,,,,smc6
2025-08-10T15:35:07.146,RX,0x064,6,01 FA D9 80 08 62,1,-1319,128,8,98,,,,smc6
2025-08-10T15:35:07.248,RX,0x064,6,01 FA D9 80 08 54,1,-1319,128,8,84,,,,smc6
2025-08-10T15:35:07.351,RX,0x064,6,01 FA D9 80 08 40,1,-1319,128,8,64,,,,smc6
2025-08-10T15:35:07.451,RX,0x064,6,01 FA D9 80 07 85,1,-1319,128,7,133,,,,smc6
2025-08-10T15:35:07.553,RX,0x064,6,01 FA D9 80 07 D0,1,-1319,128,7,208,,,,smc6
2025-08-10T15:35:07.657,RX,0x064,6,01 FA D9 80 08 22,1,-1319,128,8,34,,,,smc6
2025-08-10T15:35:07.761,RX,0x064,6,01 FA D9 80 07 EA,1,-1319,128,7,234,,,,smc6
2025-08-10T15:35:07.862,RX,0x064,6,01 FA D9 80 08 09,1,-1319,128,8,9,,,,smc6
2025-08-10T15:35:07.964,RX,0x064,6,01 FA D9 80 08 16,1,-1319,128,8,22,,,,smc6
2025-08-10T15:35:08.063,RX,0x064,6,01 FA D9 80 08 22,1,-1319,128,8,34,,,,smc6
2025-08-10T15:35:08.169,RX,0x064,6,01 FA D9 80 08 52,1,-1319,128,8,82,,,,smc6
2025-08-10T15:35:08.269,RX,0x064,6,01 FA D9 80 07 4B,1,-1319,128,7,75,,,,smc6
2025-08-10T15:35:08.370,RX,0x064,6,01 FA D9 80 07 D9,1,-1319,128,7,217,,,,smc6
2025-08-10T15:35:08.474,RX,0x064,6,01 FA D9 80 08 08,1,-1319,128,8,8,,,,smc6
2025-08-10T15:35:08.574,RX,0x064,6,01 FA DB 80 08 15,1,-1317,128,8,21,,,,smc6
2025-08-10T15:35:08.676,RX,0x064,6,01 FA DB 80 07 FB,1,-1317,128,7,251,,,,smc6
2025-08-10T15:35:08.776,RX,0x064,6,01 FA DC 80 08 15,1,-1316,128,8,21,,,,smc6
2025-08-10T15:35:08.879,RX,0x064,6,01 FA DE 80 07 E2,1,-1314,128,7,226,,,,smc6
2025-08-10T15:35:08.980,RX,0x064,6,01 FA F7 81 67 EC,1,-1289,129,103,236,,,,smc6
2025-08-10T15:35:09.081,RX,0x064,6,01 FC 11 85 E8 09,1,-1007,133,232,9,,,,smc6
2025-08-10T15:35:09.182,RX,0x064,6,01 FD DE 86 B7 DB,1,-546,134,183,219,,,,smc6
2025-08-10T15:35:09.283,RX,0x064,6,01 FE D9 80 08 1B,1,-295,128,8,27,,,,smc6
2025-08-10T15:35:09.387,RX,0x064,6,01 FE D9 80 08 52,1,-295,128,8,82,,,,smc6
2025-08-10T15:35:09.489,RX,0x064,6,01 FE D9 80 07 8C,1,-295,128,7,140,,,,smc6
2025-08-10T15:35:09.592,RX,0x064,6,01 FE D9 80 08 0B,1,-295,128,8,11,,,,smc6
2025-08-10T15:35:09.693,RX,0x064,6,01 FE D9 80 07 C1,1,-295,128,7,193,,,,smc6
2025-08-10T15:35:09.794,RX,0x064,6,01 FE D9 80 08 4C,1,-295,128,8,76,,,,smc6
2025-08-10T15:35:09.895,RX,0x064,6,01 FE D9 80 07 F7,1,-295,128,7,247,,,,smc6
2025-08-10T15:35:09.996,RX,0x064,6,01 FE D9 80 08 84,1,-295,128,8,132,,,,smc6
2025-08-10T15:35:10.098,RX,0x064,6,01 FE D9 80 07 C6,1,-295,128,7,198,,,,smc6
2025-08-10T15:35:10.199,RX,0x064,6,01 FE D9 80 07 F3,1,-295,128,7,243,,,,smc6
2025-08-10T15:35:10.303,RX,0x064,6,01 FE D9 80 07 C1,1,-295,128,7,193,,,,smc6
2025-08-10T15:35:10.403,RX,0x064,6,01 FE D9 80 07 C6,1,-295,128,7,198,,,,smc6
2025-08-10T15:35:10.504,RX,0x064,6,01 FE D9 80 07 AA,1,-295,128,7,170,,,,smc6
2025-08-10T15:35:10.606,RX,0x064,6,01 FE D9 80 07 94,1,-295,128,7,148,,,,smc6
2025-08-10T15:35:10.709,RX,0x064,6,01 FE D9 80 08 76,1,-295,128,8,118,,,,smc6
2025-08-10T15:35:10.816,RX,0x064,6,01 FE D9 80 07 E9,1,-295,128,7,233,,,,smc6
2025-08-10T15:35:10.919,RX,0x064,6,01 FE D9 80 07 D0,1,-295,128,7,208,,,,smc6
2025-08-10T15:35:11.022,RX,0x064,6,01 FE D9 80 08 33,1,-295,128,8,51,,,,smc6
2025-08-10T15:35:11.124,RX,0x064,6,01 FE D9 80 08 05,1,-295,128,8,5,,,,smc6
2025-08-10T15:35:11.228,RX,0x064,6,01 FE D9 80 08 04,1,-295,128,8,4,,,,smc6
2025-08-10T15:35:11.332,RX,0x064,6,01 FE D9 80 07 C9,1,-295,128,7,201,,,,smc6
2025-08-10T15:35:11.433,RX,0x064,6,01 FE D9 80 08 02,1,-295,128,8,2,,,,smc6
2025-08-10T15:35:11.534,RX,0x064,6,01 FE D9 80 07 D2,1,-295,128,7,210,,,,smc6
2025-08-10T15:35:11.636,RX,0x064,6,01 FE D9 80 07 B2,1,-295,128,7,178,,,,smc6
2025-08-10T15:35:11.737,RX,0x064,6,01 FE D9 80 07 2E,1,-295,128,7,46,,,,smc6
2025-08-10T15:35:11.838,RX,0x064,6,01 FE D9 80 08 14,1,-295,128,8,20,,,,smc6
2025-08-10T15:35:11.939,RX,0x064,6,01 FE D9 80 07 F5,1,-295,128,7,245,,,,smc6
2025-08-10T15:35:12.040,RX,0x064,6,01 FE D9 80 08 99,1,-295,128,8,153,,,,smc6
2025-08-10T15:35:12.142,RX,0x064,6,01 FE D9 80 07 EB,1,-295,128,7,235,,,,smc6
2025-08-10T15:35:12.249,RX,0x064,6,01 FE D9 80 08 74,1,-295,128,8,116,,,,smc6
2025-08-10T15:35:12.351,RX,0x064,6,01 FE D9 80 08 38,1,-295,128,8,56,,,,smc6
2025-08-10T15:35:12.451,RX,0x064,6,01 FE D9 80 08 41,1,-295,128,8,65,,,,smc6
2025-08-10T15:35:12.558,RX,0x064,6,01 FE D9 80 08 1A,1,-295,128,8,26,,,,smc6
2025-08-10T15:35:12.665,RX,0x064,6,01 FE D9 80 08 24,1,-295,128,8,36,,,,smc6
2025-08-10T15:35:12.768,RX,0x064,6,01 FE D9 80 07 A4,1,-295,128,7,164,,,,smc6
2025-08-10T15:35:12.870,RX,0x064,6,01 FE D9 80 07 AB,1,-295,128,7,171,,,,smc6
2025-08-10T15:35:12.973,RX,0x064,6,01 FE D9 80 07 C1,1,-295,128,7,193,,,,smc6
2025-08-10T15:35:13.074,RX,0x064,6,01 FE D9 80 08 2C,1,-295,128,8,44,,,,smc6
2025-08-10T15:35:13.176,RX,0x064,6,01 FE D9 80 07 BC,1,-295,128,7,188,,,,smc6
2025-08-10T15:35:13.277,RX,0x064,6,01 FE D9 80 07 A7,1,-295,128,7,167,,,,smc6
2025-08-10T15:35:13.377,RX,0x064,6,01 FE D9 80 08 2E,1,-295,128,8,46,,,,smc6
2025-08-10T15:35:13.484,RX,0x064,6,01 FE DB 80 17 76,1,-293,128,23,118,,,,smc6
2025-08-10T15:35:13.587,RX,0x064,6,01 FF 97 85 77 DD,1,-105,133,119,221,,,,smc6
2025-08-10T15:35:13.688,RX,0x064,6,01 FF FF 8A 17 FC,1,-1,138,23,252,,,,smc6
2025-08-10T15:35:13.791,RX,0x064,6,01 FF FF 86 A8 24,1,-1,134,168,36,,,,smc6
2025-08-10T15:35:13.890,RX,0x064,6,01 FF FF 7F E7 E2,1,-1,127,231,226,,,,smc6
2025-08-10T15:35:13.991,RX,0x064,6,01 FF FF 80 07 E1,1,-1,128,7,225,,,,smc6
2025-08-10T15:35:14.092,RX,0x064,6,01 FF FF 80 07 E2,1,-1,128,7,226,,,,smc6
2025-08-10T15:35:14.194,RX,0x064,6,01 FF FF 80 08 35,1,-1,128,8,53,,,,smc6
2025-08-10T15:35:14.293,RX,0x064,6,01 FF FF 80 08 14,1,-1,128,8,20,,,,smc6
2025-08-10T15:35:14.395,RX,0x064,6,01 FF FF 80 08 09,1,-1,128,8,9,,,,smc6
2025-08-10T15:35:14.495,RX,0x064,6,01 FF FF 80 07 FC,1,-1,128,7,252,,,,smc6
2025-08-10T15:35:14.596,RX,0x064,6,01 FF FF 80 07 E9,1,-1,128,7,233,,,,smc6
2025-08-10T15:35:14.700,RX,0x064,6,01 FF FF 80 07 EE,1,-1,128,7,238,,,,smc6
2025-08-10T15:35:14.801,RX,0x064,6,01 FF FF 80 07 C9,1,-1,128,7,201,,,,smc6
2025-08-10T15:35:14.901,RX,0x064,6,01 FF FF 80 08 27,1,-1,128,8,39,,,,smc6
2025-08-10T15:35:15.001,RX,0x064,6,01 FF FF 80 08 1B,1,-1,128,8,27,,,,smc6
2025-08-10T15:35:15.102,RX,0x064,6,01 FF FF 80 08 33,1,-1,128,8,51,,,,smc6
2025-08-10T15:35:15.202,RX,0x064,6,01 FF FF 80 07 C2,1,-1,128,7,194,,,,smc6
2025-08-10T15:35:15.302,RX,0x064,6,01 FF FF 80 08 2A,1,-1,128,8,42,,,,smc6
2025-08-10T15:35:15.403,RX,0x064,6,01 FF FF 80 08 2D,1,-1,128,8,45,,,,smc6
2025-08-10T15:35:15.504,RX,0x064,6,01 FF FF 80 07 CB,1,-1,128,7,203,,,,smc6
2025-08-10T15:35:15.606,RX,0x064,6,01 FF FF 80 08 19,1,-1,128,8,25,,,,smc6
2025-08-10T15:35:15.711,RX,0x064,6,01 FF FF 80 08 42,1,-1,128,8,66,,,,smc6
2025-08-10T15:35:15.809,RX,0x064,6,01 FF FF 80 08 19,1,-1,128,8,25,,,,smc6
2025-08-10T15:35:15.910,RX,0x064,6,01 FF FF 80 07 C4,1,-1,128,7,196,,,,smc6
2025-08-10T15:35:16.010,RX,0x064,6,01 FF FF 80 07 E9,1,-1,128,7,233,,,,smc6
2025-08-10T15:35:16.111,RX,0x064,6,01 FF FF 80 08 1D,1,-1,128,8,29,,,,smc6
2025-08-10T15:35:16.213,RX,0x064,6,01 FF FF 80 07 D4,1,-1,128,7,212,,,,smc6
2025-08-10T15:35:16.313,RX,0x064,6,01 FF FF 80 08 08,1,-1,128,8,8,,,,smc6
2025-08-10T15:35:16.414,RX,0x064,6,01 FF FF 80 07 C5,1,-1,128,7,197,,,,smc6
2025-08-10T15:35:16.515,RX,0x064,6,01 FF FF 80 07 EA,1,-1,128,7,234,,,,smc6
2025-08-10T15:35:16.623,RX,0x064,6,01 FF FF 80 08 35,1,-1,128,8,53,,,,smc6
2025-08-10T15:35:16.724,RX,0x064,6,01 FF FF 80 07 E6,1,-1,128,7,230,,,,smc6
2025-08-10T15:35:16.824,RX,0x064,6,01 FF FF 80 08 35,1,-1,128,8,53,,,,smc6
2025-08-10T15:35:16.926,RX,0x064,6,01 FF FF 80 38 2D,1,-1,128,56,45,,,,smc6
2025-08-10T15:35:17.027,RX,0x064,6,01 FF FF 80 28 14,1,-1,128,40,20,,,,smc6
2025-08-10T15:35:17.132,RX,0x064,6,01 FF FF 85 07 C7,1,-1,133,7,199,,,,smc6
2025-08-10T15:35:17.228,RX,0x064,6,01 FF FF 88 78 2F,1,-1,136,120,47,,,,smc6
2025-08-10T15:35:17.330,RX,0x064,6,01 FF FF 89 57 D2,1,-1,137,87,210,,,,smc6
2025-08-10T15:35:17.431,RX,0x064,6,01 FF FF 88 B7 E8,1,-1,136,183,232,,,,smc6
2025-08-10T15:35:17.533,RX,0x064,6,01 FF FF 88 07 A7,1,-1,136,7,167,,,,smc6
2025-08-10T15:35:17.635,RX,0x064,6,01 FF FF 86 B8 22,1,-1,134,184,34,,,,smc6
2025-08-10T15:35:17.740,RX,0x064,6,01 FF FF 87 78 1D,1,-1,135,120,29,,,,smc6
2025-08-10T15:35:17.836,RX,0x064,6,01 FF FF 88 98 5F,1,-1,136,152,95,,,,smc6
2025-08-10T15:35:17.939,RX,0x064,6,01 FF FF 86 87 C3,1,-1,134,135,195,,,,smc6
2025-08-10T15:35:18.043,RX,0x064,6,01 FF FF 84 27 D6,1,-1,132,39,214,,,,smc6
2025-08-10T15:35:18.147,RX,0x064,6,01 FF FF 80 C8 0F,1,-1,128,200,15,,,,smc6
2025-08-10T15:35:18.252,RX,0x064,6,01 FF FF 80 07 E3,1,-1,128,7,227,,,,smc6
2025-08-10T15:35:18.353,RX,0x064,6,01 FF FF 80 08 26,1,-1,128,8,38,,,,smc6
2025-08-10T15:35:18.454,RX,0x064,6,01 FF FF 80 07 F3,1,-1,128,7,243,,,,smc6
2025-08-10T15:35:18.557,RX,0x064,6,01 FF FF 80 08 15,1,-1,128,8,21,,,,smc6
2025-08-10T15:35:18.658,RX,0x064,6,01 FF FF 80 07 E6,1,-1,128,7,230,,,,smc6
2025-08-10T15:35:18.762,RX,0x064,6,01 FF FF 80 08 02,1,-1,128,8,2,,,,smc6
2025-08-10T15:35:18.864,RX,0x064,6,01 FF FF 80 07 EF,1,-1,128,7,239,,,,smc6
2025-08-10T15:35:18.970,RX,0x064,6,01 FF FF 80 07 F1,1,-1,128,7,241,,,,smc6
2025-08-10T15:35:19.073,RX,0x064,6,01 FF FF 80 07 D4,1,-1,128,7,212,,,,smc6
2025-08-10T15:35:19.179,RX,0x064,6,01 FF FF 7B 97 BA,1,-1,123,151,186,,,,smc6
2025-08-10T15:35:19.281,RX,0x064,6,01 FF FF 75 37 D0,1,-1,117,55,208,,,,smc6
2025-08-10T15:35:19.385,RX,0x064,6,01 FF FF 72 68 50,1,-1,114,104,80,,,,smc6
2025-08-10T15:35:19.487,RX,0x064,6,01 FF FF 72 97 FF,1,-1,114,151,255,,,,smc6
2025-08-10T15:35:19.589,RX,0x064,6,01 FF FF 70 08 3C,1,-1,112,8,60,,,,smc6
2025-08-10T15:35:19.691,RX,0x064,6,01 FF FF 76 28 4B,1,-1,118,40,75,,,,smc6
2025-08-10T15:35:19.792,RX,0x064,6,01 FF FF 7A 27 8B,1,-1,122,39,139,,,,smc6
2025-08-10T15:35:19.893,RX,0x064,6,01 FF FF 7A 37 FD,1,-1,122,55,253,,,,smc6
2025-08-10T15:35:19.993,RX,0x064,6,01 FF FF 79 97 F1,1,-1,121,151,241,,,,smc6
2025-08-10T15:35:20.093,RX,0x064,6,01 FF FF 76 28 01,1,-1,118,40,1,,,,smc6
2025-08-10T15:35:20.194,RX,0x064,6,01 FF FF 73 D8 14,1,-1,115,216,20,,,,smc6
2025-08-10T15:35:20.296,RX,0x064,6,01 F9 6E 73 38 1D,1,-1682,115,56,29,,,,smc6
2025-08-10T15:35:20.397,RX,0x064,6,01 F6 3E 73 18 4F,1,-2498,115,24,79,,,,smc6
2025-08-10T15:35:20.498,RX,0x064,6,01 F2 DC 72 28 2B,1,-3364,114,40,43,,,,smc6
2025-08-10T15:35:20.597,RX,0x064,6,01 EF 6E 73 08 5E,1,-4242,115,8,94,,,,smc6
2025-08-10T15:35:20.700,RX,0x064,6,01 EC 44 74 37 C0,1,-5052,116,55,192,,,,smc6
2025-08-10T15:35:20.801,RX,0x064,6,01 E9 61 74 A8 5E,1,-5791,116,168,94,,,,smc6
2025-08-10T15:35:20.902,RX,0x064,6,01 E6 B4 76 08 04,1,-6476,118,8,4,,,,smc6
2025-08-10T15:35:21.002,RX,0x064,6,01 E4 79 78 58 01,1,-7047,120,88,1,,,,smc6
2025-08-10T15:35:21.102,RX,0x064,6,01 E2 99 79 48 3C,1,-7527,121,72,60,,,,smc6
2025-08-10T15:35:21.205,RX,0x064,6,01 E1 51 7C 48 12,1,-7855,124,72,18,,,,smc6
2025-08-10T15:35:21.305,RX,0x064,6,01 E0 A7 7E A7 F8,1,-8025,126,167,248,,,,smc6
2025-08-10T15:35:21.406,RX,0x064,6,01 E0 8C 80 08 18,1,-8052,128,8,24,,,,smc6
2025-08-10T15:35:21.507,RX,0x064,6,01 E0 8C 80 07 E4,1,-8052,128,7,228,,,,smc6
2025-08-10T15:35:21.608,RX,0x064,6,01 E0 8C 80 07 CA,1,-8052,128,7,202,,,,smc6
2025-08-10T15:35:21.713,RX,0x064,6,01 E0 8C 80 08 16,1,-8052,128,8,22,,,,smc6
2025-08-10T15:35:21.819,RX,0x064,6,01 E0 8C 80 07 FB,1,-8052,128,7,251,,,,smc6
2025-08-10T15:35:21.919,RX,0x064,6,01 E0 8C 80 07 DB,1,-8052,128,7,219,,,,smc6
2025-08-10T15:35:22.021,RX,0x064,6,01 E0 8C 80 07 EE,1,-8052,128,7,238,,,,smc6
2025-08-10T15:35:22.122,RX,0x064,6,01 E0 8C 80 07 D9,1,-8052,128,7,217,,,,smc6
2025-08-10T15:35:22.222,RX,0x064,6,01 E0 8C 80 08 28,1,-8052,128,8,40,,,,smc6
2025-08-10T15:35:22.325,RX,0x064,6,01 E0 8C 80 08 21,1,-8052,128,8,33,,,,smc6
2025-08-10T15:35:22.423,RX,0x064,6,01 E0 8C 80 08 21,1,-8052,128,8,33,,,,smc6
2025-08-10T15:35:22.532,RX,0x064,6,01 E0 8C 80 07 DE,1,-8052,128,7,222,,,,smc6
2025-08-10T15:35:22.634,RX,0x064,6,01 E0 8C 80 08 29,1,-8052,128,8,41,,,,smc6
2025-08-10T15:35:22.742,RX,0x064,6,01 E0 8C 80 08 2F,1,-8052,128,8,47,,,,smc6
2025-08-10T15:35:22.848,RX,0x064,6,01 E0 8C 80 07 EB,1,-8052,128,7,235,,,,smc6
2025-08-10T15:35:22.949,RX,0x064,6,01 E0 8C 80 07 EB,1,-8052,128,7,235,,,,smc6
2025-08-10T15:35:23.050,RX,0x064,6,01 E0 8C 80 08 2F,1,-8052,128,8,47,,,,smc6
2025-08-10T15:35:23.157,RX,0x064,6,01 E0 8C 80 08 12,1,-8052,128,8,18,,,,smc6
2025-08-10T15:35:23.257,RX,0x064,6,01 E0 8C 80 08 2B,1,-8052,128,8,43,,,,smc6
2025-08-10T15:35:23.358,RX,0x064,6,01 E0 8C 80 08 15,1,-8052,128,8,21,,,,smc6
2025-08-10T15:35:23.460,RX,0x064,6,01 E0 8C 80 07 D7,1,-8052,128,7,215,,,,smc6
2025-08-10T15:35:23.560,RX,0x064,6,01 E0 8C 80 07 D4,1,-8052,128,7,212,,,,smc6
2025-08-10T15:35:23.661,RX,0x064,6,01 E0 8C 80 07 FF,1,-8052,128,7,255,,,,smc6
2025-08-10T15:35:23.763,RX,0x064,6,01 E0 8C 80 08 1B,1,-8052,128,8,27,,,,smc6
2025-08-10T15:35:23.863,RX,0x064,6,01 E0 8C 80 08 00,1,-8052,128,8,0,,,,smc6
2025-08-10T15:35:23.965,RX,0x064,6,01 E0 8C 80 08 22,1,-8052,128,8,34,,,,smc6
2025-08-10T15:35:24.067,RX,0x064,6,01 E0 8C 80 08 02,1,-8052,128,8,2,,,,smc6
2025-08-10T15:35:24.169,RX,0x064,6,01 E0 8C 80 08 0A,1,-8052,128,8,10,,,,smc6
2025-08-10T15:35:24.270,RX,0x064,6,01 E0 8C 80 07 D6,1,-8052,128,7,214,,,,smc6
2025-08-10T15:35:24.370,RX,0x064,6,01 E0 8C 80 07 FE,1,-8052,128,7,254,,,,smc6
2025-08-10T15:35:24.471,RX,0x064,6,01 E0 8C 80 07 E8,1,-8052,128,7,232,,,,smc6
2025-08-10T15:35:24.580,RX,0x064,6,01 E0 8C 80 08 21,1,-8052,128,8,33,,,,smc6
2025-08-10T15:35:24.680,RX,0x064,6,01 E0 8C 80 07 E3,1,-8052,128,7,227,,,,smc6
2025-08-10T15:35:24.785,RX,0x064,6,01 E0 8C 80 07 FA,1,-8052,128,7,250,,,,smc6
2025-08-10T15:35:24.896,RX,0x064,6,01 E0 8C 80 07 EA,1,-8052,128,7,234,,,,smc6
2025-08-10T15:35:24.989,RX,0x064,6,01 E0 8C 80 07 DF,1,-8052,128,7,223,,,,smc6
2025-08-10T15:35:25.092,RX,0x064,6,01 E0 8C 80 08 33,1,-8052,128,8,51,,,,smc6
2025-08-10T15:35:25.193,RX,0x064,6,01 E0 8C 80 07 D1,1,-8052,128,7,209,,,,smc6
2025-08-10T15:35:25.294,RX,0x064,6,01 E0 8C 80 07 EB,1,-8052,128,7,235,,,,smc6
2025-08-10T15:35:25.394,RX,0x064,6,01 E0 8C 80 08 1E,1,-8052,128,8,30,,,,smc6
2025-08-10T15:35:25.495,RX,0x064,6,01 E0 8C 80 07 E2,1,-8052,128,7,226,,,,smc6
2025-08-10T15:35:25.597,RX,0x064,6,01 E0 8C 80 08 1D,1,-8052,128,8,29,,,,smc6
2025-08-10T15:35:25.698,RX,0x064,6,01 E0 8C 80 07 F2,1,-8052,128,7,242,,,,smc6
2025-08-10T15:35:25.798,RX,0x064,6,01 E0 8C 80 08 2A,1,-8052,128,8,42,,,,smc6
2025-08-10T15:35:25.900,RX,0x064,6,01 E0 8C 80 08 0A,1,-8052,128,8,10,,,,smc6
2025-08-10T15:35:26.008,RX,0x064,6,01 E0 8C 80 08 26,1,-8052,128,8,38,,,,smc6
2025-08-10T15:35:26.102,RX,0x064,6,01 E0 8C 80 08 0A,1,-8052,128,8,10,,,,smc6
2025-08-10T15:35:26.204,RX,0x064,6,01 E0 8C 80 08 30,1,-8052,128,8,48,,,,smc6
2025-08-10T15:35:26.304,RX,0x064,6,01 E0 8C 80 07 DD,1,-8052,128,7,221,,,,smc6
2025-08-10T15:35:26.403,RX,0x064,6,01 E0 8C 80 08 07,1,-8052,128,8,7,,,,smc6
2025-08-10T15:35:26.505,RX,0x064,6,01 E0 8C 80 08 2A,1,-8052,128,8,42,,,,smc6
2025-08-10T15:35:26.606,RX,0x064,6,01 E0 8C 80 07 C8,1,-8052,128,7,200,,,,smc6
2025-08-10T15:35:26.708,RX,0x064,6,01 E0 8C 80 08 34,1,-8052,128,8,52,,,,smc6
2025-08-10T15:35:26.815,RX,0x064,6,01 E0 8C 80 08 1F,1,-8052,128,8,31,,,,smc6
2025-08-10T15:35:26.916,RX,0x064,6,01 E0 8C 80 08 0E,1,-8052,128,8,14,,,,smc6
2025-08-10T15:35:27.016,RX,0x064,6,01 E0 8C 80 07 C6,1,-8052,128,7,198,,,,smc6
2025-08-10T15:35:27.122,RX,0x064,6,01 E0 8C 80 08 34,1,-8052,128,8,52,,,,smc6
2025-08-10T15:35:27.220,RX,0x064,6,01 E0 8C 80 08 34,1,-8052,128,8,52,,,,smc6
2025-08-10T15:35:27.321,RX,0x064,6,01 E0 8C 80 08 1F,1,-8052,128,8,31,,,,smc6
2025-08-10T15:35:27.424,RX,0x064,6,01 E0 8C 80 08 16,1,-8052,128,8,22,,,,smc6
2025-08-10T15:35:27.526,RX,0x064,6,01 E0 8C 80 08 25,1,-8052,128,8,37,,,,smc6
2025-08-10T15:35:27.634,RX,0x064,6,01 E0 8C 80 07 CB,1,-8052,128,7,203,,,,smc6
2025-08-10T15:35:27.738,RX,0x064,6,01 E0 8C 80 08 2C,1,-8052,128,8,44,,,,smc6
2025-08-10T15:35:27.835,RX,0x064,6,01 E0 8C 80 07 F2,1,-8052,128,7,242,,,,smc6
2025-08-10T15:35:27.936,RX,0x064,6,01 E0 8C 80 07 CB,1,-8052,128,7,203,,,,smc6
2025-08-10T15:35:28.036,RX,0x064,6,01 E0 8C 80 07 E1,1,-8052,128,7,225,,,,smc6
2025-08-10T15:35:28.140,RX,0x064,6,01 E0 8C 80 08 28,1,-8052,128,8,40,,,,smc6
2025-08-10T15:59:03.006,RX,0x064,6,01 7F FF 80 07 D2,1,32767,128,7,210,,,,smc6
2025-08-10T15:59:03.109,RX,0x064,6,01 7F FF 80 08 2D,1,32767,128,8,45,,,,smc6
2025-08-10T15:59:03.211,RX,0x064,6,01 7F FF 80 08 01,1,32767,128,8,1,,,,smc6
2025-08-10T15:59:03.313,RX,0x064,6,01 7F FF 80 07 E7,1,32767,128,7,231,,,,smc6
2025-08-10T15:59:03.413,RX,0x064,6,01 7F FF 80 07 E8,1,32767,128,7,232,,,,smc6
2025-08-10T15:59:03.524,RX,0x064,6,01 7F FF 80 08 0B,1,32767,128,8,11,,,,smc6
2025-08-10T15:59:03.628,RX,0x064,6,01 7F FF 80 08 06,1,32767,128,8,6,,,,smc6
2025-08-10T15:59:03.733,RX,0x064,6,01 7F FF 80 08 29,1,32767,128,8,41,,,,smc6
2025-08-10T15:59:03.834,RX,0x064,6,01 7F FF 80 08 06,1,32767,128,8,6,,,,smc6
2025-08-10T15:59:03.936,RX,0x064,6,01 7F FF 80 07 E5,1,32767,128,7,229,,,,smc6
2025-08-10T15:59:04.040,RX,0x064,6,01 7F FF 80 08 17,1,32767,128,8,23,,,,smc6
2025-08-10T15:59:04.140,RX,0x064,6,01 7F FF 80 07 E3,1,32767,128,7,227,,,,smc6
2025-08-10T15:59:04.240,RX,0x064,6,01 7F FF 80 07 EF,1,32767,128,7,239,,,,smc6
2025-08-10T15:59:04.342,RX,0x064,6,01 7F FF 80 08 00,1,32767,128,8,0,,,,smc6
2025-08-10T15:59:04.445,RX,0x064,6,01 7F FF 80 08 34,1,32767,128,8,52,,,,smc6
2025-08-10T15:59:04.545,RX,0x064,6,01 7F FF 80 07 F7,1,32767,128,7,247,,,,smc6
2025-08-10T15:59:04.646,RX,0x064,6,01 7F FF 80 07 DF,1,32767,128,7,223,,,,smc6
2025-08-10T15:59:04.748,RX,0x064,6,01 7F FF 80 07 EF,1,32767,128,7,239,,,,smc6
2025-08-10T15:59:04.848,RX,0x064,6,01 7F FF 80 07 D1,1,32767,128,7,209,,,,smc6
2025-08-10T15:59:04.950,RX,0x064,6,01 7F FF 80 07 EC,1,32767,128,7,236,,,,smc6
2025-08-10T15:59:05.052,RX,0x064,6,01 7F FF 80 07 F1,1,32767,128,7,241,,,,smc6
2025-08-10T15:59:05.153,RX,0x064,6,01 7F FF 80 08 27,1,32767,128,8,39,,,,smc6
2025-08-10T15:59:05.257,RX,0x064,6,01 7F FF 80 07 F0,1,32767,128,7,240,,,,smc6
2025-08-10T15:59:05.358,RX,0x064,6,01 7F FF 80 07 D5,1,32767,128,7,213,,,,smc6
2025-08-10T15:59:05.461,RX,0x064,6,01 7F FF 80 07 E4,1,32767,128,7,228,,,,smc6
2025-08-10T15:59:05.560,RX,0x064,6,01 7F FF 80 07 FF,1,32767,128,7,255,,,,smc6
2025-08-10T15:59:05.661,RX,0x064,6,01 7F FF 80 08 02,1,32767,128,8,2,,,,smc6
2025-08-10T15:59:05.763,RX,0x064,6,01 7F FF 80 08 2D,1,32767,128,8,45,,,,smc6
2025-08-10T15:59:05.865,RX,0x064,6,01 7F FF 80 08 33,1,32767,128,8,51,,,,smc6
2025-08-10T15:59:05.970,RX,0x064,6,01 7F FF 80 08 16,1,32767,128,8,22,,,,smc6
2025-08-10T15:59:06.071,RX,0x064,6,01 7F FF 80 08 26,1,32767,128,8,38,,,,smc6
2025-08-10T15:59:06.173,RX,0x064,6,01 7F FF 80 08 25,1,32767,128,8,37,,,,smc6
2025-08-10T15:59:06.274,RX,0x064,6,01 7F FF 80 07 D5,1,32767,128,7,213,,,,smc6
2025-08-10T15:59:06.375,RX,0x064,6,01 7F FF 80 07 EB,1,32767,128,7,235,,,,smc6
2025-08-10T15:59:06.477,RX,0x064,6,01 7F FF 80 07 F9,1,32767,128,7,249,,,,smc6
2025-08-10T15:59:06.578,RX,0x064,6,01 7F FF 80 08 2D,1,32767,128,8,45,,,,smc6
2025-08-10T15:59:06.679,RX,0x064,6,01 7F FF 80 07 C9,1,32767,128,7,201,,,,smc6
2025-08-10T15:59:06.780,RX,0x064,6,01 7F FF 80 07 DA,1,32767,128,7,218,,,,smc6
2025-08-10T15:59:06.882,RX,0x064,6,01 7F FF 80 08 2A,1,32767,128,8,42,,,,smc6
2025-08-10T15:59:06.983,RX,0x064,6,01 7F FF 80 08 23,1,32767,128,8,35,,,,smc6
2025-08-10T15:59:07.085,RX,0x064,6,01 7F FF 80 07 C4,1,32767,128,7,196,,,,smc6
2025-08-10T15:59:07.185,RX,0x064,6,01 7F FF 80 08 2E,1,32767,128,8,46,,,,smc6
2025-08-10T15:59:07.286,RX,0x064,6,01 7F FF 80 07 EA,1,32767,128,7,234,,,,smc6
2025-08-10T15:59:07.386,RX,0x064,6,01 7F FF 80 08 2E,1,32767,128,8,46,,,,smc6
2025-08-10T15:59:07.486,RX,0x064,6,01 7F FF 80 08 1C,1,32767,128,8,28,,,,smc6
2025-08-10T15:59:07.588,RX,0x064,6,01 7F FF 80 07 D5,1,32767,128,7,213,,,,smc6
2025-08-10T15:59:07.689,RX,0x064,6,01 7F FF 80 08 15,1,32767,128,8,21,,,,smc6
2025-08-10T15:59:07.790,RX,0x064,6,01 7F FF 80 08 24,1,32767,128,8,36,,,,smc6
2025-08-10T15:59:07.894,RX,0x064,6,01 7F FF 80 08 32,1,32767,128,8,50,,,,smc6
2025-08-10T15:59:07.995,RX,0x064,6,01 7F FF 80 08 10,1,32767,128,8,16,,,,smc6
2025-08-10T15:59:08.097,RX,0x064,6,01 7F FF 80 07 D7,1,32767,128,7,215,,,,smc6
2025-08-10T15:59:08.197,RX,0x064,6,01 7F FF 80 07 EC,1,32767,128,7,236,,,,smc6
2025-08-10T15:59:08.298,RX,0x064,6,01 7F FF 80 08 0E,1,32767,128,8,14,,,,smc6
2025-08-10T15:59:08.399,RX,0x064,6,01 7F FF 80 08 10,1,32767,128,8,16,,,,smc6
2025-08-10T15:59:08.500,RX,0x064,6,01 7F FF 80 08 28,1,32767,128,8,40,,,,smc6
2025-08-10T15:59:08.601,RX,0x064,6,01 7F FF 80 07 C2,1,32767,128,7,194,,,,smc6
2025-08-10T15:59:08.704,RX,0x064,6,01 80 02 80 37 EB,1,-32766,128,55,235,,,,smc6
2025-08-10T15:59:08.805,RX,0x064,6,01 80 74 82 E7 D4,1,-32652,130,231,212,,,,smc6
2025-08-10T15:59:08.905,RX,0x064,6,01 81 E9 87 F8 2B,1,-32279,135,248,43,,,,smc6
2025-08-10T15:59:09.006,RX,0x064,6,01 84 CD 8D 18 23,1,-31539,141,24,35,,,,smc6
2025-08-10T15:59:09.106,RX,0x064,6,01 88 74 8E 17 E8,1,-30604,142,23,232,,,,smc6
2025-08-10T15:59:09.208,RX,0x064,6,01 8B E7 8C 18 26,1,-29721,140,24,38,,,,smc6
2025-08-10T15:59:09.310,RX,0x064,6,01 8E 65 87 27 F6,1,-29083,135,39,246,,,,smc6
2025-08-10T15:59:09.411,RX,0x064,6,01 8F 54 81 08 06,1,-28844,129,8,6,,,,smc6
2025-08-10T15:59:09.511,RX,0x064,6,01 8F 59 80 07 AF,1,-28839,128,7,175,,,,smc6
2025-08-10T15:59:09.614,RX,0x064,6,01 8F 85 81 A8 34,1,-28795,129,168,52,,,,smc6
2025-08-10T15:59:09.715,RX,0x064,6,01 90 7D 85 77 D8,1,-28547,133,119,216,,,,smc6
2025-08-10T15:59:09.818,RX,0x064,6,01 92 4C 87 B8 2D,1,-28084,135,184,45,,,,smc6
2025-08-10T15:59:09.917,RX,0x064,6,01 94 49 87 18 08,1,-27575,135,24,8,,,,smc6
2025-08-10T15:59:10.016,RX,0x064,6,01 95 7D 82 C8 0B,1,-27267,130,200,11,,,,smc6
2025-08-10T15:59:10.118,RX,0x064,6,01 95 B2 80 07 C5,1,-27214,128,7,197,,,,smc6
2025-08-10T15:59:10.218,RX,0x064,6,01 95 B2 80 08 2B,1,-27214,128,8,43,,,,smc6
2025-08-10T15:59:10.320,RX,0x064,6,01 95 B2 80 08 23,1,-27214,128,8,35,,,,smc6
2025-08-10T15:59:10.420,RX,0x064,6,01 95 B2 80 07 E4,1,-27214,128,7,228,,,,smc6
2025-08-10T15:59:10.521,RX,0x064,6,01 95 B2 80 08 27,1,-27214,128,8,39,,,,smc6
2025-08-10T15:59:10.624,RX,0x064,6,01 95 B2 80 07 C8,1,-27214,128,7,200,,,,smc6
2025-08-10T15:59:10.727,RX,0x064,6,01 95 B2 80 08 21,1,-27214,128,8,33,,,,smc6
2025-08-10T15:59:10.827,RX,0x064,6,01 95 B2 80 07 CD,1,-27214,128,7,205,,,,smc6
2025-08-10T15:59:10.930,RX,0x064,6,01 95 B2 80 07 F4,1,-27214,128,7,244,,,,smc6
2025-08-10T15:59:11.029,RX,0x064,6,01 95 B2 80 08 2B,1,-27214,128,8,43,,,,smc6
2025-08-10T15:59:11.130,RX,0x064,6,01 95 B2 80 08 0A,1,-27214,128,8,10,,,,smc6
2025-08-10T15:59:11.231,RX,0x064,6,01 95 B2 80 07 DF,1,-27214,128,7,223,,,,smc6
2025-08-10T15:59:11.331,RX,0x064,6,01 95 B2 80 07 D1,1,-27214,128,7,209,,,,smc6
2025-08-10T15:59:11.434,RX,0x064,6,01 95 B2 80 07 CC,1,-27214,128,7,204,,,,smc6
2025-08-10T15:59:11.535,RX,0x064,6,01 95 B2 80 07 D0,1,-27214,128,7,208,,,,smc6
2025-08-10T15:59:11.635,RX,0x064,6,01 95 B2 80 07 D6,1,-27214,128,7,214,,,,smc6
2025-08-10T15:59:11.739,RX,0x064,6,01 95 B2 80 07 D3,1,-27214,128,7,211,,,,smc6
2025-08-10T15:59:11.840,RX,0x064,6,01 95 B2 80 07 CC,1,-27214,128,7,204,,,,smc6
2025-08-10T15:59:11.941,RX,0x064,6,01 95 B2 80 08 2E,1,-27214,128,8,46,,,,smc6
2025-08-10T15:59:12.041,RX,0x064,6,01 95 B2 80 08 0C,1,-27214,128,8,12,,,,smc6
2025-08-10T15:59:12.143,RX,0x064,6,01 95 B2 80 08 24,1,-27214,128,8,36,,,,smc6
2025-08-10T15:59:12.244,RX,0x064,6,01 95 B2 80 08 13,1,-27214,128,8,19,,,,smc6
2025-08-10T15:59:12.356,RX,0x064,6,01 95 B2 80 07 E0,1,-27214,128,7,224,,,,smc6
2025-08-10T15:59:12.459,RX,0x064,6,01 95 B9 80 57 F6,1,-27207,128,87,246,,,,smc6
2025-08-10T15:59:12.565,RX,0x064,6,01 96 67 84 47 CF,1,-27033,132,71,207,,,,smc6
2025-08-10T15:59:12.666,RX,0x064,6,01 98 2C 88 28 34,1,-26580,136,40,52,,,,smc6
2025-08-10T15:59:12.767,RX,0x064,6,01 9A CD 8B 98 0D,1,-25907,139,152,13,,,,smc6
2025-08-10T15:59:12.868,RX,0x064,6,01 9E 0E 8D 87 E0,1,-25074,141,135,224,,,,smc6
2025-08-10T15:59:12.970,RX,0x064,6,01 A1 94 8D 77 F5,1,-24172,141,119,245,,,,smc6
2025-08-10T15:59:13.071,RX,0x064,6,01 A4 EE 8C 37 DD,1,-23314,140,55,221,,,,smc6
2025-08-10T15:59:13.174,RX,0x064,6,01 A7 B6 89 87 9C,1,-22602,137,135,156,,,,smc6
2025-08-10T15:59:13.276,RX,0x064,6,01 A9 1E 81 A7 E8,1,-22242,129,167,232,,,,smc6
2025-08-10T15:59:13.377,RX,0x064,6,01 A9 21 80 07 F4,1,-22239,128,7,244,,,,smc6
2025-08-10T15:59:13.481,RX,0x064,6,01 A9 21 80 08 00,1,-22239,128,8,0,,,,smc6
2025-08-10T15:59:13.581,RX,0x064,6,01 A9 21 80 07 EC,1,-22239,128,7,236,,,,smc6
2025-08-10T15:59:13.684,RX,0x064,6,01 A9 21 80 07 D8,1,-22239,128,7,216,,,,smc6
2025-08-10T15:59:13.788,RX,0x064,6,01 A9 21 80 07 F3,1,-22239,128,7,243,,,,smc6
2025-08-10T15:59:13.889,RX,0x064,6,01 A9 21 80 07 D8,1,-22239,128,7,216,,,,smc6
2025-08-10T15:59:13.992,RX,0x064,6,01 A9 21 80 08 34,1,-22239,128,8,52,,,,smc6
2025-08-10T15:59:14.098,RX,0x064,6,01 A9 21 80 08 2E,1,-22239,128,8,46,,,,smc6
2025-08-10T15:59:14.202,RX,0x064,6,01 A9 21 80 07 D2,1,-22239,128,7,210,,,,smc6
2025-08-10T15:59:14.303,RX,0x064,6,01 A9 21 80 08 30,1,-22239,128,8,48,,,,smc6
2025-08-10T15:59:14.410,RX,0x064,6,01 A8 FC 7E 57 F0,1,-22276,126,87,240,,,,smc6
2025-08-10T15:59:14.514,RX,0x064,6,01 A7 06 73 A7 89,1,-22778,115,167,137,,,,smc6
2025-08-10T15:59:14.612,RX,0x064,6,01 A2 BE 6D A8 30,1,-23874,109,168,48,,,,smc6
2025-08-10T15:59:14.719,RX,0x064,6,01 9E 12 6F 37 D1,1,-25070,111,55,209,,,,smc6
2025-08-10T15:59:14.822,RX,0x064,6,01 9A A7 75 A8 00,1,-25945,117,168,0,,,,smc6
2025-08-10T15:59:14.922,RX,0x064,6,01 98 FD 7C C7 EF,1,-26371,124,199,239,,,,smc6
2025-08-10T15:59:15.023,RX,0x064,6,01 98 E9 80 07 C5,1,-26391,128,7,197,,,,smc6
2025-08-10T15:59:15.131,RX,0x064,6,01 98 E9 80 07 D3,1,-26391,128,7,211,,,,smc6
2025-08-10T15:59:15.240,RX,0x064,6,01 98 E9 80 07 E0,1,-26391,128,7,224,,,,smc6
2025-08-10T15:59:15.331,RX,0x064,6,01 98 E9 80 07 C1,1,-26391,128,7,193,,,,smc6
2025-08-10T15:59:15.432,RX,0x064,6,01 98 E9 80 08 48,1,-26391,128,8,72,,,,smc6
2025-08-10T15:59:15.533,RX,0x064,6,01 98 E9 80 07 DF,1,-26391,128,7,223,,,,smc6
2025-08-10T15:59:15.633,RX,0x064,6,01 98 E9 80 07 E6,1,-26391,128,7,230,,,,smc6
2025-08-10T15:59:15.733,RX,0x064,6,01 98 E9 80 08 4A,1,-26391,128,8,74,,,,smc6
2025-08-10T15:59:15.834,RX,0x064,6,01 98 E9 80 08 34,1,-26391,128,8,52,,,,smc6
2025-08-10T15:59:15.934,RX,0x064,6,01 98 E9 80 07 DB,1,-26391,128,7,219,,,,smc6
2025-08-10T15:59:16.036,RX,0x064,6,01 98 E9 80 08 2C,1,-26391,128,8,44,,,,smc6
2025-08-10T15:59:16.137,RX,0x064,6,01 98 E9 80 07 B8,1,-26391,128,7,184,,,,smc6
2025-08-10T15:59:16.238,RX,0x064,6,01 98 E9 80 08 26,1,-26391,128,8,38,,,,smc6
2025-08-10T15:59:16.342,RX,0x064,6,01 98 E9 80 08 2D,1,-26391,128,8,45,,,,smc6
2025-08-10T15:59:16.443,RX,0x064,6,01 98 EA 80 08 41,1,-26390,128,8,65,,,,smc6
2025-08-10T15:59:16.543,RX,0x064,6,01 98 EF 80 18 19,1,-26385,128,24,25,,,,smc6
2025-08-10T15:59:16.644,RX,0x064,6,01 98 F5 80 08 5A,1,-26379,128,8,90,,,,smc6
2025-08-10T15:59:16.744,RX,0x064,6,01 98 F5 80 08 73,1,-26379,128,8,115,,,,smc6
2025-08-10T15:59:16.847,RX,0x064,6,01 98 F5 80 07 AF,1,-26379,128,7,175,,,,smc6
2025-08-10T15:59:16.948,RX,0x064,6,01 98 F5 80 07 B1,1,-26379,128,7,177,,,,smc6
2025-08-10T15:59:17.048,RX,0x064,6,01 98 F5 80 08 89,1,-26379,128,8,137,,,,smc6
2025-08-10T15:59:17.149,RX,0x064,6,01 98 F5 80 07 B2,1,-26379,128,7,178,,,,smc6
2025-08-10T15:59:17.254,RX,0x064,6,01 98 F5 80 07 D2,1,-26379,128,7,210,,,,smc6
2025-08-10T15:59:17.355,RX,0x064,6,01 98 F5 80 08 06,1,-26379,128,8,6,,,,smc6
2025-08-10T15:59:17.453,RX,0x064,6,01 98 F5 80 08 4C,1,-26379,128,8,76,,,,smc6
2025-08-10T15:59:17.555,RX,0x064,6,01 98 F5 80 07 D6,1,-26379,128,7,214,,,,smc6
2025-08-10T15:59:17.652,RX,0x064,6,01 98 F5 80 08 50,1,-26379,128,8,80,,,,smc6
2025-08-10T15:59:17.753,RX,0x064,6,01 98 F5 80 07 FC,1,-26379,128,7,252,,,,smc6
2025-08-10T15:59:17.854,RX,0x064,6,01 98 F5 80 07 D3,1,-26379,128,7,211,,,,smc6
2025-08-10T15:59:17.954,RX,0x064,6,01 98 F5 80 07 EB,1,-26379,128,7,235,,,,smc6
2025-08-10T15:59:18.055,RX,0x064,6,01 98 F5 80 08 4C,1,-26379,128,8,76,,,,smc6
2025-08-10T15:59:18.156,RX,0x064,6,01 98 F5 80 07 F8,1,-26379,128,7,248,,,,smc6
2025-08-10T15:59:18.257,RX,0x064,6,01 98 F5 80 07 F4,1,-26379,128,7,244,,,,smc6
2025-08-10T15:59:18.358,RX,0x064,6,01 98 F5 80 07 F5,1,-26379,128,7,245,,,,smc6
2025-08-10T15:59:18.463,RX,0x064,6,01 98 F5 80 07 FB,1,-26379,128,7,251,,,,smc6
2025-08-10T15:59:18.567,RX,0x064,6,01 98 F5 80 08 2A,1,-26379,128,8,42,,,,smc6
2025-08-10T15:59:18.668,RX,0x064,6,01 98 F5 80 07 8E,1,-26379,128,7,142,,,,smc6
2025-08-10T15:59:18.774,RX,0x064,6,01 98 F5 80 07 AC,1,-26379,128,7,172,,,,smc6
2025-08-10T15:59:18.880,RX,0x064,6,01 98 F5 80 08 0D,1,-26379,128,8,13,,,,smc6
2025-08-10T15:59:18.983,RX,0x064,6,01 98 F5 80 08 67,1,-26379,128,8,103,,,,smc6
2025-08-10T15:59:19.091,RX,0x064,6,01 98 F5 80 07 D5,1,-26379,128,7,213,,,,smc6
2025-08-10T15:59:19.191,RX,0x064,6,01 98 F5 80 08 40,1,-26379,128,8,64,,,,smc6
2025-08-10T15:59:19.292,RX,0x064,6,01 98 F5 80 08 54,1,-26379,128,8,84,,,,smc6
2025-08-10T15:59:19.394,RX,0x064,6,01 98 F5 80 08 29,1,-26379,128,8,41,,,,smc6
2025-08-10T15:59:19.499,RX,0x064,6,01 98 F5 80 08 32,1,-26379,128,8,50,,,,smc6
2025-08-10T15:59:19.616,RX,0x064,6,01 98 F5 80 08 AE,1,-26379,128,8,174,,,,smc6
2025-08-10T15:59:19.704,RX,0x064,6,01 98 F5 80 08 10,1,-26379,128,8,16,,,,smc6
2025-08-10T15:59:19.805,RX,0x064,6,01 98 F5 80 08 37,1,-26379,128,8,55,,,,smc6
2025-08-10T15:59:19.908,RX,0x064,6,01 98 F5 80 08 37,1,-26379,128,8,55,,,,smc6
2025-08-10T15:59:20.014,RX,0x064,6,01 98 F5 80 07 99,1,-26379,128,7,153,,,,smc6
2025-08-10T15:59:20.109,RX,0x064,6,01 98 F5 80 08 C3,1,-26379,128,8,195,,,,smc6
2025-08-10T15:59:20.215,RX,0x064,6,01 98 F5 80 08 39,1,-26379,128,8,57,,,,smc6
2025-08-10T15:59:20.314,RX,0x064,6,01 98 F5 80 08 4C,1,-26379,128,8,76,,,,smc6
2025-08-10T15:59:20.416,RX,0x064,6,01 98 F5 80 08 48,1,-26379,128,8,72,,,,smc6
2025-08-10T15:59:20.517,RX,0x064,6,01 98 F5 80 08 34,1,-26379,128,8,52,,,,smc6
2025-08-10T15:59:20.626,RX,0x064,6,01 98 F5 80 08 40,1,-26379,128,8,64,,,,smc6
2025-08-10T15:59:20.720,RX,0x064,6,01 98 F5 80 07 CE,1,-26379,128,7,206,,,,smc6
2025-08-10T15:59:20.822,RX,0x064,6,01 98 F5 80 08 A2,1,-26379,128,8,162,,,,smc6
2025-08-10T15:59:20.923,RX,0x064,6,01 98 F5 80 08 5D,1,-26379,128,8,93,,,,smc6
2025-08-10T15:59:21.024,RX,0x064,6,01 98 F5 80 07 B0,1,-26379,128,7,176,,,,smc6
2025-08-10T15:59:21.126,RX,0x064,6,01 98 F5 80 07 8E,1,-26379,128,7,142,,,,smc6
2025-08-10T15:59:21.227,RX,0x064,6,01 98 F5 80 08 44,1,-26379,128,8,68,,,,smc6
2025-08-10T15:59:21.327,RX,0x064,6,01 98 F5 80 08 2D,1,-26379,128,8,45,,,,smc6
2025-08-10T15:59:21.429,RX,0x064,6,01 98 F5 80 07 A6,1,-26379,128,7,166,,,,smc6
2025-08-10T15:59:21.530,RX,0x064,6,01 98 F5 80 07 C0,1,-26379,128,7,192,,,,smc6
2025-08-10T15:59:21.634,RX,0x064,6,01 98 F5 80 08 BC,1,-26379,128,8,188,,,,smc6
2025-08-10T15:59:21.731,RX,0x064,6,01 98 F5 80 07 B0,1,-26379,128,7,176,,,,smc6
2025-08-10T15:59:21.834,RX,0x064,6,01 98 F5 80 07 F1,1,-26379,128,7,241,,,,smc6
2025-08-10T15:59:21.932,RX,0x064,6,01 98 F5 80 07 99,1,-26379,128,7,153,,,,smc6
2025-08-10T15:59:22.035,RX,0x064,6,01 98 F5 80 07 D2,1,-26379,128,7,210,,,,smc6
2025-08-10T15:59:22.135,RX,0x064,6,01 98 F5 80 08 04,1,-26379,128,8,4,,,,smc6
2025-08-10T15:59:22.240,RX,0x064,6,01 98 F5 80 08 34,1,-26379,128,8,52,,,,smc6
2025-08-10T15:59:22.339,RX,0x064,6,01 98 F5 80 07 77,1,-26379,128,7,119,,,,smc6
2025-08-10T15:59:22.441,RX,0x064,6,01 98 F5 80 07 E0,1,-26379,128,7,224,,,,smc6
2025-08-10T15:59:22.543,RX,0x064,6,01 98 F5 80 07 95,1,-26379,128,7,149,,,,smc6
2025-08-10T15:59:22.646,RX,0x064,6,01 98 F5 80 08 45,1,-26379,128,8,69,,,,smc6
2025-08-10T15:59:22.746,RX,0x064,6,01 98 F5 80 08 51,1,-26379,128,8,81,,,,smc6
2025-08-10T15:59:22.846,RX,0x064,6,01 98 F5 80 07 97,1,-26379,128,7,151,,,,smc6
2025-08-10T15:59:22.948,RX,0x064,6,01 98 F5 80 07 DB,1,-26379,128,7,219,,,,smc6
2025-08-10T15:59:23.048,RX,0x064,6,01 98 F5 80 07 71,1,-26379,128,7,113,,,,smc6
2025-08-10T15:59:23.159,RX,0x064,6,01 98 F5 80 07 E0,1,-26379,128,7,224,,,,smc6
2025-08-10T15:59:23.262,RX,0x064,6,01 98 F5 80 08 3C,1,-26379,128,8,60,,,,smc6
2025-08-10T15:59:23.361,RX,0x064,6,01 98 F5 80 08 15,1,-26379,128,8,21,,,,smc6
2025-08-10T15:59:23.463,RX,0x064,6,01 98 F5 80 08 22,1,-26379,128,8,34,,,,smc6
2025-08-10T15:59:23.565,RX,0x064,6,01 98 F5 80 07 C9,1,-26379,128,7,201,,,,smc6
2025-08-10T15:59:23.666,RX,0x064,6,01 98 F5 80 07 EE,1,-26379,128,7,238,,,,smc6
2025-08-10T15:59:23.767,RX,0x064,6,01 98 F5 80 07 B9,1,-26379,128,7,185,,,,smc6
2025-08-10T15:59:23.868,RX,0x064,6,01 98 F5 80 08 58,1,-26379,128,8,88,,,,smc6
2025-08-10T15:59:23.975,RX,0x064,6,01 98 F5 80 08 4F,1,-26379,128,8,79,,,,smc6
2025-08-10T15:59:24.076,RX,0x064,6,01 98 F5 80 08 22,1,-26379,128,8,34,,,,smc6
2025-08-10T15:59:24.176,RX,0x064,6,01 98 F5 80 07 ED,1,-26379,128,7,237,,,,smc6
2025-08-10T15:59:24.277,RX,0x064,6,01 98 F5 80 07 CF,1,-26379,128,7,207,,,,smc6
2025-08-10T15:59:24.383,RX,0x064,6,01 98 F5 80 08 38,1,-26379,128,8,56,,,,smc6
2025-08-10T15:59:24.483,RX,0x064,6,01 98 F5 80 08 0B,1,-26379,128,8,11,,,,smc6
2025-08-10T15:59:24.585,RX,0x064,6,01 98 F5 80 07 AB,1,-26379,128,7,171,,,,smc6
2025-08-10T15:59:24.686,RX,0x064,6,01 98 F5 80 08 5E,1,-26379,128,8,94,,,,smc6
2025-08-10T15:59:24.788,RX,0x064,6,01 98 F4 80 08 58,1,-26380,128,8,88,,,,smc6
2025-08-10T15:59:24.889,RX,0x064,6,01 98 F4 80 07 82,1,-26380,128,7,130,,,,smc6
2025-08-10T15:59:24.990,RX,0x064,6,01 98 F2 80 07 EC,1,-26382,128,7,236,,,,smc6
2025-08-10T15:59:25.092,RX,0x064,6,01 98 C4 7F 07 E4,1,-26428,127,7,228,,,,smc6
2025-08-10T15:59:25.193,RX,0x064,6,01 98 22 7C 08 83,1,-26590,124,8,131,,,,smc6
2025-08-10T15:59:25.297,RX,0x064,6,01 96 8F 78 88 1D,1,-26993,120,136,29,,,,smc6
2025-08-10T15:59:25.398,RX,0x064,6,01 94 7F 77 C8 1A,1,-27521,119,200,26,,,,smc6
2025-08-10T15:59:25.498,RX,0x064,6,01 92 51 77 F8 24,1,-28079,119,248,36,,,,smc6
2025-08-10T15:59:25.599,RX,0x064,6,01 90 2C 77 27 F6,1,-28628,119,39,246,,,,smc6
2025-08-10T15:59:25.700,RX,0x064,6,01 8D 75 73 C7 FC,1,-29323,115,199,252,,,,smc6
2025-08-10T15:59:25.801,RX,0x064,6,01 89 F4 71 C7 C6,1,-30220,113,199,198,,,,smc6
2025-08-10T15:59:25.909,RX,0x064,6,01 86 8F 72 57 F4,1,-31089,114,87,244,,,,smc6
2025-08-10T15:59:26.011,RX,0x064,6,01 82 F5 71 97 ED,1,-32011,113,151,237,,,,smc6
2025-08-10T15:59:26.112,RX,0x064,6,01 7F 97 74 47 D8,1,32663,116,71,216,,,,smc6
2025-08-10T15:59:26.213,RX,0x064,6,01 7D 0D 77 47 E3,1,32013,119,71,227,,,,smc6
2025-08-10T15:59:26.320,RX,0x064,6,01 79 FC 7B 28 1A,1,31228,123,40,26,,,,smc6
2025-08-10T15:59:26.425,RX,0x064,6,01 78 B2 7A F8 28,1,30898,122,248,40,,,,smc6
2025-08-10T15:59:26.526,RX,0x064,6,01 77 95 7D 07 C1,1,30613,125,7,193,,,,smc6
2025-08-10T15:59:26.632,RX,0x064,6,01 77 6F 80 07 D9,1,30575,128,7,217,,,,smc6
2025-08-10T15:59:26.733,RX,0x064,6,01 77 6F 80 07 E7,1,30575,128,7,231,,,,smc6
2025-08-10T15:59:26.835,RX,0x064,6,01 77 6F 80 08 34,1,30575,128,8,52,,,,smc6
2025-08-10T15:59:26.938,RX,0x064,6,01 77 6F 80 08 32,1,30575,128,8,50,,,,smc6
2025-08-10T15:59:27.039,RX,0x064,6,01 77 6F 80 08 29,1,30575,128,8,41,,,,smc6
2025-08-10T15:59:27.141,RX,0x064,6,01 77 6F 80 07 DC,1,30575,128,7,220,,,,smc6
2025-08-10T15:59:27.241,RX,0x064,6,01 77 6F 80 08 16,1,30575,128,8,22,,,,smc6
2025-08-10T15:59:27.345,RX,0x064,6,01 77 6F 80 08 1D,1,30575,128,8,29,,,,smc6
2025-08-10T15:59:27.444,RX,0x064,6,01 77 6F 80 07 C4,1,30575,128,7,196,,,,smc6
2025-08-10T15:59:27.550,RX,0x064,6,01 77 6F 80 08 23,1,30575,128,8,35,,,,smc6
2025-08-10T15:59:27.650,RX,0x064,6,01 77 6F 80 07 F5,1,30575,128,7,245,,,,smc6
2025-08-10T15:59:27.751,RX,0x064,6,01 77 6F 80 07 BC,1,30575,128,7,188,,,,smc6
2025-08-10T15:59:27.853,RX,0x064,6,01 77 6F 80 08 07,1,30575,128,8,7,,,,smc6
2025-08-10T15:59:27.953,RX,0x064,6,01 77 6F 80 07 F9,1,30575,128,7,249,,,,smc6
2025-08-10T15:59:28.054,RX,0x064,6,01 77 6F 80 07 AE,1,30575,128,7,174,,,,smc6
2025-08-10T15:59:28.161,RX,0x064,6,01 77 6F 80 07 D4,1,30575,128,7,212,,,,smc6
2025-08-10T15:59:28.262,RX,0x064,6,01 77 6F 80 07 E8,1,30575,128,7,232,,,,smc6
2025-08-10T15:59:28.364,RX,0x064,6,01 77 6F 80 08 2D,1,30575,128,8,45,,,,smc6
2025-08-10T15:59:28.473,RX,0x064,6,01 77 6F 80 07 D8,1,30575,128,7,216,,,,smc6
2025-08-10T15:59:28.571,RX,0x064,6,01 77 6F 80 08 31,1,30575,128,8,49,,,,smc6
2025-08-10T15:59:28.669,RX,0x064,6,01 77 6F 80 08 39,1,30575,128,8,57,,,,smc6
2025-08-10T15:59:28.770,RX,0x064,6,01 77 6F 80 07 EB,1,30575,128,7,235,,,,smc6
2025-08-10T15:59:28.870,RX,0x064,6,01 77 6F 80 07 CB,1,30575,128,7,203,,,,smc6
2025-08-10T15:59:28.972,RX,0x064,6,01 77 6F 80 08 30,1,30575,128,8,48,,,,smc6
2025-08-10T15:59:29.073,RX,0x064,6,01 77 71 80 08 3C,1,30577,128,8,60,,,,smc6
2025-08-10T15:59:29.173,RX,0x064,6,01 77 71 80 07 CF,1,30577,128,7,207,,,,smc6
2025-08-10T15:59:29.276,RX,0x064,6,01 77 71 80 08 2B,1,30577,128,8,43,,,,smc6
2025-08-10T15:59:29.377,RX,0x064,6,01 77 71 80 07 CF,1,30577,128,7,207,,,,smc6
2025-08-10T15:59:29.480,RX,0x064,6,01 77 71 80 08 0D,1,30577,128,8,13,,,,smc6
2025-08-10T15:59:29.578,RX,0x064,6,01 77 71 80 08 39,1,30577,128,8,57,,,,smc6
2025-08-10T15:59:29.682,RX,0x064,6,01 77 71 80 07 DF,1,30577,128,7,223,,,,smc6
2025-08-10T15:59:29.782,RX,0x064,6,01 77 71 80 07 CE,1,30577,128,7,206,,,,smc6
2025-08-10T15:59:29.887,RX,0x064,6,01 77 71 80 08 04,1,30577,128,8,4,,,,smc6
2025-08-10T15:59:29.987,RX,0x064,6,01 77 71 80 08 35,1,30577,128,8,53,,,,smc6
2025-08-10T15:59:30.089,RX,0x064,6,01 77 71 80 07 EF,1,30577,128,7,239,,,,smc6
2025-08-10T15:59:30.195,RX,0x064,6,01 77 71 80 07 C4,1,30577,128,7,196,,,,smc6
2025-08-10T15:59:30.295,RX,0x064,6,01 77 71 80 08 3B,1,30577,128,8,59,,,,smc6
2025-08-10T15:59:30.395,RX,0x064,6,01 77 71 80 07 F9,1,30577,128,7,249,,,,smc6
2025-08-10T15:59:30.501,RX,0x064,6,01 77 71 80 08 0D,1,30577,128,8,13,,,,smc6
2025-08-10T15:59:30.598,RX,0x064,6,01 77 71 80 08 15,1,30577,128,8,21,,,,smc6
2025-08-10T15:59:30.698,RX,0x064,6,01 77 71 80 08 34,1,30577,128,8,52,,,,smc6
2025-08-10T15:59:30.804,RX,0x064,6,01 77 71 80 07 F5,1,30577,128,7,245,,,,smc6
2025-08-10T15:59:30.905,RX,0x064,6,01 77 71 80 07 F4,1,30577,128,7,244,,,,smc6
2025-08-10T15:59:31.008,RX,0x064,6,01 77 71 80 07 BF,1,30577,128,7,191,,,,smc6
2025-08-10T15:59:31.108,RX,0x064,6,01 77 71 80 07 CC,1,30577,128,7,204,,,,smc6
2025-08-10T15:59:31.214,RX,0x064,6,01 77 71 80 08 37,1,30577,128,8,55,,,,smc6
2025-08-10T15:59:31.314,RX,0x064,6,01 77 71 80 08 09,1,30577,128,8,9,,,,smc6
2025-08-10T15:59:31.416,RX,0x064,6,01 77 71 80 08 32,1,30577,128,8,50,,,,smc6
2025-08-10T15:59:31.516,RX,0x064,6,01 77 71 80 08 2B,1,30577,128,8,43,,,,smc6
2025-08-10T15:59:31.621,RX,0x064,6,01 77 71 80 08 42,1,30577,128,8,66,,,,smc6
2025-08-10T15:59:31.722,RX,0x064,6,01 77 71 80 07 A7,1,30577,128,7,167,,,,smc6
2025-08-10T15:59:31.833,RX,0x064,6,01 77 71 80 07 F0,1,30577,128,7,240,,,,smc6
2025-08-10T15:59:31.940,RX,0x064,6,01 77 71 80 07 ED,1,30577,128,7,237,,,,smc6
2025-08-10T15:59:32.037,RX,0x064,6,01 77 71 80 08 10,1,30577,128,8,16,,,,smc6
2025-08-10T15:59:32.142,RX,0x064,6,01 77 71 80 07 F2,1,30577,128,7,242,,,,smc6
2025-08-10T15:59:32.243,RX,0x064,6,01 77 71 80 07 AC,1,30577,128,7,172,,,,smc6
2025-08-10T15:59:32.343,RX,0x064,6,01 77 71 80 08 2F,1,30577,128,8,47,,,,smc6
2025-08-10T15:59:32.444,RX,0x064,6,01 77 71 80 07 C8,1,30577,128,7,200,,,,smc6
2025-08-10T15:59:32.545,RX,0x064,6,01 77 71 80 07 CE,1,30577,128,7,206,,,,smc6
2025-08-10T15:59:32.647,RX,0x064,6,01 77 71 80 07 B2,1,30577,128,7,178,,,,smc6
2025-08-10T15:59:32.746,RX,0x064,6,01 77 71 80 08 2E,1,30577,128,8,46,,,,smc6
2025-08-10T15:59:32.847,RX,0x064,6,01 77 71 80 08 30,1,30577,128,8,48,,,,smc6
2025-08-10T15:59:32.947,RX,0x064,6,01 77 71 80 07 D5,1,30577,128,7,213,,,,smc6
2025-08-10T15:59:33.048,RX,0x064,6,01 77 71 80 08 34,1,30577,128,8,52,,,,smc6
2025-08-10T15:59:33.149,RX,0x064,6,01 77 71 80 07 D0,1,30577,128,7,208,,,,smc6
2025-08-10T15:59:33.251,RX,0x064,6,01 77 71 80 08 31,1,30577,128,8,49,,,,smc6
2025-08-10T15:59:33.352,RX,0x064,6,01 77 71 80 08 03,1,30577,128,8,3,,,,smc6
2025-08-10T15:59:33.454,RX,0x064,6,01 77 71 80 08 32,1,30577,128,8,50,,,,smc6
2025-08-10T15:59:33.554,RX,0x064,6,01 77 71 80 08 03,1,30577,128,8,3,,,,smc6
2025-08-10T15:59:33.656,RX,0x064,6,01 77 71 80 07 CE,1,30577,128,7,206,,,,smc6
2025-08-10T15:59:33.761,RX,0x064,6,01 77 71 80 07 E0,1,30577,128,7,224,,,,smc6
2025-08-10T15:59:33.861,RX,0x064,6,01 77 71 80 08 1B,1,30577,128,8,27,,,,smc6
2025-08-10T15:59:33.968,RX,0x064,6,01 77 71 80 07 EE,1,30577,128,7,238,,,,smc6
2025-08-10T15:59:34.064,RX,0x064,6,01 77 71 80 08 19,1,30577,128,8,25,,,,smc6
2025-08-10T15:59:34.167,RX,0x064,6,01 77 71 80 07 F7,1,30577,128,7,247,,,,smc6
2025-08-10T15:59:34.273,RX,0x064,6,01 77 71 80 08 3F,1,30577,128,8,63,,,,smc6
2025-08-10T15:59:34.374,RX,0x064,6,01 77 71 80 07 D0,1,30577,128,7,208,,,,smc6
2025-08-10T15:59:34.475,RX,0x064,6,01 77 71 80 08 14,1,30577,128,8,20,,,,smc6
2025-08-10T15:59:34.576,RX,0x064,6,01 77 71 80 08 4E,1,30577,128,8,78,,,,smc6
2025-08-10T15:59:34.677,RX,0x064,6,01 77 71 80 08 0B,1,30577,128,8,11,,,,smc6
2025-08-10T15:59:34.784,RX,0x064,6,01 77 71 80 08 1D,1,30577,128,8,29,,,,smc6
2025-08-10T15:59:34.885,RX,0x064,6,01 77 71 80 07 DD,1,30577,128,7,221,,,,smc6
2025-08-10T15:59:34.988,RX,0x064,6,01 77 71 80 08 29,1,30577,128,8,41,,,,smc6
2025-08-10T15:59:35.088,RX,0x064,6,01 77 71 80 07 D2,1,30577,128,7,210,,,,smc6
2025-08-10T15:59:35.189,RX,0x064,6,01 77 71 80 07 D0,1,30577,128,7,208,,,,smc6
2025-08-10T15:59:35.290,RX,0x064,6,01 77 71 80 07 F0,1,30577,128,7,240,,,,smc6
2025-08-10T15:59:35.391,RX,0x064,6,01 77 71 80 07 E3,1,30577,128,7,227,,,,smc6
2025-08-10T15:59:35.491,RX,0x064,6,01 77 71 80 07 EC,1,30577,128,7,236,,,,smc6
2025-08-10T15:59:35.592,RX,0x064,6,01 77 71 80 08 2F,1,30577,128,8,47,,,,smc6
2025-08-10T15:59:35.694,RX,0x064,6,01 77 71 80 07 D7,1,30577,128,7,215,,,,smc6
2025-08-10T15:59:35.792,RX,0x064,6,01 77 71 80 07 ED,1,30577,128,7,237,,,,smc6
2025-08-10T15:59:35.893,RX,0x064,6,01 77 71 80 07 CF,1,30577,128,7,207,,,,smc6
2025-08-10T15:59:35.996,RX,0x064,6,01 77 71 80 07 F4,1,30577,128,7,244,,,,smc6
2025-08-10T15:59:36.097,RX,0x064,6,01 77 71 80 08 2B,1,30577,128,8,43,,,,smc6
2025-08-10T15:59:36.200,RX,0x064,6,01 77 71 80 07 F6,1,30577,128,7,246,,,,smc6
2025-08-10T15:59:36.297,RX,0x064,6,01 77 71 80 07 DB,1,30577,128,7,219,,,,smc6
2025-08-10T15:59:36.407,RX,0x064,6,01 77 71 80 08 3D,1,30577,128,8,61,,,,smc6
2025-08-10T15:59:36.511,RX,0x064,6,01 77 71 80 07 CD,1,30577,128,7,205,,,,smc6
2025-08-10T15:59:36.616,RX,0x064,6,01 77 71 80 08 1C,1,30577,128,8,28,,,,smc6
2025-08-10T15:59:36.717,RX,0x064,6,01 77 71 80 08 31,1,30577,128,8,49,,,,smc6
2025-08-10T15:59:36.818,RX,0x064,6,01 77 71 80 08 26,1,30577,128,8,38,,,,smc6
2025-08-10T15:59:36.919,RX,0x064,6,01 77 71 80 07 E5,1,30577,128,7,229,,,,smc6
2025-08-10T15:59:37.020,RX,0x064,6,01 77 71 80 08 0F,1,30577,128,8,15,,,,smc6
2025-08-10T15:59:37.123,RX,0x064,6,01 77 71 80 07 CF,1,30577,128,7,207,,,,smc6
2025-08-10T15:59:37.226,RX,0x064,6,01 77 71 80 07 B1,1,30577,128,7,177,,,,smc6
2025-08-10T15:59:37.326,RX,0x064,6,01 77 71 80 08 30,1,30577,128,8,48,,,,smc6
2025-08-10T15:59:37.427,RX,0x064,6,01 77 71 80 07 E9,1,30577,128,7,233,,,,smc6
2025-08-10T15:59:37.528,RX,0x064,6,01 77 71 80 08 07,1,30577,128,8,7,,,,smc6
2025-08-10T15:59:37.628,RX,0x064,6,01 77 71 80 08 33,1,30577,128,8,51,,,,smc6
2025-08-10T15:59:37.729,RX,0x064,6,01 77 71 80 08 09,1,30577,128,8,9,,,,smc6
2025-08-10T15:59:37.829,RX,0x064,6,01 77 71 80 07 D3,1,30577,128,7,211,,,,smc6
2025-08-10T15:59:37.931,RX,0x064,6,01 77 71 80 07 B0,1,30577,128,7,176,,,,smc6
2025-08-10T15:59:38.036,RX,0x064,6,01 77 71 80 07 C6,1,30577,128,7,198,,,,smc6
2025-08-10T15:59:38.137,RX,0x064,6,01 77 71 80 07 DA,1,30577,128,7,218,,,,smc6
2025-08-10T15:59:38.238,RX,0x064,6,01 77 71 80 08 12,1,30577,128,8,18,,,,smc6
2025-08-10T15:59:38.339,RX,0x064,6,01 77 71 80 08 2A,1,30577,128,8,42,,,,smc6
2025-08-10T15:59:38.440,RX,0x064,6,01 77 71 80 07 F7,1,30577,128,7,247,,,,smc6
2025-08-10T15:59:38.542,RX,0x064,6,01 77 71 80 07 DF,1,30577,128,7,223,,,,smc6
2025-08-10T15:59:38.643,RX,0x064,6,01 77 71 80 07 FD,1,30577,128,7,253,,,,smc6
2025-08-10T15:59:38.749,RX,0x064,6,01 77 71 80 07 B0,1,30577,128,7,176,,,,smc6
2025-08-10T15:59:38.858,RX,0x064,6,01 77 71 80 07 EE,1,30577,128,7,238,,,,smc6
2025-08-10T15:59:38.959,RX,0x064,6,01 77 71 80 07 B7,1,30577,128,7,183,,,,smc6
2025-08-10T15:59:39.065,RX,0x064,6,01 77 71 80 08 29,1,30577,128,8,41,,,,smc6
2025-08-10T15:59:39.165,RX,0x064,6,01 77 71 80 07 C2,1,30577,128,7,194,,,,smc6
2025-08-10T15:59:39.266,RX,0x064,6,01 77 71 80 07 F4,1,30577,128,7,244,,,,smc6
2025-08-10T15:59:39.368,RX,0x064,6,01 77 71 80 07 DE,1,30577,128,7,222,,,,smc6
2025-08-10T15:59:39.468,RX,0x064,6,01 77 71 80 08 2F,1,30577,128,8,47,,,,smc6
2025-08-10T15:59:39.569,RX,0x064,6,01 77 71 80 07 E0,1,30577,128,7,224,,,,smc6
2025-08-10T15:59:39.669,RX,0x064,6,01 77 71 80 07 E0,1,30577,128,7,224,,,,smc6
2025-08-10T15:59:39.770,RX,0x064,6,01 77 71 80 08 32,1,30577,128,8,50,,,,smc6
2025-08-10T15:59:39.870,RX,0x064,6,01 77 71 80 07 E8,1,30577,128,7,232,,,,smc6
2025-08-10T15:59:39.972,RX,0x064,6,01 77 71 80 07 F1,1,30577,128,7,241,,,,smc6
2025-08-10T15:59:40.074,RX,0x064,6,01 77 71 80 07 FD,1,30577,128,7,253,,,,smc6
2025-08-10T15:59:40.180,RX,0x064,6,01 77 71 80 08 20,1,30577,128,8,32,,,,smc6
2025-08-10T15:59:40.280,RX,0x064,6,01 77 71 80 08 1D,1,30577,128,8,29,,,,smc6
2025-08-10T15:59:40.389,RX,0x064,6,01 77 71 80 08 29,1,30577,128,8,41,,,,smc6
2025-08-10T15:59:40.487,RX,0x064,6,01 77 71 80 08 41,1,30577,128,8,65,,,,smc6
2025-08-10T15:59:40.588,RX,0x064,6,01 77 71 80 07 E1,1,30577,128,7,225,,,,smc6
2025-08-10T15:59:40.689,RX,0x064,6,01 77 71 80 08 24,1,30577,128,8,36,,,,smc6
2025-08-10T15:59:40.789,RX,0x064,6,01 77 71 80 07 F1,1,30577,128,7,241,,,,smc6
2025-08-10T15:59:40.890,RX,0x064,6,01 77 71 80 08 12,1,30577,128,8,18,,,,smc6
2025-08-10T15:59:40.994,RX,0x064,6,01 77 71 80 07 F7,1,30577,128,7,247,,,,smc6
2025-08-10T15:59:41.095,RX,0x064,6,01 77 71 80 08 22,1,30577,128,8,34,,,,smc6
2025-08-10T15:59:41.195,RX,0x064,6,01 77 71 80 08 1E,1,30577,128,8,30,,,,smc6
2025-08-10T15:59:41.299,RX,0x064,6,01 77 71 80 08 3D,1,30577,128,8,61,,,,smc6
2025-08-10T15:59:41.402,RX,0x064,6,01 77 71 80 08 3A,1,30577,128,8,58,,,,smc6
2025-08-10T15:59:41.504,RX,0x064,6,01 77 71 80 07 CD,1,30577,128,7,205,,,,smc6
2025-08-10T15:59:41.604,RX,0x064,6,01 77 71 80 08 25,1,30577,128,8,37,,,,smc6
2025-08-10T15:59:41.709,RX,0x064,6,01 77 71 80 07 EB,1,30577,128,7,235,,,,smc6
2025-08-10T15:59:41.808,RX,0x064,6,01 77 71 80 08 29,1,30577,128,8,41,,,,smc6
2025-08-10T15:59:41.909,RX,0x064,6,01 77 71 80 07 E8,1,30577,128,7,232,,,,smc6
2025-08-10T15:59:42.009,RX,0x064,6,01 77 71 80 08 0D,1,30577,128,8,13,,,,smc6
2025-08-10T15:59:42.111,RX,0x064,6,01 77 71 80 08 1B,1,30577,128,8,27,,,,smc6
2025-08-10T15:59:42.214,RX,0x064,6,01 77 71 80 07 C9,1,30577,128,7,201,,,,smc6
2025-08-10T15:59:42.316,RX,0x064,6,01 77 71 80 08 3A,1,30577,128,8,58,,,,smc6
2025-08-10T15:59:42.417,RX,0x064,6,01 77 71 80 07 D7,1,30577,128,7,215,,,,smc6
2025-08-10T15:59:42.518,RX,0x064,6,01 77 71 80 07 DA,1,30577,128,7,218,,,,smc6
2025-08-10T15:59:42.619,RX,0x064,6,01 77 71 80 08 35,1,30577,128,8,53,,,,smc6
2025-08-10T15:59:42.721,RX,0x064,6,01 77 71 80 08 35,1,30577,128,8,53,,,,smc6
2025-08-10T15:59:42.825,RX,0x064,6,01 77 71 80 07 EF,1,30577,128,7,239,,,,smc6
2025-08-10T15:59:42.928,RX,0x064,6,01 77 71 80 07 B7,1,30577,128,7,183,,,,smc6
2025-08-10T15:59:43.028,RX,0x064,6,01 77 71 80 07 A8,1,30577,128,7,168,,,,smc6
2025-08-10T15:59:43.130,RX,0x064,6,01 77 71 80 08 2C,1,30577,128,8,44,,,,smc6
2025-08-10T15:59:43.230,RX,0x064,6,01 77 71 80 08 0B,1,30577,128,8,11,,,,smc6
2025-08-10T15:59:43.333,RX,0x064,6,01 77 71 80 07 D9,1,30577,128,7,217,,,,smc6
2025-08-10T15:59:43.434,RX,0x064,6,01 77 71 80 07 B5,1,30577,128,7,181,,,,smc6
2025-08-10T15:59:43.538,RX,0x064,6,01 77 71 80 07 EB,1,30577,128,7,235,,,,smc6
2025-08-10T15:59:43.639,RX,0x064,6,01 77 71 80 07 D4,1,30577,128,7,212,,,,smc6
2025-08-10T15:59:43.742,RX,0x064,6,01 77 71 80 07 DE,1,30577,128,7,222,,,,smc6
2025-08-10T15:59:43.842,RX,0x064,6,01 77 71 80 07 D6,1,30577,128,7,214,,,,smc6
2025-08-10T15:59:43.943,RX,0x064,6,01 77 71 80 07 ED,1,30577,128,7,237,,,,smc6
2025-08-10T15:59:44.043,RX,0x064,6,01 77 71 80 07 B6,1,30577,128,7,182,,,,smc6
2025-08-10T15:59:44.145,RX,0x064,6,01 77 71 80 07 ED,1,30577,128,7,237,,,,smc6
2025-08-10T15:59:44.246,RX,0x064,6,01 77 71 80 07 F2,1,30577,128,7,242,,,,smc6
2025-08-10T15:59:44.347,RX,0x064,6,01 77 71 80 07 ED,1,30577,128,7,237,,,,smc6
2025-08-10T15:59:44.447,RX,0x064,6,01 77 71 80 08 23,1,30577,128,8,35,,,,smc6
2025-08-10T15:59:44.550,RX,0x064,6,01 77 71 80 07 F3,1,30577,128,7,243,,,,smc6
2025-08-10T15:59:44.654,RX,0x064,6,01 77 71 80 08 08,1,30577,128,8,8,,,,smc6
2025-08-10T15:59:44.755,RX,0x064,6,01 77 71 80 08 1A,1,30577,128,8,26,,,,smc6
2025-08-10T15:59:44.855,RX,0x064,6,01 77 71 80 07 C6,1,30577,128,7,198,,,,smc6
2025-08-10T15:59:44.955,RX,0x064,6,01 77 71 80 08 0C,1,30577,128,8,12,,,,smc6
2025-08-10T15:59:45.058,RX,0x064,6,01 77 71 80 07 CB,1,30577,128,7,203,,,,smc6
2025-08-10T15:59:45.159,RX,0x064,6,01 77 71 80 08 2D,1,30577,128,8,45,,,,smc6
2025-08-10T15:59:45.259,RX,0x064,6,01 77 71 80 08 32,1,30577,128,8,50,,,,smc6
2025-08-10T15:59:45.361,RX,0x064,6,01 77 71 80 08 3E,1,30577,128,8,62,,,,smc6
2025-08-10T15:59:45.462,RX,0x064,6,01 77 71 80 07 BE,1,30577,128,7,190,,,,smc6
2025-08-10T15:59:45.564,RX,0x064,6,01 77 71 80 08 33,1,30577,128,8,51,,,,smc6
2025-08-10T15:59:45.671,RX,0x064,6,01 77 71 80 08 1F,1,30577,128,8,31,,,,smc6
2025-08-10T15:59:45.772,RX,0x064,6,01 77 71 80 07 E9,1,30577,128,7,233,,,,smc6
2025-08-10T15:59:45.875,RX,0x064,6,01 77 71 80 08 11,1,30577,128,8,17,,,,smc6
2025-08-10T15:59:45.975,RX,0x064,6,01 77 71 80 07 ED,1,30577,128,7,237,,,,smc6
2025-08-10T15:59:46.076,RX,0x064,6,01 77 71 80 07 ED,1,30577,128,7,237,,,,smc6
2025-08-10T15:59:46.178,RX,0x064,6,01 77 71 80 07 F1,1,30577,128,7,241,,,,smc6
2025-08-10T15:59:46.279,RX,0x064,6,01 77 71 80 07 E2,1,30577,128,7,226,,,,smc6
2025-08-10T15:59:46.382,RX,0x064,6,01 77 71 80 08 3C,1,30577,128,8,60,,,,smc6
2025-08-10T15:59:46.484,RX,0x064,6,01 77 71 80 07 D4,1,30577,128,7,212,,,,smc6
2025-08-10T15:59:46.588,RX,0x064,6,01 77 71 80 07 B7,1,30577,128,7,183,,,,smc6
2025-08-10T15:59:46.689,RX,0x064,6,01 77 71 80 07 D5,1,30577,128,7,213,,,,smc6
2025-08-10T15:59:46.792,RX,0x064,6,01 77 71 80 08 34,1,30577,128,8,52,,,,smc6
2025-08-10T15:59:46.894,RX,0x064,6,01 77 71 80 07 DE,1,30577,128,7,222,,,,smc6
2025-08-10T15:59:46.995,RX,0x064,6,01 77 71 80 07 EF,1,30577,128,7,239,,,,smc6
2025-08-10T15:59:47.101,RX,0x064,6,01 77 71 80 08 34,1,30577,128,8,52,,,,smc6
2025-08-10T15:59:47.201,RX,0x064,6,01 77 71 80 08 2A,1,30577,128,8,42,,,,smc6
2025-08-10T15:59:47.303,RX,0x064,6,01 77 71 80 07 F6,1,30577,128,7,246,,,,smc6
2025-08-10T15:59:47.405,RX,0x064,6,01 77 71 80 07 F0,1,30577,128,7,240,,,,smc6
2025-08-10T15:59:47.507,RX,0x064,6,01 77 71 80 07 DF,1,30577,128,7,223,,,,smc6
2025-08-10T15:59:47.610,RX,0x064,6,01 77 71 80 08 22,1,30577,128,8,34,,,,smc6
2025-08-10T15:59:47.713,RX,0x064,6,01 77 71 80 08 1F,1,30577,128,8,31,,,,smc6
2025-08-10T15:59:47.818,RX,0x064,6,01 77 71 80 07 DC,1,30577,128,7,220,,,,smc6
2025-08-10T15:59:47.924,RX,0x064,6,01 77 71 80 08 1F,1,30577,128,8,31,,,,smc6
2025-08-10T15:59:48.029,RX,0x064,6,01 77 71 80 07 F4,1,30577,128,7,244,,,,smc6
2025-08-10T15:59:48.131,RX,0x064,6,01 77 71 80 08 22,1,30577,128,8,34,,,,smc6
2025-08-10T15:59:48.233,RX,0x064,6,01 77 71 80 08 18,1,30577,128,8,24,,,,smc6
2025-08-10T15:59:48.338,RX,0x064,6,01 77 71 80 07 FB,1,30577,128,7,251,,,,smc6
2025-08-10T15:59:48.439,RX,0x064,6,01 77 71 80 08 32,1,30577,128,8,50,,,,smc6
2025-08-10T15:59:48.540,RX,0x064,6,01 77 71 80 07 CA,1,30577,128,7,202,,,,smc6
2025-08-10T15:59:48.645,RX,0x064,6,01 77 71 80 07 ED,1,30577,128,7,237,,,,smc6
2025-08-10T15:59:48.746,RX,0x064,6,01 77 71 80 08 42,1,30577,128,8,66,,,,smc6
2025-08-10T15:59:48.848,RX,0x064,6,01 77 71 80 07 EB,1,30577,128,7,235,,,,smc6
2025-08-10T15:59:48.951,RX,0x064,6,01 77 71 80 08 34,1,30577,128,8,52,,,,smc6
2025-08-10T15:59:49.059,RX,0x064,6,01 77 71 80 08 1A,1,30577,128,8,26,,,,smc6
2025-08-10T15:59:49.161,RX,0x064,6,01 77 71 80 07 E5,1,30577,128,7,229,,,,smc6
2025-08-10T15:59:49.264,RX,0x064,6,01 77 71 80 07 F9,1,30577,128,7,249,,,,smc6
2025-08-10T15:59:49.364,RX,0x064,6,01 77 71 80 08 15,1,30577,128,8,21,,,,smc6
2025-08-10T15:59:49.469,RX,0x064,6,01 77 71 80 08 0B,1,30577,128,8,11,,,,smc6
2025-08-10T15:59:49.574,RX,0x064,6,01 77 71 80 07 FB,1,30577,128,7,251,,,,smc6
2025-08-10T15:59:49.677,RX,0x064,6,01 77 71 80 08 37,1,30577,128,8,55,,,,smc6
2025-08-10T15:59:49.777,RX,0x064,6,01 77 71 80 07 AA,1,30577,128,7,170,,,,smc6
2025-08-10T15:59:49.878,RX,0x064,6,01 77 71 80 08 35,1,30577,128,8,53,,,,smc6
2025-08-10T15:59:49.981,RX,0x064,6,01 77 71 80 08 39,1,30577,128,8,57,,,,smc6
2025-08-10T15:59:50.082,RX,0x064,6,01 77 71 80 08 33,1,30577,128,8,51,,,,smc6
2025-08-10T15:59:50.184,RX,0x064,6,01 77 71 80 07 E8,1,30577,128,7,232,,,,smc6
2025-08-10T15:59:50.285,RX,0x064,6,01 77 71 80 07 F0,1,30577,128,7,240,,,,smc6
2025-08-10T15:59:50.385,RX,0x064,6,01 77 71 80 07 D4,1,30577,128,7,212,,,,smc6
2025-08-10T15:59:50.486,RX,0x064,6,01 77 71 80 08 2F,1,30577,128,8,47,,,,smc6
2025-08-10T15:59:50.587,RX,0x064,6,01 77 71 80 07 BE,1,30577,128,7,190,,,,smc6
2025-08-10T15:59:50.691,RX,0x064,6,01 77 71 80 08 2C,1,30577,128,8,44,,,,smc6
2025-08-10T15:59:50.791,RX,0x064,6,01 77 71 80 08 30,1,30577,128,8,48,,,,smc6
2025-08-10T15:59:50.894,RX,0x064,6,01 77 71 80 07 B3,1,30577,128,7,179,,,,smc6
2025-08-10T15:59:50.994,RX,0x064,6,01 77 71 80 08 2D,1,30577,128,8,45,,,,smc6
2025-08-10T15:59:51.097,RX,0x064,6,01 77 71 80 07 F0,1,30577,128,7,240,,,,smc6
2025-08-10T15:59:51.197,RX,0x064,6,01 77 71 80 08 32,1,30577,128,8,50,,,,smc6
2025-08-10T15:59:51.299,RX,0x064,6,01 77 71 80 08 00,1,30577,128,8,0,,,,smc6
2025-08-10T15:59:51.402,RX,0x064,6,01 77 71 80 08 04,1,30577,128,8,4,,,,smc6
2025-08-10T15:59:51.509,RX,0x064,6,01 77 71 80 07 FF,1,30577,128,7,255,,,,smc6
2025-08-10T15:59:51.613,RX,0x064,6,01 77 71 80 07 FA,1,30577,128,7,250,,,,smc6
2025-08-10T15:59:51.716,RX,0x064,6,01 77 71 80 07 DA,1,30577,128,7,218,,,,smc6
2025-08-10T15:59:51.817,RX,0x064,6,01 77 71 80 08 38,1,30577,128,8,56,,,,smc6
2025-08-10T15:59:51.919,RX,0x064,6,01 77 71 80 08 26,1,30577,128,8,38,,,,smc6
2025-08-10T15:59:52.020,RX,0x064,6,01 77 71 80 08 05,1,30577,128,8,5,,,,smc6
2025-08-10T15:59:52.120,RX,0x064,6,01 77 71 80 07 F2,1,30577,128,7,242,,,,smc6
2025-08-10T15:59:52.221,RX,0x064,6,01 77 71 80 07 E8,1,30577,128,7,232,,,,smc6
2025-08-10T15:59:52.322,RX,0x064,6,01 77 71 80 07 E3,1,30577,128,7,227,,,,smc6
2025-08-10T15:59:52.424,RX,0x064,6,01 77 71 80 07 D7,1,30577,128,7,215,,,,smc6
2025-08-10T15:59:52.525,RX,0x064,6,01 77 71 80 07 F7,1,30577,128,7,247,,,,smc6
2025-08-10T15:59:52.626,RX,0x064,6,01 77 71 80 07 BA,1,30577,128,7,186,,,,smc6
2025-08-10T15:59:52.727,RX,0x064,6,01 77 71 80 08 08,1,30577,128,8,8,,,,smc6
2025-08-10T15:59:52.828,RX,0x064,6,01 77 71 80 07 CC,1,30577,128,7,204,,,,smc6
2025-08-10T15:59:52.933,RX,0x064,6,01 77 71 80 07 AA,1,30577,128,7,170,,,,smc6
2025-08-10T15:59:53.033,RX,0x064,6,01 77 71 80 07 CF,1,30577,128,7,207,,,,smc6
2025-08-10T15:59:53.139,RX,0x064,6,01 77 71 80 08 22,1,30577,128,8,34,,,,smc6
2025-08-10T15:59:53.240,RX,0x064,6,01 77 71 80 07 C1,1,30577,128,7,193,,,,smc6
2025-08-10T15:59:53.341,RX,0x064,6,01 77 71 80 07 EC,1,30577,128,7,236,,,,smc6
2025-08-10T15:59:53.442,RX,0x064,6,01 77 71 80 07 B3,1,30577,128,7,179,,,,smc6
2025-08-10T15:59:53.542,RX,0x064,6,01 77 71 80 08 21,1,30577,128,8,33,,,,smc6
2025-08-10T15:59:53.643,RX,0x064,6,01 77 71 80 08 07,1,30577,128,8,7,,,,smc6
2025-08-10T15:59:53.748,RX,0x064,6,01 77 71 80 08 0F,1,30577,128,8,15,,,,smc6
2025-08-10T15:59:53.849,RX,0x064,6,01 77 71 80 08 27,1,30577,128,8,39,,,,smc6
2025-08-10T15:59:53.956,RX,0x064,6,01 77 71 80 07 C2,1,30577,128,7,194,,,,smc6
2025-08-10T15:59:54.057,RX,0x064,6,01 77 71 80 08 2E,1,30577,128,8,46,,,,smc6
2025-08-10T15:59:54.158,RX,0x064,6,01 77 71 80 08 07,1,30577,128,8,7,,,,smc6
2025-08-10T15:59:54.261,RX,0x064,6,01 77 71 80 08 2F,1,30577,128,8,47,,,,smc6
2025-08-10T15:59:54.362,RX,0x064,6,01 77 71 80 07 E0,1,30577,128,7,224,,,,smc6
2025-08-10T15:59:54.464,RX,0x064,6,01 77 71 80 08 2E,1,30577,128,8,46,,,,smc6
2025-08-10T15:59:54.567,RX,0x064,6,01 77 71 80 08 0F,1,30577,128,8,15,,,,smc6
2025-08-10T15:59:54.668,RX,0x064,6,01 77 71 80 08 05,1,30577,128,8,5,,,,smc6
2025-08-10T15:59:54.775,RX,0x064,6,01 77 71 80 08 30,1,30577,128,8,48,,,,smc6
2025-08-10T15:59:54.876,RX,0x064,6,01 77 71 80 07 D6,1,30577,128,7,214,,,,smc6
2025-08-10T15:59:54.978,RX,0x064,6,01 77 71 80 07 CC,1,30577,128,7,204,,,,smc6
2025-08-10T15:59:55.079,RX,0x064,6,01 77 71 80 07 D8,1,30577,128,7,216,,,,smc6
2025-08-10T15:59:55.180,RX,0x064,6,01 77 71 80 08 34,1,30577,128,8,52,,,,smc6
2025-08-10T15:59:55.283,RX,0x064,6,01 77 71 80 07 FB,1,30577,128,7,251,,,,smc6
2025-08-10T15:59:55.384,RX,0x064,6,01 77 71 80 08 26,1,30577,128,8,38,,,,smc6
2025-08-10T15:59:55.485,RX,0x064,6,01 77 71 80 08 24,1,30577,128,8,36,,,,smc6
2025-08-10T15:59:55.586,RX,0x064,6,01 77 71 80 08 3A,1,30577,128,8,58,,,,smc6
2025-08-10T15:59:55.687,RX,0x064,6,01 77 71 80 08 17,1,30577,128,8,23,,,,smc6
2025-08-10T15:59:55.789,RX,0x064,6,01 77 71 80 07 FB,1,30577,128,7,251,,,,smc6
2025-08-10T15:59:55.889,RX,0x064,6,01 77 71 80 08 35,1,30577,128,8,53,,,,smc6
2025-08-10T15:59:55.998,RX,0x064,6,01 77 71 80 07 ED,1,30577,128,7,237,,,,smc6
2025-08-10T15:59:56.095,RX,0x064,6,01 77 71 80 07 D8,1,30577,128,7,216,,,,smc6
2025-08-10T15:59:56.205,RX,0x064,6,01 77 71 80 08 40,1,30577,128,8,64,,,,smc6
2025-08-10T15:59:56.306,RX,0x064,6,01 77 71 80 08 2C,1,30577,128,8,44,,,,smc6
2025-08-10T15:59:56.410,RX,0x064,6,01 77 71 80 07 DD,1,30577,128,7,221,,,,smc6
2025-08-10T15:59:56.512,RX,0x064,6,01 77 71 80 08 34,1,30577,128,8,52,,,,smc6
2025-08-10T15:59:56.616,RX,0x064,6,01 77 71 80 07 CB,1,30577,128,7,203,,,,smc6
2025-08-10T15:59:56.717,RX,0x064,6,01 77 71 80 08 33,1,30577,128,8,51,,,,smc6
2025-08-10T15:59:56.817,RX,0x064,6,01 77 71 80 08 03,1,30577,128,8,3,,,,smc6
2025-08-10T15:59:56.917,RX,0x064,6,01 77 71 80 08 2B,1,30577,128,8,43,,,,smc6
2025-08-10T15:59:57.019,RX,0x064,6,01 77 71 80 07 D2,1,30577,128,7,210,,,,smc6
2025-08-10T15:59:57.122,RX,0x064,6,01 77 71 80 08 1B,1,30577,128,8,27,,,,smc6
2025-08-10T15:59:57.224,RX,0x064,6,01 77 71 80 07 DF,1,30577,128,7,223,,,,smc6
2025-08-10T15:59:57.327,RX,0x064,6,01 77 71 80 07 F2,1,30577,128,7,242,,,,smc6
2025-08-10T15:59:57.431,RX,0x064,6,01 77 71 80 08 2C,1,30577,128,8,44,,,,smc6
2025-08-10T15:59:57.537,RX,0x064,6,01 77 71 80 07 D8,1,30577,128,7,216,,,,smc6
2025-08-10T15:59:57.634,RX,0x064,6,01 77 71 80 07 F0,1,30577,128,7,240,,,,smc6
2025-08-10T15:59:57.735,RX,0x064,6,01 77 71 80 07 CC,1,30577,128,7,204,,,,smc6
2025-08-10T15:59:57.837,RX,0x064,6,01 77 71 80 07 F7,1,30577,128,7,247,,,,smc6
2025-08-10T15:59:57.938,RX,0x064,6,01 77 71 80 08 1A,1,30577,128,8,26,,,,smc6
2025-08-10T15:59:58.040,RX,0x064,6,01 77 71 80 07 F0,1,30577,128,7,240,,,,smc6
2025-08-10T15:59:58.142,RX,0x064,6,01 77 71 80 07 DA,1,30577,128,7,218,,,,smc6
2025-08-10T15:59:58.242,RX,0x064,6,01 77 71 80 08 01,1,30577,128,8,1,,,,smc6
2025-08-10T15:59:58.349,RX,0x064,6,01 77 71 80 07 C0,1,30577,128,7,192,,,,smc6
2025-08-10T15:59:58.449,RX,0x064,6,01 77 71 80 08 34,1,30577,128,8,52,,,,smc6
2025-08-10T15:59:58.550,RX,0x064,6,01 77 71 80 07 C7,1,30577,128,7,199,,,,smc6
2025-08-10T15:59:58.651,RX,0x064,6,01 77 71 80 08 2D,1,30577,128,8,45,,,,smc6
2025-08-10T15:59:58.754,RX,0x064,6,01 77 71 80 07 ED,1,30577,128,7,237,,,,smc6
2025-08-10T15:59:58.860,RX,0x064,6,01 77 71 80 07 CA,1,30577,128,7,202,,,,smc6
2025-08-10T15:59:58.960,RX,0x064,6,01 77 71 80 07 C1,1,30577,128,7,193,,,,smc6
2025-08-10T15:59:59.062,RX,0x064,6,01 77 71 80 08 05,1,30577,128,8,5,,,,smc6
2025-08-10T15:59:59.162,RX,0x064,6,01 77 71 80 07 E9,1,30577,128,7,233,,,,smc6
2025-08-10T15:59:59.268,RX,0x064,6,01 77 71 80 08 2D,1,30577,128,8,45,,,,smc6
2025-08-10T15:59:59.376,RX,0x064,6,01 77 71 80 07 DD,1,30577,128,7,221,,,,smc6
2025-08-10T15:59:59.478,RX,0x064,6,01 77 71 80 07 E6,1,30577,128,7,230,,,,smc6
2025-08-10T15:59:59.577,RX,0x064,6,01 77 71 80 08 25,1,30577,128,8,37,,,,smc6
2025-08-10T15:59:59.679,RX,0x064,6,01 77 71 80 07 DA,1,30577,128,7,218,,,,smc6
2025-08-10T15:59:59.780,RX,0x064,6,01 77 71 80 08 2C,1,30577,128,8,44,,,,smc6
2025-08-10T15:59:59.882,RX,0x064,6,01 77 71 80 07 FC,1,30577,128,7,252,,,,smc6
2025-08-10T15:59:59.983,RX,0x064,6,01 77 71 80 07 F6,1,30577,128,7,246,,,,smc6
2025-08-10T16:00:00.089,RX,0x064,6,01 77 71 80 08 1A,1,30577,128,8,26,,,,smc6
2025-08-10T16:00:00.186,RX,0x064,6,01 77 71 80 07 D6,1,30577,128,7,214,,,,smc6
2025-08-10T16:00:00.287,RX,0x064,6,01 77 71 80 07 D0,1,30577,128,7,208,,,,smc6
2025-08-10T16:00:00.388,RX,0x064,6,01 77 71 80 08 47,1,30577,128,8,71,,,,smc6
2025-08-10T16:00:00.488,RX,0x064,6,01 77 71 80 07 CB,1,30577,128,7,203,,,,smc6
2025-08-10T16:00:00.589,RX,0x064,6,01 77 71 80 07 F3,1,30577,128,7,243,,,,smc6
2025-08-10T16:00:00.692,RX,0x064,6,01 77 71 80 07 CB,1,30577,128,7,203,,,,smc6
2025-08-10T16:00:00.793,RX,0x064,6,01 77 71 80 08 14,1,30577,128,8,20,,,,smc6
2025-08-10T16:00:00.895,RX,0x064,6,01 77 71 80 08 1D,1,30577,128,8,29,,,,smc6
2025-08-10T16:00:00.994,RX,0x064,6,01 77 71 80 08 46,1,30577,128,8,70,,,,smc6
2025-08-10T16:00:01.096,RX,0x064,6,01 77 71 80 08 20,1,30577,128,8,32,,,,smc6
2025-08-10T16:00:01.198,RX,0x064,6,01 77 71 80 07 C8,1,30577,128,7,200,,,,smc6
2025-08-10T16:00:01.310,RX,0x064,6,01 77 71 80 08 33,1,30577,128,8,51,,,,smc6
2025-08-10T16:00:01.407,RX,0x064,6,01 77 71 80 07 FD,1,30577,128,7,253,,,,smc6
2025-08-10T16:00:01.507,RX,0x064,6,01 77 71 80 07 FB,1,30577,128,7,251,,,,smc6
2025-08-10T16:00:01.615,RX,0x064,6,01 77 71 80 08 2B,1,30577,128,8,43,,,,smc6
2025-08-10T16:00:01.708,RX,0x064,6,01 77 71 80 08 09,1,30577,128,8,9,,,,smc6
2025-08-10T16:00:01.809,RX,0x064,6,01 77 71 80 07 D4,1,30577,128,7,212,,,,smc6
2025-08-10T16:00:01.909,RX,0x064,6,01 77 71 80 07 FF,1,30577,128,7,255,,,,smc6
2025-08-10T16:00:02.010,RX,0x064,6,01 77 71 80 07 E8,1,30577,128,7,232,,,,smc6
2025-08-10T16:00:02.111,RX,0x064,6,01 77 71 80 07 D4,1,30577,128,7,212,,,,smc6
2025-08-10T16:00:02.211,RX,0x064,6,01 77 71 80 08 32,1,30577,128,8,50,,,,smc6
2025-08-10T16:00:02.319,RX,0x064,6,01 77 71 80 07 FA,1,30577,128,7,250,,,,smc6
2025-08-10T16:00:02.426,RX,0x064,6,01 77 71 80 07 D1,1,30577,128,7,209,,,,smc6
2025-08-10T16:00:02.526,RX,0x064,6,01 77 71 80 08 3D,1,30577,128,8,61,,,,smc6
2025-08-10T16:00:02.628,RX,0x064,6,01 77 71 80 07 E4,1,30577,128,7,228,,,,smc6
2025-08-10T16:00:02.730,RX,0x064,6,01 77 71 80 07 CF,1,30577,128,7,207,,,,smc6
2025-08-10T16:00:02.834,RX,0x064,6,01 77 71 80 07 F3,1,30577,128,7,243,,,,smc6
2025-08-10T16:00:02.934,RX,0x064,6,01 77 71 80 07 E0,1,30577,128,7,224,,,,smc6
2025-08-10T16:00:03.037,RX,0x064,6,01 77 71 80 07 F1,1,30577,128,7,241,,,,smc6
2025-08-10T16:00:03.136,RX,0x064,6,01 77 71 80 07 F6,1,30577,128,7,246,,,,smc6
2025-08-10T16:00:03.237,RX,0x064,6,01 77 71 80 08 39,1,30577,128,8,57,,,,smc6
2025-08-10T16:00:03.339,RX,0x064,6,01 77 71 80 07 D9,1,30577,128,7,217,,,,smc6
2025-08-10T16:00:03.439,RX,0x064,6,01 77 71 80 08 2B,1,30577,128,8,43,,,,smc6
2025-08-10T16:00:03.541,RX,0x064,6,01 77 71 80 07 D6,1,30577,128,7,214,,,,smc6
2025-08-10T16:00:03.642,RX,0x064,6,01 77 71 80 08 2C,1,30577,128,8,44,,,,smc6
2025-08-10T16:00:03.742,RX,0x064,6,01 77 71 80 08 35,1,30577,128,8,53,,,,smc6
2025-08-10T16:00:03.843,RX,0x064,6,01 77 71 80 07 FB,1,30577,128,7,251,,,,smc6
2025-08-10T16:00:03.945,RX,0x064,6,01 77 71 80 07 D9,1,30577,128,7,217,,,,smc6
2025-08-10T16:00:04.054,RX,0x064,6,01 77 71 80 08 27,1,30577,128,8,39,,,,smc6
2025-08-10T16:00:04.152,RX,0x064,6,01 77 71 80 08 04,1,30577,128,8,4,,,,smc6
2025-08-10T16:00:04.254,RX,0x064,6,01 77 71 80 07 E3,1,30577,128,7,227,,,,smc6
2025-08-10T16:00:04.354,RX,0x064,6,01 77 71 80 08 22,1,30577,128,8,34,,,,smc6
2025-08-10T16:00:04.454,RX,0x064,6,01 77 71 80 07 E7,1,30577,128,7,231,,,,smc6
2025-08-10T16:00:04.556,RX,0x064,6,01 77 71 80 08 0A,1,30577,128,8,10,,,,smc6
2025-08-10T16:00:04.658,RX,0x064,6,01 77 71 80 07 F4,1,30577,128,7,244,,,,smc6
2025-08-10T16:00:04.765,RX,0x064,6,01 77 71 80 08 13,1,30577,128,8,19,,,,smc6
2025-08-10T16:00:04.864,RX,0x064,6,01 77 71 80 08 22,1,30577,128,8,34,,,,smc6
2025-08-10T16:00:04.963,RX,0x064,6,01 77 71 80 07 F8,1,30577,128,7,248,,,,smc6
2025-08-10T16:00:05.064,RX,0x064,6,01 77 71 80 08 37,1,30577,128,8,55,,,,smc6
2025-08-10T16:00:05.164,RX,0x064,6,01 77 71 80 07 B5,1,30577,128,7,181,,,,smc6
2025-08-10T16:00:05.266,RX,0x064,6,01 77 71 80 08 34,1,30577,128,8,52,,,,smc6
2025-08-10T16:00:05.369,RX,0x064,6,01 77 71 80 07 EB,1,30577,128,7,235,,,,smc6
2025-08-10T16:00:05.471,RX,0x064,6,01 77 71 80 08 47,1,30577,128,8,71,,,,smc6
2025-08-10T16:00:05.582,RX,0x064,6,01 77 71 80 07 D4,1,30577,128,7,212,,,,smc6
2025-08-10T16:00:05.685,RX,0x064,6,01 77 71 80 07 F8,1,30577,128,7,248,,,,smc6
2025-08-10T16:00:05.786,RX,0x064,6,01 77 71 80 07 D2,1,30577,128,7,210,,,,smc6
2025-08-10T16:00:05.886,RX,0x064,6,01 77 71 80 07 F7,1,30577,128,7,247,,,,smc6
2025-08-10T16:00:05.988,RX,0x064,6,01 77 71 80 07 DF,1,30577,128,7,223,,,,smc6
2025-08-10T16:00:06.090,RX,0x064,6,01 77 71 80 08 42,1,30577,128,8,66,,,,smc6
2025-08-10T16:00:06.192,RX,0x064,6,01 77 71 80 07 DE,1,30577,128,7,222,,,,smc6
2025-08-10T16:00:06.294,RX,0x064,6,01 77 71 80 08 29,1,30577,128,8,41,,,,smc6
2025-08-10T16:00:06.404,RX,0x064,6,01 77 71 80 08 2D,1,30577,128,8,45,,,,smc6
2025-08-10T16:00:06.504,RX,0x064,6,01 77 71 80 07 BC,1,30577,128,7,188,,,,smc6
2025-08-10T16:00:06.606,RX,0x064,6,01 77 71 80 08 2B,1,30577,128,8,43,,,,smc6
2025-08-10T16:00:06.707,RX,0x064,6,01 77 71 80 08 26,1,30577,128,8,38,,,,smc6
2025-08-10T16:00:06.813,RX,0x064,6,01 77 71 80 07 FC,1,30577,128,7,252,,,,smc6
2025-08-10T16:00:06.916,RX,0x064,6,01 77 71 80 07 C8,1,30577,128,7,200,,,,smc6
2025-08-10T16:00:07.020,RX,0x064,6,01 77 71 80 08 12,1,30577,128,8,18,,,,smc6
2025-08-10T16:00:07.122,RX,0x064,6,01 77 71 80 07 E8,1,30577,128,7,232,,,,smc6
2025-08-10T16:00:07.222,RX,0x064,6,01 77 71 80 08 0F,1,30577,128,8,15,,,,smc6
2025-08-10T16:00:07.323,RX,0x064,6,01 77 71 80 07 CF,1,30577,128,7,207,,,,smc6
2025-08-10T16:00:07.427,RX,0x064,6,01 77 71 80 08 3C,1,30577,128,8,60,,,,smc6
2025-08-10T16:00:07.530,RX,0x064,6,01 77 71 80 07 DD,1,30577,128,7,221,,,,smc6
2025-08-10T16:00:07.633,RX,0x064,6,01 77 71 80 07 DF,1,30577,128,7,223,,,,smc6
2025-08-10T16:00:07.739,RX,0x064,6,01 77 71 80 07 D6,1,30577,128,7,214,,,,smc6
2025-08-10T16:00:07.836,RX,0x064,6,01 77 71 80 08 13,1,30577,128,8,19,,,,smc6
2025-08-10T16:00:07.941,RX,0x064,6,01 77 71 80 08 37,1,30577,128,8,55,,,,smc6
2025-08-10T16:00:08.042,RX,0x064,6,01 77 71 80 08 2B,1,30577,128,8,43,,,,smc6
2025-08-10T16:00:08.143,RX,0x064,6,01 77 71 80 08 0F,1,30577,128,8,15,,,,smc6
2025-08-10T16:00:08.243,RX,0x064,6,01 77 71 80 07 A9,1,30577,128,7,169,,,,smc6
2025-08-10T16:00:08.348,RX,0x064,6,01 77 71 80 08 3D,1,30577,128,8,61,,,,smc6
2025-08-10T16:00:08.449,RX,0x064,6,01 77 71 80 08 11,1,30577,128,8,17,,,,smc6
2025-08-10T16:00:08.551,RX,0x064,6,01 77 71 80 08 08,1,30577,128,8,8,,,,smc6
2025-08-10T16:00:08.652,RX,0x064,6,01 77 71 80 07 ED,1,30577,128,7,237,,,,smc6
2025-08-10T16:00:08.752,RX,0x064,6,01 77 71 80 07 F7,1,30577,128,7,247,,,,smc6
2025-08-10T16:00:08.854,RX,0x064,6,01 77 71 80 07 CC,1,30577,128,7,204,,,,smc6
2025-08-10T16:00:08.958,RX,0x064,6,01 77 71 80 08 2F,1,30577,128,8,47,,,,smc6
2025-08-10T16:00:09.062,RX,0x064,6,01 77 71 80 07 F7,1,30577,128,7,247,,,,smc6
2025-08-10T16:00:09.169,RX,0x064,6,01 77 71 80 08 07,1,30577,128,8,7,,,,smc6
2025-08-10T16:00:09.271,RX,0x064,6,01 77 71 80 08 07,1,30577,128,8,7,,,,smc6
2025-08-10T16:00:09.378,RX,0x064,6,01 77 71 80 08 0B,1,30577,128,8,11,,,,smc6
2025-08-10T16:00:09.480,RX,0x064,6,01 77 71 80 08 38,1,30577,128,8,56,,,,smc6
2025-08-10T16:00:09.584,RX,0x064,6,01 77 71 80 08 2A,1,30577,128,8,42,,,,smc6
2025-08-10T16:00:09.688,RX,0x064,6,01 77 71 80 08 0C,1,30577,128,8,12,,,,smc6
2025-08-10T16:00:09.805,RX,0x064,6,01 77 71 80 07 EC,1,30577,128,7,236,,,,smc6
2025-08-10T16:00:09.907,RX,0x064,6,01 77 71 80 07 C4,1,30577,128,7,196,,,,smc6
2025-08-10T16:00:10.008,RX,0x064,6,01 77 71 80 07 FC,1,30577,128,7,252,,,,smc6
2025-08-10T16:00:10.110,RX,0x064,6,01 77 71 80 08 39,1,30577,128,8,57,,,,smc6
2025-08-10T16:00:10.213,RX,0x064,6,01 77 71 80 07 DF,1,30577,128,7,223,,,,smc6
2025-08-10T16:00:10.314,RX,0x064,6,01 77 71 80 07 E3,1,30577,128,7,227,,,,smc6
2025-08-10T16:00:10.421,RX,0x064,6,01 77 71 80 07 E8,1,30577,128,7,232,,,,smc6
2025-08-10T16:00:10.522,RX,0x064,6,01 77 71 80 07 F4,1,30577,128,7,244,,,,smc6
2025-08-10T16:00:10.623,RX,0x064,6,01 77 71 80 07 C6,1,30577,128,7,198,,,,smc6
2025-08-10T16:00:10.724,RX,0x064,6,01 77 71 80 07 FD,1,30577,128,7,253,,,,smc6
2025-08-10T16:00:10.827,RX,0x064,6,01 77 71 80 08 34,1,30577,128,8,52,,,,smc6
2025-08-10T16:00:10.928,RX,0x064,6,01 77 71 80 07 F4,1,30577,128,7,244,,,,smc6
2025-08-10T16:00:11.032,RX,0x064,6,01 77 71 80 08 13,1,30577,128,8,19,,,,smc6
2025-08-10T16:00:11.136,RX,0x064,6,01 77 71 80 08 10,1,30577,128,8,16,,,,smc6
2025-08-10T16:00:11.238,RX,0x064,6,01 77 71 80 07 AF,1,30577,128,7,175,,,,smc6
2025-08-10T16:00:11.340,RX,0x064,6,01 77 71 80 07 E9,1,30577,128,7,233,,,,smc6
2025-08-10T16:00:11.441,RX,0x064,6,01 77 71 80 07 CC,1,30577,128,7,204,,,,smc6
2025-08-10T16:00:11.542,RX,0x064,6,01 77 71 80 08 31,1,30577,128,8,49,,,,smc6
2025-08-10T16:00:11.644,RX,0x064,6,01 77 71 80 08 3A,1,30577,128,8,58,,,,smc6
2025-08-10T16:00:11.747,RX,0x064,6,01 77 71 80 07 DC,1,30577,128,7,220,,,,smc6
2025-08-10T16:00:11.850,RX,0x064,6,01 77 71 80 07 D0,1,30577,128,7,208,,,,smc6
2025-08-10T16:00:11.951,RX,0x064,6,01 77 71 80 07 C7,1,30577,128,7,199,,,,smc6
2025-08-10T16:00:12.056,RX,0x064,6,01 77 71 80 08 13,1,30577,128,8,19,,,,smc6
2025-08-10T16:00:12.159,RX,0x064,6,01 77 71 80 07 D0,1,30577,128,7,208,,,,smc6
2025-08-10T16:00:12.264,RX,0x064,6,01 77 71 80 08 17,1,30577,128,8,23,,,,smc6
2025-08-10T16:00:12.369,RX,0x064,6,01 77 71 80 07 EB,1,30577,128,7,235,,,,smc6
2025-08-10T16:00:12.471,RX,0x064,6,01 77 71 80 07 F4,1,30577,128,7,244,,,,smc6
2025-08-10T16:00:12.571,RX,0x064,6,01 77 71 80 08 36,1,30577,128,8,54,,,,smc6
2025-08-10T16:00:12.672,RX,0x064,6,01 77 71 80 08 1E,1,30577,128,8,30,,,,smc6
2025-08-10T16:00:12.774,RX,0x064,6,01 77 71 80 08 41,1,30577,128,8,65,,,,smc6
2025-08-10T16:00:12.875,RX,0x064,6,01 77 71 80 08 20,1,30577,128,8,32,,,,smc6
2025-08-10T16:00:12.975,RX,0x064,6,01 77 71 80 07 EB,1,30577,128,7,235,,,,smc6
2025-08-10T16:00:13.076,RX,0x064,6,01 77 71 80 07 D6,1,30577,128,7,214,,,,smc6
2025-08-10T16:00:13.180,RX,0x064,6,01 77 71 80 08 31,1,30577,128,8,49,,,,smc6
2025-08-10T16:00:13.282,RX,0x064,6,01 77 71 80 07 C5,1,30577,128,7,197,,,,smc6
2025-08-10T16:00:13.384,RX,0x064,6,01 77 71 80 08 1E,1,30577,128,8,30,,,,smc6
2025-08-10T16:00:13.486,RX,0x064,6,01 77 71 80 08 3D,1,30577,128,8,61,,,,smc6
2025-08-10T16:00:13.588,RX,0x064,6,01 77 71 80 07 DC,1,30577,128,7,220,,,,smc6
2025-08-10T16:00:13.694,RX,0x064,6,01 77 71 80 08 43,1,30577,128,8,67,,,,smc6
2025-08-10T16:00:13.793,RX,0x064,6,01 77 71 80 08 24,1,30577,128,8,36,,,,smc6
2025-08-10T16:00:13.899,RX,0x064,6,01 77 71 80 08 12,1,30577,128,8,18,,,,smc6
2025-08-10T16:00:14.000,RX,0x064,6,01 77 71 80 08 3F,1,30577,128,8,63,,,,smc6
2025-08-10T16:00:14.103,RX,0x064,6,01 77 71 80 08 1A,1,30577,128,8,26,,,,smc6
2025-08-10T16:00:14.206,RX,0x064,6,01 77 71 80 08 26,1,30577,128,8,38,,,,smc6
2025-08-10T16:00:14.311,RX,0x064,6,01 77 71 80 07 DA,1,30577,128,7,218,,,,smc6
2025-08-10T16:00:14.414,RX,0x064,6,01 77 71 80 08 03,1,30577,128,8,3,,,,smc6
2025-08-10T16:00:14.517,RX,0x064,6,01 77 71 80 07 B5,1,30577,128,7,181,,,,smc6
2025-08-10T16:00:14.621,RX,0x064,6,01 77 71 80 08 09,1,30577,128,8,9,,,,smc6
2025-08-10T16:00:14.724,RX,0x064,6,01 77 71 80 07 C4,1,30577,128,7,196,,,,smc6
2025-08-10T16:00:14.825,RX,0x064,6,01 77 71 80 08 2C,1,30577,128,8,44,,,,smc6
2025-08-10T16:00:14.933,RX,0x064,6,01 77 71 80 08 09,1,30577,128,8,9,,,,smc6
2025-08-10T16:00:15.037,RX,0x064,6,01 77 71 80 07 E9,1,30577,128,7,233,,,,smc6
2025-08-10T16:00:15.137,RX,0x064,6,01 77 71 80 07 CE,1,30577,128,7,206,,,,smc6
2025-08-10T16:00:15.238,RX,0x064,6,01 77 71 80 07 B3,1,30577,128,7,179,,,,smc6
2025-08-10T16:00:15.346,RX,0x064,6,01 77 71 80 07 ED,1,30577,128,7,237,,,,smc6
2025-08-10T16:00:15.447,RX,0x064,6,01 77 71 80 08 02,1,30577,128,8,2,,,,smc6
2025-08-10T16:00:15.553,RX,0x064,6,01 77 71 80 08 16,1,30577,128,8,22,,,,smc6
2025-08-10T16:00:15.658,RX,0x064,6,01 77 71 80 07 DE,1,30577,128,7,222,,,,smc6
2025-08-10T16:00:15.763,RX,0x064,6,01 77 71 80 07 E5,1,30577,128,7,229,,,,smc6
2025-08-10T16:00:15.867,RX,0x064,6,01 77 71 80 08 09,1,30577,128,8,9,,,,smc6
2025-08-10T16:00:15.971,RX,0x064,6,01 77 71 80 07 D4,1,30577,128,7,212,,,,smc6
2025-08-10T16:00:16.069,RX,0x064,6,01 77 71 80 07 EE,1,30577,128,7,238,,,,smc6
2025-08-10T16:00:16.170,RX,0x064,6,01 77 71 80 08 29,1,30577,128,8,41,,,,smc6
2025-08-10T16:00:16.272,RX,0x064,6,01 77 71 80 07 CD,1,30577,128,7,205,,,,smc6
2025-08-10T16:00:16.381,RX,0x064,6,01 77 71 80 07 FD,1,30577,128,7,253,,,,smc6
2025-08-10T16:00:16.477,RX,0x064,6,01 77 71 80 07 D0,1,30577,128,7,208,,,,smc6
2025-08-10T16:00:16.574,RX,0x064,6,01 77 71 80 07 D8,1,30577,128,7,216,,,,smc6
2025-08-10T16:00:16.676,RX,0x064,6,01 77 71 80 08 3A,1,30577,128,8,58,,,,smc6
2025-08-10T16:00:16.775,RX,0x064,6,01 77 71 80 07 B8,1,30577,128,7,184,,,,smc6
2025-08-10T16:00:16.876,RX,0x064,6,01 77 71 80 08 40,1,30577,128,8,64,,,,smc6
2025-08-10T16:00:16.977,RX,0x064,6,01 77 71 80 08 2F,1,30577,128,8,47,,,,smc6
2025-08-10T16:00:17.081,RX,0x064,6,01 77 71 80 07 CC,1,30577,128,7,204,,,,smc6
2025-08-10T16:00:17.182,RX,0x064,6,01 77 71 80 07 CF,1,30577,128,7,207,,,,smc6
2025-08-10T16:00:17.283,RX,0x064,6,01 77 71 80 07 FC,1,30577,128,7,252,,,,smc6
2025-08-10T16:00:17.384,RX,0x064,6,01 77 71 80 08 3C,1,30577,128,8,60,,,,smc6
2025-08-10T16:00:17.485,RX,0x064,6,01 77 71 80 08 30,1,30577,128,8,48,,,,smc6
2025-08-10T16:00:17.586,RX,0x064,6,01 77 71 80 07 D4,1,30577,128,7,212,,,,smc6
2025-08-10T16:00:17.688,RX,0x064,6,01 77 71 80 08 08,1,30577,128,8,8,,,,smc6
2025-08-10T16:00:17.788,RX,0x064,6,01 77 71 80 08 0C,1,30577,128,8,12,,,,smc6
2025-08-10T16:00:17.889,RX,0x064,6,01 77 71 80 08 22,1,30577,128,8,34,,,,smc6
2025-08-10T16:00:17.989,RX,0x064,6,01 77 71 80 07 CC,1,30577,128,7,204,,,,smc6
2025-08-10T16:00:18.090,RX,0x064,6,01 77 71 80 07 A3,1,30577,128,7,163,,,,smc6
2025-08-10T16:00:18.192,RX,0x064,6,01 77 71 80 07 B7,1,30577,128,7,183,,,,smc6
2025-08-10T16:00:18.294,RX,0x064,6,01 77 71 80 08 06,1,30577,128,8,6,,,,smc6
2025-08-10T16:00:18.395,RX,0x064,6,01 77 71 80 08 0A,1,30577,128,8,10,,,,smc6
2025-08-10T16:00:18.496,RX,0x064,6,01 77 71 80 08 14,1,30577,128,8,20,,,,smc6
2025-08-10T16:00:18.596,RX,0x064,6,01 77 71 80 08 33,1,30577,128,8,51,,,,smc6
2025-08-10T16:00:18.697,RX,0x064,6,01 77 71 80 08 2F,1,30577,128,8,47,,,,smc6
2025-08-10T16:00:18.798,RX,0x064,6,01 77 71 80 08 00,1,30577,128,8,0,,,,smc6
2025-08-10T16:00:18.898,RX,0x064,6,01 77 71 80 07 A9,1,30577,128,7,169,,,,smc6
2025-08-10T16:00:18.999,RX,0x064,6,01 77 71 80 07 F9,1,30577,128,7,249,,,,smc6
2025-08-10T16:00:19.100,RX,0x064,6,01 77 71 80 07 AD,1,30577,128,7,173,,,,smc6
2025-08-10T16:00:19.200,RX,0x064,6,01 77 71 80 08 11,1,30577,128,8,17,,,,smc6
2025-08-10T16:00:19.304,RX,0x064,6,01 77 71 80 07 E6,1,30577,128,7,230,,,,smc6
2025-08-10T16:00:19.409,RX,0x064,6,01 77 71 80 07 E5,1,30577,128,7,229,,,,smc6
2025-08-10T16:00:19.510,RX,0x064,6,01 77 71 80 07 CF,1,30577,128,7,207,,,,smc6
2025-08-10T16:00:19.612,RX,0x064,6,01 77 71 80 08 3A,1,30577,128,8,58,,,,smc6
2025-08-10T16:00:19.712,RX,0x064,6,01 77 71 80 07 C1,1,30577,128,7,193,,,,smc6
2025-08-10T16:00:19.815,RX,0x064,6,01 77 71 80 08 39,1,30577,128,8,57,,,,smc6
2025-08-10T16:00:19.916,RX,0x064,6,01 77 71 80 07 EC,1,30577,128,7,236,,,,smc6
2025-08-10T16:00:20.017,RX,0x064,6,01 77 71 80 07 CF,1,30577,128,7,207,,,,smc6
2025-08-10T16:00:20.119,RX,0x064,6,01 77 71 80 08 37,1,30577,128,8,55,,,,smc6
2025-08-10T16:00:20.225,RX,0x064,6,01 77 71 80 08 31,1,30577,128,8,49,,,,smc6
2025-08-10T16:00:20.329,RX,0x064,6,01 77 71 80 08 08,1,30577,128,8,8,,,,smc6
2025-08-10T16:00:20.429,RX,0x064,6,01 77 71 80 08 03,1,30577,128,8,3,,,,smc6
2025-08-10T16:00:20.530,RX,0x064,6,01 77 71 80 07 EC,1,30577,128,7,236,,,,smc6
2025-08-10T16:00:20.631,RX,0x064,6,01 77 71 80 08 0C,1,30577,128,8,12,,,,smc6
2025-08-10T16:00:20.731,RX,0x064,6,01 77 71 80 08 2F,1,30577,128,8,47,,,,smc6
2025-08-10T16:00:20.833,RX,0x064,6,01 77 71 80 08 49,1,30577,128,8,73,,,,smc6
2025-08-10T16:00:20.934,RX,0x064,6,01 77 71 80 07 EF,1,30577,128,7,239,,,,smc6
2025-08-10T16:00:21.036,RX,0x064,6,01 77 71 80 08 24,1,30577,128,8,36,,,,smc6
2025-08-10T16:00:21.137,RX,0x064,6,01 77 71 80 08 2B,1,30577,128,8,43,,,,smc6
2025-08-10T16:00:21.237,RX,0x064,6,01 77 71 80 07 F3,1,30577,128,7,243,,,,smc6
2025-08-10T16:00:21.339,RX,0x064,6,01 77 71 80 07 F0,1,30577,128,7,240,,,,smc6
2025-08-10T16:00:21.440,RX,0x064,6,01 77 71 80 07 B5,1,30577,128,7,181,,,,smc6
2025-08-10T16:00:21.541,RX,0x064,6,01 77 71 80 07 ED,1,30577,128,7,237,,,,smc6
2025-08-10T16:00:21.643,RX,0x064,6,01 77 71 80 07 F6,1,30577,128,7,246,,,,smc6
2025-08-10T16:00:21.743,RX,0x064,6,01 77 71 80 08 00,1,30577,128,8,0,,,,smc6
2025-08-10T16:00:21.844,RX,0x064,6,01 77 71 80 07 BD,1,30577,128,7,189,,,,smc6
2025-08-10T16:00:21.945,RX,0x064,6,01 77 71 80 07 D9,1,30577,128,7,217,,,,smc6
2025-08-10T16:00:22.046,RX,0x064,6,01 77 71 80 07 BB,1,30577,128,7,187,,,,smc6
2025-08-10T16:00:22.147,RX,0x064,6,01 77 71 80 07 D4,1,30577,128,7,212,,,,smc6
2025-08-10T16:00:22.247,RX,0x064,6,01 77 71 80 07 E6,1,30577,128,7,230,,,,smc6
2025-08-10T16:00:22.348,RX,0x064,6,01 77 71 80 08 03,1,30577,128,8,3,,,,smc6
2025-08-10T16:00:22.450,RX,0x064,6,01 77 71 80 08 1F,1,30577,128,8,31,,,,smc6
2025-08-10T16:00:22.551,RX,0x064,6,01 77 71 80 08 39,1,30577,128,8,57,,,,smc6
2025-08-10T16:00:22.653,RX,0x064,6,01 77 71 80 08 09,1,30577,128,8,9,,,,smc6
2025-08-10T16:00:22.753,RX,0x064,6,01 77 71 80 07 E5,1,30577,128,7,229,,,,smc6
2025-08-10T16:00:22.853,RX,0x064,6,01 77 71 80 07 BC,1,30577,128,7,188,,,,smc6
2025-08-10T16:00:22.956,RX,0x064,6,01 77 71 80 08 2C,1,30577,128,8,44,,,,smc6
2025-08-10T16:00:23.059,RX,0x064,6,01 77 71 80 07 FB,1,30577,128,7,251,,,,smc6
2025-08-10T16:00:23.158,RX,0x064,6,01 77 71 80 08 38,1,30577,128,8,56,,,,smc6
2025-08-10T16:00:23.259,RX,0x064,6,01 77 71 80 07 DA,1,30577,128,7,218,,,,smc6
2025-08-10T16:00:23.361,RX,0x064,6,01 77 71 80 07 FE,1,30577,128,7,254,,,,smc6
2025-08-10T16:00:23.462,RX,0x064,6,01 77 71 80 08 12,1,30577,128,8,18,,,,smc6
2025-08-10T16:00:23.563,RX,0x064,6,01 77 71 80 08 05,1,30577,128,8,5,,,,smc6
2025-08-10T16:00:23.663,RX,0x064,6,01 77 71 80 08 21,1,30577,128,8,33,,,,smc6
2025-08-10T16:00:23.763,RX,0x064,6,01 77 71 80 08 3F,1,30577,128,8,63,,,,smc6
2025-08-10T16:00:23.868,RX,0x064,6,01 77 71 80 08 32,1,30577,128,8,50,,,,smc6
2025-08-10T16:00:23.970,RX,0x064,6,01 77 71 80 08 11,1,30577,128,8,17,,,,smc6
2025-08-10T16:00:24.069,RX,0x064,6,01 77 71 80 07 CB,1,30577,128,7,203,,,,smc6
2025-08-10T16:00:24.171,RX,0x064,6,01 77 71 80 08 0B,1,30577,128,8,11,,,,smc6
2025-08-10T16:00:24.273,RX,0x064,6,01 77 71 80 08 0E,1,30577,128,8,14,,,,smc6
2025-08-10T16:00:24.373,RX,0x064,6,01 77 71 80 07 E4,1,30577,128,7,228,,,,smc6
2025-08-10T16:00:24.475,RX,0x064,6,01 77 71 80 08 28,1,30577,128,8,40,,,,smc6
2025-08-10T16:00:24.576,RX,0x064,6,01 77 71 80 08 0B,1,30577,128,8,11,,,,smc6
2025-08-10T16:00:24.676,RX,0x064,6,01 77 71 80 07 D2,1,30577,128,7,210,,,,smc6
2025-08-10T16:00:24.777,RX,0x064,6,01 77 71 80 07 EC,1,30577,128,7,236,,,,smc6
2025-08-10T16:00:24.877,RX,0x064,6,01 77 71 80 07 EC,1,30577,128,7,236,,,,smc6
2025-08-10T16:00:24.982,RX,0x064,6,01 77 71 80 08 10,1,30577,128,8,16,,,,smc6
2025-08-10T16:00:25.095,RX,0x064,6,01 77 71 80 08 4B,1,30577,128,8,75,,,,smc6
2025-08-10T16:00:25.196,RX,0x064,6,01 77 71 80 07 BF,1,30577,128,7,191,,,,smc6
2025-08-10T16:00:25.297,RX,0x064,6,01 77 71 80 07 E4,1,30577,128,7,228,,,,smc6
2025-08-10T16:00:25.397,RX,0x064,6,01 77 71 80 08 07,1,30577,128,8,7,,,,smc6
2025-08-10T16:00:25.500,RX,0x064,6,01 77 71 80 07 D4,1,30577,128,7,212,,,,smc6
2025-08-10T16:00:25.602,RX,0x064,6,01 77 71 80 07 B5,1,30577,128,7,181,,,,smc6
2025-08-10T16:00:25.702,RX,0x064,6,01 77 71 80 07 EF,1,30577,128,7,239,,,,smc6
2025-08-10T16:00:25.803,RX,0x064,6,01 77 71 80 07 FB,1,30577,128,7,251,,,,smc6
2025-08-10T16:00:25.903,RX,0x064,6,01 77 71 80 08 37,1,30577,128,8,55,,,,smc6
2025-08-10T16:00:26.004,RX,0x064,6,01 77 71 80 07 F3,1,30577,128,7,243,,,,smc6
2025-08-10T16:00:26.107,RX,0x064,6,01 77 71 80 07 D1,1,30577,128,7,209,,,,smc6
2025-08-10T16:00:26.208,RX,0x064,6,01 77 71 80 07 DD,1,30577,128,7,221,,,,smc6
2025-08-10T16:00:26.308,RX,0x064,6,01 77 71 80 08 40,1,30577,128,8,64,,,,smc6
2025-08-10T16:00:26.409,RX,0x064,6,01 77 71 80 07 C7,1,30577,128,7,199,,,,smc6
2025-08-10T16:00:26.509,RX,0x064,6,01 77 72 80 07 FF,1,30578,128,7,255,,,,smc6
2025-08-10T16:00:26.615,RX,0x064,6,01 77 7D 80 67 FA,1,30589,128,103,250,,,,smc6
2025-08-10T16:00:26.715,RX,0x064,6,01 78 19 83 A8 17,1,30745,131,168,23,,,,smc6
2025-08-10T16:00:26.818,RX,0x064,6,01 79 6A 85 F8 03,1,31082,133,248,3,,,,smc6
2025-08-10T16:00:26.919,RX,0x064,6,01 7B 6C 88 78 20,1,31596,136,120,32,,,,smc6
2025-08-10T16:00:27.021,RX,0x064,6,01 7D A7 88 D8 24,1,32167,136,216,36,,,,smc6
2025-08-10T16:00:27.122,RX,0x064,6,01 7F AD 87 97 F6,1,32685,135,151,246,,,,smc6
2025-08-10T16:00:27.229,RX,0x064,6,01 81 9D 87 68 2B,1,-32355,135,104,43,,,,smc6
2025-08-10T16:00:27.330,RX,0x064,6,01 83 9C 88 68 1A,1,-31844,136,104,26,,,,smc6
2025-08-10T16:00:27.435,RX,0x064,6,01 85 E9 88 F7 E8,1,-31255,136,247,232,,,,smc6
2025-08-10T16:00:27.541,RX,0x064,6,01 88 11 86 D7 DE,1,-30703,134,215,222,,,,smc6
2025-08-10T16:00:27.636,RX,0x064,6,01 89 2A 82 C7 DA,1,-30422,130,199,218,,,,smc6
2025-08-10T16:00:27.740,RX,0x064,6,01 89 71 80 67 F8,1,-30351,128,103,248,,,,smc6
2025-08-10T16:00:27.840,RX,0x064,6,01 89 74 80 08 11,1,-30348,128,8,17,,,,smc6
2025-08-10T16:00:27.940,RX,0x064,6,01 89 74 80 07 C3,1,-30348,128,7,195,,,,smc6
2025-08-10T16:00:28.042,RX,0x064,6,01 89 74 80 07 F4,1,-30348,128,7,244,,,,smc6
2025-08-10T16:00:28.140,RX,0x064,6,01 89 74 80 08 2E,1,-30348,128,8,46,,,,smc6
2025-08-10T16:00:28.240,RX,0x064,6,01 89 74 80 07 D6,1,-30348,128,7,214,,,,smc6
2025-08-10T16:00:28.341,RX,0x064,6,01 89 74 80 07 F1,1,-30348,128,7,241,,,,smc6
2025-08-10T16:00:28.441,RX,0x064,6,01 89 74 80 08 1F,1,-30348,128,8,31,,,,smc6
2025-08-10T16:00:28.543,RX,0x064,6,01 89 74 80 08 0D,1,-30348,128,8,13,,,,smc6
2025-08-10T16:00:28.645,RX,0x064,6,01 89 74 80 08 2D,1,-30348,128,8,45,,,,smc6
2025-08-10T16:00:28.746,RX,0x064,6,01 89 74 80 07 E2,1,-30348,128,7,226,,,,smc6
2025-08-10T16:00:28.852,RX,0x064,6,01 89 74 80 08 05,1,-30348,128,8,5,,,,smc6
2025-08-10T16:00:28.952,RX,0x064,6,01 89 74 80 07 BE,1,-30348,128,7,190,,,,smc6
2025-08-10T16:00:29.053,RX,0x064,6,01 89 A1 81 98 0B,1,-30303,129,152,11,,,,smc6
2025-08-10T16:00:29.155,RX,0x064,6,01 8A E9 87 18 59,1,-29975,135,24,89,,,,smc6
2025-08-10T16:00:29.255,RX,0x064,6,01 8D 0F 88 A8 3F,1,-29425,136,168,63,,,,smc6
2025-08-10T16:00:29.357,RX,0x064,6,01 8E ED 85 87 FE,1,-28947,133,135,254,,,,smc6
2025-08-10T16:00:29.458,RX,0x064,6,01 8F DD 82 18 52,1,-28707,130,24,82,,,,smc6
2025-08-10T16:00:29.561,RX,0x064,6,01 8F FD 80 08 04,1,-28675,128,8,4,,,,smc6
2025-08-10T16:00:29.666,RX,0x064,6,01 90 1F 80 D8 02,1,-28641,128,216,2,,,,smc6
2025-08-10T16:00:29.767,RX,0x064,6,01 90 22 80 08 03,1,-28638,128,8,3,,,,smc6
2025-08-10T16:00:29.868,RX,0x064,6,01 90 22 80 08 04,1,-28638,128,8,4,,,,smc6
2025-08-10T16:00:29.968,RX,0x064,6,01 90 22 80 08 04,1,-28638,128,8,4,,,,smc6
2025-08-10T16:00:30.072,RX,0x064,6,01 90 22 80 08 04,1,-28638,128,8,4,,,,smc6
2025-08-10T16:00:30.172,RX,0x064,6,01 90 22 80 08 04,1,-28638,128,8,4,,,,smc6
2025-08-10T16:00:30.281,RX,0x064,6,01 90 22 80 08 04,1,-28638,128,8,4,,,,smc6
2025-08-10T16:00:30.384,RX,0x064,6,01 90 22 80 08 04,1,-28638,128,8,4,,,,smc6
2025-08-10T16:00:30.486,RX,0x064,6,01 90 45 82 38 55,1,-28603,130,56,85,,,,smc6
2025-08-10T16:00:30.592,RX,0x064,6,01 92 67 8B F7 DA,1,-28057,139,247,218,,,,smc6
2025-08-10T16:00:30.698,RX,0x064,6,01 96 B7 92 E7 C8,1,-26953,146,231,200,,,,smc6
2025-08-10T16:00:30.801,RX,0x064,6,01 9B 0A 8D 77 FC,1,-25846,141,119,252,,,,smc6
2025-08-10T16:00:30.902,RX,0x064,6,01 9C 77 7F 88 01,1,-25481,127,136,1,,,,smc6
2025-08-10T16:00:31.003,RX,0x064,6,01 9C 74 80 08 02,1,-25484,128,8,2,,,,smc6
2025-08-10T16:00:31.104,RX,0x064,6,01 9C 74 80 08 02,1,-25484,128,8,2,,,,smc6
2025-08-10T16:00:31.210,RX,0x064,6,01 9C 74 80 08 02,1,-25484,128,8,2,,,,smc6
2025-08-10T16:00:31.311,RX,0x064,6,01 9C 74 80 08 02,1,-25484,128,8,2,,,,smc6
2025-08-10T16:00:31.412,RX,0x064,6,01 9C 74 80 08 02,1,-25484,128,8,2,,,,smc6
2025-08-10T16:00:31.513,RX,0x064,6,01 9C 74 80 08 02,1,-25484,128,8,2,,,,smc6
2025-08-10T16:00:31.614,RX,0x064,6,01 9C 74 80 08 02,1,-25484,128,8,2,,,,smc6
2025-08-10T16:00:31.717,RX,0x064,6,01 9C 76 80 08 01,1,-25482,128,8,1,,,,smc6
2025-08-10T16:00:31.821,RX,0x064,6,01 9C AF 82 F8 03,1,-25425,130,248,3,,,,smc6
2025-08-10T16:00:31.921,RX,0x064,6,01 9E 6C 85 E8 38,1,-24980,133,232,56,,,,smc6
2025-08-10T16:00:32.022,RX,0x064,6,01 9E BE 80 08 36,1,-24898,128,8,54,,,,smc6
2025-08-10T16:00:32.123,RX,0x064,6,01 9E BE 80 08 1D,1,-24898,128,8,29,,,,smc6
2025-08-10T16:00:32.224,RX,0x064,6,01 9E BE 80 07 EE,1,-24898,128,7,238,,,,smc6
2025-08-10T16:00:32.326,RX,0x064,6,01 9E BE 80 08 18,1,-24898,128,8,24,,,,smc6
2025-08-10T16:00:32.426,RX,0x064,6,01 9E BE 80 08 36,1,-24898,128,8,54,,,,smc6
2025-08-10T16:00:32.530,RX,0x064,6,01 9E BE 80 08 34,1,-24898,128,8,52,,,,smc6
2025-08-10T16:00:32.628,RX,0x064,6,01 9E BE 80 07 F1,1,-24898,128,7,241,,,,smc6
2025-08-10T16:00:32.730,RX,0x064,6,01 9E BE 80 07 C4,1,-24898,128,7,196,,,,smc6
2025-08-10T16:00:32.831,RX,0x064,6,01 9E D7 80 C8 06,1,-24873,128,200,6,,,,smc6
2025-08-10T16:00:32.931,RX,0x064,6,01 9F AE 85 97 79,1,-24658,133,151,121,,,,smc6
2025-08-10T16:00:33.032,RX,0x064,6,01 A2 06 8B 07 FB,1,-24058,139,7,251,,,,smc6
2025-08-10T16:00:33.133,RX,0x064,6,01 A5 82 8E 68 11,1,-23166,142,104,17,,,,smc6
2025-08-10T16:00:33.240,RX,0x064,6,01 A9 39 8C B8 04,1,-22215,140,184,4,,,,smc6
2025-08-10T16:00:33.343,RX,0x064,6,01 AB 46 83 37 FC,1,-21690,131,55,252,,,,smc6
2025-08-10T16:00:33.441,RX,0x064,6,01 AB 57 80 07 F0,1,-21673,128,7,240,,,,smc6
2025-08-10T16:00:33.542,RX,0x064,6,01 AB 57 80 08 1E,1,-21673,128,8,30,,,,smc6
2025-08-10T16:00:33.642,RX,0x064,6,01 AB 57 80 07 DD,1,-21673,128,7,221,,,,smc6
2025-08-10T16:00:33.744,RX,0x064,6,01 AB 57 80 08 91,1,-21673,128,8,145,,,,smc6
2025-08-10T16:00:33.844,RX,0x064,6,01 AB 57 80 07 EE,1,-21673,128,7,238,,,,smc6
2025-08-10T16:00:33.943,RX,0x064,6,01 AB 57 80 08 2C,1,-21673,128,8,44,,,,smc6
2025-08-10T16:00:34.046,RX,0x064,6,01 AB 57 80 07 B7,1,-21673,128,7,183,,,,smc6
2025-08-10T16:00:34.146,RX,0x064,6,01 AB 57 80 07 E2,1,-21673,128,7,226,,,,smc6
2025-08-10T16:00:34.246,RX,0x064,6,01 AB 57 80 08 12,1,-21673,128,8,18,,,,smc6
2025-08-10T16:00:34.348,RX,0x064,6,01 AB 57 80 07 CE,1,-21673,128,7,206,,,,smc6
2025-08-10T16:00:34.450,RX,0x064,6,01 AB 57 80 08 23,1,-21673,128,8,35,,,,smc6
2025-08-10T16:00:34.564,RX,0x064,6,01 AB 57 80 07 EF,1,-21673,128,7,239,,,,smc6
2025-08-10T16:00:34.664,RX,0x064,6,01 AB 57 80 07 F1,1,-21673,128,7,241,,,,smc6
2025-08-10T16:00:34.766,RX,0x064,6,01 AB 57 80 08 85,1,-21673,128,8,133,,,,smc6
2025-08-10T16:00:34.870,RX,0x064,6,01 AB 57 80 08 2C,1,-21673,128,8,44,,,,smc6
2025-08-10T16:00:34.973,RX,0x064,6,01 AB 57 80 08 1C,1,-21673,128,8,28,,,,smc6
2025-08-10T16:00:35.076,RX,0x064,6,01 AB 57 80 07 F4,1,-21673,128,7,244,,,,smc6
2025-08-10T16:00:35.178,RX,0x064,6,01 AB 57 80 08 00,1,-21673,128,8,0,,,,smc6
2025-08-10T16:00:35.280,RX,0x064,6,01 AB 57 80 08 1C,1,-21673,128,8,28,,,,smc6
2025-08-10T16:00:35.381,RX,0x064,6,01 AB 57 80 08 2F,1,-21673,128,8,47,,,,smc6
2025-08-10T16:00:35.485,RX,0x064,6,01 AB 57 80 07 B6,1,-21673,128,7,182,,,,smc6
2025-08-10T16:00:35.588,RX,0x064,6,01 AB 57 80 08 10,1,-21673,128,8,16,,,,smc6
2025-08-10T16:00:35.691,RX,0x064,6,01 AB 57 80 08 1D,1,-21673,128,8,29,,,,smc6
2025-08-10T16:00:35.793,RX,0x064,6,01 AB 57 80 07 FA,1,-21673,128,7,250,,,,smc6
2025-08-10T16:00:35.896,RX,0x064,6,01 AB 57 80 08 2F,1,-21673,128,8,47,,,,smc6
2025-08-10T16:00:36.002,RX,0x064,6,01 AB 57 80 08 18,1,-21673,128,8,24,,,,smc6
2025-08-10T16:00:36.102,RX,0x064,6,01 AB 57 80 08 70,1,-21673,128,8,112,,,,smc6
2025-08-10T16:00:36.203,RX,0x064,6,01 AB 57 80 07 DB,1,-21673,128,7,219,,,,smc6
2025-08-10T16:00:36.304,RX,0x064,6,01 AB 57 80 08 12,1,-21673,128,8,18,,,,smc6
2025-08-10T16:00:36.405,RX,0x064,6,01 AB 57 80 08 27,1,-21673,128,8,39,,,,smc6
2025-08-10T16:00:36.510,RX,0x064,6,01 AB 57 80 07 D4,1,-21673,128,7,212,,,,smc6
2025-08-10T16:00:36.611,RX,0x064,6,01 AB 57 80 08 18,1,-21673,128,8,24,,,,smc6
2025-08-10T16:00:36.712,RX,0x064,6,01 AB 57 80 08 16,1,-21673,128,8,22,,,,smc6
2025-08-10T16:00:36.816,RX,0x064,6,01 AB 57 80 07 B2,1,-21673,128,7,178,,,,smc6
2025-08-10T16:00:36.924,RX,0x064,6,01 AB 57 80 08 0C,1,-21673,128,8,12,,,,smc6
2025-08-10T16:00:37.024,RX,0x064,6,01 AB 57 80 08 09,1,-21673,128,8,9,,,,smc6
2025-08-10T16:00:37.126,RX,0x064,6,01 AB 57 80 08 03,1,-21673,128,8,3,,,,smc6
2025-08-10T16:00:37.227,RX,0x064,6,01 AB 57 80 08 3C,1,-21673,128,8,60,,,,smc6
2025-08-10T16:00:37.329,RX,0x064,6,01 AB 57 80 08 0C,1,-21673,128,8,12,,,,smc6
2025-08-10T16:00:37.430,RX,0x064,6,01 AB 57 80 08 19,1,-21673,128,8,25,,,,smc6
2025-08-10T16:00:37.531,RX,0x064,6,01 AB 57 80 08 23,1,-21673,128,8,35,,,,smc6
2025-08-10T16:00:37.638,RX,0x064,6,01 AB 57 80 07 CD,1,-21673,128,7,205,,,,smc6
2025-08-10T16:00:37.742,RX,0x064,6,01 AB 57 80 08 1D,1,-21673,128,8,29,,,,smc6
2025-08-10T16:00:37.846,RX,0x064,6,01 AB 57 80 08 18,1,-21673,128,8,24,,,,smc6
2025-08-10T16:00:37.950,RX,0x064,6,01 AB 57 80 07 D9,1,-21673,128,7,217,,,,smc6
2025-08-10T16:00:38.054,RX,0x064,6,01 AB 57 80 08 8B,1,-21673,128,8,139,,,,smc6
2025-08-10T16:00:38.158,RX,0x064,6,01 AB 57 80 07 C7,1,-21673,128,7,199,,,,smc6
2025-08-10T16:00:38.259,RX,0x064,6,01 AB 57 80 08 17,1,-21673,128,8,23,,,,smc6
2025-08-10T16:00:38.360,RX,0x064,6,01 AB 57 80 08 29,1,-21673,128,8,41,,,,smc6
2025-08-10T16:00:38.460,RX,0x064,6,01 AB 57 80 07 D8,1,-21673,128,7,216,,,,smc6
2025-08-10T16:00:38.563,RX,0x064,6,01 AB 57 80 08 18,1,-21673,128,8,24,,,,smc6
2025-08-10T16:00:38.665,RX,0x064,6,01 AB 57 80 07 F0,1,-21673,128,7,240,,,,smc6
2025-08-10T16:00:38.766,RX,0x064,6,01 AB 57 80 07 9B,1,-21673,128,7,155,,,,smc6
2025-08-10T16:00:38.867,RX,0x064,6,01 AB 57 80 07 98,1,-21673,128,7,152,,,,smc6
2025-08-10T16:00:38.969,RX,0x064,6,01 AB 57 80 08 19,1,-21673,128,8,25,,,,smc6
2025-08-10T16:00:39.071,RX,0x064,6,01 AB 57 80 08 1C,1,-21673,128,8,28,,,,smc6
2025-08-10T16:00:39.174,RX,0x064,6,01 AB 57 80 08 44,1,-21673,128,8,68,,,,smc6
2025-08-10T16:00:39.275,RX,0x064,6,01 AB 57 80 08 79,1,-21673,128,8,121,,,,smc6
2025-08-10T16:00:39.376,RX,0x064,6,01 AB 57 80 08 0A,1,-21673,128,8,10,,,,smc6
2025-08-10T16:00:39.478,RX,0x064,6,01 AB 57 80 07 9D,1,-21673,128,7,157,,,,smc6
2025-08-10T16:00:39.579,RX,0x064,6,01 AB 57 80 08 00,1,-21673,128,8,0,,,,smc6
2025-08-10T16:00:39.683,RX,0x064,6,01 AB 57 80 08 04,1,-21673,128,8,4,,,,smc6
2025-08-10T16:00:39.784,RX,0x064,6,01 AB 57 80 08 93,1,-21673,128,8,147,,,,smc6
2025-08-10T16:00:39.886,RX,0x064,6,01 AB 57 80 08 1D,1,-21673,128,8,29,,,,smc6
2025-08-10T16:00:39.986,RX,0x064,6,01 AB 57 80 08 2B,1,-21673,128,8,43,,,,smc6
2025-08-10T16:00:40.086,RX,0x064,6,01 AB 57 80 08 0F,1,-21673,128,8,15,,,,smc6
2025-08-10T16:00:40.188,RX,0x064,6,01 AB 57 80 08 43,1,-21673,128,8,67,,,,smc6
2025-08-10T16:00:40.293,RX,0x064,6,01 AB 57 80 08 07,1,-21673,128,8,7,,,,smc6
2025-08-10T16:00:40.395,RX,0x064,6,01 AB 57 80 07 E1,1,-21673,128,7,225,,,,smc6
2025-08-10T16:00:40.497,RX,0x064,6,01 AB 57 80 07 E9,1,-21673,128,7,233,,,,smc6
2025-08-10T16:00:40.598,RX,0x064,6,01 AB 57 80 08 1E,1,-21673,128,8,30,,,,smc6
2025-08-10T16:00:40.702,RX,0x064,6,01 AB 57 80 07 F8,1,-21673,128,7,248,,,,smc6
2025-08-10T16:00:40.804,RX,0x064,6,01 AB 57 80 07 EC,1,-21673,128,7,236,,,,smc6
2025-08-10T16:00:40.906,RX,0x064,6,01 AB 57 80 07 DC,1,-21673,128,7,220,,,,smc6
2025-08-10T16:00:41.008,RX,0x064,6,01 AB 57 80 08 93,1,-21673,128,8,147,,,,smc6
2025-08-10T16:00:41.115,RX,0x064,6,01 AB 57 80 07 FB,1,-21673,128,7,251,,,,smc6
2025-08-10T16:00:41.218,RX,0x064,6,01 AB 57 80 08 13,1,-21673,128,8,19,,,,smc6
2025-08-10T16:00:41.326,RX,0x064,6,01 AB 57 80 07 E8,1,-21673,128,7,232,,,,smc6
2025-08-10T16:00:41.430,RX,0x064,6,01 AB 57 80 07 E9,1,-21673,128,7,233,,,,smc6
2025-08-10T16:00:41.531,RX,0x064,6,01 AB 57 80 08 18,1,-21673,128,8,24,,,,smc6
2025-08-10T16:00:41.632,RX,0x064,6,01 AB 57 80 07 FA,1,-21673,128,7,250,,,,smc6
2025-08-10T16:00:41.736,RX,0x064,6,01 AB 57 80 07 85,1,-21673,128,7,133,,,,smc6
2025-08-10T16:00:41.836,RX,0x064,6,01 AB 57 80 08 26,1,-21673,128,8,38,,,,smc6
2025-08-10T16:00:41.937,RX,0x064,6,01 AB 57 80 08 0E,1,-21673,128,8,14,,,,smc6
2025-08-10T16:00:42.039,RX,0x064,6,01 AB 57 80 07 DC,1,-21673,128,7,220,,,,smc6
2025-08-10T16:00:42.139,RX,0x064,6,01 AB 57 80 08 0B,1,-21673,128,8,11,,,,smc6
2025-08-10T16:00:42.261,RX,0x064,6,01 AB 57 80 08 51,1,-21673,128,8,81,,,,smc6
2025-08-10T16:00:42.354,RX,0x064,6,01 AB 57 80 08 0D,1,-21673,128,8,13,,,,smc6
2025-08-10T16:00:42.455,RX,0x064,6,01 AB 57 80 07 BA,1,-21673,128,7,186,,,,smc6
2025-08-10T16:00:42.556,RX,0x064,6,01 AB 57 80 08 0D,1,-21673,128,8,13,,,,smc6
2025-08-10T16:00:42.656,RX,0x064,6,01 AB 57 80 08 08,1,-21673,128,8,8,,,,smc6
2025-08-10T16:00:42.758,RX,0x064,6,01 AB 57 80 07 A9,1,-21673,128,7,169,,,,smc6
2025-08-10T16:00:42.861,RX,0x064,6,01 AB 57 80 07 DE,1,-21673,128,7,222,,,,smc6
2025-08-10T16:00:42.967,RX,0x064,6,01 AB 57 80 07 DD,1,-21673,128,7,221,,,,smc6
2025-08-10T16:00:43.067,RX,0x064,6,01 AB 57 80 07 D7,1,-21673,128,7,215,,,,smc6
2025-08-10T16:00:43.169,RX,0x064,6,01 AB 57 80 07 F2,1,-21673,128,7,242,,,,smc6
2025-08-10T16:00:43.270,RX,0x064,6,01 AB 57 80 08 2E,1,-21673,128,8,46,,,,smc6
2025-08-10T16:00:43.370,RX,0x064,6,01 AB 57 80 08 1C,1,-21673,128,8,28,,,,smc6
2025-08-10T16:00:43.474,RX,0x064,6,01 AB 57 80 08 5D,1,-21673,128,8,93,,,,smc6
2025-08-10T16:00:43.582,RX,0x064,6,01 AB 57 80 07 E7,1,-21673,128,7,231,,,,smc6
2025-08-10T16:00:43.685,RX,0x064,6,01 AB 57 80 07 DE,1,-21673,128,7,222,,,,smc6
2025-08-10T16:00:43.789,RX,0x064,6,01 AB 57 80 08 24,1,-21673,128,8,36,,,,smc6
2025-08-10T16:00:43.891,RX,0x064,6,01 AB 57 80 07 A1,1,-21673,128,7,161,,,,smc6
2025-08-10T16:00:43.995,RX,0x064,6,01 AB 57 80 08 14,1,-21673,128,8,20,,,,smc6
2025-08-10T16:00:44.096,RX,0x064,6,01 AB 57 80 07 F2,1,-21673,128,7,242,,,,smc6
2025-08-10T16:00:44.196,RX,0x064,6,01 AB 57 80 07 EA,1,-21673,128,7,234,,,,smc6
2025-08-10T16:00:44.297,RX,0x064,6,01 AB 57 80 08 11,1,-21673,128,8,17,,,,smc6
2025-08-10T16:00:44.399,RX,0x064,6,01 AB 57 80 08 0F,1,-21673,128,8,15,,,,smc6
2025-08-10T16:00:44.502,RX,0x064,6,01 AB 57 80 08 10,1,-21673,128,8,16,,,,smc6
2025-08-10T16:00:44.605,RX,0x064,6,01 AB 57 80 07 96,1,-21673,128,7,150,,,,smc6
2025-08-10T16:00:44.708,RX,0x064,6,01 AB 57 80 08 65,1,-21673,128,8,101,,,,smc6
2025-08-10T16:00:44.808,RX,0x064,6,01 AB 57 80 08 51,1,-21673,128,8,81,,,,smc6
2025-08-10T16:00:44.908,RX,0x064,6,01 AB 57 80 07 B5,1,-21673,128,7,181,,,,smc6
2025-08-10T16:00:45.009,RX,0x064,6,01 AB 57 80 07 E7,1,-21673,128,7,231,,,,smc6
2025-08-10T16:00:45.115,RX,0x064,6,01 AB 57 80 08 1C,1,-21673,128,8,28,,,,smc6
2025-08-10T16:00:45.216,RX,0x064,6,01 AB 57 80 08 18,1,-21673,128,8,24,,,,smc6
2025-08-10T16:00:45.320,RX,0x064,6,01 AB 57 80 08 30,1,-21673,128,8,48,,,,smc6
2025-08-10T16:00:45.420,RX,0x064,6,01 AB 57 80 07 AF,1,-21673,128,7,175,,,,smc6
2025-08-10T16:00:45.521,RX,0x064,6,01 AB 57 80 07 FE,1,-21673,128,7,254,,,,smc6
2025-08-10T16:00:45.621,RX,0x064,6,01 AB 57 80 08 02,1,-21673,128,8,2,,,,smc6
2025-08-10T16:00:45.722,RX,0x064,6,01 AB 57 80 07 E5,1,-21673,128,7,229,,,,smc6
2025-08-10T16:00:45.823,RX,0x064,6,01 AB 57 80 07 D7,1,-21673,128,7,215,,,,smc6
2025-08-10T16:00:45.929,RX,0x064,6,01 AB 57 80 08 0A,1,-21673,128,8,10,,,,smc6
2025-08-10T16:00:46.032,RX,0x064,6,01 AB 57 80 08 27,1,-21673,128,8,39,,,,smc6
2025-08-10T16:00:46.132,RX,0x064,6,01 AB 57 80 08 24,1,-21673,128,8,36,,,,smc6
2025-08-10T16:00:46.234,RX,0x064,6,01 AB 57 80 08 1F,1,-21673,128,8,31,,,,smc6
2025-08-10T16:00:46.334,RX,0x064,6,01 AB 57 80 08 67,1,-21673,128,8,103,,,,smc6
2025-08-10T16:00:46.436,RX,0x064,6,01 AB 57 80 08 03,1,-21673,128,8,3,,,,smc6
2025-08-10T16:00:46.536,RX,0x064,6,01 AB 57 80 08 15,1,-21673,128,8,21,,,,smc6
2025-08-10T16:00:46.639,RX,0x064,6,01 AB 57 80 07 EF,1,-21673,128,7,239,,,,smc6
2025-08-10T16:00:46.743,RX,0x064,6,01 AB 57 80 08 84,1,-21673,128,8,132,,,,smc6
2025-08-10T16:00:46.841,RX,0x064,6,01 AB 57 80 08 22,1,-21673,128,8,34,,,,smc6
2025-08-10T16:00:46.942,RX,0x064,6,01 AB 57 80 08 27,1,-21673,128,8,39,,,,smc6
2025-08-10T16:00:47.043,RX,0x064,6,01 AB 57 80 08 16,1,-21673,128,8,22,,,,smc6
2025-08-10T16:00:47.148,RX,0x064,6,01 AB 57 80 07 CA,1,-21673,128,7,202,,,,smc6
2025-08-10T16:00:47.248,RX,0x064,6,01 AB 57 80 08 1A,1,-21673,128,8,26,,,,smc6
2025-08-10T16:00:47.350,RX,0x064,6,01 AB 57 80 08 3C,1,-21673,128,8,60,,,,smc6
2025-08-10T16:00:47.450,RX,0x064,6,01 AB 57 80 07 D0,1,-21673,128,7,208,,,,smc6
2025-08-10T16:00:47.551,RX,0x064,6,01 AB 57 80 07 E8,1,-21673,128,7,232,,,,smc6
2025-08-10T16:00:47.653,RX,0x064,6,01 AB 57 80 08 17,1,-21673,128,8,23,,,,smc6
2025-08-10T16:00:47.753,RX,0x064,6,01 AB 57 80 07 CC,1,-21673,128,7,204,,,,smc6
2025-08-10T16:00:47.854,RX,0x064,6,01 AB 57 80 08 0F,1,-21673,128,8,15,,,,smc6
2025-08-10T16:00:47.955,RX,0x064,6,01 AB 57 80 08 11,1,-21673,128,8,17,,,,smc6
2025-08-10T16:00:48.056,RX,0x064,6,01 AB 57 80 08 2E,1,-21673,128,8,46,,,,smc6
2025-08-10T16:00:48.157,RX,0x064,6,01 AB 57 80 07 E4,1,-21673,128,7,228,,,,smc6
2025-08-10T16:00:48.259,RX,0x064,6,01 AB 57 80 08 47,1,-21673,128,8,71,,,,smc6
2025-08-10T16:00:48.359,RX,0x064,6,01 AB 57 80 07 E4,1,-21673,128,7,228,,,,smc6
2025-08-10T16:00:48.459,RX,0x064,6,01 AB 57 80 08 50,1,-21673,128,8,80,,,,smc6
2025-08-10T16:00:48.560,RX,0x064,6,01 AB 57 80 07 B6,1,-21673,128,7,182,,,,smc6
2025-08-10T16:00:48.660,RX,0x064,6,01 AB 57 80 07 D6,1,-21673,128,7,214,,,,smc6
2025-08-10T16:00:48.762,RX,0x064,6,01 AB 57 80 08 1C,1,-21673,128,8,28,,,,smc6
2025-08-10T16:00:48.863,RX,0x064,6,01 AB 57 80 08 3C,1,-21673,128,8,60,,,,smc6
2025-08-10T16:00:48.969,RX,0x064,6,01 AB 57 80 07 CA,1,-21673,128,7,202,,,,smc6
2025-08-10T16:00:49.071,RX,0x064,6,01 AB 57 80 07 F9,1,-21673,128,7,249,,,,smc6
2025-08-10T16:00:49.173,RX,0x064,6,01 AB 57 80 08 16,1,-21673,128,8,22,,,,smc6
2025-08-10T16:00:49.276,RX,0x064,6,01 AB 57 80 08 67,1,-21673,128,8,103,,,,smc6
2025-08-10T16:00:49.376,RX,0x064,6,01 AB 57 80 07 E1,1,-21673,128,7,225,,,,smc6
2025-08-10T16:00:49.481,RX,0x064,6,01 AB 57 80 07 DE,1,-21673,128,7,222,,,,smc6
2025-08-10T16:00:49.582,RX,0x064,6,01 AB 57 80 07 EB,1,-21673,128,7,235,,,,smc6
2025-08-10T16:00:49.683,RX,0x064,6,01 AB 57 80 07 B9,1,-21673,128,7,185,,,,smc6
2025-08-10T16:00:49.784,RX,0x064,6,01 AB 57 80 07 FB,1,-21673,128,7,251,,,,smc6
2025-08-10T16:00:49.885,RX,0x064,6,01 AB 57 80 08 35,1,-21673,128,8,53,,,,smc6
2025-08-10T16:00:49.987,RX,0x064,6,01 AB 57 80 08 3A,1,-21673,128,8,58,,,,smc6
2025-08-10T16:00:50.087,RX,0x064,6,01 AB 57 80 07 F5,1,-21673,128,7,245,,,,smc6
2025-08-10T16:00:50.188,RX,0x064,6,01 AB 57 80 08 70,1,-21673,128,8,112,,,,smc6
2025-08-10T16:00:50.290,RX,0x064,6,01 AB 57 80 07 F9,1,-21673,128,7,249,,,,smc6
2025-08-10T16:00:50.394,RX,0x064,6,01 AB 57 80 08 07,1,-21673,128,8,7,,,,smc6
2025-08-10T16:00:50.495,RX,0x064,6,01 AB 57 80 08 08,1,-21673,128,8,8,,,,smc6
2025-08-10T16:00:50.596,RX,0x064,6,01 AB 57 80 07 D8,1,-21673,128,7,216,,,,smc6
2025-08-10T16:00:50.699,RX,0x064,6,01 AB 57 80 07 B6,1,-21673,128,7,182,,,,smc6
2025-08-10T16:00:50.800,RX,0x064,6,01 AB 57 80 08 25,1,-21673,128,8,37,,,,smc6
2025-08-10T16:00:50.900,RX,0x064,6,01 AB 57 80 08 22,1,-21673,128,8,34,,,,smc6
2025-08-10T16:00:51.002,RX,0x064,6,01 AB 57 80 07 F0,1,-21673,128,7,240,,,,smc6
2025-08-10T16:00:51.108,RX,0x064,6,01 AB 57 80 07 CE,1,-21673,128,7,206,,,,smc6
2025-08-10T16:00:51.210,RX,0x064,6,01 AB 57 80 08 4D,1,-21673,128,8,77,,,,smc6
2025-08-10T16:00:51.312,RX,0x064,6,01 AB 57 80 07 EA,1,-21673,128,7,234,,,,smc6
2025-08-10T16:00:51.414,RX,0x064,6,01 AB 57 80 08 8A,1,-21673,128,8,138,,,,smc6
2025-08-10T16:00:51.514,RX,0x064,6,01 AB 57 80 07 E4,1,-21673,128,7,228,,,,smc6
2025-08-10T16:00:51.617,RX,0x064,6,01 AB 57 80 08 10,1,-21673,128,8,16,,,,smc6
2025-08-10T16:00:51.720,RX,0x064,6,01 AB 57 80 07 DA,1,-21673,128,7,218,,,,smc6
2025-08-10T16:00:51.822,RX,0x064,6,01 AB 57 80 07 EB,1,-21673,128,7,235,,,,smc6
2025-08-10T16:00:51.923,RX,0x064,6,01 AB 57 80 07 CB,1,-21673,128,7,203,,,,smc6
2025-08-10T16:00:52.024,RX,0x064,6,01 AB 57 80 07 D5,1,-21673,128,7,213,,,,smc6
2025-08-10T16:00:52.126,RX,0x064,6,01 AB 57 80 08 00,1,-21673,128,8,0,,,,smc6
2025-08-10T16:00:52.227,RX,0x064,6,01 AB 57 80 07 D3,1,-21673,128,7,211,,,,smc6
2025-08-10T16:00:52.331,RX,0x064,6,01 AB 57 80 08 90,1,-21673,128,8,144,,,,smc6
2025-08-10T16:00:52.432,RX,0x064,6,01 AB 57 80 07 CA,1,-21673,128,7,202,,,,smc6
2025-08-10T16:00:52.537,RX,0x064,6,01 AB 57 80 07 E1,1,-21673,128,7,225,,,,smc6
2025-08-10T16:00:52.639,RX,0x064,6,01 AB 57 80 08 03,1,-21673,128,8,3,,,,smc6
2025-08-10T16:00:52.743,RX,0x064,6,01 AB 57 80 08 11,1,-21673,128,8,17,,,,smc6
2025-08-10T16:00:52.840,RX,0x064,6,01 AB 57 80 07 C1,1,-21673,128,7,193,,,,smc6
2025-08-10T16:00:52.941,RX,0x064,6,01 AB 57 80 08 87,1,-21673,128,8,135,,,,smc6
2025-08-10T16:00:53.044,RX,0x064,6,01 AB 57 80 07 E9,1,-21673,128,7,233,,,,smc6
2025-08-10T16:00:53.145,RX,0x064,6,01 AB 57 80 07 F8,1,-21673,128,7,248,,,,smc6
2025-08-10T16:00:53.245,RX,0x064,6,01 AB 57 80 08 31,1,-21673,128,8,49,,,,smc6
2025-08-10T16:00:53.350,RX,0x064,6,01 AB 57 80 07 C1,1,-21673,128,7,193,,,,smc6
2025-08-10T16:00:53.451,RX,0x064,6,01 AB 57 80 07 FD,1,-21673,128,7,253,,,,smc6
2025-08-10T16:00:53.552,RX,0x064,6,01 AB 57 80 07 E2,1,-21673,128,7,226,,,,smc6
2025-08-10T16:00:53.653,RX,0x064,6,01 AB 57 80 08 1D,1,-21673,128,8,29,,,,smc6
2025-08-10T16:00:53.755,RX,0x064,6,01 AB 57 80 07 DC,1,-21673,128,7,220,,,,smc6
2025-08-10T16:00:53.855,RX,0x064,6,01 AB 57 80 08 3C,1,-21673,128,8,60,,,,smc6
2025-08-10T16:00:53.956,RX,0x064,6,01 AB 57 80 08 15,1,-21673,128,8,21,,,,smc6
2025-08-10T16:00:54.057,RX,0x064,6,01 AB 57 80 07 E6,1,-21673,128,7,230,,,,smc6
2025-08-10T16:00:54.158,RX,0x064,6,01 AB 57 80 07 C9,1,-21673,128,7,201,,,,smc6
2025-08-10T16:00:54.261,RX,0x064,6,01 AB 57 80 08 03,1,-21673,128,8,3,,,,smc6
2025-08-10T16:00:54.367,RX,0x064,6,01 AB 57 80 07 A4,1,-21673,128,7,164,,,,smc6
2025-08-10T16:00:54.468,RX,0x064,6,01 AB 57 80 07 E0,1,-21673,128,7,224,,,,smc6
2025-08-10T16:00:54.571,RX,0x064,6,01 AB 57 80 08 16,1,-21673,128,8,22,,,,smc6
2025-08-10T16:00:54.671,RX,0x064,6,01 AB 57 80 08 75,1,-21673,128,8,117,,,,smc6
2025-08-10T16:00:54.772,RX,0x064,6,01 AB 57 80 07 CA,1,-21673,128,7,202,,,,smc6
2025-08-10T16:00:54.873,RX,0x064,6,01 AB 57 80 07 C4,1,-21673,128,7,196,,,,smc6
2025-08-10T16:00:54.983,RX,0x064,6,01 AB 57 80 08 25,1,-21673,128,8,37,,,,smc6
2025-08-10T16:00:55.085,RX,0x064,6,01 AB 57 80 08 28,1,-21673,128,8,40,,,,smc6
2025-08-10T16:00:55.186,RX,0x064,6,01 AB 57 80 08 47,1,-21673,128,8,71,,,,smc6
2025-08-10T16:00:55.287,RX,0x064,6,01 AB 57 80 07 FC,1,-21673,128,7,252,,,,smc6
2025-08-10T16:00:55.388,RX,0x064,6,01 AB 57 80 08 03,1,-21673,128,8,3,,,,smc6
2025-08-10T16:00:55.489,RX,0x064,6,01 AB 57 80 07 F8,1,-21673,128,7,248,,,,smc6
2025-08-10T16:00:55.593,RX,0x064,6,01 AB 57 80 08 03,1,-21673,128,8,3,,,,smc6
2025-08-10T16:00:55.694,RX,0x064,6,01 AB 57 80 08 1E,1,-21673,128,8,30,,,,smc6
2025-08-10T16:00:55.795,RX,0x064,6,01 AB 57 80 08 1A,1,-21673,128,8,26,,,,smc6
2025-08-10T16:00:55.896,RX,0x064,6,01 AB 57 80 07 E0,1,-21673,128,7,224,,,,smc6
2025-08-10T16:00:56.004,RX,0x064,6,01 AB 57 80 07 D1,1,-21673,128,7,209,,,,smc6
2025-08-10T16:00:56.104,RX,0x064,6,01 AB 57 80 07 E7,1,-21673,128,7,231,,,,smc6
2025-08-10T16:00:56.213,RX,0x064,6,01 AB 57 80 08 36,1,-21673,128,8,54,,,,smc6
2025-08-10T16:00:56.308,RX,0x064,6,01 AB 57 80 08 10,1,-21673,128,8,16,,,,smc6
2025-08-10T16:00:56.410,RX,0x064,6,01 AB 57 80 08 0E,1,-21673,128,8,14,,,,smc6
2025-08-10T16:00:56.512,RX,0x064,6,01 AB 57 80 07 EE,1,-21673,128,7,238,,,,smc6
2025-08-10T16:00:56.614,RX,0x064,6,01 AB 57 80 08 1D,1,-21673,128,8,29,,,,smc6
2025-08-10T16:00:56.715,RX,0x064,6,01 AB 57 80 08 1A,1,-21673,128,8,26,,,,smc6
2025-08-10T16:00:56.816,RX,0x064,6,01 AB 57 80 08 03,1,-21673,128,8,3,,,,smc6
2025-08-10T16:00:56.920,RX,0x064,6,01 AB 57 80 07 F9,1,-21673,128,7,249,,,,smc6
2025-08-10T16:00:57.021,RX,0x064,6,01 AB 57 80 07 E0,1,-21673,128,7,224,,,,smc6
2025-08-10T16:00:57.122,RX,0x064,6,01 AB 57 80 08 1A,1,-21673,128,8,26,,,,smc6
2025-08-10T16:00:57.224,RX,0x064,6,01 AB 57 80 08 1B,1,-21673,128,8,27,,,,smc6
2025-08-10T16:00:57.325,RX,0x064,6,01 AB 57 80 07 DD,1,-21673,128,7,221,,,,smc6
2025-08-10T16:00:57.428,RX,0x064,6,01 AB 57 80 08 2D,1,-21673,128,8,45,,,,smc6
2025-08-10T16:00:57.526,RX,0x064,6,01 AB 57 80 08 52,1,-21673,128,8,82,,,,smc6
2025-08-10T16:00:57.627,RX,0x064,6,01 AB 57 80 08 2F,1,-21673,128,8,47,,,,smc6
2025-08-10T16:00:57.730,RX,0x064,6,01 AB 57 80 07 C3,1,-21673,128,7,195,,,,smc6
2025-08-10T16:00:57.829,RX,0x064,6,01 AB 57 80 08 3F,1,-21673,128,8,63,,,,smc6
2025-08-10T16:00:57.934,RX,0x064,6,01 AB 57 80 07 E5,1,-21673,128,7,229,,,,smc6
2025-08-10T16:00:58.045,RX,0x064,6,01 AB 57 80 08 2C,1,-21673,128,8,44,,,,smc6
2025-08-10T16:00:58.144,RX,0x064,6,01 AB 57 80 07 F8,1,-21673,128,7,248,,,,smc6
2025-08-10T16:00:58.244,RX,0x064,6,01 AB 57 80 07 E0,1,-21673,128,7,224,,,,smc6
2025-08-10T16:00:58.344,RX,0x064,6,01 AB 57 80 07 A8,1,-21673,128,7,168,,,,smc6
2025-08-10T16:00:58.445,RX,0x064,6,01 AB 57 80 07 DB,1,-21673,128,7,219,,,,smc6
2025-08-10T16:00:58.546,RX,0x064,6,01 AB 57 80 07 F4,1,-21673,128,7,244,,,,smc6
2025-08-10T16:00:58.648,RX,0x064,6,01 AB 57 80 07 E1,1,-21673,128,7,225,,,,smc6
2025-08-10T16:00:58.749,RX,0x064,6,01 AB 57 80 08 92,1,-21673,128,8,146,,,,smc6
2025-08-10T16:00:58.850,RX,0x064,6,01 AB 57 80 08 20,1,-21673,128,8,32,,,,smc6
2025-08-10T16:00:58.952,RX,0x064,6,01 AB 57 80 08 1C,1,-21673,128,8,28,,,,smc6
2025-08-10T16:00:59.055,RX,0x064,6,01 AB 57 80 08 06,1,-21673,128,8,6,,,,smc6
2025-08-10T16:00:59.156,RX,0x064,6,01 AB 57 80 08 1F,1,-21673,128,8,31,,,,smc6
2025-08-10T16:00:59.257,RX,0x064,6,01 AB 57 80 07 CB,1,-21673,128,7,203,,,,smc6
2025-08-10T16:00:59.359,RX,0x064,6,01 AB 57 80 07 D9,1,-21673,128,7,217,,,,smc6
2025-08-10T16:00:59.464,RX,0x064,6,01 AB 57 80 08 24,1,-21673,128,8,36,,,,smc6
2025-08-10T16:00:59.559,RX,0x064,6,01 AB 57 80 08 05,1,-21673,128,8,5,,,,smc6
2025-08-10T16:00:59.661,RX,0x064,6,01 AB 57 80 07 D6,1,-21673,128,7,214,,,,smc6
2025-08-10T16:00:59.762,RX,0x064,6,01 AB 57 80 07 EA,1,-21673,128,7,234,,,,smc6
2025-08-10T16:00:59.864,RX,0x064,6,01 AB 57 80 07 CD,1,-21673,128,7,205,,,,smc6
2025-08-10T16:00:59.964,RX,0x064,6,01 AB 57 80 08 0A,1,-21673,128,8,10,,,,smc6
2025-08-10T16:01:00.064,RX,0x064,6,01 AB 57 80 08 31,1,-21673,128,8,49,,,,smc6
2025-08-10T16:01:00.165,RX,0x064,6,01 AB 57 80 07 C8,1,-21673,128,7,200,,,,smc6
2025-08-10T16:01:00.267,RX,0x064,6,01 AB 57 80 08 33,1,-21673,128,8,51,,,,smc6
2025-08-10T16:01:00.366,RX,0x064,6,01 AB 57 80 08 1C,1,-21673,128,8,28,,,,smc6
2025-08-10T16:01:00.468,RX,0x064,6,01 AB 57 80 07 D3,1,-21673,128,7,211,,,,smc6
2025-08-10T16:01:00.570,RX,0x064,6,01 AB 57 80 07 DB,1,-21673,128,7,219,,,,smc6
2025-08-10T16:01:00.672,RX,0x064,6,01 AB 57 80 07 F0,1,-21673,128,7,240,,,,smc6
2025-08-10T16:01:00.770,RX,0x064,6,01 AB 57 80 08 2E,1,-21673,128,8,46,,,,smc6
2025-08-10T16:01:00.872,RX,0x064,6,01 AB 57 80 07 F3,1,-21673,128,7,243,,,,smc6
2025-08-10T16:01:00.973,RX,0x064,6,01 AB 57 80 08 1B,1,-21673,128,8,27,,,,smc6
2025-08-10T16:01:01.074,RX,0x064,6,01 AB 57 80 08 0A,1,-21673,128,8,10,,,,smc6
2025-08-10T16:01:01.174,RX,0x064,6,01 AB 57 80 08 79,1,-21673,128,8,121,,,,smc6
2025-08-10T16:01:01.275,RX,0x064,6,01 AB 57 80 07 DA,1,-21673,128,7,218,,,,smc6
2025-08-10T16:01:01.375,RX,0x064,6,01 AB 57 80 07 E8,1,-21673,128,7,232,,,,smc6
2025-08-10T16:01:01.477,RX,0x064,6,01 AB 57 80 08 20,1,-21673,128,8,32,,,,smc6
2025-08-10T16:01:01.577,RX,0x064,6,01 AB 57 80 08 1C,1,-21673,128,8,28,,,,smc6
2025-08-10T16:01:01.678,RX,0x064,6,01 AB 57 80 08 1F,1,-21673,128,8,31,,,,smc6
2025-08-10T16:01:01.783,RX,0x064,6,01 AB 57 80 08 29,1,-21673,128,8,41,,,,smc6
2025-08-10T16:01:01.885,RX,0x064,6,01 AB 57 80 07 CF,1,-21673,128,7,207,,,,smc6
2025-08-10T16:01:01.986,RX,0x064,6,01 AB 57 80 07 F6,1,-21673,128,7,246,,,,smc6
2025-08-10T16:01:02.087,RX,0x064,6,01 AB 57 80 07 89,1,-21673,128,7,137,,,,smc6
2025-08-10T16:01:02.187,RX,0x064,6,01 AB 57 80 08 69,1,-21673,128,8,105,,,,smc6
2025-08-10T16:01:02.288,RX,0x064,6,01 AB 57 80 08 7E,1,-21673,128,8,126,,,,smc6
2025-08-10T16:01:02.391,RX,0x064,6,01 AB 57 80 07 C3,1,-21673,128,7,195,,,,smc6
2025-08-10T16:01:02.492,RX,0x064,6,01 AB 57 80 07 E1,1,-21673,128,7,225,,,,smc6
2025-08-10T16:01:02.596,RX,0x064,6,01 AB 57 80 08 30,1,-21673,128,8,48,,,,smc6
2025-08-10T16:01:02.697,RX,0x064,6,01 AB 57 80 07 D6,1,-21673,128,7,214,,,,smc6
2025-08-10T16:01:02.797,RX,0x064,6,01 AB 57 80 08 35,1,-21673,128,8,53,,,,smc6
2025-08-10T16:01:02.903,RX,0x064,6,01 AB 57 80 07 C8,1,-21673,128,7,200,,,,smc6
2025-08-10T16:01:03.008,RX,0x064,6,01 AB 57 80 08 12,1,-21673,128,8,18,,,,smc6
2025-08-10T16:01:03.109,RX,0x064,6,01 AB 57 80 07 ED,1,-21673,128,7,237,,,,smc6
2025-08-10T16:01:03.215,RX,0x064,6,01 AB 57 80 08 88,1,-21673,128,8,136,,,,smc6
2025-08-10T16:01:03.318,RX,0x064,6,01 AB 57 80 08 02,1,-21673,128,8,2,,,,smc6
2025-08-10T16:01:03.420,RX,0x064,6,01 AB 57 80 07 ED,1,-21673,128,7,237,,,,smc6
2025-08-10T16:01:03.522,RX,0x064,6,01 AB 57 80 08 2C,1,-21673,128,8,44,,,,smc6
2025-08-10T16:01:03.624,RX,0x064,6,01 AB 57 80 07 92,1,-21673,128,7,146,,,,smc6
2025-08-10T16:01:03.729,RX,0x064,6,01 AB 57 80 08 89,1,-21673,128,8,137,,,,smc6
2025-08-10T16:01:03.827,RX,0x064,6,01 AB 57 80 07 A8,1,-21673,128,7,168,,,,smc6
2025-08-10T16:01:03.926,RX,0x064,6,01 AB 57 80 08 8C,1,-21673,128,8,140,,,,smc6
2025-08-10T16:01:04.027,RX,0x064,6,01 AB 57 80 08 12,1,-21673,128,8,18,,,,smc6
2025-08-10T16:01:04.127,RX,0x064,6,01 AB 57 80 08 00,1,-21673,128,8,0,,,,smc6
2025-08-10T16:01:04.228,RX,0x064,6,01 AB 57 80 08 0D,1,-21673,128,8,13,,,,smc6
2025-08-10T16:01:04.328,RX,0x064,6,01 AB 57 80 08 1A,1,-21673,128,8,26,,,,smc6
2025-08-10T16:01:04.431,RX,0x064,6,01 AB 57 80 08 3A,1,-21673,128,8,58,,,,smc6
2025-08-10T16:01:04.533,RX,0x064,6,01 AB 57 80 07 B5,1,-21673,128,7,181,,,,smc6
2025-08-10T16:01:04.633,RX,0x064,6,01 AB 57 80 08 11,1,-21673,128,8,17,,,,smc6
2025-08-10T16:01:04.734,RX,0x064,6,01 AB 57 80 07 EC,1,-21673,128,7,236,,,,smc6
2025-08-10T16:01:04.838,RX,0x064,6,01 AB 57 80 07 EE,1,-21673,128,7,238,,,,smc6
2025-08-10T16:01:04.944,RX,0x064,6,01 AB 57 80 07 D0,1,-21673,128,7,208,,,,smc6
2025-08-10T16:01:05.042,RX,0x064,6,01 AB 57 80 07 FF,1,-21673,128,7,255,,,,smc6
2025-08-10T16:01:05.143,RX,0x064,6,01 AB 57 80 08 26,1,-21673,128,8,38,,,,smc6
2025-08-10T16:01:05.246,RX,0x064,6,01 AB 57 80 08 20,1,-21673,128,8,32,,,,smc6
2025-08-10T16:01:05.351,RX,0x064,6,01 AB 57 80 07 EF,1,-21673,128,7,239,,,,smc6
2025-08-10T16:01:05.452,RX,0x064,6,01 AB 57 80 07 D8,1,-21673,128,7,216,,,,smc6
2025-08-10T16:01:05.556,RX,0x064,6,01 AB 57 80 07 E0,1,-21673,128,7,224,,,,smc6
2025-08-10T16:01:05.656,RX,0x064,6,01 AB 57 80 07 D1,1,-21673,128,7,209,,,,smc6
2025-08-10T16:01:05.758,RX,0x064,6,01 AB 57 80 07 DA,1,-21673,128,7,218,,,,smc6
2025-08-10T16:01:05.862,RX,0x064,6,01 AB 57 80 08 2B,1,-21673,128,8,43,,,,smc6
2025-08-10T16:01:05.963,RX,0x064,6,01 AB 57 80 07 D5,1,-21673,128,7,213,,,,smc6
2025-08-10T16:01:06.065,RX,0x064,6,01 AB 57 80 08 20,1,-21673,128,8,32,,,,smc6
2025-08-10T16:01:06.166,RX,0x064,6,01 AB 57 80 08 12,1,-21673,128,8,18,,,,smc6
2025-08-10T16:01:06.267,RX,0x064,6,01 AB 57 80 07 E5,1,-21673,128,7,229,,,,smc6
2025-08-10T16:01:06.367,RX,0x064,6,01 AB 57 80 08 6E,1,-21673,128,8,110,,,,smc6
2025-08-10T16:01:06.470,RX,0x064,6,01 AB 57 80 08 94,1,-21673,128,8,148,,,,smc6
2025-08-10T16:01:06.570,RX,0x064,6,01 AB 57 80 08 27,1,-21673,128,8,39,,,,smc6
2025-08-10T16:01:06.671,RX,0x064,6,01 AB 57 80 08 06,1,-21673,128,8,6,,,,smc6
2025-08-10T16:01:06.772,RX,0x064,6,01 AB 57 80 08 22,1,-21673,128,8,34,,,,smc6
2025-08-10T16:01:06.877,RX,0x064,6,01 AB 57 80 07 C5,1,-21673,128,7,197,,,,smc6
2025-08-10T16:01:06.977,RX,0x064,6,01 AB 57 80 07 E9,1,-21673,128,7,233,,,,smc6
2025-08-10T16:01:07.079,RX,0x064,6,01 AB 57 80 07 F9,1,-21673,128,7,249,,,,smc6
2025-08-10T16:01:07.180,RX,0x064,6,01 AB 57 80 08 8C,1,-21673,128,8,140,,,,smc6
2025-08-10T16:01:07.281,RX,0x064,6,01 AB 57 80 08 5C,1,-21673,128,8,92,,,,smc6
2025-08-10T16:01:07.382,RX,0x064,6,01 AB 57 80 07 EA,1,-21673,128,7,234,,,,smc6
2025-08-10T16:01:07.482,RX,0x064,6,01 AB 57 80 08 1E,1,-21673,128,8,30,,,,smc6
2025-08-10T16:01:07.583,RX,0x064,6,01 AB 57 80 07 DF,1,-21673,128,7,223,,,,smc6
2025-08-10T16:01:07.685,RX,0x064,6,01 AB 57 80 08 2E,1,-21673,128,8,46,,,,smc6
2025-08-10T16:01:07.787,RX,0x064,6,01 AB 57 80 07 EA,1,-21673,128,7,234,,,,smc6
2025-08-10T16:01:07.888,RX,0x064,6,01 AB 57 80 07 AC,1,-21673,128,7,172,,,,smc6
2025-08-10T16:01:07.989,RX,0x064,6,01 AB 57 80 07 D9,1,-21673,128,7,217,,,,smc6
2025-08-10T16:01:08.090,RX,0x064,6,01 AB 57 80 07 D6,1,-21673,128,7,214,,,,smc6
2025-08-10T16:01:08.191,RX,0x064,6,01 AB 57 80 07 F9,1,-21673,128,7,249,,,,smc6
2025-08-10T16:01:08.291,RX,0x064,6,01 AB 57 80 08 65,1,-21673,128,8,101,,,,smc6
2025-08-10T16:01:08.392,RX,0x064,6,01 AB 57 80 07 D0,1,-21673,128,7,208,,,,smc6
2025-08-10T16:01:08.492,RX,0x064,6,01 AB 57 80 08 67,1,-21673,128,8,103,,,,smc6
2025-08-10T16:01:08.593,RX,0x064,6,01 AB 57 80 08 3D,1,-21673,128,8,61,,,,smc6
2025-08-10T16:01:08.694,RX,0x064,6,01 AB 57 80 08 04,1,-21673,128,8,4,,,,smc6
2025-08-10T16:01:08.795,RX,0x064,6,01 AB 57 80 07 B2,1,-21673,128,7,178,,,,smc6
2025-08-10T16:01:08.910,RX,0x064,6,01 AB 57 80 07 C4,1,-21673,128,7,196,,,,smc6
2025-08-10T16:01:08.997,RX,0x064,6,01 AB 57 80 08 23,1,-21673,128,8,35,,,,smc6
2025-08-10T16:01:09.097,RX,0x064,6,01 AB 57 80 07 DD,1,-21673,128,7,221,,,,smc6
2025-08-10T16:01:09.197,RX,0x064,6,01 AB 57 80 07 DE,1,-21673,128,7,222,,,,smc6
2025-08-10T16:01:09.298,RX,0x064,6,01 AB 57 80 07 E9,1,-21673,128,7,233,,,,smc6
2025-08-10T16:01:09.400,RX,0x064,6,01 AB 57 80 08 36,1,-21673,128,8,54,,,,smc6
2025-08-10T16:01:09.503,RX,0x064,6,01 AB 57 80 07 D5,1,-21673,128,7,213,,,,smc6
2025-08-10T16:01:09.606,RX,0x064,6,01 AB 57 80 08 09,1,-21673,128,8,9,,,,smc6
2025-08-10T16:01:09.708,RX,0x064,6,01 AB 57 80 08 14,1,-21673,128,8,20,,,,smc6
2025-08-10T16:01:09.815,RX,0x064,6,01 AB 57 80 07 E8,1,-21673,128,7,232,,,,smc6
2025-08-10T16:01:09.916,RX,0x064,6,01 AB 57 80 07 C9,1,-21673,128,7,201,,,,smc6
2025-08-10T16:01:10.015,RX,0x064,6,01 AB 57 80 07 D8,1,-21673,128,7,216,,,,smc6
2025-08-10T16:01:10.116,RX,0x064,6,01 AB 57 80 08 31,1,-21673,128,8,49,,,,smc6
2025-08-10T16:01:10.217,RX,0x064,6,01 AB 57 80 07 C0,1,-21673,128,7,192,,,,smc6
2025-08-10T16:01:10.318,RX,0x064,6,01 AB 57 80 08 14,1,-21673,128,8,20,,,,smc6
2025-08-10T16:01:10.418,RX,0x064,6,01 AB 57 80 08 24,1,-21673,128,8,36,,,,smc6
2025-08-10T16:01:10.521,RX,0x064,6,01 AB 57 80 08 17,1,-21673,128,8,23,,,,smc6
2025-08-10T16:01:10.622,RX,0x064,6,01 AB 57 80 07 92,1,-21673,128,7,146,,,,smc6
2025-08-10T16:01:10.723,RX,0x064,6,01 AB 57 80 07 B3,1,-21673,128,7,179,,,,smc6
2025-08-10T16:01:10.823,RX,0x064,6,01 AB 57 80 07 F1,1,-21673,128,7,241,,,,smc6
2025-08-10T16:01:10.924,RX,0x064,6,01 AB 57 80 08 08,1,-21673,128,8,8,,,,smc6
2025-08-10T16:01:11.024,RX,0x064,6,01 AB 57 80 08 1B,1,-21673,128,8,27,,,,smc6
2025-08-10T16:01:11.128,RX,0x064,6,01 AB 57 80 07 C0,1,-21673,128,7,192,,,,smc6
2025-08-10T16:01:11.233,RX,0x064,6,01 AB 57 80 07 C8,1,-21673,128,7,200,,,,smc6
2025-08-10T16:01:11.336,RX,0x064,6,01 AB 57 80 08 10,1,-21673,128,8,16,,,,smc6
2025-08-10T16:01:11.436,RX,0x064,6,01 AB 57 80 07 E3,1,-21673,128,7,227,,,,smc6
2025-08-10T16:01:11.537,RX,0x064,6,01 AB 57 80 08 2D,1,-21673,128,8,45,,,,smc6
2025-08-10T16:01:11.638,RX,0x064,6,01 AB 57 80 07 EE,1,-21673,128,7,238,,,,smc6
2025-08-10T16:01:11.749,RX,0x064,6,01 AB 57 80 07 D4,1,-21673,128,7,212,,,,smc6
2025-08-10T16:01:11.850,RX,0x064,6,01 AB 57 80 08 29,1,-21673,128,8,41,,,,smc6
2025-08-10T16:01:11.952,RX,0x064,6,01 AB 57 80 08 6F,1,-21673,128,8,111,,,,smc6
2025-08-10T16:01:12.052,RX,0x064,6,01 AB 57 80 08 77,1,-21673,128,8,119,,,,smc6
2025-08-10T16:01:12.154,RX,0x064,6,01 AB 57 80 07 C4,1,-21673,128,7,196,,,,smc6
2025-08-10T16:01:12.256,RX,0x064,6,01 AB 57 80 07 FB,1,-21673,128,7,251,,,,smc6
2025-08-10T16:01:12.356,RX,0x064,6,01 AB 57 80 07 AD,1,-21673,128,7,173,,,,smc6
2025-08-10T16:01:12.457,RX,0x064,6,01 AB 57 80 08 06,1,-21673,128,8,6,,,,smc6
2025-08-10T16:01:12.561,RX,0x064,6,01 AB 57 80 08 05,1,-21673,128,8,5,,,,smc6
2025-08-10T16:01:12.661,RX,0x064,6,01 AB 57 80 08 01,1,-21673,128,8,1,,,,smc6
2025-08-10T16:01:12.762,RX,0x064,6,01 AB 57 80 07 E6,1,-21673,128,7,230,,,,smc6
2025-08-10T16:01:12.862,RX,0x064,6,01 AB 57 80 08 73,1,-21673,128,8,115,,,,smc6
2025-08-10T16:01:12.963,RX,0x064,6,01 AB 57 80 07 D7,1,-21673,128,7,215,,,,smc6
2025-08-10T16:01:13.065,RX,0x064,6,01 AB 57 80 07 D9,1,-21673,128,7,217,,,,smc6
2025-08-10T16:01:13.166,RX,0x064,6,01 AB 57 80 08 24,1,-21673,128,8,36,,,,smc6
2025-08-10T16:01:13.267,RX,0x064,6,01 AB 57 80 07 AB,1,-21673,128,7,171,,,,smc6
2025-08-10T16:01:13.368,RX,0x064,6,01 AB 57 80 08 0F,1,-21673,128,8,15,,,,smc6
2025-08-10T16:01:13.473,RX,0x064,6,01 AB 57 80 07 88,1,-21673,128,7,136,,,,smc6
2025-08-10T16:01:13.577,RX,0x064,6,01 AB 57 80 07 B8,1,-21673,128,7,184,,,,smc6
2025-08-10T16:01:13.679,RX,0x064,6,01 AB 57 80 07 E2,1,-21673,128,7,226,,,,smc6
2025-08-10T16:01:13.782,RX,0x064,6,01 AB 57 80 07 B1,1,-21673,128,7,177,,,,smc6
2025-08-10T16:01:13.881,RX,0x064,6,01 AB 57 80 07 E4,1,-21673,128,7,228,,,,smc6
2025-08-10T16:01:13.982,RX,0x064,6,01 AB 57 80 08 2D,1,-21673,128,8,45,,,,smc6
2025-08-10T16:01:14.085,RX,0x064,6,01 AB 57 80 08 25,1,-21673,128,8,37,,,,smc6
2025-08-10T16:01:14.183,RX,0x064,6,01 AB 57 80 08 1E,1,-21673,128,8,30,,,,smc6
2025-08-10T16:01:14.284,RX,0x064,6,01 AB 57 80 07 D1,1,-21673,128,7,209,,,,smc6
2025-08-10T16:01:14.384,RX,0x064,6,01 AB 57 80 08 14,1,-21673,128,8,20,,,,smc6
2025-08-10T16:01:14.487,RX,0x064,6,01 AB 57 80 08 14,1,-21673,128,8,20,,,,smc6
2025-08-10T16:01:14.586,RX,0x064,6,01 AB 57 80 07 E4,1,-21673,128,7,228,,,,smc6
2025-08-10T16:01:14.687,RX,0x064,6,01 AB 57 80 07 AE,1,-21673,128,7,174,,,,smc6
2025-08-10T16:01:14.787,RX,0x064,6,01 AB 57 80 08 56,1,-21673,128,8,86,,,,smc6
2025-08-10T16:01:14.887,RX,0x064,6,01 AB 57 80 08 24,1,-21673,128,8,36,,,,smc6
2025-08-10T16:01:14.989,RX,0x064,6,01 AB 57 80 07 D7,1,-21673,128,7,215,,,,smc6
2025-08-10T16:01:15.098,RX,0x064,6,01 AB 57 80 07 F3,1,-21673,128,7,243,,,,smc6
2025-08-10T16:01:15.197,RX,0x064,6,01 AB 57 80 07 D0,1,-21673,128,7,208,,,,smc6
2025-08-10T16:01:15.299,RX,0x064,6,01 AB 57 80 07 F0,1,-21673,128,7,240,,,,smc6
2025-08-10T16:01:15.399,RX,0x064,6,01 AB 57 80 08 0C,1,-21673,128,8,12,,,,smc6
2025-08-10T16:01:15.500,RX,0x064,6,01 AB 57 80 08 51,1,-21673,128,8,81,,,,smc6
2025-08-10T16:01:15.601,RX,0x064,6,01 AB 57 80 07 DA,1,-21673,128,7,218,,,,smc6
2025-08-10T16:01:15.701,RX,0x064,6,01 AB 57 80 07 FC,1,-21673,128,7,252,,,,smc6
2025-08-10T16:01:15.804,RX,0x064,6,01 AB 57 80 08 86,1,-21673,128,8,134,,,,smc6
2025-08-10T16:01:15.904,RX,0x064,6,01 AB 57 80 07 AF,1,-21673,128,7,175,,,,smc6
2025-08-10T16:01:16.007,RX,0x064,6,01 AB 57 80 08 24,1,-21673,128,8,36,,,,smc6
2025-08-10T16:01:16.106,RX,0x064,6,01 AB 57 80 07 DA,1,-21673,128,7,218,,,,smc6
2025-08-10T16:01:16.207,RX,0x064,6,01 AB 57 80 08 0F,1,-21673,128,8,15,,,,smc6
2025-08-10T16:01:16.309,RX,0x064,6,01 AB 57 80 08 24,1,-21673,128,8,36,,,,smc6
2025-08-10T16:01:16.410,RX,0x064,6,01 AB 57 80 07 DD,1,-21673,128,7,221,,,,smc6
2025-08-10T16:01:16.512,RX,0x064,6,01 AB 57 80 07 D9,1,-21673,128,7,217,,,,smc6
2025-08-10T16:01:16.613,RX,0x064,6,01 AB 57 80 08 05,1,-21673,128,8,5,,,,smc6
2025-08-10T16:01:16.714,RX,0x064,6,01 AB 57 80 08 2F,1,-21673,128,8,47,,,,smc6
2025-08-10T16:01:16.817,RX,0x064,6,01 AB 57 80 07 FF,1,-21673,128,7,255,,,,smc6
2025-08-10T16:01:16.916,RX,0x064,6,01 AB 57 80 08 2D,1,-21673,128,8,45,,,,smc6
2025-08-10T16:01:17.016,RX,0x064,6,01 AB 57 80 08 20,1,-21673,128,8,32,,,,smc6
2025-08-10T16:01:17.118,RX,0x064,6,01 AB 57 80 07 E3,1,-21673,128,7,227,,,,smc6
2025-08-10T16:01:17.223,RX,0x064,6,01 AB 57 80 07 D3,1,-21673,128,7,211,,,,smc6
2025-08-10T16:01:17.326,RX,0x064,6,01 AB 57 80 08 21,1,-21673,128,8,33,,,,smc6
2025-08-10T16:01:17.428,RX,0x064,6,01 AB 57 80 07 AC,1,-21673,128,7,172,,,,smc6
2025-08-10T16:01:17.536,RX,0x064,6,01 AB 57 80 07 D0,1,-21673,128,7,208,,,,smc6
2025-08-10T16:01:17.637,RX,0x064,6,01 AB 57 80 08 41,1,-21673,128,8,65,,,,smc6
2025-08-10T16:01:17.741,RX,0x064,6,01 AB 57 80 07 EF,1,-21673,128,7,239,,,,smc6
2025-08-10T16:01:17.843,RX,0x064,6,01 AB 57 80 08 1B,1,-21673,128,8,27,,,,smc6
2025-08-10T16:01:17.943,RX,0x064,6,01 AB 57 80 07 FE,1,-21673,128,7,254,,,,smc6
2025-08-10T16:01:18.046,RX,0x064,6,01 AB 57 80 07 F1,1,-21673,128,7,241,,,,smc6
2025-08-10T16:01:18.154,RX,0x064,6,01 AB 57 80 08 1B,1,-21673,128,8,27,,,,smc6
2025-08-10T16:01:18.254,RX,0x064,6,01 AB 57 80 08 0D,1,-21673,128,8,13,,,,smc6
2025-08-10T16:01:18.355,RX,0x064,6,01 AB 57 80 08 2B,1,-21673,128,8,43,,,,smc6
2025-08-10T16:01:18.456,RX,0x064,6,01 AB 57 80 08 2A,1,-21673,128,8,42,,,,smc6
2025-08-10T16:01:18.557,RX,0x064,6,01 AB 57 80 08 31,1,-21673,128,8,49,,,,smc6
2025-08-10T16:01:18.658,RX,0x064,6,01 AB 57 80 07 D7,1,-21673,128,7,215,,,,smc6
2025-08-10T16:01:18.758,RX,0x064,6,01 AB 57 80 08 22,1,-21673,128,8,34,,,,smc6
2025-08-10T16:01:18.859,RX,0x064,6,01 AB 57 80 08 06,1,-21673,128,8,6,,,,smc6
2025-08-10T16:01:18.961,RX,0x064,6,01 AB 57 80 08 0A,1,-21673,128,8,10,,,,smc6
2025-08-10T16:01:19.065,RX,0x064,6,01 AB 57 80 08 49,1,-21673,128,8,73,,,,smc6
2025-08-10T16:01:19.165,RX,0x064,6,01 AB 57 80 07 E7,1,-21673,128,7,231,,,,smc6
2025-08-10T16:01:19.266,RX,0x064,6,01 AB 57 80 07 B3,1,-21673,128,7,179,,,,smc6
2025-08-10T16:01:19.367,RX,0x064,6,01 AB 57 80 08 2A,1,-21673,128,8,42,,,,smc6
2025-08-10T16:01:19.467,RX,0x064,6,01 AB 57 80 07 D2,1,-21673,128,7,210,,,,smc6
2025-08-10T16:01:19.572,RX,0x064,6,01 AB 57 80 07 EB,1,-21673,128,7,235,,,,smc6
2025-08-10T16:01:19.676,RX,0x064,6,01 AB 57 80 07 D3,1,-21673,128,7,211,,,,smc6
2025-08-10T16:01:19.777,RX,0x064,6,01 AB 57 80 08 10,1,-21673,128,8,16,,,,smc6
2025-08-10T16:01:19.879,RX,0x064,6,01 AB 57 80 08 13,1,-21673,128,8,19,,,,smc6
2025-08-10T16:01:19.983,RX,0x064,6,01 AB 57 80 08 13,1,-21673,128,8,19,,,,smc6
2025-08-10T16:01:20.083,RX,0x064,6,01 AB 57 80 07 9A,1,-21673,128,7,154,,,,smc6
2025-08-10T16:01:20.186,RX,0x064,6,01 AB 57 80 08 66,1,-21673,128,8,102,,,,smc6
2025-08-10T16:01:20.287,RX,0x064,6,01 AB 57 80 07 C7,1,-21673,128,7,199,,,,smc6
2025-08-10T16:01:20.388,RX,0x064,6,01 AB 57 80 07 B5,1,-21673,128,7,181,,,,smc6
2025-08-10T16:01:20.499,RX,0x064,6,01 AB 57 80 07 CA,1,-21673,128,7,202,,,,smc6
2025-08-10T16:01:20.594,RX,0x064,6,01 AB 57 80 08 34,1,-21673,128,8,52,,,,smc6
2025-08-10T16:01:20.698,RX,0x064,6,01 AB 57 80 07 D5,1,-21673,128,7,213,,,,smc6
2025-08-10T16:01:20.802,RX,0x064,6,01 AB 57 80 07 CD,1,-21673,128,7,205,,,,smc6
2025-08-10T16:01:20.902,RX,0x064,6,01 AB 57 80 08 38,1,-21673,128,8,56,,,,smc6
2025-08-10T16:01:21.003,RX,0x064,6,01 AB 57 80 08 13,1,-21673,128,8,19,,,,smc6
2025-08-10T16:01:21.105,RX,0x064,6,01 AB 57 80 07 E1,1,-21673,128,7,225,,,,smc6
2025-08-10T16:01:21.212,RX,0x064,6,01 AB 57 80 08 77,1,-21673,128,8,119,,,,smc6
2025-08-10T16:01:21.320,RX,0x064,6,01 AB 57 80 08 25,1,-21673,128,8,37,,,,smc6
2025-08-10T16:01:21.421,RX,0x064,6,01 AB 57 80 08 09,1,-21673,128,8,9,,,,smc6
2025-08-10T16:01:21.521,RX,0x064,6,01 AB 57 80 07 D9,1,-21673,128,7,217,,,,smc6
2025-08-10T16:01:21.622,RX,0x064,6,01 AB 57 80 07 DA,1,-21673,128,7,218,,,,smc6
2025-08-10T16:01:21.723,RX,0x064,6,01 AB 57 80 07 ED,1,-21673,128,7,237,,,,smc6
2025-08-10T16:01:21.823,RX,0x064,6,01 AB 57 80 08 1D,1,-21673,128,8,29,,,,smc6
2025-08-10T16:01:21.925,RX,0x064,6,01 AB 57 80 07 D3,1,-21673,128,7,211,,,,smc6
2025-08-10T16:01:22.027,RX,0x064,6,01 AB 57 80 07 A5,1,-21673,128,7,165,,,,smc6
2025-08-10T16:01:22.128,RX,0x064,6,01 AB 57 80 07 BE,1,-21673,128,7,190,,,,smc6
2025-08-10T16:01:22.229,RX,0x064,6,01 AB 57 80 08 37,1,-21673,128,8,55,,,,smc6
2025-08-10T16:01:22.331,RX,0x064,6,01 AB 57 80 07 CE,1,-21673,128,7,206,,,,smc6
2025-08-10T16:01:22.438,RX,0x064,6,01 AB 57 80 07 AD,1,-21673,128,7,173,,,,smc6
2025-08-10T16:01:22.540,RX,0x064,6,01 AB 57 80 07 D5,1,-21673,128,7,213,,,,smc6
2025-08-10T16:01:22.640,RX,0x064,6,01 AB 57 80 07 AC,1,-21673,128,7,172,,,,smc6
2025-08-10T16:01:22.743,RX,0x064,6,01 AB 57 80 08 0A,1,-21673,128,8,10,,,,smc6
2025-08-10T16:01:22.842,RX,0x064,6,01 AB 57 80 08 15,1,-21673,128,8,21,,,,smc6
2025-08-10T16:01:22.943,RX,0x064,6,01 AB 57 80 07 F0,1,-21673,128,7,240,,,,smc6
2025-08-10T16:01:23.048,RX,0x064,6,01 AB 57 80 07 C9,1,-21673,128,7,201,,,,smc6
2025-08-10T16:01:23.154,RX,0x064,6,01 AB 57 80 08 21,1,-21673,128,8,33,,,,smc6
2025-08-10T16:01:23.253,RX,0x064,6,01 AB 57 80 08 26,1,-21673,128,8,38,,,,smc6
2025-08-10T16:01:23.359,RX,0x064,6,01 AB 57 80 07 DA,1,-21673,128,7,218,,,,smc6
2025-08-10T16:01:23.455,RX,0x064,6,01 AB 57 80 07 E6,1,-21673,128,7,230,,,,smc6
2025-08-10T16:01:23.556,RX,0x064,6,01 AB 57 80 07 FB,1,-21673,128,7,251,,,,smc6
2025-08-10T16:01:23.657,RX,0x064,6,01 AB 57 80 07 AE,1,-21673,128,7,174,,,,smc6
2025-08-10T16:01:23.759,RX,0x064,6,01 AB 57 80 08 0D,1,-21673,128,8,13,,,,smc6
2025-08-10T16:01:23.859,RX,0x064,6,01 AB 57 80 08 33,1,-21673,128,8,51,,,,smc6
2025-08-10T16:01:23.960,RX,0x064,6,01 AB 57 80 08 6E,1,-21673,128,8,110,,,,smc6
2025-08-10T16:01:24.060,RX,0x064,6,01 AB 57 80 08 3F,1,-21673,128,8,63,,,,smc6
2025-08-10T16:01:24.160,RX,0x064,6,01 AB 57 80 07 CC,1,-21673,128,7,204,,,,smc6
2025-08-10T16:01:24.262,RX,0x064,6,01 AB 57 80 08 29,1,-21673,128,8,41,,,,smc6
2025-08-10T16:01:24.363,RX,0x064,6,01 AB 57 80 07 E8,1,-21673,128,7,232,,,,smc6
2025-08-10T16:01:24.463,RX,0x064,6,01 AB 57 80 08 51,1,-21673,128,8,81,,,,smc6
2025-08-10T16:01:24.565,RX,0x064,6,01 AB 57 80 08 16,1,-21673,128,8,22,,,,smc6
2025-08-10T16:01:24.666,RX,0x064,6,01 AB 57 80 07 C6,1,-21673,128,7,198,,,,smc6
2025-08-10T16:01:24.767,RX,0x064,6,01 AB 57 80 07 D8,1,-21673,128,7,216,,,,smc6
2025-08-10T16:01:24.871,RX,0x064,6,01 AB 57 80 08 20,1,-21673,128,8,32,,,,smc6
2025-08-10T16:01:24.971,RX,0x064,6,01 AB 57 80 08 1B,1,-21673,128,8,27,,,,smc6
2025-08-10T16:01:25.078,RX,0x064,6,01 AB 57 80 07 C5,1,-21673,128,7,197,,,,smc6
2025-08-10T16:01:25.178,RX,0x064,6,01 AB 57 80 07 DF,1,-21673,128,7,223,,,,smc6
2025-08-10T16:01:25.282,RX,0x064,6,01 AB 57 80 08 22,1,-21673,128,8,34,,,,smc6
2025-08-10T16:01:25.382,RX,0x064,6,01 AB 57 80 07 D1,1,-21673,128,7,209,,,,smc6
2025-08-10T16:01:25.484,RX,0x064,6,01 AB 57 80 07 D2,1,-21673,128,7,210,,,,smc6
2025-08-10T16:01:25.587,RX,0x064,6,01 AB 57 80 07 EA,1,-21673,128,7,234,,,,smc6
2025-08-10T16:01:25.688,RX,0x064,6,01 AB 57 80 07 CF,1,-21673,128,7,207,,,,smc6
2025-08-10T16:01:25.791,RX,0x064,6,01 AB 57 80 08 64,1,-21673,128,8,100,,,,smc6
2025-08-10T16:01:25.891,RX,0x064,6,01 AB 57 80 08 36,1,-21673,128,8,54,,,,smc6
2025-08-10T16:01:25.992,RX,0x064,6,01 AB 57 80 07 C7,1,-21673,128,7,199,,,,smc6
2025-08-10T16:01:26.099,RX,0x064,6,01 AB 57 80 07 D3,1,-21673,128,7,211,,,,smc6
2025-08-10T16:01:26.200,RX,0x064,6,01 AB 57 80 08 0E,1,-21673,128,8,14,,,,smc6
2025-08-10T16:01:26.300,RX,0x064,6,01 AB 57 80 08 24,1,-21673,128,8,36,,,,smc6
2025-08-10T16:01:26.404,RX,0x064,6,01 AB 57 80 08 32,1,-21673,128,8,50,,,,smc6
2025-08-10T16:01:26.507,RX,0x064,6,01 AB 57 80 08 1E,1,-21673,128,8,30,,,,smc6
2025-08-10T16:01:26.606,RX,0x064,6,01 AB 57 80 08 17,1,-21673,128,8,23,,,,smc6
2025-08-10T16:01:26.706,RX,0x064,6,01 AB 57 80 08 1B,1,-21673,128,8,27,,,,smc6
2025-08-10T16:01:26.807,RX,0x064,6,01 AB 57 80 07 C1,1,-21673,128,7,193,,,,smc6
2025-08-10T16:01:26.915,RX,0x064,6,01 AB 57 80 08 10,1,-21673,128,8,16,,,,smc6
2025-08-10T16:01:27.019,RX,0x064,6,01 AB 57 80 08 11,1,-21673,128,8,17,,,,smc6
2025-08-10T16:01:27.122,RX,0x064,6,01 AB 57 80 08 21,1,-21673,128,8,33,,,,smc6
2025-08-10T16:01:27.224,RX,0x064,6,01 AB 57 80 07 CD,1,-21673,128,7,205,,,,smc6
2025-08-10T16:01:27.325,RX,0x064,6,01 AB 57 80 07 DD,1,-21673,128,7,221,,,,smc6
2025-08-10T16:01:27.426,RX,0x064,6,01 AB 57 80 08 09,1,-21673,128,8,9,,,,smc6
2025-08-10T16:01:27.535,RX,0x064,6,01 AB 57 80 07 E8,1,-21673,128,7,232,,,,smc6
2025-08-10T16:01:27.635,RX,0x064,6,01 AB 57 80 07 BE,1,-21673,128,7,190,,,,smc6
2025-08-10T16:01:27.735,RX,0x064,6,01 AB 57 80 07 D6,1,-21673,128,7,214,,,,smc6
2025-08-10T16:01:27.838,RX,0x064,6,01 AB 57 80 07 FF,1,-21673,128,7,255,,,,smc6
2025-08-10T16:01:27.939,RX,0x064,6,01 AB 57 80 07 A8,1,-21673,128,7,168,,,,smc6
2025-08-10T16:01:28.040,RX,0x064,6,01 AB 57 80 07 BB,1,-21673,128,7,187,,,,smc6
2025-08-10T16:01:28.142,RX,0x064,6,01 AB 57 80 08 7D,1,-21673,128,8,125,,,,smc6
2025-08-10T16:01:28.241,RX,0x064,6,01 AB 57 80 08 12,1,-21673,128,8,18,,,,smc6
2025-08-10T16:01:28.343,RX,0x064,6,01 AB 57 80 08 10,1,-21673,128,8,16,,,,smc6
2025-08-10T16:01:28.443,RX,0x064,6,01 AB 57 80 07 DC,1,-21673,128,7,220,,,,smc6
2025-08-10T16:01:28.543,RX,0x064,6,01 AB 57 80 08 7D,1,-21673,128,8,125,,,,smc6
2025-08-10T16:01:28.644,RX,0x064,6,01 AB 57 80 07 D5,1,-21673,128,7,213,,,,smc6
2025-08-10T16:01:28.745,RX,0x064,6,01 AB 57 80 07 E8,1,-21673,128,7,232,,,,smc6
2025-08-10T16:01:28.846,RX,0x064,6,01 AB 57 80 08 20,1,-21673,128,8,32,,,,smc6
2025-08-10T16:01:28.946,RX,0x064,6,01 AB 57 80 08 83,1,-21673,128,8,131,,,,smc6
2025-08-10T16:01:29.047,RX,0x064,6,01 AB 57 80 08 1D,1,-21673,128,8,29,,,,smc6
2025-08-10T16:01:29.147,RX,0x064,6,01 AB 57 80 07 D4,1,-21673,128,7,212,,,,smc6
2025-08-10T16:01:29.250,RX,0x064,6,01 AB 57 80 08 18,1,-21673,128,8,24,,,,smc6
2025-08-10T16:01:29.349,RX,0x064,6,01 AB 57 80 07 D1,1,-21673,128,7,209,,,,smc6
2025-08-10T16:01:29.453,RX,0x064,6,01 AB 57 80 08 32,1,-21673,128,8,50,,,,smc6
2025-08-10T16:01:29.554,RX,0x064,6,01 AB 57 80 07 E8,1,-21673,128,7,232,,,,smc6
2025-08-10T16:01:29.660,RX,0x064,6,01 AB 57 80 07 DD,1,-21673,128,7,221,,,,smc6
2025-08-10T16:01:29.757,RX,0x064,6,01 AB 57 80 07 CD,1,-21673,128,7,205,,,,smc6
2025-08-10T16:01:29.858,RX,0x064,6,01 AB 57 80 08 04,1,-21673,128,8,4,,,,smc6
2025-08-10T16:01:29.961,RX,0x064,6,01 AB 57 80 08 09,1,-21673,128,8,9,,,,smc6
2025-08-10T16:01:30.071,RX,0x064,6,01 AB 57 80 08 08,1,-21673,128,8,8,,,,smc6
2025-08-10T16:01:30.167,RX,0x064,6,01 AB 57 80 08 24,1,-21673,128,8,36,,,,smc6
2025-08-10T16:01:30.267,RX,0x064,6,01 AB 57 80 08 06,1,-21673,128,8,6,,,,smc6
2025-08-10T16:01:30.368,RX,0x064,6,01 AB 57 80 08 35,1,-21673,128,8,53,,,,smc6
2025-08-10T16:01:30.471,RX,0x064,6,01 AB 57 80 07 D0,1,-21673,128,7,208,,,,smc6
2025-08-10T16:01:30.572,RX,0x064,6,01 AB 57 80 07 FB,1,-21673,128,7,251,,,,smc6
2025-08-10T16:01:30.674,RX,0x064,6,01 AB 57 80 07 BB,1,-21673,128,7,187,,,,smc6
2025-08-10T16:01:30.773,RX,0x064,6,01 AB 57 80 07 FE,1,-21673,128,7,254,,,,smc6
2025-08-10T16:01:30.880,RX,0x064,6,01 AB 57 80 08 2C,1,-21673,128,8,44,,,,smc6
2025-08-10T16:01:30.981,RX,0x064,6,01 AB 57 80 07 C6,1,-21673,128,7,198,,,,smc6
2025-08-10T16:01:31.082,RX,0x064,6,01 AB 57 80 08 1A,1,-21673,128,8,26,,,,smc6
2025-08-10T16:01:31.184,RX,0x064,6,01 AB 57 80 08 12,1,-21673,128,8,18,,,,smc6
2025-08-10T16:01:31.286,RX,0x064,6,01 AB 57 80 08 27,1,-21673,128,8,39,,,,smc6
2025-08-10T16:01:31.387,RX,0x064,6,01 AB 57 80 08 21,1,-21673,128,8,33,,,,smc6
2025-08-10T16:01:31.489,RX,0x064,6,01 AB 57 80 07 A6,1,-21673,128,7,166,,,,smc6
2025-08-10T16:01:31.590,RX,0x064,6,01 AB 57 80 07 D4,1,-21673,128,7,212,,,,smc6
2025-08-10T16:01:31.691,RX,0x064,6,01 AB 57 80 07 E3,1,-21673,128,7,227,,,,smc6
2025-08-10T16:01:31.792,RX,0x064,6,01 AB 57 80 08 04,1,-21673,128,8,4,,,,smc6
2025-08-10T16:01:31.893,RX,0x064,6,01 AB 57 80 08 36,1,-21673,128,8,54,,,,smc6
2025-08-10T16:01:31.995,RX,0x064,6,01 AB 57 80 08 8E,1,-21673,128,8,142,,,,smc6
2025-08-10T16:01:32.095,RX,0x064,6,01 AB 57 80 08 27,1,-21673,128,8,39,,,,smc6
2025-08-10T16:01:32.196,RX,0x064,6,01 AB 57 80 07 E8,1,-21673,128,7,232,,,,smc6
2025-08-10T16:01:32.299,RX,0x064,6,01 AB 57 80 08 00,1,-21673,128,8,0,,,,smc6
2025-08-10T16:01:32.400,RX,0x064,6,01 AB 57 80 07 8D,1,-21673,128,7,141,,,,smc6
2025-08-10T16:01:32.502,RX,0x064,6,01 AB 57 80 08 0B,1,-21673,128,8,11,,,,smc6
2025-08-10T16:01:32.603,RX,0x064,6,01 AB 57 80 07 E6,1,-21673,128,7,230,,,,smc6
2025-08-10T16:01:32.704,RX,0x064,6,01 AB 57 80 07 CE,1,-21673,128,7,206,,,,smc6
2025-08-10T16:01:32.804,RX,0x064,6,01 AB 57 80 08 23,1,-21673,128,8,35,,,,smc6
2025-08-10T16:01:32.906,RX,0x064,6,01 AB 57 80 07 95,1,-21673,128,7,149,,,,smc6
2025-08-10T16:01:33.008,RX,0x064,6,01 AB 57 80 08 10,1,-21673,128,8,16,,,,smc6
2025-08-10T16:01:33.111,RX,0x064,6,01 AB 57 80 08 28,1,-21673,128,8,40,,,,smc6
2025-08-10T16:01:33.210,RX,0x064,6,01 AB 57 80 07 98,1,-21673,128,7,152,,,,smc6
2025-08-10T16:01:33.310,RX,0x064,6,01 AB 57 80 08 0A,1,-21673,128,8,10,,,,smc6
2025-08-10T16:01:33.411,RX,0x064,6,01 AB 57 80 08 15,1,-21673,128,8,21,,,,smc6
2025-08-10T16:01:33.513,RX,0x064,6,01 AB 57 80 08 11,1,-21673,128,8,17,,,,smc6
2025-08-10T16:01:33.615,RX,0x064,6,01 AB 57 80 08 30,1,-21673,128,8,48,,,,smc6
2025-08-10T16:01:33.716,RX,0x064,6,01 AB 57 80 07 B5,1,-21673,128,7,181,,,,smc6
2025-08-10T16:01:33.820,RX,0x064,6,01 AB 57 80 08 0B,1,-21673,128,8,11,,,,smc6
2025-08-10T16:01:33.921,RX,0x064,6,01 AB 57 80 07 E2,1,-21673,128,7,226,,,,smc6
2025-08-10T16:01:34.025,RX,0x064,6,01 AB 57 80 07 F2,1,-21673,128,7,242,,,,smc6
2025-08-10T16:01:34.121,RX,0x064,6,01 AB 57 80 07 C4,1,-21673,128,7,196,,,,smc6
2025-08-10T16:01:34.222,RX,0x064,6,01 AB 57 80 08 0A,1,-21673,128,8,10,,,,smc6
2025-08-10T16:01:34.326,RX,0x064,6,01 AB 57 80 07 C4,1,-21673,128,7,196,,,,smc6
2025-08-10T16:01:34.426,RX,0x064,6,01 AB 57 80 07 B3,1,-21673,128,7,179,,,,smc6
2025-08-10T16:01:34.526,RX,0x064,6,01 AB 57 80 07 AC,1,-21673,128,7,172,,,,smc6
2025-08-10T16:01:34.628,RX,0x064,6,01 AB 57 80 07 E4,1,-21673,128,7,228,,,,smc6
2025-08-10T16:01:34.728,RX,0x064,6,01 AB 57 80 08 3F,1,-21673,128,8,63,,,,smc6
2025-08-10T16:01:34.831,RX,0x064,6,01 AB 57 80 08 22,1,-21673,128,8,34,,,,smc6
2025-08-10T16:01:34.933,RX,0x064,6,01 AB 57 80 07 DD,1,-21673,128,7,221,,,,smc6
2025-08-10T16:01:35.034,RX,0x064,6,01 AB 57 80 08 69,1,-21673,128,8,105,,,,smc6
2025-08-10T16:01:35.140,RX,0x064,6,01 AB 57 80 08 3E,1,-21673,128,8,62,,,,smc6
2025-08-10T16:01:35.241,RX,0x064,6,01 AB 57 80 07 D8,1,-21673,128,7,216,,,,smc6
2025-08-10T16:01:35.341,RX,0x064,6,01 AB 57 80 08 26,1,-21673,128,8,38,,,,smc6
2025-08-10T16:01:35.443,RX,0x064,6,01 AB 57 80 07 E2,1,-21673,128,7,226,,,,smc6
2025-08-10T16:01:35.546,RX,0x064,6,01 AB 57 80 08 2F,1,-21673,128,8,47,,,,smc6
2025-08-10T16:01:35.648,RX,0x064,6,01 AB 57 80 08 36,1,-21673,128,8,54,,,,smc6
2025-08-10T16:01:35.746,RX,0x064,6,01 AB 57 80 07 DF,1,-21673,128,7,223,,,,smc6
2025-08-10T16:01:35.846,RX,0x064,6,01 AB 57 80 07 FE,1,-21673,128,7,254,,,,smc6
2025-08-10T16:01:35.955,RX,0x064,6,01 AB 57 80 07 D6,1,-21673,128,7,214,,,,smc6
2025-08-10T16:01:36.056,RX,0x064,6,01 AB 57 80 07 BE,1,-21673,128,7,190,,,,smc6
2025-08-10T16:01:36.158,RX,0x064,6,01 AB 57 80 08 1C,1,-21673,128,8,28,,,,smc6
2025-08-10T16:01:36.258,RX,0x064,6,01 AB 57 80 07 FD,1,-21673,128,7,253,,,,smc6
2025-08-10T16:01:36.359,RX,0x064,6,01 AB 57 80 08 73,1,-21673,128,8,115,,,,smc6
2025-08-10T16:01:36.462,RX,0x064,6,01 AB 57 80 08 2D,1,-21673,128,8,45,,,,smc6
2025-08-10T16:01:36.564,RX,0x064,6,01 AB 57 80 08 11,1,-21673,128,8,17,,,,smc6
2025-08-10T16:01:36.665,RX,0x064,6,01 AB 57 80 08 07,1,-21673,128,8,7,,,,smc6
2025-08-10T16:01:36.768,RX,0x064,6,01 AB 57 80 07 BC,1,-21673,128,7,188,,,,smc6
2025-08-10T16:01:36.869,RX,0x064,6,01 AB 57 80 07 EE,1,-21673,128,7,238,,,,smc6
2025-08-10T16:01:36.970,RX,0x064,6,01 AB 57 80 08 04,1,-21673,128,8,4,,,,smc6
2025-08-10T16:01:37.071,RX,0x064,6,01 AB 57 80 07 B7,1,-21673,128,7,183,,,,smc6
2025-08-10T16:01:37.172,RX,0x064,6,01 AB 57 80 07 D5,1,-21673,128,7,213,,,,smc6
2025-08-10T16:01:37.273,RX,0x064,6,01 AB 57 80 08 86,1,-21673,128,8,134,,,,smc6
2025-08-10T16:01:37.375,RX,0x064,6,01 AB 57 80 07 BD,1,-21673,128,7,189,,,,smc6
2025-08-10T16:01:37.485,RX,0x064,6,01 AB 57 80 07 90,1,-21673,128,7,144,,,,smc6
2025-08-10T16:01:37.576,RX,0x064,6,01 AB 57 80 07 CF,1,-21673,128,7,207,,,,smc6
2025-08-10T16:01:37.676,RX,0x064,6,01 AB 57 80 07 E9,1,-21673,128,7,233,,,,smc6
2025-08-10T16:01:37.777,RX,0x064,6,01 AB 57 80 08 06,1,-21673,128,8,6,,,,smc6
2025-08-10T16:01:37.878,RX,0x064,6,01 AB 57 80 08 12,1,-21673,128,8,18,,,,smc6
2025-08-10T16:01:37.984,RX,0x064,6,01 AB 57 80 07 FA,1,-21673,128,7,250,,,,smc6
2025-08-10T16:01:38.082,RX,0x064,6,01 AB 57 80 07 FD,1,-21673,128,7,253,,,,smc6
2025-08-10T16:01:38.182,RX,0x064,6,01 AB 57 80 07 BA,1,-21673,128,7,186,,,,smc6
2025-08-10T16:01:38.283,RX,0x064,6,01 AB 57 80 07 AA,1,-21673,128,7,170,,,,smc6
2025-08-10T16:01:38.383,RX,0x064,6,01 AB 57 80 08 54,1,-21673,128,8,84,,,,smc6
2025-08-10T16:01:38.485,RX,0x064,6,01 AB 57 80 07 EE,1,-21673,128,7,238,,,,smc6
2025-08-10T16:01:38.585,RX,0x064,6,01 AB 57 80 08 0D,1,-21673,128,8,13,,,,smc6
2025-08-10T16:01:38.686,RX,0x064,6,01 AB 57 80 08 17,1,-21673,128,8,23,,,,smc6
2025-08-10T16:01:38.787,RX,0x064,6,01 AB 57 80 07 D9,1,-21673,128,7,217,,,,smc6
2025-08-10T16:01:38.889,RX,0x064,6,01 AB 57 80 08 00,1,-21673,128,8,0,,,,smc6
2025-08-10T16:01:38.988,RX,0x064,6,01 AB 57 80 08 35,1,-21673,128,8,53,,,,smc6
2025-08-10T16:01:39.092,RX,0x064,6,01 AB 57 80 07 CF,1,-21673,128,7,207,,,,smc6
2025-08-10T16:01:39.194,RX,0x064,6,01 AB 57 80 08 0D,1,-21673,128,8,13,,,,smc6
2025-08-10T16:01:39.296,RX,0x064,6,01 AB 57 80 07 B0,1,-21673,128,7,176,,,,smc6
2025-08-10T16:01:39.400,RX,0x064,6,01 AB 57 80 08 7E,1,-21673,128,8,126,,,,smc6
2025-08-10T16:01:39.500,RX,0x064,6,01 AB 57 80 07 E3,1,-21673,128,7,227,,,,smc6
2025-08-10T16:01:39.602,RX,0x064,6,01 AB 57 80 07 CD,1,-21673,128,7,205,,,,smc6
2025-08-10T16:01:39.702,RX,0x064,6,01 AB 57 80 07 ED,1,-21673,128,7,237,,,,smc6
2025-08-10T16:01:39.804,RX,0x064,6,01 AB 57 80 08 08,1,-21673,128,8,8,,,,smc6
2025-08-10T16:01:39.908,RX,0x064,6,01 AB 57 80 07 E1,1,-21673,128,7,225,,,,smc6
2025-08-10T16:01:40.005,RX,0x064,6,01 AB 57 80 07 EB,1,-21673,128,7,235,,,,smc6
2025-08-10T16:01:40.108,RX,0x064,6,01 AB 57 80 07 C5,1,-21673,128,7,197,,,,smc6
2025-08-10T16:01:40.206,RX,0x064,6,01 AB 57 80 07 E8,1,-21673,128,7,232,,,,smc6
2025-08-10T16:01:40.307,RX,0x064,6,01 AB 57 80 07 CC,1,-21673,128,7,204,,,,smc6
2025-08-10T16:01:40.407,RX,0x064,6,01 AB 57 80 07 FB,1,-21673,128,7,251,,,,smc6
2025-08-10T16:01:40.508,RX,0x064,6,01 AB 57 80 08 3C,1,-21673,128,8,60,,,,smc6
2025-08-10T16:01:40.611,RX,0x064,6,01 AB 57 80 07 DA,1,-21673,128,7,218,,,,smc6
2025-08-10T16:01:40.711,RX,0x064,6,01 AB 57 80 07 CD,1,-21673,128,7,205,,,,smc6
2025-08-10T16:01:40.812,RX,0x064,6,01 AB 57 80 07 B7,1,-21673,128,7,183,,,,smc6
2025-08-10T16:01:40.913,RX,0x064,6,01 AB 57 80 08 2B,1,-21673,128,8,43,,,,smc6
2025-08-10T16:01:41.014,RX,0x064,6,01 AB 57 80 08 3E,1,-21673,128,8,62,,,,smc6
2025-08-10T16:01:41.125,RX,0x064,6,01 AB 57 80 08 2D,1,-21673,128,8,45,,,,smc6
2025-08-10T16:01:41.224,RX,0x064,6,01 AB 57 80 08 1C,1,-21673,128,8,28,,,,smc6
2025-08-10T16:01:41.323,RX,0x064,6,01 AB 57 80 08 37,1,-21673,128,8,55,,,,smc6
2025-08-10T16:01:41.429,RX,0x064,6,01 AB 57 80 08 03,1,-21673,128,8,3,,,,smc6
2025-08-10T16:01:41.524,RX,0x064,6,01 AB 57 80 08 10,1,-21673,128,8,16,,,,smc6
2025-08-10T16:01:41.626,RX,0x064,6,01 AB 57 80 08 74,1,-21673,128,8,116,,,,smc6
2025-08-10T16:01:41.725,RX,0x064,6,01 AB 57 80 07 FA,1,-21673,128,7,250,,,,smc6
2025-08-10T16:01:41.826,RX,0x064,6,01 AB 57 80 08 20,1,-21673,128,8,32,,,,smc6
2025-08-10T16:01:41.928,RX,0x064,6,01 AB 57 80 07 F7,1,-21673,128,7,247,,,,smc6
2025-08-10T16:01:42.029,RX,0x064,6,01 AB 57 80 08 17,1,-21673,128,8,23,,,,smc6
2025-08-10T16:01:42.131,RX,0x064,6,01 AB 57 80 08 27,1,-21673,128,8,39,,,,smc6
2025-08-10T16:01:42.233,RX,0x064,6,01 AB 57 80 08 0C,1,-21673,128,8,12,,,,smc6
2025-08-10T16:01:42.333,RX,0x064,6,01 AB 57 80 07 D8,1,-21673,128,7,216,,,,smc6
2025-08-10T16:01:42.433,RX,0x064,6,01 AB 57 80 08 1C,1,-21673,128,8,28,,,,smc6
2025-08-10T16:01:42.541,RX,0x064,6,01 AB 57 80 08 16,1,-21673,128,8,22,,,,smc6
2025-08-10T16:01:42.642,RX,0x064,6,01 AB 57 80 08 53,1,-21673,128,8,83,,,,smc6
2025-08-10T16:01:42.742,RX,0x064,6,01 AB 57 80 08 21,1,-21673,128,8,33,,,,smc6
2025-08-10T16:01:42.844,RX,0x064,6,01 AB 57 80 07 A0,1,-21673,128,7,160,,,,smc6
2025-08-10T16:01:42.944,RX,0x064,6,01 AB 57 80 07 E5,1,-21673,128,7,229,,,,smc6
2025-08-10T16:01:43.047,RX,0x064,6,01 AB 57 80 07 CB,1,-21673,128,7,203,,,,smc6
2025-08-10T16:01:43.149,RX,0x064,6,01 AB 57 80 07 FD,1,-21673,128,7,253,,,,smc6
2025-08-10T16:01:43.251,RX,0x064,6,01 AB 57 80 07 C2,1,-21673,128,7,194,,,,smc6
2025-08-10T16:01:43.351,RX,0x064,6,01 AB 57 80 08 18,1,-21673,128,8,24,,,,smc6
2025-08-10T16:01:43.453,RX,0x064,6,01 AB 57 80 07 BC,1,-21673,128,7,188,,,,smc6
2025-08-10T16:01:43.556,RX,0x064,6,01 AB 57 80 08 8D,1,-21673,128,8,141,,,,smc6
2025-08-10T16:01:43.656,RX,0x064,6,01 AB 57 80 08 04,1,-21673,128,8,4,,,,smc6
2025-08-10T16:01:43.759,RX,0x064,6,01 AB 57 80 08 30,1,-21673,128,8,48,,,,smc6
2025-08-10T16:01:43.862,RX,0x064,6,01 AB 57 80 08 32,1,-21673,128,8,50,,,,smc6
2025-08-10T16:01:43.975,RX,0x064,6,01 AB 57 80 08 16,1,-21673,128,8,22,,,,smc6
2025-08-10T16:01:44.074,RX,0x064,6,01 AB 57 80 08 0D,1,-21673,128,8,13,,,,smc6
2025-08-10T16:01:44.166,RX,0x064,6,01 AB 57 80 07 DA,1,-21673,128,7,218,,,,smc6
2025-08-10T16:01:44.267,RX,0x064,6,01 AB 57 80 08 00,1,-21673,128,8,0,,,,smc6
2025-08-10T16:01:44.371,RX,0x064,6,01 AB 57 80 08 3B,1,-21673,128,8,59,,,,smc6
2025-08-10T16:01:44.472,RX,0x064,6,01 AB 57 80 08 12,1,-21673,128,8,18,,,,smc6
2025-08-10T16:01:44.574,RX,0x064,6,01 AB 57 80 08 95,1,-21673,128,8,149,,,,smc6
2025-08-10T16:01:44.675,RX,0x064,6,01 AB 57 80 07 ED,1,-21673,128,7,237,,,,smc6
2025-08-10T16:01:44.780,RX,0x064,6,01 AB 57 80 08 38,1,-21673,128,8,56,,,,smc6
2025-08-10T16:01:44.884,RX,0x064,6,01 AB 57 80 07 97,1,-21673,128,7,151,,,,smc6
2025-08-10T16:01:44.985,RX,0x064,6,01 AB 57 80 07 B2,1,-21673,128,7,178,,,,smc6
2025-08-10T16:01:45.086,RX,0x064,6,01 AB 57 80 07 DD,1,-21673,128,7,221,,,,smc6
2025-08-10T16:01:45.187,RX,0x064,6,01 AB 57 80 07 E6,1,-21673,128,7,230,,,,smc6
2025-08-10T16:01:45.289,RX,0x064,6,01 AB 57 80 07 E6,1,-21673,128,7,230,,,,smc6
2025-08-10T16:01:45.393,RX,0x064,6,01 AB 57 80 08 3A,1,-21673,128,8,58,,,,smc6
2025-08-10T16:01:45.493,RX,0x064,6,01 AB 57 80 08 35,1,-21673,128,8,53,,,,smc6
2025-08-10T16:01:45.593,RX,0x064,6,01 AB 57 80 08 11,1,-21673,128,8,17,,,,smc6
2025-08-10T16:01:45.695,RX,0x064,6,01 AB 57 80 07 B1,1,-21673,128,7,177,,,,smc6
2025-08-10T16:01:45.795,RX,0x064,6,01 AB 57 80 07 EF,1,-21673,128,7,239,,,,smc6
2025-08-10T16:01:45.896,RX,0x064,6,01 AB 57 80 08 0B,1,-21673,128,8,11,,,,smc6
2025-08-10T16:01:45.996,RX,0x064,6,01 AB 57 80 08 04,1,-21673,128,8,4,,,,smc6
2025-08-10T16:01:46.098,RX,0x064,6,01 AB 57 80 07 FC,1,-21673,128,7,252,,,,smc6
2025-08-10T16:01:46.199,RX,0x064,6,01 AB 57 80 07 E9,1,-21673,128,7,233,,,,smc6
2025-08-10T16:01:46.301,RX,0x064,6,01 AB 57 80 08 0B,1,-21673,128,8,11,,,,smc6
2025-08-10T16:01:46.401,RX,0x064,6,01 AB 57 80 07 E9,1,-21673,128,7,233,,,,smc6
