ts_ms,can_id,dlc,raw_hex,driver_id,pos_rad,vel_rad_s,tau_Nm,pos_raw_i16,vel_raw_s12,tau_raw_s12
1754830157747,0x064,6,01 FF FF 80 07 F3,1,12.500000,0.015873,-0.109890,-1,-2048,2035
1754830157747,0x064,6,01 FF FF 80 07 F3,1,12.500000,0.015873,-0.109890,-1,-2048,2035
1754830157748,0x064,6,01 FF FF 80 07 A7,1,12.500000,0.015873,-0.778022,-1,-2048,1959
1754830157750,0x064,6,01 FF FF 80 07 A7,1,12.500000,0.015873,-0.778022,-1,-2048,1959
1754830157757,0x064,6,01 FF FF 80 07 A7,1,12.500000,0.015873,-0.778022,-1,-2048,1959
1754830157762,0x064,6,01 FF FF 80 07 A7,1,12.500000,0.015873,-0.778022,-1,-2048,1959
1754830157767,0x064,6,01 FF FF 80 07 A7,1,12.500000,0.015873,-0.778022,-1,-2048,1959
1754830157773,0x064,6,01 FF FF 80 07 A7,1,12.500000,0.015873,-0.778022,-1,-2048,1959
1754830157778,0x064,6,01 FF FF 80 07 A7,1,12.500000,0.015873,-0.778022,-1,-2048,1959
1754830157786,0x064,6,01 FF FF 80 07 A7,1,12.500000,0.015873,-0.778022,-1,-2048,1959
1754830157789,0x064,6,01 FF FF 80 07 A7,1,12.500000,0.015873,-0.778022,-1,-2048,1959
1754830157795,0x064,6,01 FF FF 80 07 FB,1,12.500000,0.015873,-0.039560,-1,-2048,2043
1754830157801,0x064,6,01 FF FF 80 07 FB,1,12.500000,0.015873,-0.039560,-1,-2048,2043
1754830157806,0x064,6,01 FF FF 80 07 FB,1,12.500000,0.015873,-0.039560,-1,-2048,2043
1754830157811,0x064,6,01 FF FF 80 07 FB,1,12.500000,0.015873,-0.039560,-1,-2048,2043
1754830157816,0x064,6,01 FF FF 80 07 FB,1,12.500000,0.015873,-0.039560,-1,-2048,2043
1754830157822,0x064,6,01 FF FF 80 07 FB,1,12.500000,0.015873,-0.039560,-1,-2048,2043
1754830157827,0x064,6,01 FF FF 80 07 FB,1,12.500000,0.015873,-0.039560,-1,-2048,2043
1754830157833,0x064,6,01 FF FF 80 07 FB,1,12.500000,0.015873,-0.039560,-1,-2048,2043
1754830157840,0x064,6,01 FF FF 80 07 FB,1,12.500000,0.015873,-0.039560,-1,-2048,2043
1754830157843,0x064,6,01 FF FF 80 07 FB,1,12.500000,0.015873,-0.039560,-1,-2048,2043
1754830157849,0x064,6,01 FF FF 80 07 FB,1,12.500000,0.015873,-0.039560,-1,-2048,2043
1754830157855,0x064,6,01 FF FF 80 07 FB,1,12.500000,0.015873,-0.039560,-1,-2048,2043
1754830157862,0x064,6,01 FF FF 80 07 FB,1,12.500000,0.015873,-0.039560,-1,-2048,2043
1754830157867,0x064,6,01 FF FF 80 07 FB,1,12.500000,0.015873,-0.039560,-1,-2048,2043
1754830157873,0x064,6,01 FF FF 80 07 FB,1,12.500000,0.015873,-0.039560,-1,-2048,2043
1754830157878,0x064,6,01 FF FF 80 07 FB,1,12.500000,0.015873,-0.039560,-1,-2048,2043
1754830157884,0x064,6,01 FF FF 80 07 FB,1,12.500000,0.015873,-0.039560,-1,-2048,2043
1754830157889,0x064,6,01 FF FF 80 07 FB,1,12.500000,0.015873,-0.039560,-1,-2048,2043
1754830157896,0x064,6,01 FF FF 80 08 3D,1,12.500000,0.015873,0.540659,-1,-2048,-1987
1754830157905,0x064,6,01 FF FF 80 08 3D,1,12.500000,0.015873,0.540659,-1,-2048,-1987
1754830157913,0x064,6,01 FF FF 80 08 3D,1,12.500000,0.015873,0.540659,-1,-2048,-1987
1754830157917,0x064,6,01 FF FF 80 08 3D,1,12.500000,0.015873,0.540659,-1,-2048,-1987
1754830157922,0x064,6,01 FF FF 80 08 3D,1,12.500000,0.015873,0.540659,-1,-2048,-1987
1754830157927,0x064,6,01 FF FF 80 08 3D,1,12.500000,0.015873,0.540659,-1,-2048,-1987
1754830157932,0x064,6,01 FF FF 80 08 3D,1,12.500000,0.015873,0.540659,-1,-2048,-1987
1754830157938,0x064,6,01 FF FF 80 08 3D,1,12.500000,0.015873,0.540659,-1,-2048,-1987
1754830157943,0x064,6,01 FF FF 80 08 3D,1,12.500000,0.015873,0.540659,-1,-2048,-1987
1754830157959,0x064,6,01 FF FF 80 08 3D,1,12.500000,0.015873,0.540659,-1,-2048,-1987
1754830157959,0x064,6,01 FF FF 80 08 3D,1,12.500000,0.015873,0.540659,-1,-2048,-1987
1754830157966,0x064,6,01 FF FF 80 08 3D,1,12.500000,0.015873,0.540659,-1,-2048,-1987
1754830157972,0x064,6,01 FF FF 80 08 3D,1,12.500000,0.015873,0.540659,-1,-2048,-1987
1754830157977,0x064,6,01 FF FF 80 08 3D,1,12.500000,0.015873,0.540659,-1,-2048,-1987
1754830157982,0x064,6,01 FF FF 80 08 3D,1,12.500000,0.015873,0.540659,-1,-2048,-1987
1754830157985,0x064,6,01 FF FF 80 08 3D,1,12.500000,0.015873,0.540659,-1,-2048,-1987
1754830157991,0x064,6,01 FF FF 80 08 3D,1,12.500000,0.015873,0.540659,-1,-2048,-1987
1754830157996,0x064,6,01 FF FF 80 08 5B,1,12.500000,0.015873,0.804396,-1,-2048,-1957
1754830158001,0x064,6,01 FF FF 80 08 5B,1,12.500000,0.015873,0.804396,-1,-2048,-1957
1754830158012,0x064,6,01 FF FF 80 08 5B,1,12.500000,0.015873,0.804396,-1,-2048,-1957
1754830158026,0x064,6,01 FF FF 80 08 5B,1,12.500000,0.015873,0.804396,-1,-2048,-1957
1754830158026,0x064,6,01 FF FF 80 08 5B,1,12.500000,0.015873,0.804396,-1,-2048,-1957
1754830158029,0x064,6,01 FF FF 80 08 5B,1,12.500000,0.015873,0.804396,-1,-2048,-1957
1754830158033,0x064,6,01 FF FF 80 08 5B,1,12.500000,0.015873,0.804396,-1,-2048,-1957
1754830158043,0x064,6,01 FF FF 80 08 5B,1,12.500000,0.015873,0.804396,-1,-2048,-1957
1754830158046,0x064,6,01 FF FF 80 08 5B,1,12.500000,0.015873,0.804396,-1,-2048,-1957
1754830158051,0x064,6,01 FF FF 80 08 5B,1,12.500000,0.015873,0.804396,-1,-2048,-1957
1754830158063,0x064,6,01 FF FF 80 08 5B,1,12.500000,0.015873,0.804396,-1,-2048,-1957
1754830158077,0x064,6,01 FF FF 80 08 5B,1,12.500000,0.015873,0.804396,-1,-2048,-1957
1754830158086,0x064,6,01 FF FF 80 08 5B,1,12.500000,0.015873,0.804396,-1,-2048,-1957
1754830158099,0x064,6,01 FF FF 80 08 5B,1,12.500000,0.015873,0.804396,-1,-2048,-1957
1754830158099,0x064,6,01 FF FF 80 08 5B,1,12.500000,0.015873,0.804396,-1,-2048,-1957
1754830158104,0x064,6,01 FF FF 80 08 0F,1,12.500000,0.015873,0.136264,-1,-2048,-2033
1754830158105,0x064,6,01 FF FF 80 08 0F,1,12.500000,0.015873,0.136264,-1,-2048,-2033
1754830158111,0x064,6,01 FF FF 80 08 0F,1,12.500000,0.015873,0.136264,-1,-2048,-2033
1754830158121,0x064,6,01 FF FF 80 08 0F,1,12.500000,0.015873,0.136264,-1,-2048,-2033
1754830158131,0x064,6,01 FF FF 80 08 0F,1,12.500000,0.015873,0.136264,-1,-2048,-2033
1754830158148,0x064,6,01 FF FF 80 08 0F,1,12.500000,0.015873,0.136264,-1,-2048,-2033
1754830158150,0x064,6,01 FF FF 80 08 0F,1,12.500000,0.015873,0.136264,-1,-2048,-2033
1754830158165,0x064,6,01 FF FF 80 08 0F,1,12.500000,0.015873,0.136264,-1,-2048,-2033
1754830158183,0x064,6,01 FF FF 80 08 0F,1,12.500000,0.015873,0.136264,-1,-2048,-2033
1754830158188,0x064,6,01 FF FF 80 08 0F,1,12.500000,0.015873,0.136264,-1,-2048,-2033
1754830158206,0x064,6,01 FF FF 80 08 0F,1,12.500000,0.015873,0.136264,-1,-2048,-2033
1754830158211,0x064,6,01 FF FF 80 08 0F,1,12.500000,0.015873,0.136264,-1,-2048,-2033
1754830158224,0x064,6,01 FF FF 80 08 0F,1,12.500000,0.015873,0.136264,-1,-2048,-2033
1754830158229,0x064,6,01 FF FF 80 08 0F,1,12.500000,0.015873,0.136264,-1,-2048,-2033
1754830158237,0x064,6,01 FF FF 80 08 1F,1,12.500000,0.015873,0.276923,-1,-2048,-2017
1754830158250,0x064,6,01 FF FF 80 08 1F,1,12.500000,0.015873,0.276923,-1,-2048,-2017
1754830158251,0x064,6,01 FF FF 80 08 1F,1,12.500000,0.015873,0.276923,-1,-2048,-2017
1754830158251,0x064,6,01 FF FF 80 08 1F,1,12.500000,0.015873,0.276923,-1,-2048,-2017
1754830158251,0x064,6,01 FF FF 80 08 1F,1,12.500000,0.015873,0.276923,-1,-2048,-2017
1754830158251,0x064,6,01 FF FF 80 08 1F,1,12.500000,0.015873,0.276923,-1,-2048,-2017
1754830158252,0x064,6,01 FF FF 80 08 1F,1,12.500000,0.015873,0.276923,-1,-2048,-2017
1754830158256,0x064,6,01 FF FF 80 08 1F,1,12.500000,0.015873,0.276923,-1,-2048,-2017
1754830158262,0x064,6,01 FF FF 80 08 1F,1,12.500000,0.015873,0.276923,-1,-2048,-2017
1754830158275,0x064,6,01 FF FF 80 08 1F,1,12.500000,0.015873,0.276923,-1,-2048,-2017
1754830158294,0x064,6,01 FF FF 80 08 1F,1,12.500000,0.015873,0.276923,-1,-2048,-2017
1754830158302,0x064,6,01 FF FF 80 08 1F,1,12.500000,0.015873,0.276923,-1,-2048,-2017
1754830158305,0x064,6,01 FF FF 80 57 E2,1,12.500000,0.174603,-0.259341,-1,-2043,2018
1754830158309,0x064,6,01 FF FF 80 57 E2,1,12.500000,0.174603,-0.259341,-1,-2043,2018
1754830158310,0x064,6,01 FF FF 80 57 E2,1,12.500000,0.174603,-0.259341,-1,-2043,2018
1754830158320,0x064,6,01 FF FF 80 57 E2,1,12.500000,0.174603,-0.259341,-1,-2043,2018
1754830158325,0x064,6,01 FF FF 80 57 E2,1,12.500000,0.174603,-0.259341,-1,-2043,2018
1754830158332,0x064,6,01 FF FF 80 57 E2,1,12.500000,0.174603,-0.259341,-1,-2043,2018
1754830158342,0x064,6,01 FF FF 80 57 E2,1,12.500000,0.174603,-0.259341,-1,-2043,2018
1754830158356,0x064,6,01 FF FF 80 57 E2,1,12.500000,0.174603,-0.259341,-1,-2043,2018
1754830158371,0x064,6,01 FF FF 80 57 E2,1,12.500000,0.174603,-0.259341,-1,-2043,2018
1754830158375,0x064,6,01 FF FF 80 57 E2,1,12.500000,0.174603,-0.259341,-1,-2043,2018
1754830158378,0x064,6,01 FF FF 80 57 E2,1,12.500000,0.174603,-0.259341,-1,-2043,2018
1754830158392,0x064,6,01 FF FF 80 57 E2,1,12.500000,0.174603,-0.259341,-1,-2043,2018
1754830158393,0x064,6,01 FF FF 80 57 E2,1,12.500000,0.174603,-0.259341,-1,-2043,2018
1754830158398,0x064,6,01 FF FF 80 B7 74,1,12.500000,0.365079,-1.226374,-1,-2037,1908
1754830158406,0x064,6,01 FF FF 80 B7 74,1,12.500000,0.365079,-1.226374,-1,-2037,1908
1754830158410,0x064,6,01 FF FF 80 B7 74,1,12.500000,0.365079,-1.226374,-1,-2037,1908
1754830158415,0x064,6,01 FF FF 80 B7 74,1,12.500000,0.365079,-1.226374,-1,-2037,1908
1754830158421,0x064,6,01 FF FF 80 B7 74,1,12.500000,0.365079,-1.226374,-1,-2037,1908
1754830158427,0x064,6,01 FF FF 80 B7 74,1,12.500000,0.365079,-1.226374,-1,-2037,1908
1754830158431,0x064,6,01 FF FF 80 B7 74,1,12.500000,0.365079,-1.226374,-1,-2037,1908
1754830158437,0x064,6,01 FF FF 80 B7 74,1,12.500000,0.365079,-1.226374,-1,-2037,1908
1754830158442,0x064,6,01 FF FF 80 B7 74,1,12.500000,0.365079,-1.226374,-1,-2037,1908
1754830158447,0x064,6,01 FF FF 80 B7 74,1,12.500000,0.365079,-1.226374,-1,-2037,1908
1754830158453,0x064,6,01 FF FF 80 B7 74,1,12.500000,0.365079,-1.226374,-1,-2037,1908
1754830158460,0x064,6,01 FF FF 80 B7 74,1,12.500000,0.365079,-1.226374,-1,-2037,1908
1754830158468,0x064,6,01 FF FF 80 B7 74,1,12.500000,0.365079,-1.226374,-1,-2037,1908
1754830158479,0x064,6,01 FF FF 80 B7 74,1,12.500000,0.365079,-1.226374,-1,-2037,1908
1754830158482,0x064,6,01 FF FF 80 B7 74,1,12.500000,0.365079,-1.226374,-1,-2037,1908
1754830158501,0x064,6,01 FF FF 80 B7 74,1,12.500000,0.365079,-1.226374,-1,-2037,1908
1754830158502,0x064,6,01 FF FF 80 B7 74,1,12.500000,0.365079,-1.226374,-1,-2037,1908
1754830158502,0x064,6,01 FF FF 81 07 53,1,12.500000,0.523810,-1.516484,-1,-2032,1875
1754830158504,0x064,6,01 FF FF 81 07 53,1,12.500000,0.523810,-1.516484,-1,-2032,1875
1754830158509,0x064,6,01 FF FF 81 07 53,1,12.500000,0.523810,-1.516484,-1,-2032,1875
1754830158514,0x064,6,01 FF FF 81 07 53,1,12.500000,0.523810,-1.516484,-1,-2032,1875
1754830158520,0x064,6,01 FF FF 81 07 53,1,12.500000,0.523810,-1.516484,-1,-2032,1875
1754830158526,0x064,6,01 FF FF 81 07 53,1,12.500000,0.523810,-1.516484,-1,-2032,1875
1754830158551,0x064,6,01 FF FF 81 07 53,1,12.500000,0.523810,-1.516484,-1,-2032,1875
1754830158557,0x064,6,01 FF FF 81 07 53,1,12.500000,0.523810,-1.516484,-1,-2032,1875
1754830158557,0x064,6,01 FF FF 81 07 53,1,12.500000,0.523810,-1.516484,-1,-2032,1875
1754830158558,0x064,6,01 FF FF 81 07 53,1,12.500000,0.523810,-1.516484,-1,-2032,1875
1754830158581,0x064,6,01 FF FF 81 07 53,1,12.500000,0.523810,-1.516484,-1,-2032,1875
1754830158585,0x064,6,01 FF FF 81 07 53,1,12.500000,0.523810,-1.516484,-1,-2032,1875
1754830158611,0x064,6,01 FF FF 81 07 53,1,12.500000,0.523810,-1.516484,-1,-2032,1875
1754830158614,0x064,6,01 FF FF 81 07 53,1,12.500000,0.523810,-1.516484,-1,-2032,1875
1754830158621,0x064,6,01 FF FF 81 07 53,1,12.500000,0.523810,-1.516484,-1,-2032,1875
1754830158624,0x064,6,01 FF FF 81 B7 ED,1,12.500000,0.873016,-0.162637,-1,-2021,2029
1754830158636,0x064,6,01 FF FF 81 B7 ED,1,12.500000,0.873016,-0.162637,-1,-2021,2029
1754830158648,0x064,6,01 FF FF 81 B7 ED,1,12.500000,0.873016,-0.162637,-1,-2021,2029
1754830158656,0x064,6,01 FF FF 81 B7 ED,1,12.500000,0.873016,-0.162637,-1,-2021,2029
1754830158659,0x064,6,01 FF FF 81 B7 ED,1,12.500000,0.873016,-0.162637,-1,-2021,2029
1754830158661,0x064,6,01 FF FF 81 B7 ED,1,12.500000,0.873016,-0.162637,-1,-2021,2029
1754830158679,0x064,6,01 FF FF 81 B7 ED,1,12.500000,0.873016,-0.162637,-1,-2021,2029
1754830158692,0x064,6,01 FF FF 81 B7 ED,1,12.500000,0.873016,-0.162637,-1,-2021,2029
1754830158692,0x064,6,01 FF FF 81 B7 ED,1,12.500000,0.873016,-0.162637,-1,-2021,2029
1754830158693,0x064,6,01 FF FF 81 B7 ED,1,12.500000,0.873016,-0.162637,-1,-2021,2029
1754830158693,0x064,6,01 FF FF 81 B7 ED,1,12.500000,0.873016,-0.162637,-1,-2021,2029
1754830158693,0x064,6,01 FF FF 81 B7 ED,1,12.500000,0.873016,-0.162637,-1,-2021,2029
1754830158698,0x064,6,01 FF FF 82 48 49,1,12.500000,1.158730,0.646154,-1,-2012,-1975
1754830158703,0x064,6,01 FF FF 82 48 49,1,12.500000,1.158730,0.646154,-1,-2012,-1975
1754830158707,0x064,6,01 FF FF 82 48 49,1,12.500000,1.158730,0.646154,-1,-2012,-1975
1754830158715,0x064,6,01 FF FF 82 48 49,1,12.500000,1.158730,0.646154,-1,-2012,-1975
1754830158720,0x064,6,01 FF FF 82 48 49,1,12.500000,1.158730,0.646154,-1,-2012,-1975
1754830158725,0x064,6,01 FF FF 82 48 49,1,12.500000,1.158730,0.646154,-1,-2012,-1975
1754830158732,0x064,6,01 FF FF 82 48 49,1,12.500000,1.158730,0.646154,-1,-2012,-1975
1754830158744,0x064,6,01 FF FF 82 48 49,1,12.500000,1.158730,0.646154,-1,-2012,-1975
1754830158759,0x064,6,01 FF FF 82 48 49,1,12.500000,1.158730,0.646154,-1,-2012,-1975
1754830158777,0x064,6,01 FF FF 82 48 49,1,12.500000,1.158730,0.646154,-1,-2012,-1975
1754830158777,0x064,6,01 FF FF 82 48 49,1,12.500000,1.158730,0.646154,-1,-2012,-1975
1754830158777,0x064,6,01 FF FF 82 48 49,1,12.500000,1.158730,0.646154,-1,-2012,-1975
1754830158778,0x064,6,01 FF FF 82 48 49,1,12.500000,1.158730,0.646154,-1,-2012,-1975
1754830158783,0x064,6,01 FF FF 82 48 49,1,12.500000,1.158730,0.646154,-1,-2012,-1975
1754830158789,0x064,6,01 FF FF 82 48 49,1,12.500000,1.158730,0.646154,-1,-2012,-1975
1754830158794,0x064,6,01 FF FF 82 48 49,1,12.500000,1.158730,0.646154,-1,-2012,-1975
1754830158800,0x064,6,01 FF FF 83 18 9B,1,12.500000,1.571429,1.367033,-1,-1999,-1893
1754830158809,0x064,6,01 FF FF 83 18 9B,1,12.500000,1.571429,1.367033,-1,-1999,-1893
1754830158818,0x064,6,01 FF FF 83 18 9B,1,12.500000,1.571429,1.367033,-1,-1999,-1893
1754830158818,0x064,6,01 FF FF 83 18 9B,1,12.500000,1.571429,1.367033,-1,-1999,-1893
1754830158825,0x064,6,01 FF FF 83 18 9B,1,12.500000,1.571429,1.367033,-1,-1999,-1893
1754830158831,0x064,6,01 FF FF 83 18 9B,1,12.500000,1.571429,1.367033,-1,-1999,-1893
1754830158836,0x064,6,01 FF FF 83 18 9B,1,12.500000,1.571429,1.367033,-1,-1999,-1893
1754830158842,0x064,6,01 FF FF 83 18 9B,1,12.500000,1.571429,1.367033,-1,-1999,-1893
1754830158847,0x064,6,01 FF FF 83 18 9B,1,12.500000,1.571429,1.367033,-1,-1999,-1893
1754830158853,0x064,6,01 FF FF 83 18 9B,1,12.500000,1.571429,1.367033,-1,-1999,-1893
1754830158859,0x064,6,01 FF FF 83 18 9B,1,12.500000,1.571429,1.367033,-1,-1999,-1893
1754830158865,0x064,6,01 FF FF 83 18 9B,1,12.500000,1.571429,1.367033,-1,-1999,-1893
1754830158871,0x064,6,01 FF FF 83 18 9B,1,12.500000,1.571429,1.367033,-1,-1999,-1893
1754830158897,0x064,6,01 FF FF 83 18 9B,1,12.500000,1.571429,1.367033,-1,-1999,-1893
1754830158897,0x064,6,01 FF FF 83 18 9B,1,12.500000,1.571429,1.367033,-1,-1999,-1893
1754830158902,0x064,6,01 FF FF 83 A8 1C,1,12.500000,1.857143,0.250549,-1,-1990,-2020
1754830158907,0x064,6,01 FF FF 83 A8 1C,1,12.500000,1.857143,0.250549,-1,-1990,-2020
1754830158912,0x064,6,01 FF FF 83 A8 1C,1,12.500000,1.857143,0.250549,-1,-1990,-2020
1754830158918,0x064,6,01 FF FF 83 A8 1C,1,12.500000,1.857143,0.250549,-1,-1990,-2020
1754830158923,0x064,6,01 FF FF 83 A8 1C,1,12.500000,1.857143,0.250549,-1,-1990,-2020
1754830158928,0x064,6,01 FF FF 83 A8 1C,1,12.500000,1.857143,0.250549,-1,-1990,-2020
1754830158933,0x064,6,01 FF FF 83 A8 1C,1,12.500000,1.857143,0.250549,-1,-1990,-2020
1754830158939,0x064,6,01 FF FF 83 A8 1C,1,12.500000,1.857143,0.250549,-1,-1990,-2020
1754830158944,0x064,6,01 FF FF 83 A8 1C,1,12.500000,1.857143,0.250549,-1,-1990,-2020
1754830158951,0x064,6,01 FF FF 83 A8 1C,1,12.500000,1.857143,0.250549,-1,-1990,-2020
1754830158965,0x064,6,01 FF FF 83 A8 1C,1,12.500000,1.857143,0.250549,-1,-1990,-2020
1754830158978,0x064,6,01 FF FF 83 A8 1C,1,12.500000,1.857143,0.250549,-1,-1990,-2020
1754830158986,0x064,6,01 FF FF 83 A8 1C,1,12.500000,1.857143,0.250549,-1,-1990,-2020
1754830158991,0x064,6,01 FF FF 83 A8 1C,1,12.500000,1.857143,0.250549,-1,-1990,-2020
1754830159003,0x064,6,01 FF FF 83 A8 1C,1,12.500000,1.857143,0.250549,-1,-1990,-2020
1754830159007,0x064,6,01 FF FF 83 A8 1C,1,12.500000,1.857143,0.250549,-1,-1990,-2020
1754830159013,0x064,6,01 FF FF 84 F8 24,1,12.500000,2.523810,0.320879,-1,-1969,-2012
1754830159014,0x064,6,01 FF FF 84 F8 24,1,12.500000,2.523810,0.320879,-1,-1969,-2012
1754830159015,0x064,6,01 FF FF 84 F8 24,1,12.500000,2.523810,0.320879,-1,-1969,-2012
1754830159026,0x064,6,01 FF FF 84 F8 24,1,12.500000,2.523810,0.320879,-1,-1969,-2012
1754830159032,0x064,6,01 FF FF 84 F8 24,1,12.500000,2.523810,0.320879,-1,-1969,-2012
1754830159041,0x064,6,01 FF FF 84 F8 24,1,12.500000,2.523810,0.320879,-1,-1969,-2012
1754830159053,0x064,6,01 FF FF 84 F8 24,1,12.500000,2.523810,0.320879,-1,-1969,-2012
1754830159058,0x064,6,01 FF FF 84 F8 24,1,12.500000,2.523810,0.320879,-1,-1969,-2012
1754830159062,0x064,6,01 FF FF 84 F8 24,1,12.500000,2.523810,0.320879,-1,-1969,-2012
1754830159062,0x064,6,01 FF FF 84 F8 24,1,12.500000,2.523810,0.320879,-1,-1969,-2012
1754830159064,0x064,6,01 FF FF 84 F8 24,1,12.500000,2.523810,0.320879,-1,-1969,-2012
1754830159070,0x064,6,01 FF FF 84 F8 24,1,12.500000,2.523810,0.320879,-1,-1969,-2012
1754830159075,0x064,6,01 FF FF 84 F8 24,1,12.500000,2.523810,0.320879,-1,-1969,-2012
1754830159080,0x064,6,01 FF FF 84 F8 24,1,12.500000,2.523810,0.320879,-1,-1969,-2012
1754830159086,0x064,6,01 FF FF 84 F8 24,1,12.500000,2.523810,0.320879,-1,-1969,-2012
1754830159091,0x064,6,01 FF FF 84 F8 24,1,12.500000,2.523810,0.320879,-1,-1969,-2012
1754830159097,0x064,6,01 FF FF 85 78 34,1,12.500000,2.777778,0.461538,-1,-1961,-1996
1754830159106,0x064,6,01 FF FF 85 78 34,1,12.500000,2.777778,0.461538,-1,-1961,-1996
1754830159110,0x064,6,01 FF FF 85 78 34,1,12.500000,2.777778,0.461538,-1,-1961,-1996
1754830159115,0x064,6,01 FF FF 85 78 34,1,12.500000,2.777778,0.461538,-1,-1961,-1996
1754830159121,0x064,6,01 FF FF 85 78 34,1,12.500000,2.777778,0.461538,-1,-1961,-1996
1754830159127,0x064,6,01 FF FF 85 78 34,1,12.500000,2.777778,0.461538,-1,-1961,-1996
1754830159133,0x064,6,01 FF FF 85 78 34,1,12.500000,2.777778,0.461538,-1,-1961,-1996
1754830159140,0x064,6,01 FF FF 85 78 34,1,12.500000,2.777778,0.461538,-1,-1961,-1996
1754830159154,0x064,6,01 FF FF 85 78 34,1,12.500000,2.777778,0.461538,-1,-1961,-1996
1754830159159,0x064,6,01 FF FF 85 78 34,1,12.500000,2.777778,0.461538,-1,-1961,-1996
1754830159160,0x064,6,01 FF FF 85 78 34,1,12.500000,2.777778,0.461538,-1,-1961,-1996
1754830159165,0x064,6,01 FF FF 85 78 34,1,12.500000,2.777778,0.461538,-1,-1961,-1996
1754830159171,0x064,6,01 FF FF 85 78 34,1,12.500000,2.777778,0.461538,-1,-1961,-1996
1754830159181,0x064,6,01 FF FF 85 78 34,1,12.500000,2.777778,0.461538,-1,-1961,-1996
1754830159186,0x064,6,01 FF FF 85 78 34,1,12.500000,2.777778,0.461538,-1,-1961,-1996
1754830159192,0x064,6,01 FF FF 85 78 34,1,12.500000,2.777778,0.461538,-1,-1961,-1996
1754830159197,0x064,6,01 FF FF 87 28 1B,1,12.500000,3.634921,0.241758,-1,-1934,-2021
1754830159203,0x064,6,01 FF FF 87 28 1B,1,12.500000,3.634921,0.241758,-1,-1934,-2021
1754830159209,0x064,6,01 FF FF 87 28 1B,1,12.500000,3.634921,0.241758,-1,-1934,-2021
1754830159215,0x064,6,01 FF FF 87 28 1B,1,12.500000,3.634921,0.241758,-1,-1934,-2021
1754830159230,0x064,6,01 FF FF 87 28 1B,1,12.500000,3.634921,0.241758,-1,-1934,-2021
1754830159251,0x064,6,01 FF FF 87 28 1B,1,12.500000,3.634921,0.241758,-1,-1934,-2021
1754830159270,0x064,6,01 FF FF 87 28 1B,1,12.500000,3.634921,0.241758,-1,-1934,-2021
1754830159290,0x064,6,01 FF FF 87 28 1B,1,12.500000,3.634921,0.241758,-1,-1934,-2021
1754830159291,0x064,6,01 FF FF 87 28 1B,1,12.500000,3.634921,0.241758,-1,-1934,-2021
1754830159291,0x064,6,01 FF FF 87 28 1B,1,12.500000,3.634921,0.241758,-1,-1934,-2021
1754830159291,0x064,6,01 FF FF 87 28 1B,1,12.500000,3.634921,0.241758,-1,-1934,-2021
1754830159292,0x064,6,01 FF FF 87 28 1B,1,12.500000,3.634921,0.241758,-1,-1934,-2021
1754830159292,0x064,6,01 FF FF 87 28 1B,1,12.500000,3.634921,0.241758,-1,-1934,-2021
1754830159292,0x064,6,01 FF FF 87 28 1B,1,12.500000,3.634921,0.241758,-1,-1934,-2021
1754830159308,0x064,6,01 FF FF 87 28 1B,1,12.500000,3.634921,0.241758,-1,-1934,-2021
1754830159308,0x064,6,01 FF FF 87 D8 01,1,12.500000,3.984127,0.013187,-1,-1923,-2047
1754830159314,0x064,6,01 FF FF 87 D8 01,1,12.500000,3.984127,0.013187,-1,-1923,-2047
1754830159323,0x064,6,01 FF FF 87 D8 01,1,12.500000,3.984127,0.013187,-1,-1923,-2047
1754830159328,0x064,6,01 FF FF 87 D8 01,1,12.500000,3.984127,0.013187,-1,-1923,-2047
1754830159344,0x064,6,01 FF FF 87 D8 01,1,12.500000,3.984127,0.013187,-1,-1923,-2047
1754830159357,0x064,6,01 FF FF 87 D8 01,1,12.500000,3.984127,0.013187,-1,-1923,-2047
1754830159363,0x064,6,01 FF FF 87 D8 01,1,12.500000,3.984127,0.013187,-1,-1923,-2047
1754830159366,0x064,6,01 FF FF 87 D8 01,1,12.500000,3.984127,0.013187,-1,-1923,-2047
1754830159367,0x064,6,01 FF FF 87 D8 01,1,12.500000,3.984127,0.013187,-1,-1923,-2047
1754830159368,0x064,6,01 FF FF 87 D8 01,1,12.500000,3.984127,0.013187,-1,-1923,-2047
1754830159373,0x064,6,01 FF FF 87 D8 01,1,12.500000,3.984127,0.013187,-1,-1923,-2047
1754830159378,0x064,6,01 FF FF 87 D8 01,1,12.500000,3.984127,0.013187,-1,-1923,-2047
1754830159384,0x064,6,01 FF FF 87 D8 01,1,12.500000,3.984127,0.013187,-1,-1923,-2047
1754830159391,0x064,6,01 FF FF 87 D8 01,1,12.500000,3.984127,0.013187,-1,-1923,-2047
1754830159395,0x064,6,01 FF FF 87 D8 01,1,12.500000,3.984127,0.013187,-1,-1923,-2047
1754830159401,0x064,6,01 FF FF 89 57 E5,1,12.500000,4.746032,-0.232967,-1,-1899,2021
1754830159405,0x064,6,01 FF FF 89 57 E5,1,12.500000,4.746032,-0.232967,-1,-1899,2021
1754830159411,0x064,6,01 FF FF 89 57 E5,1,12.500000,4.746032,-0.232967,-1,-1899,2021
1754830159419,0x064,6,01 FF FF 89 57 E5,1,12.500000,4.746032,-0.232967,-1,-1899,2021
1754830159421,0x064,6,01 FF FF 89 57 E5,1,12.500000,4.746032,-0.232967,-1,-1899,2021
1754830159428,0x064,6,01 FF FF 89 57 E5,1,12.500000,4.746032,-0.232967,-1,-1899,2021
1754830159432,0x064,6,01 FF FF 89 57 E5,1,12.500000,4.746032,-0.232967,-1,-1899,2021
1754830159440,0x064,6,01 FF FF 89 57 E5,1,12.500000,4.746032,-0.232967,-1,-1899,2021
1754830159443,0x064,6,01 FF FF 89 57 E5,1,12.500000,4.746032,-0.232967,-1,-1899,2021
1754830159466,0x064,6,01 FF FF 89 57 E5,1,12.500000,4.746032,-0.232967,-1,-1899,2021
1754830159471,0x064,6,01 FF FF 89 57 E5,1,12.500000,4.746032,-0.232967,-1,-1899,2021
1754830159494,0x064,6,01 FF FF 89 57 E5,1,12.500000,4.746032,-0.232967,-1,-1899,2021
1754830159496,0x064,6,01 FF FF 89 57 E5,1,12.500000,4.746032,-0.232967,-1,-1899,2021
1754830159517,0x064,6,01 FF FF 89 57 E5,1,12.500000,4.746032,-0.232967,-1,-1899,2021
1754830159520,0x064,6,01 FF FF 89 57 E5,1,12.500000,4.746032,-0.232967,-1,-1899,2021
1754830159520,0x064,6,01 FF FF 89 57 E5,1,12.500000,4.746032,-0.232967,-1,-1899,2021
1754830159523,0x064,6,01 FF FF 8B 18 99,1,12.500000,5.634921,1.349451,-1,-1871,-1895
1754830159525,0x064,6,01 FF FF 8B 18 99,1,12.500000,5.634921,1.349451,-1,-1871,-1895
1754830159529,0x064,6,01 FF FF 8B 18 99,1,12.500000,5.634921,1.349451,-1,-1871,-1895
1754830159539,0x064,6,01 FF FF 8B 18 99,1,12.500000,5.634921,1.349451,-1,-1871,-1895
1754830159559,0x064,6,01 FF FF 8B 18 99,1,12.500000,5.634921,1.349451,-1,-1871,-1895
1754830159559,0x064,6,01 FF FF 8B 18 99,1,12.500000,5.634921,1.349451,-1,-1871,-1895
1754830159559,0x064,6,01 FF FF 8B 18 99,1,12.500000,5.634921,1.349451,-1,-1871,-1895
1754830159559,0x064,6,01 FF FF 8B 18 99,1,12.500000,5.634921,1.349451,-1,-1871,-1895
1754830159572,0x064,6,01 FF FF 8B 18 99,1,12.500000,5.634921,1.349451,-1,-1871,-1895
1754830159582,0x064,6,01 FF FF 8B 18 99,1,12.500000,5.634921,1.349451,-1,-1871,-1895
1754830159593,0x064,6,01 FF FF 8B 18 99,1,12.500000,5.634921,1.349451,-1,-1871,-1895
1754830159612,0x064,6,01 FF FF 8C A8 1F,1,12.500000,6.428571,0.276923,-1,-1846,-2017
1754830159628,0x064,6,01 FF FF 8C A8 1F,1,12.500000,6.428571,0.276923,-1,-1846,-2017
1754830159677,0x064,6,01 FF FF 8C A8 1F,1,12.500000,6.428571,0.276923,-1,-1846,-2017
1754830159686,0x064,6,01 FF FF 8C A8 1F,1,12.500000,6.428571,0.276923,-1,-1846,-2017
1754830159747,0x064,6,01 FF FF 8C A8 1F,1,12.500000,6.428571,0.276923,-1,-1846,-2017
1754830159755,0x064,6,01 FF FF 8C A8 1F,1,12.500000,6.428571,0.276923,-1,-1846,-2017
1754830159757,0x064,6,01 FF FF 8C A8 1F,1,12.500000,6.428571,0.276923,-1,-1846,-2017
1754830159763,0x064,6,01 FF FF 8C A8 1F,1,12.500000,6.428571,0.276923,-1,-1846,-2017
1754830159766,0x064,6,01 FF FF 8C A8 1F,1,12.500000,6.428571,0.276923,-1,-1846,-2017
1754830159774,0x064,6,01 FF FF 8C A8 1F,1,12.500000,6.428571,0.276923,-1,-1846,-2017
1754830159775,0x064,6,01 FF FF 8C A8 1F,1,12.500000,6.428571,0.276923,-1,-1846,-2017
1754830159776,0x064,6,01 FF FF 8C A8 1F,1,12.500000,6.428571,0.276923,-1,-1846,-2017
1754830159777,0x064,6,01 FF FF 8C A8 1F,1,12.500000,6.428571,0.276923,-1,-1846,-2017
1754830159777,0x064,6,01 FF FF 8E 28 49,1,12.500000,7.190476,0.646154,-1,-1822,-1975
1754830159777,0x064,6,01 FF FF 8E 28 49,1,12.500000,7.190476,0.646154,-1,-1822,-1975
1754830159777,0x064,6,01 FF FF 8E 28 49,1,12.500000,7.190476,0.646154,-1,-1822,-1975
1754830159778,0x064,6,01 FF FF 8E 28 49,1,12.500000,7.190476,0.646154,-1,-1822,-1975
1754830159778,0x064,6,01 FF FF 8E 28 49,1,12.500000,7.190476,0.646154,-1,-1822,-1975
1754830159778,0x064,6,01 FF FF 8E 28 49,1,12.500000,7.190476,0.646154,-1,-1822,-1975
1754830159779,0x064,6,01 FF FF 8E 28 49,1,12.500000,7.190476,0.646154,-1,-1822,-1975
1754830159779,0x064,6,01 FF FF 8E 28 49,1,12.500000,7.190476,0.646154,-1,-1822,-1975
1754830159779,0x064,6,01 FF FF 8E 28 49,1,12.500000,7.190476,0.646154,-1,-1822,-1975
1754830159779,0x064,6,01 FF FF 8E 28 49,1,12.500000,7.190476,0.646154,-1,-1822,-1975
1754830159780,0x064,6,01 FF FF 8E 28 49,1,12.500000,7.190476,0.646154,-1,-1822,-1975
1754830159785,0x064,6,01 FF FF 8E 28 49,1,12.500000,7.190476,0.646154,-1,-1822,-1975
1754830159791,0x064,6,01 FF FF 8E 28 49,1,12.500000,7.190476,0.646154,-1,-1822,-1975
1754830159800,0x064,6,01 FF FF 8E 28 49,1,12.500000,7.190476,0.646154,-1,-1822,-1975
1754830159829,0x064,6,01 FF FF 8F 58 4C,1,12.500000,7.793651,0.672527,-1,-1803,-1972
1754830159849,0x064,6,01 FF FF 8F 58 4C,1,12.500000,7.793651,0.672527,-1,-1803,-1972
1754830159849,0x064,6,01 FF FF 8F 58 4C,1,12.500000,7.793651,0.672527,-1,-1803,-1972
1754830159866,0x064,6,01 FF FF 8F 58 4C,1,12.500000,7.793651,0.672527,-1,-1803,-1972
1754830159877,0x064,6,01 FF FF 8F 58 4C,1,12.500000,7.793651,0.672527,-1,-1803,-1972
1754830159881,0x064,6,01 FF FF 8F 58 4C,1,12.500000,7.793651,0.672527,-1,-1803,-1972
1754830159881,0x064,6,01 FF FF 8F 58 4C,1,12.500000,7.793651,0.672527,-1,-1803,-1972
1754830159897,0x064,6,01 FF FF 8F 58 4C,1,12.500000,7.793651,0.672527,-1,-1803,-1972
1754830159905,0x064,6,01 FF FF 8F 58 4C,1,12.500000,7.793651,0.672527,-1,-1803,-1972
1754830159921,0x064,6,01 FF FF 8F 58 4C,1,12.500000,7.793651,0.672527,-1,-1803,-1972
1754830159928,0x064,6,01 FF FF 8F 58 4C,1,12.500000,7.793651,0.672527,-1,-1803,-1972
1754830159952,0x064,6,01 FF FF 90 A8 48,1,12.500000,8.460317,0.637363,-1,-1782,-1976
1754830159955,0x064,6,01 FF FF 90 A8 48,1,12.500000,8.460317,0.637363,-1,-1782,-1976
1754830159957,0x064,6,01 FF FF 90 A8 48,1,12.500000,8.460317,0.637363,-1,-1782,-1976
1754830159975,0x064,6,01 FF FF 90 A8 48,1,12.500000,8.460317,0.637363,-1,-1782,-1976
1754830159981,0x064,6,01 FF FF 90 A8 48,1,12.500000,8.460317,0.637363,-1,-1782,-1976
1754830159984,0x064,6,01 FF FF 90 A8 48,1,12.500000,8.460317,0.637363,-1,-1782,-1976
1754830159989,0x064,6,01 FF FF 90 A8 48,1,12.500000,8.460317,0.637363,-1,-1782,-1976
1754830159991,0x064,6,01 FF FF 90 A8 48,1,12.500000,8.460317,0.637363,-1,-1782,-1976
1754830159991,0x064,6,01 FF FF 90 A8 48,1,12.500000,8.460317,0.637363,-1,-1782,-1976
1754830159991,0x064,6,01 FF FF 90 A8 48,1,12.500000,8.460317,0.637363,-1,-1782,-1976
1754830159994,0x064,6,01 FF FF 90 A8 48,1,12.500000,8.460317,0.637363,-1,-1782,-1976
1754830160004,0x064,6,01 FF FF 90 A8 48,1,12.500000,8.460317,0.637363,-1,-1782,-1976
1754830160005,0x064,6,01 FF FF 93 18 3B,1,12.500000,9.698413,0.523077,-1,-1743,-1989
1754830160011,0x064,6,01 FF FF 93 18 3B,1,12.500000,9.698413,0.523077,-1,-1743,-1989
1754830160015,0x064,6,01 FF FF 93 18 3B,1,12.500000,9.698413,0.523077,-1,-1743,-1989
1754830160021,0x064,6,01 FF FF 93 18 3B,1,12.500000,9.698413,0.523077,-1,-1743,-1989
1754830160026,0x064,6,01 FF FF 93 18 3B,1,12.500000,9.698413,0.523077,-1,-1743,-1989
1754830160050,0x064,6,01 FF FF 93 18 3B,1,12.500000,9.698413,0.523077,-1,-1743,-1989
1754830160055,0x064,6,01 FF FF 93 18 3B,1,12.500000,9.698413,0.523077,-1,-1743,-1989
1754830160067,0x064,6,01 FF FF 93 18 3B,1,12.500000,9.698413,0.523077,-1,-1743,-1989
1754830160103,0x064,6,01 FF FF 93 18 3B,1,12.500000,9.698413,0.523077,-1,-1743,-1989
1754830160109,0x064,6,01 FF FF 93 18 3B,1,12.500000,9.698413,0.523077,-1,-1743,-1989
1754830160113,0x064,6,01 FF FF 93 18 3B,1,12.500000,9.698413,0.523077,-1,-1743,-1989
1754830160129,0x064,6,01 FF FF 93 18 3B,1,12.500000,9.698413,0.523077,-1,-1743,-1989
1754830160132,0x064,6,01 FF FF 93 18 3B,1,12.500000,9.698413,0.523077,-1,-1743,-1989
1754830160134,0x064,6,01 FF FF 93 18 3B,1,12.500000,9.698413,0.523077,-1,-1743,-1989
1754830160148,0x064,6,01 FF FF 94 27 C6,1,12.500000,10.238095,-0.505495,-1,-1726,1990
1754830160153,0x064,6,01 FF FF 94 27 C6,1,12.500000,10.238095,-0.505495,-1,-1726,1990
1754830160162,0x064,6,01 FF FF 94 27 C6,1,12.500000,10.238095,-0.505495,-1,-1726,1990
1754830160164,0x064,6,01 FF FF 94 27 C6,1,12.500000,10.238095,-0.505495,-1,-1726,1990
1754830160179,0x064,6,01 FF FF 94 27 C6,1,12.500000,10.238095,-0.505495,-1,-1726,1990
1754830160183,0x064,6,01 FF FF 94 27 C6,1,12.500000,10.238095,-0.505495,-1,-1726,1990
1754830160191,0x064,6,01 FF FF 94 27 C6,1,12.500000,10.238095,-0.505495,-1,-1726,1990
1754830160207,0x064,6,01 FF FF 94 27 C6,1,12.500000,10.238095,-0.505495,-1,-1726,1990
1754830160210,0x064,6,01 FF FF 94 27 C6,1,12.500000,10.238095,-0.505495,-1,-1726,1990
1754830160212,0x064,6,01 FF FF 94 27 C6,1,12.500000,10.238095,-0.505495,-1,-1726,1990
1754830160222,0x064,6,01 FF FF 94 27 C6,1,12.500000,10.238095,-0.505495,-1,-1726,1990
1754830160226,0x064,6,01 FF FF 96 08 88,1,12.500000,11.190476,1.200000,-1,-1696,-1912
1754830160233,0x064,6,01 FF FF 96 08 88,1,12.500000,11.190476,1.200000,-1,-1696,-1912
1754830160239,0x064,6,01 FF FF 96 08 88,1,12.500000,11.190476,1.200000,-1,-1696,-1912
1754830160242,0x064,6,01 FF FF 96 08 88,1,12.500000,11.190476,1.200000,-1,-1696,-1912
1754830160244,0x064,6,01 FF FF 96 08 88,1,12.500000,11.190476,1.200000,-1,-1696,-1912
1754830160250,0x064,6,01 FF FF 96 08 88,1,12.500000,11.190476,1.200000,-1,-1696,-1912
1754830160251,0x064,6,01 FF FF 96 08 88,1,12.500000,11.190476,1.200000,-1,-1696,-1912
1754830160257,0x064,6,01 FF FF 96 08 88,1,12.500000,11.190476,1.200000,-1,-1696,-1912
1754830160268,0x064,6,01 FF FF 96 08 88,1,12.500000,11.190476,1.200000,-1,-1696,-1912
1754830160269,0x064,6,01 FF FF 96 08 88,1,12.500000,11.190476,1.200000,-1,-1696,-1912
1754830160271,0x064,6,01 FF FF 96 08 88,1,12.500000,11.190476,1.200000,-1,-1696,-1912
1754830160282,0x064,6,01 FF FF 96 08 88,1,12.500000,11.190476,1.200000,-1,-1696,-1912
1754830160303,0x064,6,01 FF FF 96 08 88,1,12.500000,11.190476,1.200000,-1,-1696,-1912
1754830160309,0x064,6,01 FF FF 96 08 88,1,12.500000,11.190476,1.200000,-1,-1696,-1912
1754830160326,0x064,6,01 FF FF 98 48 0D,1,12.500000,12.333333,0.118681,-1,-1660,-2035
1754830160330,0x064,6,01 FF FF 98 48 0D,1,12.500000,12.333333,0.118681,-1,-1660,-2035
1754830160333,0x064,6,01 FF FF 98 48 0D,1,12.500000,12.333333,0.118681,-1,-1660,-2035
1754830160345,0x064,6,01 FF FF 98 48 0D,1,12.500000,12.333333,0.118681,-1,-1660,-2035
1754830160362,0x064,6,01 FF FF 98 48 0D,1,12.500000,12.333333,0.118681,-1,-1660,-2035
1754830160366,0x064,6,01 FF FF 98 48 0D,1,12.500000,12.333333,0.118681,-1,-1660,-2035
1754830160366,0x064,6,01 FF FF 98 48 0D,1,12.500000,12.333333,0.118681,-1,-1660,-2035
1754830160366,0x064,6,01 FF FF 98 48 0D,1,12.500000,12.333333,0.118681,-1,-1660,-2035
1754830160366,0x064,6,01 FF FF 98 48 0D,1,12.500000,12.333333,0.118681,-1,-1660,-2035
1754830160367,0x064,6,01 FF FF 98 48 0D,1,12.500000,12.333333,0.118681,-1,-1660,-2035
1754830160372,0x064,6,01 FF FF 98 48 0D,1,12.500000,12.333333,0.118681,-1,-1660,-2035
1754830160380,0x064,6,01 FF FF 98 48 0D,1,12.500000,12.333333,0.118681,-1,-1660,-2035
1754830160391,0x064,6,01 FF FF 98 48 0D,1,12.500000,12.333333,0.118681,-1,-1660,-2035
1754830160406,0x064,6,01 FF FF 98 48 0D,1,12.500000,12.333333,0.118681,-1,-1660,-2035
1754830160415,0x064,6,01 FF FF 99 F8 46,1,12.500000,13.190476,0.619780,-1,-1633,-1978
1754830160427,0x064,6,01 FF FF 99 F8 46,1,12.500000,13.190476,0.619780,-1,-1633,-1978
1754830160439,0x064,6,01 FF FF 99 F8 46,1,12.500000,13.190476,0.619780,-1,-1633,-1978
1754830160450,0x064,6,01 FF FF 99 F8 46,1,12.500000,13.190476,0.619780,-1,-1633,-1978
1754830160461,0x064,6,01 FF FF 99 F8 46,1,12.500000,13.190476,0.619780,-1,-1633,-1978
1754830160467,0x064,6,01 FF FF 99 F8 46,1,12.500000,13.190476,0.619780,-1,-1633,-1978
1754830160477,0x064,6,01 FF FF 99 F8 46,1,12.500000,13.190476,0.619780,-1,-1633,-1978
1754830160480,0x064,6,01 FF FF 99 F8 46,1,12.500000,13.190476,0.619780,-1,-1633,-1978
1754830160494,0x064,6,01 FF FF 99 F8 46,1,12.500000,13.190476,0.619780,-1,-1633,-1978
1754830160501,0x064,6,01 FF FF 99 F8 46,1,12.500000,13.190476,0.619780,-1,-1633,-1978
1754830160502,0x064,6,01 FF FF 9B E8 58,1,12.500000,14.174603,0.778022,-1,-1602,-1960
1754830160506,0x064,6,01 FF FF 9B E8 58,1,12.500000,14.174603,0.778022,-1,-1602,-1960
1754830160519,0x064,6,01 FF FF 9B E8 58,1,12.500000,14.174603,0.778022,-1,-1602,-1960
1754830160525,0x064,6,01 FF FF 9B E8 58,1,12.500000,14.174603,0.778022,-1,-1602,-1960
1754830160535,0x064,6,01 FF FF 9B E8 58,1,12.500000,14.174603,0.778022,-1,-1602,-1960
1754830160543,0x064,6,01 FF FF 9B E8 58,1,12.500000,14.174603,0.778022,-1,-1602,-1960
1754830160546,0x064,6,01 FF FF 9B E8 58,1,12.500000,14.174603,0.778022,-1,-1602,-1960
1754830160558,0x064,6,01 FF FF 9B E8 58,1,12.500000,14.174603,0.778022,-1,-1602,-1960
1754830160558,0x064,6,01 FF FF 9B E8 58,1,12.500000,14.174603,0.778022,-1,-1602,-1960
1754830160563,0x064,6,01 FF FF 9B E8 58,1,12.500000,14.174603,0.778022,-1,-1602,-1960
1754830160574,0x064,6,01 FF FF 9B E8 58,1,12.500000,14.174603,0.778022,-1,-1602,-1960
1754830160581,0x064,6,01 FF FF 9B E8 58,1,12.500000,14.174603,0.778022,-1,-1602,-1960
1754830160603,0x064,6,01 FF FF 9B E8 58,1,12.500000,14.174603,0.778022,-1,-1602,-1960
1754830160612,0x064,6,01 FF FF 9B E8 58,1,12.500000,14.174603,0.778022,-1,-1602,-1960
1754830160625,0x064,6,01 FF FF 9E C8 86,1,12.500000,15.634921,1.182418,-1,-1556,-1914
1754830160636,0x064,6,01 FF FF 9E C8 86,1,12.500000,15.634921,1.182418,-1,-1556,-1914
1754830160642,0x064,6,01 FF FF 9E C8 86,1,12.500000,15.634921,1.182418,-1,-1556,-1914
1754830160647,0x064,6,01 FF FF 9E C8 86,1,12.500000,15.634921,1.182418,-1,-1556,-1914
1754830160650,0x064,6,01 FF FF 9E C8 86,1,12.500000,15.634921,1.182418,-1,-1556,-1914
1754830160657,0x064,6,01 FF FF 9E C8 86,1,12.500000,15.634921,1.182418,-1,-1556,-1914
1754830160669,0x064,6,01 FF FF 9E C8 86,1,12.500000,15.634921,1.182418,-1,-1556,-1914
1754830160670,0x064,6,01 FF FF 9E C8 86,1,12.500000,15.634921,1.182418,-1,-1556,-1914
1754830160674,0x064,6,01 FF FF 9E C8 86,1,12.500000,15.634921,1.182418,-1,-1556,-1914
1754830160683,0x064,6,01 FF FF 9E C8 86,1,12.500000,15.634921,1.182418,-1,-1556,-1914
1754830160688,0x064,6,01 FF FF 9E C8 86,1,12.500000,15.634921,1.182418,-1,-1556,-1914
1754830160700,0x064,6,01 FF FF 9E C8 86,1,12.500000,15.634921,1.182418,-1,-1556,-1914
1754830160701,0x064,6,01 FF FF A0 68 3E,1,12.500000,16.460317,0.549451,-1,-1530,-1986
1754830160707,0x064,6,01 FF FF A0 68 3E,1,12.500000,16.460317,0.549451,-1,-1530,-1986
1754830160720,0x064,6,01 FF FF A0 68 3E,1,12.500000,16.460317,0.549451,-1,-1530,-1986
1754830160726,0x064,6,01 FF FF A0 68 3E,1,12.500000,16.460317,0.549451,-1,-1530,-1986
1754830160734,0x064,6,01 FF FF A0 68 3E,1,12.500000,16.460317,0.549451,-1,-1530,-1986
1754830160742,0x064,6,01 FF FF A0 68 3E,1,12.500000,16.460317,0.549451,-1,-1530,-1986
1754830160746,0x064,6,01 FF FF A0 68 3E,1,12.500000,16.460317,0.549451,-1,-1530,-1986
1754830160747,0x064,6,01 FF FF A0 68 3E,1,12.500000,16.460317,0.549451,-1,-1530,-1986
1754830160756,0x064,6,01 FF FF A0 68 3E,1,12.500000,16.460317,0.549451,-1,-1530,-1986
1754830160763,0x064,6,01 FF FF A0 68 3E,1,12.500000,16.460317,0.549451,-1,-1530,-1986
1754830160765,0x064,6,01 FF FF A0 68 3E,1,12.500000,16.460317,0.549451,-1,-1530,-1986
1754830160770,0x064,6,01 FF FF A0 68 3E,1,12.500000,16.460317,0.549451,-1,-1530,-1986
1754830160775,0x064,6,01 FF FF A0 68 3E,1,12.500000,16.460317,0.549451,-1,-1530,-1986
1754830160781,0x064,6,01 FF FF A0 68 3E,1,12.500000,16.460317,0.549451,-1,-1530,-1986
1754830160786,0x064,6,01 FF FF A0 68 3E,1,12.500000,16.460317,0.549451,-1,-1530,-1986
1754830160794,0x064,6,01 FF FF A0 68 3E,1,12.500000,16.460317,0.549451,-1,-1530,-1986
1754830160797,0x064,6,01 FF FF A0 68 3E,1,12.500000,16.460317,0.549451,-1,-1530,-1986
1754830160803,0x064,6,01 FF FF A2 88 5C,1,12.500000,17.539683,0.813187,-1,-1496,-1956
1754830160807,0x064,6,01 FF FF A2 88 5C,1,12.500000,17.539683,0.813187,-1,-1496,-1956
1754830160816,0x064,6,01 FF FF A2 88 5C,1,12.500000,17.539683,0.813187,-1,-1496,-1956
1754830160819,0x064,6,01 FF FF A2 88 5C,1,12.500000,17.539683,0.813187,-1,-1496,-1956
1754830160825,0x064,6,01 FF FF A2 88 5C,1,12.500000,17.539683,0.813187,-1,-1496,-1956
1754830160831,0x064,6,01 FF FF A2 88 5C,1,12.500000,17.539683,0.813187,-1,-1496,-1956
1754830160839,0x064,6,01 FF FF A2 88 5C,1,12.500000,17.539683,0.813187,-1,-1496,-1956
1754830160842,0x064,6,01 FF FF A2 88 5C,1,12.500000,17.539683,0.813187,-1,-1496,-1956
1754830160852,0x064,6,01 FF FF A2 88 5C,1,12.500000,17.539683,0.813187,-1,-1496,-1956
1754830160854,0x064,6,01 FF FF A2 88 5C,1,12.500000,17.539683,0.813187,-1,-1496,-1956
1754830160871,0x064,6,01 FF FF A2 88 5C,1,12.500000,17.539683,0.813187,-1,-1496,-1956
1754830160877,0x064,6,01 FF FF A2 88 5C,1,12.500000,17.539683,0.813187,-1,-1496,-1956
1754830160877,0x064,6,01 FF FF A2 88 5C,1,12.500000,17.539683,0.813187,-1,-1496,-1956
1754830160881,0x064,6,01 FF FF A2 88 5C,1,12.500000,17.539683,0.813187,-1,-1496,-1956
1754830160888,0x064,6,01 FF FF A2 88 5C,1,12.500000,17.539683,0.813187,-1,-1496,-1956
1754830160891,0x064,6,01 FF FF A2 88 5C,1,12.500000,17.539683,0.813187,-1,-1496,-1956
1754830160900,0x064,6,01 FF FF A2 88 5C,1,12.500000,17.539683,0.813187,-1,-1496,-1956
1754830160903,0x064,6,01 FF FF A5 58 48,1,12.500000,18.968254,0.637363,-1,-1451,-1976
1754830160908,0x064,6,01 FF FF A5 58 48,1,12.500000,18.968254,0.637363,-1,-1451,-1976
1754830160915,0x064,6,01 FF FF A5 58 48,1,12.500000,18.968254,0.637363,-1,-1451,-1976
1754830160920,0x064,6,01 FF FF A5 58 48,1,12.500000,18.968254,0.637363,-1,-1451,-1976
1754830160930,0x064,6,01 FF FF A5 58 48,1,12.500000,18.968254,0.637363,-1,-1451,-1976
1754830160937,0x064,6,01 FF FF A5 58 48,1,12.500000,18.968254,0.637363,-1,-1451,-1976
1754830160938,0x064,6,01 FF FF A5 58 48,1,12.500000,18.968254,0.637363,-1,-1451,-1976
1754830160945,0x064,6,01 FF FF A5 58 48,1,12.500000,18.968254,0.637363,-1,-1451,-1976
1754830160948,0x064,6,01 FF FF A5 58 48,1,12.500000,18.968254,0.637363,-1,-1451,-1976
1754830160956,0x064,6,01 FF FF A5 58 48,1,12.500000,18.968254,0.637363,-1,-1451,-1976
1754830160959,0x064,6,01 FF FF A5 58 48,1,12.500000,18.968254,0.637363,-1,-1451,-1976
1754830160971,0x064,6,01 FF FF A5 58 48,1,12.500000,18.968254,0.637363,-1,-1451,-1976
1754830160976,0x064,6,01 FF FF A5 58 48,1,12.500000,18.968254,0.637363,-1,-1451,-1976
1754830160979,0x064,6,01 FF FF A5 58 48,1,12.500000,18.968254,0.637363,-1,-1451,-1976
1754830160982,0x064,6,01 FF FF A5 58 48,1,12.500000,18.968254,0.637363,-1,-1451,-1976
1754830160990,0x064,6,01 FF FF A5 58 48,1,12.500000,18.968254,0.637363,-1,-1451,-1976
1754830160994,0x064,6,01 FF FF A5 58 48,1,12.500000,18.968254,0.637363,-1,-1451,-1976
1754830161007,0x064,6,01 FF FF A6 A8 3C,1,12.500000,19.634921,0.531868,-1,-1430,-1988
1754830161015,0x064,6,01 FF FF A6 A8 3C,1,12.500000,19.634921,0.531868,-1,-1430,-1988
1754830161026,0x064,6,01 FF FF A6 A8 3C,1,12.500000,19.634921,0.531868,-1,-1430,-1988
1754830161031,0x064,6,01 FF FF A6 A8 3C,1,12.500000,19.634921,0.531868,-1,-1430,-1988
1754830161046,0x064,6,01 FF FF A6 A8 3C,1,12.500000,19.634921,0.531868,-1,-1430,-1988
1754830161050,0x064,6,01 FF FF A6 A8 3C,1,12.500000,19.634921,0.531868,-1,-1430,-1988
1754830161050,0x064,6,01 FF FF A6 A8 3C,1,12.500000,19.634921,0.531868,-1,-1430,-1988
1754830161052,0x064,6,01 FF FF A6 A8 3C,1,12.500000,19.634921,0.531868,-1,-1430,-1988
1754830161060,0x064,6,01 FF FF A6 A8 3C,1,12.500000,19.634921,0.531868,-1,-1430,-1988
1754830161076,0x064,6,01 FF FF A6 A8 3C,1,12.500000,19.634921,0.531868,-1,-1430,-1988
1754830161081,0x064,6,01 FF FF A6 A8 3C,1,12.500000,19.634921,0.531868,-1,-1430,-1988
1754830161084,0x064,6,01 FF FF A6 A8 3C,1,12.500000,19.634921,0.531868,-1,-1430,-1988
1754830161085,0x064,6,01 FF FF A6 A8 3C,1,12.500000,19.634921,0.531868,-1,-1430,-1988
1754830161091,0x064,6,01 FF FF A6 A8 3C,1,12.500000,19.634921,0.531868,-1,-1430,-1988
1754830161097,0x064,6,01 FF FF A6 A8 3C,1,12.500000,19.634921,0.531868,-1,-1430,-1988
1754830161105,0x064,6,01 FF FF A9 08 2D,1,12.500000,20.841270,0.400000,-1,-1392,-2003
1754830161114,0x064,6,01 FF FF A9 08 2D,1,12.500000,20.841270,0.400000,-1,-1392,-2003
1754830161121,0x064,6,01 FF FF A9 08 2D,1,12.500000,20.841270,0.400000,-1,-1392,-2003
1754830161125,0x064,6,01 FF FF A9 08 2D,1,12.500000,20.841270,0.400000,-1,-1392,-2003
1754830161129,0x064,6,01 FF FF A9 08 2D,1,12.500000,20.841270,0.400000,-1,-1392,-2003
1754830161140,0x064,6,01 FF FF A9 08 2D,1,12.500000,20.841270,0.400000,-1,-1392,-2003
1754830161142,0x064,6,01 FF FF A9 08 2D,1,12.500000,20.841270,0.400000,-1,-1392,-2003
1754830161148,0x064,6,01 FF FF A9 08 2D,1,12.500000,20.841270,0.400000,-1,-1392,-2003
1754830161154,0x064,6,01 FF FF A9 08 2D,1,12.500000,20.841270,0.400000,-1,-1392,-2003
1754830161162,0x064,6,01 FF FF A9 08 2D,1,12.500000,20.841270,0.400000,-1,-1392,-2003
1754830161164,0x064,6,01 FF FF A9 08 2D,1,12.500000,20.841270,0.400000,-1,-1392,-2003
1754830161169,0x064,6,01 FF FF A9 08 2D,1,12.500000,20.841270,0.400000,-1,-1392,-2003
1754830161174,0x064,6,01 FF FF A9 08 2D,1,12.500000,20.841270,0.400000,-1,-1392,-2003
1754830161180,0x064,6,01 FF FF A9 08 2D,1,12.500000,20.841270,0.400000,-1,-1392,-2003
1754830161185,0x064,6,01 FF FF A9 08 2D,1,12.500000,20.841270,0.400000,-1,-1392,-2003
1754830161192,0x064,6,01 FF FF A9 08 2D,1,12.500000,20.841270,0.400000,-1,-1392,-2003
1754830161210,0x064,6,01 FF FF AB 37 ED,1,12.500000,21.952381,-0.162637,-1,-1357,2029
1754830161211,0x064,6,01 FF FF AB 37 ED,1,12.500000,21.952381,-0.162637,-1,-1357,2029
1754830161217,0x064,6,01 FF FF AB 37 ED,1,12.500000,21.952381,-0.162637,-1,-1357,2029
1754830161220,0x064,6,01 FF FF AB 37 ED,1,12.500000,21.952381,-0.162637,-1,-1357,2029
1754830161225,0x064,6,01 FF FF AB 37 ED,1,12.500000,21.952381,-0.162637,-1,-1357,2029
1754830161240,0x064,6,01 FF FF AB 37 ED,1,12.500000,21.952381,-0.162637,-1,-1357,2029
1754830161248,0x064,6,01 FF FF AB 37 ED,1,12.500000,21.952381,-0.162637,-1,-1357,2029
1754830161248,0x064,6,01 FF FF AB 37 ED,1,12.500000,21.952381,-0.162637,-1,-1357,2029
1754830161250,0x064,6,01 FF FF AB 37 ED,1,12.500000,21.952381,-0.162637,-1,-1357,2029
1754830161256,0x064,6,01 FF FF AB 37 ED,1,12.500000,21.952381,-0.162637,-1,-1357,2029
1754830161261,0x064,6,01 FF FF AB 37 ED,1,12.500000,21.952381,-0.162637,-1,-1357,2029
1754830161270,0x064,6,01 FF FF AB 37 ED,1,12.500000,21.952381,-0.162637,-1,-1357,2029
1754830161271,0x064,6,01 FF FF AB 37 ED,1,12.500000,21.952381,-0.162637,-1,-1357,2029
1754830161289,0x064,6,01 FF FF AB 37 ED,1,12.500000,21.952381,-0.162637,-1,-1357,2029
1754830161294,0x064,6,01 FF FF AB 37 ED,1,12.500000,21.952381,-0.162637,-1,-1357,2029
1754830161306,0x064,6,01 FF FF AB 37 ED,1,12.500000,21.952381,-0.162637,-1,-1357,2029
1754830161311,0x064,6,01 FF FF AC F8 7F,1,12.500000,22.841270,1.120879,-1,-1329,-1921
1754830161311,0x064,6,01 FF FF AC F8 7F,1,12.500000,22.841270,1.120879,-1,-1329,-1921
1754830161312,0x064,6,01 FF FF AC F8 7F,1,12.500000,22.841270,1.120879,-1,-1329,-1921
1754830161318,0x064,6,01 FF FF AC F8 7F,1,12.500000,22.841270,1.120879,-1,-1329,-1921
1754830161323,0x064,6,01 FF FF AC F8 7F,1,12.500000,22.841270,1.120879,-1,-1329,-1921
1754830161329,0x064,6,01 FF FF AC F8 7F,1,12.500000,22.841270,1.120879,-1,-1329,-1921
1754830161334,0x064,6,01 FF FF AC F8 7F,1,12.500000,22.841270,1.120879,-1,-1329,-1921
1754830161341,0x064,6,01 FF FF AC F8 7F,1,12.500000,22.841270,1.120879,-1,-1329,-1921
1754830161344,0x064,6,01 FF FF AC F8 7F,1,12.500000,22.841270,1.120879,-1,-1329,-1921
1754830161350,0x064,6,01 FF FF AC F8 7F,1,12.500000,22.841270,1.120879,-1,-1329,-1921
1754830161355,0x064,6,01 FF FF AC F8 7F,1,12.500000,22.841270,1.120879,-1,-1329,-1921
1754830161360,0x064,6,01 FF FF AC F8 7F,1,12.500000,22.841270,1.120879,-1,-1329,-1921
1754830161366,0x064,6,01 FF FF AC F8 7F,1,12.500000,22.841270,1.120879,-1,-1329,-1921
1754830161372,0x064,6,01 FF FF AC F8 7F,1,12.500000,22.841270,1.120879,-1,-1329,-1921
1754830161379,0x064,6,01 FF FF AC F8 7F,1,12.500000,22.841270,1.120879,-1,-1329,-1921
1754830161389,0x064,6,01 FF FF AC F8 7F,1,12.500000,22.841270,1.120879,-1,-1329,-1921
1754830161400,0x064,6,01 FF FF AC F8 7F,1,12.500000,22.841270,1.120879,-1,-1329,-1921
1754830161409,0x064,6,01 FF FF AF 88 17,1,12.500000,24.142857,0.206593,-1,-1288,-2025
1754830161417,0x064,6,01 FF FF AF 88 17,1,12.500000,24.142857,0.206593,-1,-1288,-2025
1754830161430,0x064,6,01 FF FF AF 88 17,1,12.500000,24.142857,0.206593,-1,-1288,-2025
1754830161430,0x064,6,01 FF FF AF 88 17,1,12.500000,24.142857,0.206593,-1,-1288,-2025
1754830161433,0x064,6,01 FF FF AF 88 17,1,12.500000,24.142857,0.206593,-1,-1288,-2025
1754830161439,0x064,6,01 FF FF AF 88 17,1,12.500000,24.142857,0.206593,-1,-1288,-2025
1754830161447,0x064,6,01 FF FF AF 88 17,1,12.500000,24.142857,0.206593,-1,-1288,-2025
1754830161451,0x064,6,01 FF FF AF 88 17,1,12.500000,24.142857,0.206593,-1,-1288,-2025
1754830161456,0x064,6,01 FF FF AF 88 17,1,12.500000,24.142857,0.206593,-1,-1288,-2025
1754830161475,0x064,6,01 FF FF AF 88 17,1,12.500000,24.142857,0.206593,-1,-1288,-2025
1754830161479,0x064,6,01 FF FF AF 88 17,1,12.500000,24.142857,0.206593,-1,-1288,-2025
1754830161485,0x064,6,01 FF FF AF 88 17,1,12.500000,24.142857,0.206593,-1,-1288,-2025
1754830161497,0x064,6,01 FF FF AF 88 17,1,12.500000,24.142857,0.206593,-1,-1288,-2025
1754830161506,0x064,6,01 FF FF AF 88 17,1,12.500000,24.142857,0.206593,-1,-1288,-2025
1754830161510,0x064,6,01 FF FF B1 D8 19,1,12.500000,25.317460,0.224176,-1,-1251,-2023
1754830161511,0x064,6,01 FF FF B1 D8 19,1,12.500000,25.317460,0.224176,-1,-1251,-2023
1754830161519,0x064,6,01 FF FF B1 D8 19,1,12.500000,25.317460,0.224176,-1,-1251,-2023
1754830161522,0x064,6,01 FF FF B1 D8 19,1,12.500000,25.317460,0.224176,-1,-1251,-2023
1754830161526,0x064,6,01 FF FF B1 D8 19,1,12.500000,25.317460,0.224176,-1,-1251,-2023
1754830161532,0x064,6,01 FF FF B1 D8 19,1,12.500000,25.317460,0.224176,-1,-1251,-2023
1754830161537,0x064,6,01 FF FF B1 D8 19,1,12.500000,25.317460,0.224176,-1,-1251,-2023
1754830161550,0x064,6,01 FF FF B1 D8 19,1,12.500000,25.317460,0.224176,-1,-1251,-2023
1754830161565,0x064,6,01 FF FF B1 D8 19,1,12.500000,25.317460,0.224176,-1,-1251,-2023
1754830161586,0x064,6,01 FF FF B1 D8 19,1,12.500000,25.317460,0.224176,-1,-1251,-2023
1754830161593,0x064,6,01 FF FF B1 D8 19,1,12.500000,25.317460,0.224176,-1,-1251,-2023
1754830161593,0x064,6,01 FF FF B1 D8 19,1,12.500000,25.317460,0.224176,-1,-1251,-2023
1754830161593,0x064,6,01 FF FF B1 D8 19,1,12.500000,25.317460,0.224176,-1,-1251,-2023
1754830161594,0x064,6,01 FF FF B1 D8 19,1,12.500000,25.317460,0.224176,-1,-1251,-2023
1754830161601,0x064,6,01 FF FF B1 D8 19,1,12.500000,25.317460,0.224176,-1,-1251,-2023
1754830161610,0x064,6,01 FF FF B3 18 55,1,12.500000,25.952381,0.751648,-1,-1231,-1963
1754830161617,0x064,6,01 FF FF B3 18 55,1,12.500000,25.952381,0.751648,-1,-1231,-1963
1754830161622,0x064,6,01 FF FF B3 18 55,1,12.500000,25.952381,0.751648,-1,-1231,-1963
1754830161624,0x064,6,01 FF FF B3 18 55,1,12.500000,25.952381,0.751648,-1,-1231,-1963
1754830161630,0x064,6,01 FF FF B3 18 55,1,12.500000,25.952381,0.751648,-1,-1231,-1963
1754830161636,0x064,6,01 FF FF B3 18 55,1,12.500000,25.952381,0.751648,-1,-1231,-1963
1754830161641,0x064,6,01 FF FF B3 18 55,1,12.500000,25.952381,0.751648,-1,-1231,-1963
1754830161652,0x064,6,01 FF FF B3 18 55,1,12.500000,25.952381,0.751648,-1,-1231,-1963
1754830161656,0x064,6,01 FF FF B3 18 55,1,12.500000,25.952381,0.751648,-1,-1231,-1963
1754830161658,0x064,6,01 FF FF B3 18 55,1,12.500000,25.952381,0.751648,-1,-1231,-1963
1754830161666,0x064,6,01 FF FF B3 18 55,1,12.500000,25.952381,0.751648,-1,-1231,-1963
1754830161678,0x064,6,01 FF FF B3 18 55,1,12.500000,25.952381,0.751648,-1,-1231,-1963
1754830161679,0x064,6,01 FF FF B3 18 55,1,12.500000,25.952381,0.751648,-1,-1231,-1963
1754830161686,0x064,6,01 FF FF B3 18 55,1,12.500000,25.952381,0.751648,-1,-1231,-1963
1754830161698,0x064,6,01 FF FF B3 18 55,1,12.500000,25.952381,0.751648,-1,-1231,-1963
1754830161726,0x064,6,01 FF FF B5 B8 5A,1,12.500000,27.285714,0.795604,-1,-1189,-1958
1754830161727,0x064,6,01 FF FF B5 B8 5A,1,12.500000,27.285714,0.795604,-1,-1189,-1958
1754830161727,0x064,6,01 FF FF B5 B8 5A,1,12.500000,27.285714,0.795604,-1,-1189,-1958
1754830161727,0x064,6,01 FF FF B5 B8 5A,1,12.500000,27.285714,0.795604,-1,-1189,-1958
1754830161727,0x064,6,01 FF FF B5 B8 5A,1,12.500000,27.285714,0.795604,-1,-1189,-1958
1754830161741,0x064,6,01 FF FF B5 B8 5A,1,12.500000,27.285714,0.795604,-1,-1189,-1958
1754830161751,0x064,6,01 FF FF B5 B8 5A,1,12.500000,27.285714,0.795604,-1,-1189,-1958
1754830161761,0x064,6,01 FF FF B5 B8 5A,1,12.500000,27.285714,0.795604,-1,-1189,-1958
1754830161765,0x064,6,01 FF FF B5 B8 5A,1,12.500000,27.285714,0.795604,-1,-1189,-1958
1754830161766,0x064,6,01 FF FF B5 B8 5A,1,12.500000,27.285714,0.795604,-1,-1189,-1958
1754830161773,0x064,6,01 FF FF B5 B8 5A,1,12.500000,27.285714,0.795604,-1,-1189,-1958
1754830161785,0x064,6,01 FF FF B5 B8 5A,1,12.500000,27.285714,0.795604,-1,-1189,-1958
1754830161791,0x064,6,01 FF FF B5 B8 5A,1,12.500000,27.285714,0.795604,-1,-1189,-1958
1754830161795,0x064,6,01 FF FF B5 B8 5A,1,12.500000,27.285714,0.795604,-1,-1189,-1958
1754830161797,0x064,6,01 FF FF B5 B8 5A,1,12.500000,27.285714,0.795604,-1,-1189,-1958
1754830161802,0x064,6,01 FF FF B7 98 86,1,12.500000,28.238095,1.182418,-1,-1159,-1914
1754830161807,0x064,6,01 FF FF B7 98 86,1,12.500000,28.238095,1.182418,-1,-1159,-1914
1754830161825,0x064,6,01 FF FF B7 98 86,1,12.500000,28.238095,1.182418,-1,-1159,-1914
1754830161825,0x064,6,01 FF FF B7 98 86,1,12.500000,28.238095,1.182418,-1,-1159,-1914
1754830161827,0x064,6,01 FF FF B7 98 86,1,12.500000,28.238095,1.182418,-1,-1159,-1914
1754830161832,0x064,6,01 FF FF B7 98 86,1,12.500000,28.238095,1.182418,-1,-1159,-1914
1754830161841,0x064,6,01 FF FF B7 98 86,1,12.500000,28.238095,1.182418,-1,-1159,-1914
1754830161849,0x064,6,01 FF FF B7 98 86,1,12.500000,28.238095,1.182418,-1,-1159,-1914
1754830161849,0x064,6,01 FF FF B7 98 86,1,12.500000,28.238095,1.182418,-1,-1159,-1914
1754830161855,0x064,6,01 FF FF B7 98 86,1,12.500000,28.238095,1.182418,-1,-1159,-1914
1754830161864,0x064,6,01 FF FF B7 98 86,1,12.500000,28.238095,1.182418,-1,-1159,-1914
1754830161876,0x064,6,01 FF FF B7 98 86,1,12.500000,28.238095,1.182418,-1,-1159,-1914
1754830161881,0x064,6,01 FF FF B7 98 86,1,12.500000,28.238095,1.182418,-1,-1159,-1914
1754830161883,0x064,6,01 FF FF B7 98 86,1,12.500000,28.238095,1.182418,-1,-1159,-1914
1754830161888,0x064,6,01 FF FF B7 98 86,1,12.500000,28.238095,1.182418,-1,-1159,-1914
1754830161897,0x064,6,01 FF FF B7 98 86,1,12.500000,28.238095,1.182418,-1,-1159,-1914
1754830161899,0x064,6,01 FF FF B8 B8 24,1,12.500000,28.809524,0.320879,-1,-1141,-2012
1754830161906,0x064,6,01 FF FF B8 B8 24,1,12.500000,28.809524,0.320879,-1,-1141,-2012
1754830161910,0x064,6,01 FF FF B8 B8 24,1,12.500000,28.809524,0.320879,-1,-1141,-2012
1754830161915,0x064,6,01 FF FF B8 B8 24,1,12.500000,28.809524,0.320879,-1,-1141,-2012
1754830161927,0x064,6,01 FF FF B8 B8 24,1,12.500000,28.809524,0.320879,-1,-1141,-2012
1754830161936,0x064,6,01 FF FF B8 B8 24,1,12.500000,28.809524,0.320879,-1,-1141,-2012
1754830161941,0x064,6,01 FF FF B8 B8 24,1,12.500000,28.809524,0.320879,-1,-1141,-2012
1754830161946,0x064,6,01 FF FF B8 B8 24,1,12.500000,28.809524,0.320879,-1,-1141,-2012
1754830161952,0x064,6,01 FF FF B8 B8 24,1,12.500000,28.809524,0.320879,-1,-1141,-2012
1754830161958,0x064,6,01 FF FF B8 B8 24,1,12.500000,28.809524,0.320879,-1,-1141,-2012
1754830161964,0x064,6,01 FF FF B8 B8 24,1,12.500000,28.809524,0.320879,-1,-1141,-2012
1754830161970,0x064,6,01 FF FF B8 B8 24,1,12.500000,28.809524,0.320879,-1,-1141,-2012
1754830161975,0x064,6,01 FF FF B8 B8 24,1,12.500000,28.809524,0.320879,-1,-1141,-2012
1754830161981,0x064,6,01 FF FF B8 B8 24,1,12.500000,28.809524,0.320879,-1,-1141,-2012
1754830161991,0x064,6,01 FF FF B8 B8 24,1,12.500000,28.809524,0.320879,-1,-1141,-2012
1754830162011,0x064,6,01 FF FF B8 B8 24,1,12.500000,28.809524,0.320879,-1,-1141,-2012
1754830162011,0x064,6,01 FF FF BB 78 1E,1,12.500000,30.206349,0.268132,-1,-1097,-2018
1754830162011,0x064,6,01 FF FF BB 78 1E,1,12.500000,30.206349,0.268132,-1,-1097,-2018
1754830162014,0x064,6,01 FF FF BB 78 1E,1,12.500000,30.206349,0.268132,-1,-1097,-2018
1754830162022,0x064,6,01 FF FF BB 78 1E,1,12.500000,30.206349,0.268132,-1,-1097,-2018
1754830162025,0x064,6,01 FF FF BB 78 1E,1,12.500000,30.206349,0.268132,-1,-1097,-2018
1754830162031,0x064,6,01 FF FF BB 78 1E,1,12.500000,30.206349,0.268132,-1,-1097,-2018
1754830162035,0x064,6,01 FF FF BB 78 1E,1,12.500000,30.206349,0.268132,-1,-1097,-2018
1754830162048,0x064,6,01 FF FF BB 78 1E,1,12.500000,30.206349,0.268132,-1,-1097,-2018
1754830162054,0x064,6,01 FF FF BB 78 1E,1,12.500000,30.206349,0.268132,-1,-1097,-2018
1754830162060,0x064,6,01 FF FF BB 78 1E,1,12.500000,30.206349,0.268132,-1,-1097,-2018
1754830162064,0x064,6,01 FF FF BB 78 1E,1,12.500000,30.206349,0.268132,-1,-1097,-2018
1754830162067,0x064,6,01 FF FF BB 78 1E,1,12.500000,30.206349,0.268132,-1,-1097,-2018
1754830162073,0x064,6,01 FF FF BB 78 1E,1,12.500000,30.206349,0.268132,-1,-1097,-2018
1754830162079,0x064,6,01 FF FF BB 78 1E,1,12.500000,30.206349,0.268132,-1,-1097,-2018
1754830162085,0x064,6,01 FF FF BB 78 1E,1,12.500000,30.206349,0.268132,-1,-1097,-2018
1754830162090,0x064,6,01 FF FF BB 78 1E,1,12.500000,30.206349,0.268132,-1,-1097,-2018
1754830162095,0x064,6,01 FF FF BB 78 1E,1,12.500000,30.206349,0.268132,-1,-1097,-2018
1754830162108,0x064,6,01 FF FF BD C7 F0,1,12.500000,31.380952,-0.136264,-1,-1060,2032
1754830162114,0x064,6,01 FF FF BD C7 F0,1,12.500000,31.380952,-0.136264,-1,-1060,2032
1754830162115,0x064,6,01 FF FF BD C7 F0,1,12.500000,31.380952,-0.136264,-1,-1060,2032
1754830162121,0x064,6,01 FF FF BD C7 F0,1,12.500000,31.380952,-0.136264,-1,-1060,2032
1754830162126,0x064,6,01 FF FF BD C7 F0,1,12.500000,31.380952,-0.136264,-1,-1060,2032
1754830162144,0x064,6,01 FF FF BD C7 F0,1,12.500000,31.380952,-0.136264,-1,-1060,2032
1754830162155,0x064,6,01 FF FF BD C7 F0,1,12.500000,31.380952,-0.136264,-1,-1060,2032
1754830162156,0x064,6,01 FF FF BD C7 F0,1,12.500000,31.380952,-0.136264,-1,-1060,2032
1754830162156,0x064,6,01 FF FF BD C7 F0,1,12.500000,31.380952,-0.136264,-1,-1060,2032
1754830162164,0x064,6,01 FF FF BD C7 F0,1,12.500000,31.380952,-0.136264,-1,-1060,2032
1754830162169,0x064,6,01 FF FF BD C7 F0,1,12.500000,31.380952,-0.136264,-1,-1060,2032
1754830162174,0x064,6,01 FF FF BD C7 F0,1,12.500000,31.380952,-0.136264,-1,-1060,2032
1754830162181,0x064,6,01 FF FF BD C7 F0,1,12.500000,31.380952,-0.136264,-1,-1060,2032
1754830162195,0x064,6,01 FF FF BD C7 F0,1,12.500000,31.380952,-0.136264,-1,-1060,2032
1754830162198,0x064,6,01 FF FF BD C7 F0,1,12.500000,31.380952,-0.136264,-1,-1060,2032
1754830162206,0x064,6,01 FF FF BD 48 4D,1,12.500000,31.126984,0.681319,-1,-1068,-1971
1754830162213,0x064,6,01 FF FF BD 48 4D,1,12.500000,31.126984,0.681319,-1,-1068,-1971
1754830162240,0x064,6,01 FF FF BD 48 4D,1,12.500000,31.126984,0.681319,-1,-1068,-1971
1754830162241,0x064,6,01 FF FF BD 48 4D,1,12.500000,31.126984,0.681319,-1,-1068,-1971
1754830162241,0x064,6,01 FF FF BD 48 4D,1,12.500000,31.126984,0.681319,-1,-1068,-1971
1754830162241,0x064,6,01 FF FF BD 48 4D,1,12.500000,31.126984,0.681319,-1,-1068,-1971
1754830162249,0x064,6,01 FF FF BD 48 4D,1,12.500000,31.126984,0.681319,-1,-1068,-1971
1754830162251,0x064,6,01 FF FF BD 48 4D,1,12.500000,31.126984,0.681319,-1,-1068,-1971
1754830162257,0x064,6,01 FF FF BD 48 4D,1,12.500000,31.126984,0.681319,-1,-1068,-1971
1754830162263,0x064,6,01 FF FF BD 48 4D,1,12.500000,31.126984,0.681319,-1,-1068,-1971
1754830162280,0x064,6,01 FF FF BD 48 4D,1,12.500000,31.126984,0.681319,-1,-1068,-1971
1754830162288,0x064,6,01 FF FF BD 48 4D,1,12.500000,31.126984,0.681319,-1,-1068,-1971
1754830162291,0x064,6,01 FF FF BD 48 4D,1,12.500000,31.126984,0.681319,-1,-1068,-1971
1754830162296,0x064,6,01 FF FF BD 48 4D,1,12.500000,31.126984,0.681319,-1,-1068,-1971
1754830162302,0x064,6,01 FF FF C0 D8 17,1,12.500000,32.936508,0.206593,-1,-1011,-2025
1754830162307,0x064,6,01 FF FF C0 D8 17,1,12.500000,32.936508,0.206593,-1,-1011,-2025
1754830162314,0x064,6,01 FF FF C0 D8 17,1,12.500000,32.936508,0.206593,-1,-1011,-2025
1754830162319,0x064,6,01 FF FF C0 D8 17,1,12.500000,32.936508,0.206593,-1,-1011,-2025
1754830162324,0x064,6,01 FF FF C0 D8 17,1,12.500000,32.936508,0.206593,-1,-1011,-2025
1754830162330,0x064,6,01 FF FF C0 D8 17,1,12.500000,32.936508,0.206593,-1,-1011,-2025
1754830162335,0x064,6,01 FF FF C0 D8 17,1,12.500000,32.936508,0.206593,-1,-1011,-2025
1754830162340,0x064,6,01 FF FF C0 D8 17,1,12.500000,32.936508,0.206593,-1,-1011,-2025
1754830162345,0x064,6,01 FF FF C0 D8 17,1,12.500000,32.936508,0.206593,-1,-1011,-2025
1754830162352,0x064,6,01 FF FF C0 D8 17,1,12.500000,32.936508,0.206593,-1,-1011,-2025
1754830162357,0x064,6,01 FF FF C0 D8 17,1,12.500000,32.936508,0.206593,-1,-1011,-2025
1754830162362,0x064,6,01 FF FF C0 D8 17,1,12.500000,32.936508,0.206593,-1,-1011,-2025
1754830162370,0x064,6,01 FF FF C0 D8 17,1,12.500000,32.936508,0.206593,-1,-1011,-2025
1754830162374,0x064,6,01 FF FF C0 D8 17,1,12.500000,32.936508,0.206593,-1,-1011,-2025
1754830162380,0x064,6,01 FF FF C0 D8 17,1,12.500000,32.936508,0.206593,-1,-1011,-2025
1754830162385,0x064,6,01 FF FF C0 D8 17,1,12.500000,32.936508,0.206593,-1,-1011,-2025
1754830162391,0x064,6,01 FF FF C0 D8 17,1,12.500000,32.936508,0.206593,-1,-1011,-2025
1754830162396,0x064,6,01 FF FF C0 D8 17,1,12.500000,32.936508,0.206593,-1,-1011,-2025
1754830162401,0x064,6,01 FF FF C0 E8 7E,1,12.500000,32.968254,1.112088,-1,-1010,-1922
1754830162408,0x064,6,01 FF FF C0 E8 7E,1,12.500000,32.968254,1.112088,-1,-1010,-1922
1754830162414,0x064,6,01 FF FF C0 E8 7E,1,12.500000,32.968254,1.112088,-1,-1010,-1922
1754830162419,0x064,6,01 FF FF C0 E8 7E,1,12.500000,32.968254,1.112088,-1,-1010,-1922
1754830162425,0x064,6,01 FF FF C0 E8 7E,1,12.500000,32.968254,1.112088,-1,-1010,-1922
1754830162431,0x064,6,01 FF FF C0 E8 7E,1,12.500000,32.968254,1.112088,-1,-1010,-1922
1754830162436,0x064,6,01 FF FF C0 E8 7E,1,12.500000,32.968254,1.112088,-1,-1010,-1922
1754830162456,0x064,6,01 FF FF C0 E8 7E,1,12.500000,32.968254,1.112088,-1,-1010,-1922
1754830162459,0x064,6,01 FF FF C0 E8 7E,1,12.500000,32.968254,1.112088,-1,-1010,-1922
1754830162460,0x064,6,01 FF FF C0 E8 7E,1,12.500000,32.968254,1.112088,-1,-1010,-1922
1754830162462,0x064,6,01 FF FF C0 E8 7E,1,12.500000,32.968254,1.112088,-1,-1010,-1922
1754830162471,0x064,6,01 FF FF C0 E8 7E,1,12.500000,32.968254,1.112088,-1,-1010,-1922
1754830162473,0x064,6,01 FF FF C0 E8 7E,1,12.500000,32.968254,1.112088,-1,-1010,-1922
1754830162487,0x064,6,01 FF FF C0 E8 7E,1,12.500000,32.968254,1.112088,-1,-1010,-1922
1754830162495,0x064,6,01 FF FF C0 E8 7E,1,12.500000,32.968254,1.112088,-1,-1010,-1922
1754830162505,0x064,6,01 FF FF C0 E8 7E,1,12.500000,32.968254,1.112088,-1,-1010,-1922
1754830162519,0x064,6,01 FF FF C3 08 27,1,12.500000,34.047619,0.347253,-1,-976,-2009
1754830162519,0x064,6,01 FF FF C3 08 27,1,12.500000,34.047619,0.347253,-1,-976,-2009
1754830162522,0x064,6,01 FF FF C3 08 27,1,12.500000,34.047619,0.347253,-1,-976,-2009
1754830162528,0x064,6,01 FF FF C3 08 27,1,12.500000,34.047619,0.347253,-1,-976,-2009
1754830162533,0x064,6,01 FF FF C3 08 27,1,12.500000,34.047619,0.347253,-1,-976,-2009
1754830162542,0x064,6,01 FF FF C3 08 27,1,12.500000,34.047619,0.347253,-1,-976,-2009
1754830162544,0x064,6,01 FF FF C3 08 27,1,12.500000,34.047619,0.347253,-1,-976,-2009
1754830162553,0x064,6,01 FF FF C3 08 27,1,12.500000,34.047619,0.347253,-1,-976,-2009
1754830162555,0x064,6,01 FF FF C3 08 27,1,12.500000,34.047619,0.347253,-1,-976,-2009
1754830162560,0x064,6,01 FF FF C3 08 27,1,12.500000,34.047619,0.347253,-1,-976,-2009
1754830162565,0x064,6,01 FF FF C3 08 27,1,12.500000,34.047619,0.347253,-1,-976,-2009
1754830162574,0x064,6,01 FF FF C3 08 27,1,12.500000,34.047619,0.347253,-1,-976,-2009
1754830162581,0x064,6,01 FF FF C3 08 27,1,12.500000,34.047619,0.347253,-1,-976,-2009
1754830162587,0x064,6,01 FF FF C3 08 27,1,12.500000,34.047619,0.347253,-1,-976,-2009
1754830162600,0x064,6,01 FF FF C3 08 27,1,12.500000,34.047619,0.347253,-1,-976,-2009
1754830162611,0x064,6,01 FF FF C5 18 A8,1,12.500000,35.095238,1.481319,-1,-943,-1880
1754830162614,0x064,6,01 FF FF C5 18 A8,1,12.500000,35.095238,1.481319,-1,-943,-1880
1754830162631,0x064,6,01 FF FF C5 18 A8,1,12.500000,35.095238,1.481319,-1,-943,-1880
1754830162642,0x064,6,01 FF FF C5 18 A8,1,12.500000,35.095238,1.481319,-1,-943,-1880
1754830162647,0x064,6,01 FF FF C5 18 A8,1,12.500000,35.095238,1.481319,-1,-943,-1880
1754830162648,0x064,6,01 FF FF C5 18 A8,1,12.500000,35.095238,1.481319,-1,-943,-1880
1754830162659,0x064,6,01 FF FF C5 18 A8,1,12.500000,35.095238,1.481319,-1,-943,-1880
1754830162666,0x064,6,01 FF FF C5 18 A8,1,12.500000,35.095238,1.481319,-1,-943,-1880
1754830162675,0x064,6,01 FF FF C5 18 A8,1,12.500000,35.095238,1.481319,-1,-943,-1880
1754830162680,0x064,6,01 FF FF C5 18 A8,1,12.500000,35.095238,1.481319,-1,-943,-1880
1754830162685,0x064,6,01 FF FF C5 18 A8,1,12.500000,35.095238,1.481319,-1,-943,-1880
1754830162686,0x064,6,01 FF FF C5 18 A8,1,12.500000,35.095238,1.481319,-1,-943,-1880
1754830162693,0x064,6,01 FF FF C5 18 A8,1,12.500000,35.095238,1.481319,-1,-943,-1880
1754830162698,0x064,6,01 FF FF C5 18 A8,1,12.500000,35.095238,1.481319,-1,-943,-1880
1754830162704,0x064,6,01 FF FF C3 F8 67,1,12.500000,34.523810,0.909890,-1,-961,-1945
1754830162713,0x064,6,01 FF FF C3 F8 67,1,12.500000,34.523810,0.909890,-1,-961,-1945
1754830162715,0x064,6,01 FF FF C3 F8 67,1,12.500000,34.523810,0.909890,-1,-961,-1945
1754830162720,0x064,6,01 FF FF C3 F8 67,1,12.500000,34.523810,0.909890,-1,-961,-1945
1754830162735,0x064,6,01 FF FF C3 F8 67,1,12.500000,34.523810,0.909890,-1,-961,-1945
1754830162738,0x064,6,01 FF FF C3 F8 67,1,12.500000,34.523810,0.909890,-1,-961,-1945
1754830162743,0x064,6,01 FF FF C3 F8 67,1,12.500000,34.523810,0.909890,-1,-961,-1945
1754830162754,0x064,6,01 FF FF C3 F8 67,1,12.500000,34.523810,0.909890,-1,-961,-1945
1754830162765,0x064,6,01 FF FF C3 F8 67,1,12.500000,34.523810,0.909890,-1,-961,-1945
1754830162765,0x064,6,01 FF FF C3 F8 67,1,12.500000,34.523810,0.909890,-1,-961,-1945
1754830162766,0x064,6,01 FF FF C3 F8 67,1,12.500000,34.523810,0.909890,-1,-961,-1945
1754830162772,0x064,6,01 FF FF C3 F8 67,1,12.500000,34.523810,0.909890,-1,-961,-1945
1754830162777,0x064,6,01 FF FF C3 F8 67,1,12.500000,34.523810,0.909890,-1,-961,-1945
1754830162798,0x064,6,01 FF FF C3 F8 67,1,12.500000,34.523810,0.909890,-1,-961,-1945
1754830162802,0x064,6,01 FF FF C3 F8 67,1,12.500000,34.523810,0.909890,-1,-961,-1945
1754830162810,0x064,6,01 FF FF C8 58 32,1,12.500000,36.746032,0.443956,-1,-891,-1998
1754830162820,0x064,6,01 FF FF C8 58 32,1,12.500000,36.746032,0.443956,-1,-891,-1998
1754830162823,0x064,6,01 FF FF C8 58 32,1,12.500000,36.746032,0.443956,-1,-891,-1998
1754830162828,0x064,6,01 FF FF C8 58 32,1,12.500000,36.746032,0.443956,-1,-891,-1998
1754830162830,0x064,6,01 FF FF C8 58 32,1,12.500000,36.746032,0.443956,-1,-891,-1998
1754830162840,0x064,6,01 FF FF C8 58 32,1,12.500000,36.746032,0.443956,-1,-891,-1998
1754830162849,0x064,6,01 FF FF C8 58 32,1,12.500000,36.746032,0.443956,-1,-891,-1998
1754830162857,0x064,6,01 FF FF C8 58 32,1,12.500000,36.746032,0.443956,-1,-891,-1998
1754830162862,0x064,6,01 FF FF C8 58 32,1,12.500000,36.746032,0.443956,-1,-891,-1998
1754830162865,0x064,6,01 FF FF C8 58 32,1,12.500000,36.746032,0.443956,-1,-891,-1998
1754830162875,0x064,6,01 FF FF C8 58 32,1,12.500000,36.746032,0.443956,-1,-891,-1998
1754830162880,0x064,6,01 FF FF C8 58 32,1,12.500000,36.746032,0.443956,-1,-891,-1998
1754830162882,0x064,6,01 FF FF C8 58 32,1,12.500000,36.746032,0.443956,-1,-891,-1998
1754830162889,0x064,6,01 FF FF C8 58 32,1,12.500000,36.746032,0.443956,-1,-891,-1998
1754830162894,0x064,6,01 FF FF C8 58 32,1,12.500000,36.746032,0.443956,-1,-891,-1998
1754830162899,0x064,6,01 FF FF C8 58 32,1,12.500000,36.746032,0.443956,-1,-891,-1998
1754830162910,0x064,6,01 FF FF C8 68 11,1,12.500000,36.777778,0.153846,-1,-890,-2031
1754830162917,0x064,6,01 FF FF C8 68 11,1,12.500000,36.777778,0.153846,-1,-890,-2031
1754830162924,0x064,6,01 FF FF C8 68 11,1,12.500000,36.777778,0.153846,-1,-890,-2031
1754830162926,0x064,6,01 FF FF C8 68 11,1,12.500000,36.777778,0.153846,-1,-890,-2031
1754830162932,0x064,6,01 FF FF C8 68 11,1,12.500000,36.777778,0.153846,-1,-890,-2031
1754830162937,0x064,6,01 FF FF C8 68 11,1,12.500000,36.777778,0.153846,-1,-890,-2031
1754830162949,0x064,6,01 FF FF C8 68 11,1,12.500000,36.777778,0.153846,-1,-890,-2031
1754830162961,0x064,6,01 FF FF C8 68 11,1,12.500000,36.777778,0.153846,-1,-890,-2031
1754830162969,0x064,6,01 FF FF C8 68 11,1,12.500000,36.777778,0.153846,-1,-890,-2031
1754830162969,0x064,6,01 FF FF C8 68 11,1,12.500000,36.777778,0.153846,-1,-890,-2031
1754830162975,0x064,6,01 FF FF C8 68 11,1,12.500000,36.777778,0.153846,-1,-890,-2031
1754830162980,0x064,6,01 FF FF C8 68 11,1,12.500000,36.777778,0.153846,-1,-890,-2031
1754830162985,0x064,6,01 FF FF C8 68 11,1,12.500000,36.777778,0.153846,-1,-890,-2031
1754830162991,0x064,6,01 FF FF C8 68 11,1,12.500000,36.777778,0.153846,-1,-890,-2031
1754830163001,0x064,6,01 FF FF C8 68 11,1,12.500000,36.777778,0.153846,-1,-890,-2031
1754830163002,0x064,6,01 FF FF C7 88 05,1,12.500000,36.333333,0.048352,-1,-904,-2043
1754830163013,0x064,6,01 FF FF C7 88 05,1,12.500000,36.333333,0.048352,-1,-904,-2043
1754830163025,0x064,6,01 FF FF C7 88 05,1,12.500000,36.333333,0.048352,-1,-904,-2043
1754830163030,0x064,6,01 FF FF C7 88 05,1,12.500000,36.333333,0.048352,-1,-904,-2043
1754830163036,0x064,6,01 FF FF C7 88 05,1,12.500000,36.333333,0.048352,-1,-904,-2043
1754830163046,0x064,6,01 FF FF C7 88 05,1,12.500000,36.333333,0.048352,-1,-904,-2043
1754830163049,0x064,6,01 FF FF C7 88 05,1,12.500000,36.333333,0.048352,-1,-904,-2043
1754830163054,0x064,6,01 FF FF C7 88 05,1,12.500000,36.333333,0.048352,-1,-904,-2043
1754830163060,0x064,6,01 FF FF C7 88 05,1,12.500000,36.333333,0.048352,-1,-904,-2043
1754830163066,0x064,6,01 FF FF C7 88 05,1,12.500000,36.333333,0.048352,-1,-904,-2043
1754830163071,0x064,6,01 FF FF C7 88 05,1,12.500000,36.333333,0.048352,-1,-904,-2043
1754830163078,0x064,6,01 FF FF C7 88 05,1,12.500000,36.333333,0.048352,-1,-904,-2043
1754830163082,0x064,6,01 FF FF C7 88 05,1,12.500000,36.333333,0.048352,-1,-904,-2043
1754830163087,0x064,6,01 FF FF C7 88 05,1,12.500000,36.333333,0.048352,-1,-904,-2043
1754830163093,0x064,6,01 FF FF C7 88 05,1,12.500000,36.333333,0.048352,-1,-904,-2043
1754830163106,0x064,6,01 FF FF C7 88 05,1,12.500000,36.333333,0.048352,-1,-904,-2043
1754830163111,0x064,6,01 FF FF CA 78 30,1,12.500000,37.825397,0.426374,-1,-857,-2000
1754830163113,0x064,6,01 FF FF CA 78 30,1,12.500000,37.825397,0.426374,-1,-857,-2000
1754830163119,0x064,6,01 FF FF CA 78 30,1,12.500000,37.825397,0.426374,-1,-857,-2000
1754830163127,0x064,6,01 FF FF CA 78 30,1,12.500000,37.825397,0.426374,-1,-857,-2000
1754830163130,0x064,6,01 FF FF CA 78 30,1,12.500000,37.825397,0.426374,-1,-857,-2000
1754830163136,0x064,6,01 FF FF CA 78 30,1,12.500000,37.825397,0.426374,-1,-857,-2000
1754830163141,0x064,6,01 FF FF CA 78 30,1,12.500000,37.825397,0.426374,-1,-857,-2000
1754830163150,0x064,6,01 FF FF CA 78 30,1,12.500000,37.825397,0.426374,-1,-857,-2000
1754830163155,0x064,6,01 FF FF CA 78 30,1,12.500000,37.825397,0.426374,-1,-857,-2000
1754830163158,0x064,6,01 FF FF CA 78 30,1,12.500000,37.825397,0.426374,-1,-857,-2000
1754830163163,0x064,6,01 FF FF CA 78 30,1,12.500000,37.825397,0.426374,-1,-857,-2000
1754830163169,0x064,6,01 FF FF CA 78 30,1,12.500000,37.825397,0.426374,-1,-857,-2000
1754830163180,0x064,6,01 FF FF CA 78 30,1,12.500000,37.825397,0.426374,-1,-857,-2000
1754830163180,0x064,6,01 FF FF CA 78 30,1,12.500000,37.825397,0.426374,-1,-857,-2000
1754830163191,0x064,6,01 FF FF CA 78 30,1,12.500000,37.825397,0.426374,-1,-857,-2000
1754830163194,0x064,6,01 FF FF CA 78 30,1,12.500000,37.825397,0.426374,-1,-857,-2000
1754830163199,0x064,6,01 FF FF CA 78 30,1,12.500000,37.825397,0.426374,-1,-857,-2000
1754830163210,0x064,6,01 FF FF C9 B7 C0,1,12.500000,37.444444,-0.558242,-1,-869,1984
1754830163214,0x064,6,01 FF FF C9 B7 C0,1,12.500000,37.444444,-0.558242,-1,-869,1984
1754830163219,0x064,6,01 FF FF C9 B7 C0,1,12.500000,37.444444,-0.558242,-1,-869,1984
1754830163232,0x064,6,01 FF FF C9 B7 C0,1,12.500000,37.444444,-0.558242,-1,-869,1984
1754830163235,0x064,6,01 FF FF C9 B7 C0,1,12.500000,37.444444,-0.558242,-1,-869,1984
1754830163243,0x064,6,01 FF FF C9 B7 C0,1,12.500000,37.444444,-0.558242,-1,-869,1984
1754830163244,0x064,6,01 FF FF C9 B7 C0,1,12.500000,37.444444,-0.558242,-1,-869,1984
1754830163250,0x064,6,01 FF FF C9 B7 C0,1,12.500000,37.444444,-0.558242,-1,-869,1984
1754830163260,0x064,6,01 FF FF C9 B7 C0,1,12.500000,37.444444,-0.558242,-1,-869,1984
1754830163264,0x064,6,01 FF FF C9 B7 C0,1,12.500000,37.444444,-0.558242,-1,-869,1984
1754830163273,0x064,6,01 FF FF C9 B7 C0,1,12.500000,37.444444,-0.558242,-1,-869,1984
1754830163276,0x064,6,01 FF FF C9 B7 C0,1,12.500000,37.444444,-0.558242,-1,-869,1984
1754830163280,0x064,6,01 FF FF C9 B7 C0,1,12.500000,37.444444,-0.558242,-1,-869,1984
1754830163291,0x064,6,01 FF FF C9 B7 C0,1,12.500000,37.444444,-0.558242,-1,-869,1984
1754830163294,0x064,6,01 FF FF C9 B7 C0,1,12.500000,37.444444,-0.558242,-1,-869,1984
1754830163298,0x064,6,01 FF FF C9 B7 C0,1,12.500000,37.444444,-0.558242,-1,-869,1984
1754830163304,0x064,6,01 FF FF CA 78 5E,1,12.500000,37.825397,0.830769,-1,-857,-1954
1754830163313,0x064,6,01 FF FF CA 78 5E,1,12.500000,37.825397,0.830769,-1,-857,-1954
1754830163319,0x064,6,01 FF FF CA 78 5E,1,12.500000,37.825397,0.830769,-1,-857,-1954
1754830163326,0x064,6,01 FF FF CA 78 5E,1,12.500000,37.825397,0.830769,-1,-857,-1954
1754830163334,0x064,6,01 FF FF CA 78 5E,1,12.500000,37.825397,0.830769,-1,-857,-1954
1754830163335,0x064,6,01 FF FF CA 78 5E,1,12.500000,37.825397,0.830769,-1,-857,-1954
1754830163340,0x064,6,01 FF FF CA 78 5E,1,12.500000,37.825397,0.830769,-1,-857,-1954
1754830163356,0x064,6,01 FF FF CA 78 5E,1,12.500000,37.825397,0.830769,-1,-857,-1954
1754830163358,0x064,6,01 FF FF CA 78 5E,1,12.500000,37.825397,0.830769,-1,-857,-1954
1754830163360,0x064,6,01 FF FF CA 78 5E,1,12.500000,37.825397,0.830769,-1,-857,-1954
1754830163372,0x064,6,01 FF FF CA 78 5E,1,12.500000,37.825397,0.830769,-1,-857,-1954
1754830163380,0x064,6,01 FF FF CA 78 5E,1,12.500000,37.825397,0.830769,-1,-857,-1954
1754830163392,0x064,6,01 FF FF CA 78 5E,1,12.500000,37.825397,0.830769,-1,-857,-1954
1754830163392,0x064,6,01 FF FF CA 78 5E,1,12.500000,37.825397,0.830769,-1,-857,-1954
1754830163395,0x064,6,01 FF FF CA 78 5E,1,12.500000,37.825397,0.830769,-1,-857,-1954
1754830163406,0x064,6,01 FF FF CB 68 46,1,12.500000,38.301587,0.619780,-1,-842,-1978
1754830163411,0x064,6,01 FF FF CB 68 46,1,12.500000,38.301587,0.619780,-1,-842,-1978
1754830163412,0x064,6,01 FF FF CB 68 46,1,12.500000,38.301587,0.619780,-1,-842,-1978
1754830163423,0x064,6,01 FF FF CB 68 46,1,12.500000,38.301587,0.619780,-1,-842,-1978
1754830163426,0x064,6,01 FF FF CB 68 46,1,12.500000,38.301587,0.619780,-1,-842,-1978
1754830163439,0x064,6,01 FF FF CB 68 46,1,12.500000,38.301587,0.619780,-1,-842,-1978
1754830163456,0x064,6,01 FF FF CB 68 46,1,12.500000,38.301587,0.619780,-1,-842,-1978
1754830163469,0x064,6,01 FF FF CB 68 46,1,12.500000,38.301587,0.619780,-1,-842,-1978
1754830163475,0x064,6,01 FF FF CB 68 46,1,12.500000,38.301587,0.619780,-1,-842,-1978
1754830163475,0x064,6,01 FF FF CB 68 46,1,12.500000,38.301587,0.619780,-1,-842,-1978
1754830163475,0x064,6,01 FF FF CB 68 46,1,12.500000,38.301587,0.619780,-1,-842,-1978
1754830163477,0x064,6,01 FF FF CB 68 46,1,12.500000,38.301587,0.619780,-1,-842,-1978
1754830163482,0x064,6,01 FF FF CB 68 46,1,12.500000,38.301587,0.619780,-1,-842,-1978
1754830163487,0x064,6,01 FF FF CB 68 46,1,12.500000,38.301587,0.619780,-1,-842,-1978
1754830163495,0x064,6,01 FF FF CB 68 46,1,12.500000,38.301587,0.619780,-1,-842,-1978
1754830163500,0x064,6,01 FF FF CB 68 46,1,12.500000,38.301587,0.619780,-1,-842,-1978
1754830163505,0x064,6,01 FF FF CB 08 34,1,12.500000,38.111111,0.461538,-1,-848,-1996
1754830163514,0x064,6,01 FF FF CB 08 34,1,12.500000,38.111111,0.461538,-1,-848,-1996
1754830163517,0x064,6,01 FF FF CB 08 34,1,12.500000,38.111111,0.461538,-1,-848,-1996
1754830163522,0x064,6,01 FF FF CB 08 34,1,12.500000,38.111111,0.461538,-1,-848,-1996
1754830163537,0x064,6,01 FF FF CB 08 34,1,12.500000,38.111111,0.461538,-1,-848,-1996
1754830163540,0x064,6,01 FF FF CB 08 34,1,12.500000,38.111111,0.461538,-1,-848,-1996
1754830163545,0x064,6,01 FF FF CB 08 34,1,12.500000,38.111111,0.461538,-1,-848,-1996
1754830163547,0x064,6,01 FF FF CB 08 34,1,12.500000,38.111111,0.461538,-1,-848,-1996
1754830163552,0x064,6,01 FF FF CB 08 34,1,12.500000,38.111111,0.461538,-1,-848,-1996
1754830163558,0x064,6,01 FF FF CB 08 34,1,12.500000,38.111111,0.461538,-1,-848,-1996
1754830163568,0x064,6,01 FF FF CB 08 34,1,12.500000,38.111111,0.461538,-1,-848,-1996
1754830163576,0x064,6,01 FF FF CB 08 34,1,12.500000,38.111111,0.461538,-1,-848,-1996
1754830163577,0x064,6,01 FF FF CB 08 34,1,12.500000,38.111111,0.461538,-1,-848,-1996
1754830163591,0x064,6,01 FF FF CB 08 34,1,12.500000,38.111111,0.461538,-1,-848,-1996
1754830163594,0x064,6,01 FF FF CB 08 34,1,12.500000,38.111111,0.461538,-1,-848,-1996
1754830163597,0x064,6,01 FF FF CB 08 34,1,12.500000,38.111111,0.461538,-1,-848,-1996
1754830163606,0x064,6,01 FF FF CB 88 66,1,12.500000,38.365079,0.901099,-1,-840,-1946
1754830163612,0x064,6,01 FF FF CB 88 66,1,12.500000,38.365079,0.901099,-1,-840,-1946
1754830163621,0x064,6,01 FF FF CB 88 66,1,12.500000,38.365079,0.901099,-1,-840,-1946
1754830163623,0x064,6,01 FF FF CB 88 66,1,12.500000,38.365079,0.901099,-1,-840,-1946
1754830163627,0x064,6,01 FF FF CB 88 66,1,12.500000,38.365079,0.901099,-1,-840,-1946
1754830163647,0x064,6,01 FF FF CB 88 66,1,12.500000,38.365079,0.901099,-1,-840,-1946
1754830163654,0x064,6,01 FF FF CB 88 66,1,12.500000,38.365079,0.901099,-1,-840,-1946
1754830163654,0x064,6,01 FF FF CB 88 66,1,12.500000,38.365079,0.901099,-1,-840,-1946
1754830163655,0x064,6,01 FF FF CB 88 66,1,12.500000,38.365079,0.901099,-1,-840,-1946
1754830163668,0x064,6,01 FF FF CB 88 66,1,12.500000,38.365079,0.901099,-1,-840,-1946
1754830163677,0x064,6,01 FF FF CB 88 66,1,12.500000,38.365079,0.901099,-1,-840,-1946
1754830163681,0x064,6,01 FF FF CB 88 66,1,12.500000,38.365079,0.901099,-1,-840,-1946
1754830163687,0x064,6,01 FF FF CB 88 66,1,12.500000,38.365079,0.901099,-1,-840,-1946
1754830163693,0x064,6,01 FF FF CB 88 66,1,12.500000,38.365079,0.901099,-1,-840,-1946
1754830163698,0x064,6,01 FF FF CB 88 66,1,12.500000,38.365079,0.901099,-1,-840,-1946
1754830163706,0x064,6,01 FF FF CA C8 1F,1,12.500000,37.984127,0.276923,-1,-852,-2017
1754830163710,0x064,6,01 FF FF CA C8 1F,1,12.500000,37.984127,0.276923,-1,-852,-2017
1754830163718,0x064,6,01 FF FF CA C8 1F,1,12.500000,37.984127,0.276923,-1,-852,-2017
1754830163721,0x064,6,01 FF FF CA C8 1F,1,12.500000,37.984127,0.276923,-1,-852,-2017
1754830163726,0x064,6,01 FF FF CA C8 1F,1,12.500000,37.984127,0.276923,-1,-852,-2017
1754830163732,0x064,6,01 FF FF CA C8 1F,1,12.500000,37.984127,0.276923,-1,-852,-2017
1754830163737,0x064,6,01 FF FF CA C8 1F,1,12.500000,37.984127,0.276923,-1,-852,-2017
1754830163744,0x064,6,01 FF FF CA C8 1F,1,12.500000,37.984127,0.276923,-1,-852,-2017
1754830163760,0x064,6,01 FF FF CA C8 1F,1,12.500000,37.984127,0.276923,-1,-852,-2017
1754830163761,0x064,6,01 FF FF CA C8 1F,1,12.500000,37.984127,0.276923,-1,-852,-2017
1754830163765,0x064,6,01 FF FF CA C8 1F,1,12.500000,37.984127,0.276923,-1,-852,-2017
1754830163770,0x064,6,01 FF FF CA C8 1F,1,12.500000,37.984127,0.276923,-1,-852,-2017
1754830163781,0x064,6,01 FF FF CA C8 1F,1,12.500000,37.984127,0.276923,-1,-852,-2017
1754830163782,0x064,6,01 FF FF CA C8 1F,1,12.500000,37.984127,0.276923,-1,-852,-2017
1754830163790,0x064,6,01 FF FF CA C8 1F,1,12.500000,37.984127,0.276923,-1,-852,-2017
1754830163801,0x064,6,01 FF FF CA C8 1F,1,12.500000,37.984127,0.276923,-1,-852,-2017
1754830163805,0x064,6,01 FF FF CA 77 FF,1,12.500000,37.825397,-0.004396,-1,-857,2047
1754830163811,0x064,6,01 FF FF CA 77 FF,1,12.500000,37.825397,-0.004396,-1,-857,2047
1754830163813,0x064,6,01 FF FF CA 77 FF,1,12.500000,37.825397,-0.004396,-1,-857,2047
1754830163824,0x064,6,01 FF FF CA 77 FF,1,12.500000,37.825397,-0.004396,-1,-857,2047
1754830163840,0x064,6,01 FF FF CA 77 FF,1,12.500000,37.825397,-0.004396,-1,-857,2047
1754830163840,0x064,6,01 FF FF CA 77 FF,1,12.500000,37.825397,-0.004396,-1,-857,2047
1754830163845,0x064,6,01 FF FF CA 77 FF,1,12.500000,37.825397,-0.004396,-1,-857,2047
1754830163853,0x064,6,01 FF FF CA 77 FF,1,12.500000,37.825397,-0.004396,-1,-857,2047
1754830163861,0x064,6,01 FF FF CA 77 FF,1,12.500000,37.825397,-0.004396,-1,-857,2047
1754830163877,0x064,6,01 FF FF CA 77 FF,1,12.500000,37.825397,-0.004396,-1,-857,2047
1754830163877,0x064,6,01 FF FF CA 77 FF,1,12.500000,37.825397,-0.004396,-1,-857,2047
1754830163886,0x064,6,01 FF FF CA 77 FF,1,12.500000,37.825397,-0.004396,-1,-857,2047
1754830163890,0x064,6,01 FF FF CA 77 FF,1,12.500000,37.825397,-0.004396,-1,-857,2047
1754830163896,0x064,6,01 FF FF CA 77 FF,1,12.500000,37.825397,-0.004396,-1,-857,2047
1754830163898,0x064,6,01 FF FF CA 77 FF,1,12.500000,37.825397,-0.004396,-1,-857,2047
1754830163905,0x064,6,01 FF FF CA C8 2A,1,12.500000,37.984127,0.373626,-1,-852,-2006
1754830163908,0x064,6,01 FF FF CA C8 2A,1,12.500000,37.984127,0.373626,-1,-852,-2006
1754830163921,0x064,6,01 FF FF CA C8 2A,1,12.500000,37.984127,0.373626,-1,-852,-2006
1754830163925,0x064,6,01 FF FF CA C8 2A,1,12.500000,37.984127,0.373626,-1,-852,-2006
1754830163928,0x064,6,01 FF FF CA C8 2A,1,12.500000,37.984127,0.373626,-1,-852,-2006
1754830163932,0x064,6,01 FF FF CA C8 2A,1,12.500000,37.984127,0.373626,-1,-852,-2006
1754830163936,0x064,6,01 FF FF CA C8 2A,1,12.500000,37.984127,0.373626,-1,-852,-2006
1754830163942,0x064,6,01 FF FF CA C8 2A,1,12.500000,37.984127,0.373626,-1,-852,-2006
1754830163948,0x064,6,01 FF FF CA C8 2A,1,12.500000,37.984127,0.373626,-1,-852,-2006
1754830163953,0x064,6,01 FF FF CA C8 2A,1,12.500000,37.984127,0.373626,-1,-852,-2006
1754830163960,0x064,6,01 FF FF CA C8 2A,1,12.500000,37.984127,0.373626,-1,-852,-2006
1754830163963,0x064,6,01 FF FF CA C8 2A,1,12.500000,37.984127,0.373626,-1,-852,-2006
1754830163969,0x064,6,01 FF FF CA C8 2A,1,12.500000,37.984127,0.373626,-1,-852,-2006
1754830163975,0x064,6,01 FF FF CA C8 2A,1,12.500000,37.984127,0.373626,-1,-852,-2006
1754830163979,0x064,6,01 FF FF CA C8 2A,1,12.500000,37.984127,0.373626,-1,-852,-2006
1754830163993,0x064,6,01 FF FF CA C8 2A,1,12.500000,37.984127,0.373626,-1,-852,-2006
1754830163995,0x064,6,01 FF FF CA C8 2A,1,12.500000,37.984127,0.373626,-1,-852,-2006
1754830164002,0x064,6,01 FF FF D3 57 E9,1,12.500000,42.333333,-0.197802,-1,-715,2025
1754830164007,0x064,6,01 FF FF D3 57 E9,1,12.500000,42.333333,-0.197802,-1,-715,2025
1754830164012,0x064,6,01 FF FF D3 57 E9,1,12.500000,42.333333,-0.197802,-1,-715,2025
1754830164029,0x064,6,01 FF FF D3 57 E9,1,12.500000,42.333333,-0.197802,-1,-715,2025
1754830164029,0x064,6,01 FF FF D3 57 E9,1,12.500000,42.333333,-0.197802,-1,-715,2025
1754830164031,0x064,6,01 FF FF D3 57 E9,1,12.500000,42.333333,-0.197802,-1,-715,2025
1754830164037,0x064,6,01 FF FF D3 57 E9,1,12.500000,42.333333,-0.197802,-1,-715,2025
1754830164042,0x064,6,01 FF FF D3 57 E9,1,12.500000,42.333333,-0.197802,-1,-715,2025
1754830164047,0x064,6,01 FF FF D3 57 E9,1,12.500000,42.333333,-0.197802,-1,-715,2025
1754830164053,0x064,6,01 FF FF D3 57 E9,1,12.500000,42.333333,-0.197802,-1,-715,2025
1754830164058,0x064,6,01 FF FF D3 57 E9,1,12.500000,42.333333,-0.197802,-1,-715,2025
1754830164073,0x064,6,01 FF FF D3 57 E9,1,12.500000,42.333333,-0.197802,-1,-715,2025
1754830164074,0x064,6,01 FF FF D3 57 E9,1,12.500000,42.333333,-0.197802,-1,-715,2025
1754830164075,0x064,6,01 FF FF D3 57 E9,1,12.500000,42.333333,-0.197802,-1,-715,2025
1754830164081,0x064,6,01 FF FF D3 57 E9,1,12.500000,42.333333,-0.197802,-1,-715,2025
1754830164087,0x064,6,01 FF FF D3 57 E9,1,12.500000,42.333333,-0.197802,-1,-715,2025
1754830164094,0x064,6,01 FF FF D3 57 E9,1,12.500000,42.333333,-0.197802,-1,-715,2025
1754830164097,0x064,6,01 FF FF D3 57 E9,1,12.500000,42.333333,-0.197802,-1,-715,2025
1754830164106,0x064,6,01 FF FF CF 58 46,1,12.500000,40.301587,0.619780,-1,-779,-1978
1754830164109,0x064,6,01 FF FF CF 58 46,1,12.500000,40.301587,0.619780,-1,-779,-1978
1754830164115,0x064,6,01 FF FF CF 58 46,1,12.500000,40.301587,0.619780,-1,-779,-1978
1754830164120,0x064,6,01 FF FF CF 58 46,1,12.500000,40.301587,0.619780,-1,-779,-1978
1754830164126,0x064,6,01 FF FF CF 58 46,1,12.500000,40.301587,0.619780,-1,-779,-1978
1754830164131,0x064,6,01 FF FF CF 58 46,1,12.500000,40.301587,0.619780,-1,-779,-1978
1754830164136,0x064,6,01 FF FF CF 58 46,1,12.500000,40.301587,0.619780,-1,-779,-1978
1754830164141,0x064,6,01 FF FF CF 58 46,1,12.500000,40.301587,0.619780,-1,-779,-1978
1754830164147,0x064,6,01 FF FF CF 58 46,1,12.500000,40.301587,0.619780,-1,-779,-1978
1754830164158,0x064,6,01 FF FF CF 58 46,1,12.500000,40.301587,0.619780,-1,-779,-1978
1754830164166,0x064,6,01 FF FF CF 58 46,1,12.500000,40.301587,0.619780,-1,-779,-1978
1754830164175,0x064,6,01 FF FF CF 58 46,1,12.500000,40.301587,0.619780,-1,-779,-1978
1754830164190,0x064,6,01 FF FF CF 58 46,1,12.500000,40.301587,0.619780,-1,-779,-1978
1754830164193,0x064,6,01 FF FF CF 58 46,1,12.500000,40.301587,0.619780,-1,-779,-1978
1754830164195,0x064,6,01 FF FF CF 58 46,1,12.500000,40.301587,0.619780,-1,-779,-1978
1754830164198,0x064,6,01 FF FF CF 58 46,1,12.500000,40.301587,0.619780,-1,-779,-1978
1754830164203,0x064,6,01 FF FF CB 78 2E,1,12.500000,38.333333,0.408791,-1,-841,-2002
1754830164208,0x064,6,01 FF FF CB 78 2E,1,12.500000,38.333333,0.408791,-1,-841,-2002
1754830164214,0x064,6,01 FF FF CB 78 2E,1,12.500000,38.333333,0.408791,-1,-841,-2002
1754830164219,0x064,6,01 FF FF CB 78 2E,1,12.500000,38.333333,0.408791,-1,-841,-2002
1754830164225,0x064,6,01 FF FF CB 78 2E,1,12.500000,38.333333,0.408791,-1,-841,-2002
1754830164237,0x064,6,01 FF FF CB 78 2E,1,12.500000,38.333333,0.408791,-1,-841,-2002
1754830164238,0x064,6,01 FF FF CB 78 2E,1,12.500000,38.333333,0.408791,-1,-841,-2002
1754830164244,0x064,6,01 FF FF CB 78 2E,1,12.500000,38.333333,0.408791,-1,-841,-2002
1754830164257,0x064,6,01 FF FF CB 78 2E,1,12.500000,38.333333,0.408791,-1,-841,-2002
1754830164259,0x064,6,01 FF FF CB 78 2E,1,12.500000,38.333333,0.408791,-1,-841,-2002
1754830164279,0x064,6,01 FF FF CB 78 2E,1,12.500000,38.333333,0.408791,-1,-841,-2002
1754830164289,0x064,6,01 FF FF CB 78 2E,1,12.500000,38.333333,0.408791,-1,-841,-2002
1754830164303,0x064,6,01 FF FF CB 78 2E,1,12.500000,38.333333,0.408791,-1,-841,-2002
1754830164308,0x064,6,01 FF FF CB 78 2E,1,12.500000,38.333333,0.408791,-1,-841,-2002
1754830164318,0x064,6,01 FF FF CB 78 2E,1,12.500000,38.333333,0.408791,-1,-841,-2002
1754830164328,0x064,6,01 FF FF CB 98 22,1,12.500000,38.396825,0.303297,-1,-839,-2014
1754830164344,0x064,6,01 FF FF CB 98 22,1,12.500000,38.396825,0.303297,-1,-839,-2014
1754830164345,0x064,6,01 FF FF CB 98 22,1,12.500000,38.396825,0.303297,-1,-839,-2014
1754830164345,0x064,6,01 FF FF CB 98 22,1,12.500000,38.396825,0.303297,-1,-839,-2014
1754830164355,0x064,6,01 FF FF CB 98 22,1,12.500000,38.396825,0.303297,-1,-839,-2014
1754830164356,0x064,6,01 FF FF CB 98 22,1,12.500000,38.396825,0.303297,-1,-839,-2014
1754830164356,0x064,6,01 FF FF CB 98 22,1,12.500000,38.396825,0.303297,-1,-839,-2014
1754830164356,0x064,6,01 FF FF CB 98 22,1,12.500000,38.396825,0.303297,-1,-839,-2014
1754830164362,0x064,6,01 FF FF CB 98 22,1,12.500000,38.396825,0.303297,-1,-839,-2014
1754830164365,0x064,6,01 FF FF CB 98 22,1,12.500000,38.396825,0.303297,-1,-839,-2014
1754830164371,0x064,6,01 FF FF CB 98 22,1,12.500000,38.396825,0.303297,-1,-839,-2014
1754830164376,0x064,6,01 FF FF CB 98 22,1,12.500000,38.396825,0.303297,-1,-839,-2014
1754830164381,0x064,6,01 FF FF CB 98 22,1,12.500000,38.396825,0.303297,-1,-839,-2014
1754830164387,0x064,6,01 FF FF CB 98 22,1,12.500000,38.396825,0.303297,-1,-839,-2014
1754830164393,0x064,6,01 FF FF CB 98 22,1,12.500000,38.396825,0.303297,-1,-839,-2014
1754830164402,0x064,6,01 FF FF CB 98 22,1,12.500000,38.396825,0.303297,-1,-839,-2014
1754830164416,0x064,6,01 FF FF CA 88 42,1,12.500000,37.857143,0.584615,-1,-856,-1982
1754830164420,0x064,6,01 FF FF CA 88 42,1,12.500000,37.857143,0.584615,-1,-856,-1982
1754830164429,0x064,6,01 FF FF CA 88 42,1,12.500000,37.857143,0.584615,-1,-856,-1982
1754830164430,0x064,6,01 FF FF CA 88 42,1,12.500000,37.857143,0.584615,-1,-856,-1982
1754830164443,0x064,6,01 FF FF CA 88 42,1,12.500000,37.857143,0.584615,-1,-856,-1982
1754830164447,0x064,6,01 FF FF CA 88 42,1,12.500000,37.857143,0.584615,-1,-856,-1982
1754830164454,0x064,6,01 FF FF CA 88 42,1,12.500000,37.857143,0.584615,-1,-856,-1982
1754830164461,0x064,6,01 FF FF CA 88 42,1,12.500000,37.857143,0.584615,-1,-856,-1982
1754830164465,0x064,6,01 FF FF CA 88 42,1,12.500000,37.857143,0.584615,-1,-856,-1982
1754830164469,0x064,6,01 FF FF CA 88 42,1,12.500000,37.857143,0.584615,-1,-856,-1982
1754830164477,0x064,6,01 FF FF CA 88 42,1,12.500000,37.857143,0.584615,-1,-856,-1982
1754830164482,0x064,6,01 FF FF CA 88 42,1,12.500000,37.857143,0.584615,-1,-856,-1982
1754830164494,0x064,6,01 FF FF CA 88 42,1,12.500000,37.857143,0.584615,-1,-856,-1982
1754830164494,0x064,6,01 FF FF CA 88 42,1,12.500000,37.857143,0.584615,-1,-856,-1982
1754830164499,0x064,6,01 FF FF CA 88 42,1,12.500000,37.857143,0.584615,-1,-856,-1982
1754830164507,0x064,6,01 FF FF CB D7 9E,1,12.500000,38.523810,-0.857143,-1,-835,1950
1754830164510,0x064,6,01 FF FF CB D7 9E,1,12.500000,38.523810,-0.857143,-1,-835,1950
1754830164525,0x064,6,01 FF FF CB D7 9E,1,12.500000,38.523810,-0.857143,-1,-835,1950
1754830164527,0x064,6,01 FF FF CB D7 9E,1,12.500000,38.523810,-0.857143,-1,-835,1950
1754830164532,0x064,6,01 FF FF CB D7 9E,1,12.500000,38.523810,-0.857143,-1,-835,1950
1754830164538,0x064,6,01 FF FF CB D7 9E,1,12.500000,38.523810,-0.857143,-1,-835,1950
1754830164543,0x064,6,01 FF FF CB D7 9E,1,12.500000,38.523810,-0.857143,-1,-835,1950
1754830164555,0x064,6,01 FF FF CB D7 9E,1,12.500000,38.523810,-0.857143,-1,-835,1950
1754830164556,0x064,6,01 FF FF CB D7 9E,1,12.500000,38.523810,-0.857143,-1,-835,1950
1754830164562,0x064,6,01 FF FF CB D7 9E,1,12.500000,38.523810,-0.857143,-1,-835,1950
1754830164567,0x064,6,01 FF FF CB D7 9E,1,12.500000,38.523810,-0.857143,-1,-835,1950
1754830164572,0x064,6,01 FF FF CB D7 9E,1,12.500000,38.523810,-0.857143,-1,-835,1950
1754830164580,0x064,6,01 FF FF CB D7 9E,1,12.500000,38.523810,-0.857143,-1,-835,1950
1754830164583,0x064,6,01 FF FF CB D7 9E,1,12.500000,38.523810,-0.857143,-1,-835,1950
1754830164593,0x064,6,01 FF FF CB D7 9E,1,12.500000,38.523810,-0.857143,-1,-835,1950
1754830164603,0x064,6,01 FF FF CB D7 9E,1,12.500000,38.523810,-0.857143,-1,-835,1950
1754830164612,0x064,6,01 FF FF CB D7 74,1,12.500000,38.523810,-1.226374,-1,-835,1908
1754830164613,0x064,6,01 FF FF CB D7 74,1,12.500000,38.523810,-1.226374,-1,-835,1908
1754830164622,0x064,6,01 FF FF CB D7 74,1,12.500000,38.523810,-1.226374,-1,-835,1908
1754830164622,0x064,6,01 FF FF CB D7 74,1,12.500000,38.523810,-1.226374,-1,-835,1908
1754830164632,0x064,6,01 FF FF CB D7 74,1,12.500000,38.523810,-1.226374,-1,-835,1908
1754830164637,0x064,6,01 FF FF CB D7 74,1,12.500000,38.523810,-1.226374,-1,-835,1908
1754830164641,0x064,6,01 FF FF CB D7 74,1,12.500000,38.523810,-1.226374,-1,-835,1908
1754830164644,0x064,6,01 FF FF CB D7 74,1,12.500000,38.523810,-1.226374,-1,-835,1908
1754830164654,0x064,6,01 FF FF CB D7 74,1,12.500000,38.523810,-1.226374,-1,-835,1908
1754830164659,0x064,6,01 FF FF CB D7 74,1,12.500000,38.523810,-1.226374,-1,-835,1908
1754830164662,0x064,6,01 FF FF CB D7 74,1,12.500000,38.523810,-1.226374,-1,-835,1908
1754830164668,0x064,6,01 FF FF CB D7 74,1,12.500000,38.523810,-1.226374,-1,-835,1908
1754830164673,0x064,6,01 FF FF CB D7 74,1,12.500000,38.523810,-1.226374,-1,-835,1908
1754830164679,0x064,6,01 FF FF CB D7 74,1,12.500000,38.523810,-1.226374,-1,-835,1908
1754830164684,0x064,6,01 FF FF CB D7 74,1,12.500000,38.523810,-1.226374,-1,-835,1908
1754830164689,0x064,6,01 FF FF CB D7 74,1,12.500000,38.523810,-1.226374,-1,-835,1908
1754830164694,0x064,6,01 FF FF CB D7 74,1,12.500000,38.523810,-1.226374,-1,-835,1908
1754830164704,0x064,6,01 FF FF CB D7 74,1,12.500000,38.523810,-1.226374,-1,-835,1908
1754830164705,0x064,6,01 FF FF C9 27 F8,1,12.500000,37.158730,-0.065934,-1,-878,2040
1754830164710,0x064,6,01 FF FF C9 27 F8,1,12.500000,37.158730,-0.065934,-1,-878,2040
1754830164715,0x064,6,01 FF FF C9 27 F8,1,12.500000,37.158730,-0.065934,-1,-878,2040
1754830164721,0x064,6,01 FF FF C9 27 F8,1,12.500000,37.158730,-0.065934,-1,-878,2040
1754830164738,0x064,6,01 FF FF C9 27 F8,1,12.500000,37.158730,-0.065934,-1,-878,2040
1754830164738,0x064,6,01 FF FF C9 27 F8,1,12.500000,37.158730,-0.065934,-1,-878,2040
1754830317535,0x064,6,01 FF FF 80 07 F8,1,12.500000,0.015873,-0.065934,-1,-2048,2040
1754830317537,0x064,6,01 FF FF 7C 97 B4,1,12.500000,-1.730159,-0.663736,-1,1993,1972
1754830317538,0x064,6,01 FF FF 7C 97 B4,1,12.500000,-1.730159,-0.663736,-1,1993,1972
1754830317538,0x064,6,01 FF FF 7C 97 B4,1,12.500000,-1.730159,-0.663736,-1,1993,1972
1754830317544,0x064,6,01 FF FF 7C 97 B4,1,12.500000,-1.730159,-0.663736,-1,1993,1972
1754830317545,0x064,6,01 FF FF 7C 97 B4,1,12.500000,-1.730159,-0.663736,-1,1993,1972
1754830317554,0x064,6,01 FF FF 7C 97 B4,1,12.500000,-1.730159,-0.663736,-1,1993,1972
1754830317560,0x064,6,01 FF FF 72 67 FC,1,12.500000,-6.904762,-0.030769,-1,1830,2044
1754830317565,0x064,6,01 FF FF 72 67 FC,1,12.500000,-6.904762,-0.030769,-1,1830,2044
1754830317573,0x064,6,01 FF FF 72 67 FC,1,12.500000,-6.904762,-0.030769,-1,1830,2044
1754830317576,0x064,6,01 FF FF 72 67 FC,1,12.500000,-6.904762,-0.030769,-1,1830,2044
1754830317584,0x064,6,01 FF FF 72 67 FC,1,12.500000,-6.904762,-0.030769,-1,1830,2044
1754830317587,0x064,6,01 FF FF 72 67 FC,1,12.500000,-6.904762,-0.030769,-1,1830,2044
1754830317593,0x064,6,01 FF FF 72 67 FC,1,12.500000,-6.904762,-0.030769,-1,1830,2044
1754830317598,0x064,6,01 FF FF 72 67 FC,1,12.500000,-6.904762,-0.030769,-1,1830,2044
1754830317606,0x064,6,01 FF FF 72 67 FC,1,12.500000,-6.904762,-0.030769,-1,1830,2044
1754830317609,0x064,6,01 FF FF 72 67 FC,1,12.500000,-6.904762,-0.030769,-1,1830,2044
1754830317614,0x064,6,01 FF FF 72 67 FC,1,12.500000,-6.904762,-0.030769,-1,1830,2044
1754830317620,0x064,6,01 FF FF 72 67 FC,1,12.500000,-6.904762,-0.030769,-1,1830,2044
1754830317625,0x064,6,01 FF FF 72 67 FC,1,12.500000,-6.904762,-0.030769,-1,1830,2044
1754830317633,0x064,6,01 FF FF 72 67 FC,1,12.500000,-6.904762,-0.030769,-1,1830,2044
1754830317636,0x064,6,01 FF FF 72 67 FC,1,12.500000,-6.904762,-0.030769,-1,1830,2044
1754830317645,0x064,6,01 FF FF 72 67 FC,1,12.500000,-6.904762,-0.030769,-1,1830,2044
1754830317649,0x064,6,01 FF FF 72 67 FC,1,12.500000,-6.904762,-0.030769,-1,1830,2044
1754830317655,0x064,6,01 FF FF 72 67 FC,1,12.500000,-6.904762,-0.030769,-1,1830,2044
1754830317668,0x064,6,01 FF FF 72 E8 25,1,12.500000,-6.650794,0.329670,-1,1838,-2011
1754830317694,0x064,6,01 FF FF 72 E8 25,1,12.500000,-6.650794,0.329670,-1,1838,-2011
1754830317706,0x064,6,01 FF FF 72 E8 25,1,12.500000,-6.650794,0.329670,-1,1838,-2011
1754830317707,0x064,6,01 FF FF 72 E8 25,1,12.500000,-6.650794,0.329670,-1,1838,-2011
1754830317709,0x064,6,01 FF FF 72 E8 25,1,12.500000,-6.650794,0.329670,-1,1838,-2011
1754830317709,0x064,6,01 FF FF 72 E8 25,1,12.500000,-6.650794,0.329670,-1,1838,-2011
1754830317710,0x064,6,01 FF FF 72 E8 25,1,12.500000,-6.650794,0.329670,-1,1838,-2011
1754830317716,0x064,6,01 FF FF 72 E8 25,1,12.500000,-6.650794,0.329670,-1,1838,-2011
1754830317722,0x064,6,01 FF FF 72 E8 25,1,12.500000,-6.650794,0.329670,-1,1838,-2011
1754830317729,0x064,6,01 FF FF 72 E8 25,1,12.500000,-6.650794,0.329670,-1,1838,-2011
1754830317733,0x064,6,01 FF FF 72 E8 25,1,12.500000,-6.650794,0.329670,-1,1838,-2011
1754830317739,0x064,6,01 FF FF 72 E8 25,1,12.500000,-6.650794,0.329670,-1,1838,-2011
1754830317745,0x064,6,01 FF FF 72 E8 25,1,12.500000,-6.650794,0.329670,-1,1838,-2011
1754830317750,0x064,6,01 FF FF 72 E8 25,1,12.500000,-6.650794,0.329670,-1,1838,-2011
1754830317758,0x064,6,01 FF FF 72 E8 25,1,12.500000,-6.650794,0.329670,-1,1838,-2011
1754830317762,0x064,6,01 FF FF 74 28 0D,1,12.500000,-6.015873,0.118681,-1,1858,-2035
1754830317773,0x064,6,01 FF FF 74 28 0D,1,12.500000,-6.015873,0.118681,-1,1858,-2035
1754830317774,0x064,6,01 FF FF 74 28 0D,1,12.500000,-6.015873,0.118681,-1,1858,-2035
1754830317780,0x064,6,01 FF FF 74 28 0D,1,12.500000,-6.015873,0.118681,-1,1858,-2035
1754830317785,0x064,6,01 FF FF 74 28 0D,1,12.500000,-6.015873,0.118681,-1,1858,-2035
1754830317791,0x064,6,01 FF FF 74 28 0D,1,12.500000,-6.015873,0.118681,-1,1858,-2035
1754830317810,0x064,6,01 FF FF 74 28 0D,1,12.500000,-6.015873,0.118681,-1,1858,-2035
1754830317829,0x064,6,01 FF FF 74 28 0D,1,12.500000,-6.015873,0.118681,-1,1858,-2035
1754830317833,0x064,6,01 FF FF 74 28 0D,1,12.500000,-6.015873,0.118681,-1,1858,-2035
1754830317836,0x064,6,01 FF FF 74 28 0D,1,12.500000,-6.015873,0.118681,-1,1858,-2035
1754830317844,0x064,6,01 FF FF 74 28 0D,1,12.500000,-6.015873,0.118681,-1,1858,-2035
1754830317858,0x064,6,01 FF FF 74 28 0D,1,12.500000,-6.015873,0.118681,-1,1858,-2035
1754830317864,0x064,6,01 FF FF 74 28 0D,1,12.500000,-6.015873,0.118681,-1,1858,-2035
1754830317872,0x064,6,01 FF FF 74 28 0D,1,12.500000,-6.015873,0.118681,-1,1858,-2035
1754830317887,0x064,6,01 FF FF 74 87 DD,1,12.500000,-5.825397,-0.303297,-1,1864,2013
1754830317889,0x064,6,01 FF FF 74 87 DD,1,12.500000,-5.825397,-0.303297,-1,1864,2013
1754830317904,0x064,6,01 FF FF 74 87 DD,1,12.500000,-5.825397,-0.303297,-1,1864,2013
1754830317905,0x064,6,01 FF FF 74 87 DD,1,12.500000,-5.825397,-0.303297,-1,1864,2013
1754830317911,0x064,6,01 FF FF 74 87 DD,1,12.500000,-5.825397,-0.303297,-1,1864,2013
1754830317916,0x064,6,01 FF FF 74 87 DD,1,12.500000,-5.825397,-0.303297,-1,1864,2013
1754830317921,0x064,6,01 FF FF 74 87 DD,1,12.500000,-5.825397,-0.303297,-1,1864,2013
1754830317928,0x064,6,01 FF FF 74 87 DD,1,12.500000,-5.825397,-0.303297,-1,1864,2013
1754830317933,0x064,6,01 FF FF 74 87 DD,1,12.500000,-5.825397,-0.303297,-1,1864,2013
1754830317939,0x064,6,01 FF FF 74 87 DD,1,12.500000,-5.825397,-0.303297,-1,1864,2013
1754830317946,0x064,6,01 FF FF 74 87 DD,1,12.500000,-5.825397,-0.303297,-1,1864,2013
1754830317950,0x064,6,01 FF FF 74 87 DD,1,12.500000,-5.825397,-0.303297,-1,1864,2013
1754830317955,0x064,6,01 FF FF 74 87 DD,1,12.500000,-5.825397,-0.303297,-1,1864,2013
1754830317966,0x064,6,01 FF FF 75 A7 CA,1,12.500000,-5.253968,-0.470330,-1,1882,1994
1754830317971,0x064,6,01 FF FF 75 A7 CA,1,12.500000,-5.253968,-0.470330,-1,1882,1994
1754830317973,0x064,6,01 FF FF 75 A7 CA,1,12.500000,-5.253968,-0.470330,-1,1882,1994
1754830318003,0x064,6,01 FF FF 75 A7 CA,1,12.500000,-5.253968,-0.470330,-1,1882,1994
1754830318011,0x064,6,01 FF FF 75 A7 CA,1,12.500000,-5.253968,-0.470330,-1,1882,1994
1754830318020,0x064,6,01 FF FF 75 A7 CA,1,12.500000,-5.253968,-0.470330,-1,1882,1994
1754830318027,0x064,6,01 FF FF 75 A7 CA,1,12.500000,-5.253968,-0.470330,-1,1882,1994
1754830318038,0x064,6,01 FF FF 75 A7 CA,1,12.500000,-5.253968,-0.470330,-1,1882,1994
1754830318038,0x064,6,01 FF FF 75 A7 CA,1,12.500000,-5.253968,-0.470330,-1,1882,1994
1754830318039,0x064,6,01 FF FF 75 A7 CA,1,12.500000,-5.253968,-0.470330,-1,1882,1994
1754830318045,0x064,6,01 FF FF 75 A7 CA,1,12.500000,-5.253968,-0.470330,-1,1882,1994
1754830318050,0x064,6,01 FF FF 75 A7 CA,1,12.500000,-5.253968,-0.470330,-1,1882,1994
1754830318056,0x064,6,01 FF FF 75 A7 CA,1,12.500000,-5.253968,-0.470330,-1,1882,1994
1754830318061,0x064,6,01 FF FF 76 E8 28,1,12.500000,-4.619048,0.356044,-1,1902,-2008
1754830318067,0x064,6,01 FF FF 76 E8 28,1,12.500000,-4.619048,0.356044,-1,1902,-2008
1754830318072,0x064,6,01 FF FF 76 E8 28,1,12.500000,-4.619048,0.356044,-1,1902,-2008
1754830318086,0x064,6,01 FF FF 76 E8 28,1,12.500000,-4.619048,0.356044,-1,1902,-2008
1754830318089,0x064,6,01 FF FF 76 E8 28,1,12.500000,-4.619048,0.356044,-1,1902,-2008
1754830318095,0x064,6,01 FF FF 76 E8 28,1,12.500000,-4.619048,0.356044,-1,1902,-2008
1754830318101,0x064,6,01 FF FF 76 E8 28,1,12.500000,-4.619048,0.356044,-1,1902,-2008
1754830318106,0x064,6,01 FF FF 76 E8 28,1,12.500000,-4.619048,0.356044,-1,1902,-2008
1754830318112,0x064,6,01 FF FF 76 E8 28,1,12.500000,-4.619048,0.356044,-1,1902,-2008
1754830318118,0x064,6,01 FF FF 76 E8 28,1,12.500000,-4.619048,0.356044,-1,1902,-2008
1754830318124,0x064,6,01 FF FF 76 E8 28,1,12.500000,-4.619048,0.356044,-1,1902,-2008
1754830318130,0x064,6,01 FF FF 76 E8 28,1,12.500000,-4.619048,0.356044,-1,1902,-2008
1754830318135,0x064,6,01 FF FF 76 E8 28,1,12.500000,-4.619048,0.356044,-1,1902,-2008
1754830318140,0x064,6,01 FF FF 76 E8 28,1,12.500000,-4.619048,0.356044,-1,1902,-2008
1754830318152,0x064,6,01 FF FF 76 E8 28,1,12.500000,-4.619048,0.356044,-1,1902,-2008
1754830318153,0x064,6,01 FF FF 76 E8 28,1,12.500000,-4.619048,0.356044,-1,1902,-2008
1754830318170,0x064,6,01 FF FF 78 17 FA,1,12.500000,-4.015873,-0.048352,-1,1921,2042
1754830318170,0x064,6,01 FF FF 78 17 FA,1,12.500000,-4.015873,-0.048352,-1,1921,2042
1754830318173,0x064,6,01 FF FF 78 17 FA,1,12.500000,-4.015873,-0.048352,-1,1921,2042
1754830318183,0x064,6,01 FF FF 78 17 FA,1,12.500000,-4.015873,-0.048352,-1,1921,2042
1754830318189,0x064,6,01 FF FF 78 17 FA,1,12.500000,-4.015873,-0.048352,-1,1921,2042
1754830318194,0x064,6,01 FF FF 78 17 FA,1,12.500000,-4.015873,-0.048352,-1,1921,2042
1754830318214,0x064,6,01 FF FF 78 17 FA,1,12.500000,-4.015873,-0.048352,-1,1921,2042
1754830318255,0x064,6,01 FF FF 78 17 FA,1,12.500000,-4.015873,-0.048352,-1,1921,2042
1754830318284,0x064,6,01 FF FF 78 17 FA,1,12.500000,-4.015873,-0.048352,-1,1921,2042
1754830318287,0x064,6,01 FF FF 78 17 FA,1,12.500000,-4.015873,-0.048352,-1,1921,2042
1754830318287,0x064,6,01 FF FF 78 17 FA,1,12.500000,-4.015873,-0.048352,-1,1921,2042
1754830318287,0x064,6,01 FF FF 78 17 FA,1,12.500000,-4.015873,-0.048352,-1,1921,2042
1754830318287,0x064,6,01 FF FF 78 17 FA,1,12.500000,-4.015873,-0.048352,-1,1921,2042
1754830318287,0x064,6,01 FF FF 78 C7 FD,1,12.500000,-3.666667,-0.021978,-1,1932,2045
1754830318288,0x064,6,01 FF FF 78 C7 FD,1,12.500000,-3.666667,-0.021978,-1,1932,2045
1754830318289,0x064,6,01 FF FF 78 C7 FD,1,12.500000,-3.666667,-0.021978,-1,1932,2045
1754830318290,0x064,6,01 FF FF 78 C7 FD,1,12.500000,-3.666667,-0.021978,-1,1932,2045
1754830318297,0x064,6,01 FF FF 78 C7 FD,1,12.500000,-3.666667,-0.021978,-1,1932,2045
1754830318301,0x064,6,01 FF FF 78 C7 FD,1,12.500000,-3.666667,-0.021978,-1,1932,2045
1754830318309,0x064,6,01 FF FF 78 C7 FD,1,12.500000,-3.666667,-0.021978,-1,1932,2045
1754830318314,0x064,6,01 FF FF 78 C7 FD,1,12.500000,-3.666667,-0.021978,-1,1932,2045
1754830318319,0x064,6,01 FF FF 78 C7 FD,1,12.500000,-3.666667,-0.021978,-1,1932,2045
1754830318335,0x064,6,01 FF FF 78 C7 FD,1,12.500000,-3.666667,-0.021978,-1,1932,2045
1754830318337,0x064,6,01 FF FF 78 C7 FD,1,12.500000,-3.666667,-0.021978,-1,1932,2045
1754830318343,0x064,6,01 FF FF 78 C7 FD,1,12.500000,-3.666667,-0.021978,-1,1932,2045
1754830318344,0x064,6,01 FF FF 78 C7 FD,1,12.500000,-3.666667,-0.021978,-1,1932,2045
1754830318356,0x064,6,01 FF FF 78 C7 FD,1,12.500000,-3.666667,-0.021978,-1,1932,2045
1754830318369,0x064,6,01 FF FF 78 C7 FD,1,12.500000,-3.666667,-0.021978,-1,1932,2045
1754830318390,0x064,6,01 FF FF 7A 47 EA,1,12.500000,-2.904762,-0.189011,-1,1956,2026
1754830318416,0x064,6,01 FF FF 7A 47 EA,1,12.500000,-2.904762,-0.189011,-1,1956,2026
1754830318424,0x064,6,01 FF FF 7A 47 EA,1,12.500000,-2.904762,-0.189011,-1,1956,2026
1754830318425,0x064,6,01 FF FF 7A 47 EA,1,12.500000,-2.904762,-0.189011,-1,1956,2026
1754830318428,0x064,6,01 FF FF 7A 47 EA,1,12.500000,-2.904762,-0.189011,-1,1956,2026
1754830318430,0x064,6,01 FF FF 7A 47 EA,1,12.500000,-2.904762,-0.189011,-1,1956,2026
1754830318430,0x064,6,01 FF FF 7A 47 EA,1,12.500000,-2.904762,-0.189011,-1,1956,2026
1754830318431,0x064,6,01 FF FF 7A 47 EA,1,12.500000,-2.904762,-0.189011,-1,1956,2026
1754830318432,0x064,6,01 FF FF 7A 47 EA,1,12.500000,-2.904762,-0.189011,-1,1956,2026
1754830318440,0x064,6,01 FF FF 7A 47 EA,1,12.500000,-2.904762,-0.189011,-1,1956,2026
1754830318443,0x064,6,01 FF FF 7A 47 EA,1,12.500000,-2.904762,-0.189011,-1,1956,2026
1754830318449,0x064,6,01 FF FF 7A 47 EA,1,12.500000,-2.904762,-0.189011,-1,1956,2026
1754830318456,0x064,6,01 FF FF 7A 47 EA,1,12.500000,-2.904762,-0.189011,-1,1956,2026
1754830318461,0x064,6,01 FF FF 7B 07 C2,1,12.500000,-2.523810,-0.540659,-1,1968,1986
1754830318467,0x064,6,01 FF FF 7B 07 C2,1,12.500000,-2.523810,-0.540659,-1,1968,1986
1754830318473,0x064,6,01 FF FF 7B 07 C2,1,12.500000,-2.523810,-0.540659,-1,1968,1986
1754830318479,0x064,6,01 FF FF 7B 07 C2,1,12.500000,-2.523810,-0.540659,-1,1968,1986
1754830318487,0x064,6,01 FF FF 7B 07 C2,1,12.500000,-2.523810,-0.540659,-1,1968,1986
1754830318491,0x064,6,01 FF FF 7B 07 C2,1,12.500000,-2.523810,-0.540659,-1,1968,1986
1754830318497,0x064,6,01 FF FF 7B 07 C2,1,12.500000,-2.523810,-0.540659,-1,1968,1986
1754830318502,0x064,6,01 FF FF 7B 07 C2,1,12.500000,-2.523810,-0.540659,-1,1968,1986
1754830318508,0x064,6,01 FF FF 7B 07 C2,1,12.500000,-2.523810,-0.540659,-1,1968,1986
1754830318523,0x064,6,01 FF FF 7B 07 C2,1,12.500000,-2.523810,-0.540659,-1,1968,1986
1754830318565,0x064,6,01 FF FF 7B 07 C2,1,12.500000,-2.523810,-0.540659,-1,1968,1986
1754830318573,0x064,6,01 FF FF 7B 07 C2,1,12.500000,-2.523810,-0.540659,-1,1968,1986
1754830318587,0x064,6,01 FF FF 7B 07 C2,1,12.500000,-2.523810,-0.540659,-1,1968,1986
1754830318589,0x064,6,01 FF FF 7B 07 C2,1,12.500000,-2.523810,-0.540659,-1,1968,1986
1754830318591,0x064,6,01 FF FF 7B 07 C2,1,12.500000,-2.523810,-0.540659,-1,1968,1986
1754830318592,0x064,6,01 FF FF 7C A8 09,1,12.500000,-1.698413,0.083516,-1,1994,-2039
1754830318592,0x064,6,01 FF FF 7C A8 09,1,12.500000,-1.698413,0.083516,-1,1994,-2039
1754830318595,0x064,6,01 FF FF 7C A8 09,1,12.500000,-1.698413,0.083516,-1,1994,-2039
1754830318597,0x064,6,01 FF FF 7C A8 09,1,12.500000,-1.698413,0.083516,-1,1994,-2039
1754830318597,0x064,6,01 FF FF 7C A8 09,1,12.500000,-1.698413,0.083516,-1,1994,-2039
1754830318613,0x064,6,01 FF FF 7C A8 09,1,12.500000,-1.698413,0.083516,-1,1994,-2039
1754830318643,0x064,6,01 FF FF 7C A8 09,1,12.500000,-1.698413,0.083516,-1,1994,-2039
1754830318672,0x064,6,01 FF FF 7C A8 09,1,12.500000,-1.698413,0.083516,-1,1994,-2039
1754830318674,0x064,6,01 FF FF 7C A8 09,1,12.500000,-1.698413,0.083516,-1,1994,-2039
1754830318674,0x064,6,01 FF FF 7C A8 09,1,12.500000,-1.698413,0.083516,-1,1994,-2039
1754830318674,0x064,6,01 FF FF 7C A8 09,1,12.500000,-1.698413,0.083516,-1,1994,-2039
1754830318678,0x064,6,01 FF FF 7C A8 09,1,12.500000,-1.698413,0.083516,-1,1994,-2039
1754830318686,0x064,6,01 FF FF 7D F8 2B,1,12.500000,-1.031746,0.382418,-1,2015,-2005
1754830318726,0x064,6,01 FF FF 7D F8 2B,1,12.500000,-1.031746,0.382418,-1,2015,-2005
1754830318731,0x064,6,01 FF FF 7D F8 2B,1,12.500000,-1.031746,0.382418,-1,2015,-2005
1754830318732,0x064,6,01 FF FF 7D F8 2B,1,12.500000,-1.031746,0.382418,-1,2015,-2005
1754830318732,0x064,6,01 FF FF 7D F8 2B,1,12.500000,-1.031746,0.382418,-1,2015,-2005
1754830318735,0x064,6,01 FF FF 7D F8 2B,1,12.500000,-1.031746,0.382418,-1,2015,-2005
1754830318739,0x064,6,01 FF FF 7D F8 2B,1,12.500000,-1.031746,0.382418,-1,2015,-2005
1754830318756,0x064,6,01 FF FF 7D F8 2B,1,12.500000,-1.031746,0.382418,-1,2015,-2005
1754830318769,0x064,6,01 FF FF 7D F8 2B,1,12.500000,-1.031746,0.382418,-1,2015,-2005
1754830318769,0x064,6,01 FF FF 7D F8 2B,1,12.500000,-1.031746,0.382418,-1,2015,-2005
1754830318769,0x064,6,01 FF FF 7F 77 CC,1,12.500000,-0.269841,-0.452747,-1,2039,1996
1754830318770,0x064,6,01 FF FF 7F 77 CC,1,12.500000,-0.269841,-0.452747,-1,2039,1996
1754830318781,0x064,6,01 FF FF 7F 77 CC,1,12.500000,-0.269841,-0.452747,-1,2039,1996
1754830318806,0x064,6,01 FF FF 7F 77 CC,1,12.500000,-0.269841,-0.452747,-1,2039,1996
1754830318807,0x064,6,01 FF FF 7F 77 CC,1,12.500000,-0.269841,-0.452747,-1,2039,1996
1754830318807,0x064,6,01 FF FF 7F 77 CC,1,12.500000,-0.269841,-0.452747,-1,2039,1996
1754830318807,0x064,6,01 FF FF 7F 77 CC,1,12.500000,-0.269841,-0.452747,-1,2039,1996
1754830318812,0x064,6,01 FF FF 7F 77 CC,1,12.500000,-0.269841,-0.452747,-1,2039,1996
1754830318823,0x064,6,01 FF FF 7F 77 CC,1,12.500000,-0.269841,-0.452747,-1,2039,1996
1754830318831,0x064,6,01 FF FF 7F 77 CC,1,12.500000,-0.269841,-0.452747,-1,2039,1996
1754830318841,0x064,6,01 FF FF 7F 77 CC,1,12.500000,-0.269841,-0.452747,-1,2039,1996
1754830318858,0x064,6,01 FF FF 7F 77 CC,1,12.500000,-0.269841,-0.452747,-1,2039,1996
1754830318866,0x064,6,01 FF FF 7F 77 CC,1,12.500000,-0.269841,-0.452747,-1,2039,1996
1754830318874,0x064,6,01 FF FF 80 07 EA,1,12.500000,0.015873,-0.189011,-1,-2048,2026
1754830318898,0x064,6,01 FF FF 80 07 EA,1,12.500000,0.015873,-0.189011,-1,-2048,2026
1754830318906,0x064,6,01 FF FF 80 07 EA,1,12.500000,0.015873,-0.189011,-1,-2048,2026
1754830318911,0x064,6,01 FF FF 80 07 EA,1,12.500000,0.015873,-0.189011,-1,-2048,2026
1754830318911,0x064,6,01 FF FF 80 07 EA,1,12.500000,0.015873,-0.189011,-1,-2048,2026
1754830318913,0x064,6,01 FF FF 80 07 EA,1,12.500000,0.015873,-0.189011,-1,-2048,2026
1754830318924,0x064,6,01 FF FF 80 07 EA,1,12.500000,0.015873,-0.189011,-1,-2048,2026
1754830318938,0x064,6,01 FF FF 80 07 EA,1,12.500000,0.015873,-0.189011,-1,-2048,2026
1754830318940,0x064,6,01 FF FF 80 07 EA,1,12.500000,0.015873,-0.189011,-1,-2048,2026
1754830318944,0x064,6,01 FF FF 80 07 EA,1,12.500000,0.015873,-0.189011,-1,-2048,2026
1754830318948,0x064,6,01 FF FF 80 07 EA,1,12.500000,0.015873,-0.189011,-1,-2048,2026
1754830318953,0x064,6,01 FF FF 80 07 EA,1,12.500000,0.015873,-0.189011,-1,-2048,2026
1754830318978,0x064,6,01 FF FF 80 07 EA,1,12.500000,0.015873,-0.189011,-1,-2048,2026
1754830318986,0x064,6,01 FF FF 80 68 0C,1,12.500000,0.206349,0.109890,-1,-2042,-2036
1754830318986,0x064,6,01 FF FF 80 68 0C,1,12.500000,0.206349,0.109890,-1,-2042,-2036
1754830318986,0x064,6,01 FF FF 80 68 0C,1,12.500000,0.206349,0.109890,-1,-2042,-2036
1754830318990,0x064,6,01 FF FF 80 68 0C,1,12.500000,0.206349,0.109890,-1,-2042,-2036
1754830318994,0x064,6,01 FF FF 80 68 0C,1,12.500000,0.206349,0.109890,-1,-2042,-2036
1754830319006,0x064,6,01 FF FF 80 68 0C,1,12.500000,0.206349,0.109890,-1,-2042,-2036
1754830319017,0x064,6,01 FF FF 80 68 0C,1,12.500000,0.206349,0.109890,-1,-2042,-2036
1754830319028,0x064,6,01 FF FF 80 68 0C,1,12.500000,0.206349,0.109890,-1,-2042,-2036
1754830319045,0x064,6,01 FF FF 80 68 0C,1,12.500000,0.206349,0.109890,-1,-2042,-2036
1754830319046,0x064,6,01 FF FF 80 68 0C,1,12.500000,0.206349,0.109890,-1,-2042,-2036
1754830319051,0x064,6,01 FF FF 80 68 0C,1,12.500000,0.206349,0.109890,-1,-2042,-2036
1754830319057,0x064,6,01 FF FF 80 68 0C,1,12.500000,0.206349,0.109890,-1,-2042,-2036
1754830319075,0x064,6,01 FF FF 80 E8 3C,1,12.500000,0.460317,0.531868,-1,-2034,-1988
1754830319085,0x064,6,01 FF FF 80 E8 3C,1,12.500000,0.460317,0.531868,-1,-2034,-1988
1754830319089,0x064,6,01 FF FF 80 E8 3C,1,12.500000,0.460317,0.531868,-1,-2034,-1988
1754830319091,0x064,6,01 FF FF 80 E8 3C,1,12.500000,0.460317,0.531868,-1,-2034,-1988
1754830319092,0x064,6,01 FF FF 80 E8 3C,1,12.500000,0.460317,0.531868,-1,-2034,-1988
1754830319097,0x064,6,01 FF FF 80 E8 3C,1,12.500000,0.460317,0.531868,-1,-2034,-1988
1754830319106,0x064,6,01 FF FF 80 E8 3C,1,12.500000,0.460317,0.531868,-1,-2034,-1988
1754830319108,0x064,6,01 FF FF 80 E8 3C,1,12.500000,0.460317,0.531868,-1,-2034,-1988
1754830319114,0x064,6,01 FF FF 80 E8 3C,1,12.500000,0.460317,0.531868,-1,-2034,-1988
1754830319119,0x064,6,01 FF FF 80 E8 3C,1,12.500000,0.460317,0.531868,-1,-2034,-1988
1754830319128,0x064,6,01 FF FF 80 E8 3C,1,12.500000,0.460317,0.531868,-1,-2034,-1988
1754830319135,0x064,6,01 FF FF 80 E8 3C,1,12.500000,0.460317,0.531868,-1,-2034,-1988
1754830319139,0x064,6,01 FF FF 80 E8 3C,1,12.500000,0.460317,0.531868,-1,-2034,-1988
1754830319145,0x064,6,01 FF FF 80 E8 3C,1,12.500000,0.460317,0.531868,-1,-2034,-1988
1754830319151,0x064,6,01 FF FF 80 E8 3C,1,12.500000,0.460317,0.531868,-1,-2034,-1988
1754830319156,0x064,6,01 FF FF 80 E8 3C,1,12.500000,0.460317,0.531868,-1,-2034,-1988
1754830319166,0x064,6,01 FF FF 82 08 26,1,12.500000,1.031746,0.338462,-1,-2016,-2010
1754830319170,0x064,6,01 FF FF 82 08 26,1,12.500000,1.031746,0.338462,-1,-2016,-2010
1754830319173,0x064,6,01 FF FF 82 08 26,1,12.500000,1.031746,0.338462,-1,-2016,-2010
1754830319178,0x064,6,01 FF FF 82 08 26,1,12.500000,1.031746,0.338462,-1,-2016,-2010
1754830319185,0x064,6,01 FF FF 82 08 26,1,12.500000,1.031746,0.338462,-1,-2016,-2010
1754830319192,0x064,6,01 FF FF 82 08 26,1,12.500000,1.031746,0.338462,-1,-2016,-2010
1754830319203,0x064,6,01 FF FF 82 08 26,1,12.500000,1.031746,0.338462,-1,-2016,-2010
1754830319204,0x064,6,01 FF FF 82 08 26,1,12.500000,1.031746,0.338462,-1,-2016,-2010
1754830319205,0x064,6,01 FF FF 82 08 26,1,12.500000,1.031746,0.338462,-1,-2016,-2010
1754830319211,0x064,6,01 FF FF 82 08 26,1,12.500000,1.031746,0.338462,-1,-2016,-2010
1754830319217,0x064,6,01 FF FF 82 08 26,1,12.500000,1.031746,0.338462,-1,-2016,-2010
1754830319222,0x064,6,01 FF FF 82 08 26,1,12.500000,1.031746,0.338462,-1,-2016,-2010
1754830319242,0x064,6,01 FF FF 82 08 26,1,12.500000,1.031746,0.338462,-1,-2016,-2010
1754830319255,0x064,6,01 FF FF 82 08 26,1,12.500000,1.031746,0.338462,-1,-2016,-2010
1754830319255,0x064,6,01 FF FF 82 08 26,1,12.500000,1.031746,0.338462,-1,-2016,-2010
1754830319255,0x064,6,01 FF FF 82 08 26,1,12.500000,1.031746,0.338462,-1,-2016,-2010
1754830319267,0x064,6,01 FF FF 83 77 D2,1,12.500000,1.761905,-0.400000,-1,-1993,2002
1754830319270,0x064,6,01 FF FF 83 77 D2,1,12.500000,1.761905,-0.400000,-1,-1993,2002
1754830319273,0x064,6,01 FF FF 83 77 D2,1,12.500000,1.761905,-0.400000,-1,-1993,2002
1754830319278,0x064,6,01 FF FF 83 77 D2,1,12.500000,1.761905,-0.400000,-1,-1993,2002
1754830319293,0x064,6,01 FF FF 83 77 D2,1,12.500000,1.761905,-0.400000,-1,-1993,2002
1754830319294,0x064,6,01 FF FF 83 77 D2,1,12.500000,1.761905,-0.400000,-1,-1993,2002
1754830319301,0x064,6,01 FF FF 83 77 D2,1,12.500000,1.761905,-0.400000,-1,-1993,2002
1754830319306,0x064,6,01 FF FF 83 77 D2,1,12.500000,1.761905,-0.400000,-1,-1993,2002
1754830319312,0x064,6,01 FF FF 83 77 D2,1,12.500000,1.761905,-0.400000,-1,-1993,2002
1754830319318,0x064,6,01 FF FF 83 77 D2,1,12.500000,1.761905,-0.400000,-1,-1993,2002
1754830319323,0x064,6,01 FF FF 83 77 D2,1,12.500000,1.761905,-0.400000,-1,-1993,2002
1754830319328,0x064,6,01 FF FF 83 77 D2,1,12.500000,1.761905,-0.400000,-1,-1993,2002
1754830319334,0x064,6,01 FF FF 83 77 D2,1,12.500000,1.761905,-0.400000,-1,-1993,2002
1754830319342,0x064,6,01 FF FF 83 77 D2,1,12.500000,1.761905,-0.400000,-1,-1993,2002
1754830319353,0x064,6,01 FF FF 83 77 D2,1,12.500000,1.761905,-0.400000,-1,-1993,2002
1754830319363,0x064,6,01 FF FF 83 77 D2,1,12.500000,1.761905,-0.400000,-1,-1993,2002
1754830319366,0x064,6,01 FF FF 83 77 D2,1,12.500000,1.761905,-0.400000,-1,-1993,2002
1754830319375,0x064,6,01 FF FF 84 D8 11,1,12.500000,2.460317,0.153846,-1,-1971,-2031
1754830319377,0x064,6,01 FF FF 84 D8 11,1,12.500000,2.460317,0.153846,-1,-1971,-2031
1754830319380,0x064,6,01 FF FF 84 D8 11,1,12.500000,2.460317,0.153846,-1,-1971,-2031
1754830319391,0x064,6,01 FF FF 84 D8 11,1,12.500000,2.460317,0.153846,-1,-1971,-2031
1754830319392,0x064,6,01 FF FF 84 D8 11,1,12.500000,2.460317,0.153846,-1,-1971,-2031
1754830319399,0x064,6,01 FF FF 84 D8 11,1,12.500000,2.460317,0.153846,-1,-1971,-2031
1754830319403,0x064,6,01 FF FF 84 D8 11,1,12.500000,2.460317,0.153846,-1,-1971,-2031
1754830319413,0x064,6,01 FF FF 84 D8 11,1,12.500000,2.460317,0.153846,-1,-1971,-2031
1754830319416,0x064,6,01 FF FF 84 D8 11,1,12.500000,2.460317,0.153846,-1,-1971,-2031
1754830319419,0x064,6,01 FF FF 84 D8 11,1,12.500000,2.460317,0.153846,-1,-1971,-2031
1754830319426,0x064,6,01 FF FF 84 D8 11,1,12.500000,2.460317,0.153846,-1,-1971,-2031
1754830319439,0x064,6,01 FF FF 84 D8 11,1,12.500000,2.460317,0.153846,-1,-1971,-2031
1754830319457,0x064,6,01 FF FF 84 D8 11,1,12.500000,2.460317,0.153846,-1,-1971,-2031
1754830319467,0x064,6,01 FF FF 84 D8 11,1,12.500000,2.460317,0.153846,-1,-1971,-2031
1754830319468,0x064,6,01 FF FF 84 D8 11,1,12.500000,2.460317,0.153846,-1,-1971,-2031
1754830319469,0x064,6,01 FF FF 86 07 F3,1,12.500000,3.063492,-0.109890,-1,-1952,2035
1754830319473,0x064,6,01 FF FF 86 07 F3,1,12.500000,3.063492,-0.109890,-1,-1952,2035
1754830319476,0x064,6,01 FF FF 86 07 F3,1,12.500000,3.063492,-0.109890,-1,-1952,2035
1754830319481,0x064,6,01 FF FF 86 07 F3,1,12.500000,3.063492,-0.109890,-1,-1952,2035
1754830319486,0x064,6,01 FF FF 86 07 F3,1,12.500000,3.063492,-0.109890,-1,-1952,2035
1754830319497,0x064,6,01 FF FF 86 07 F3,1,12.500000,3.063492,-0.109890,-1,-1952,2035
1754830319500,0x064,6,01 FF FF 86 07 F3,1,12.500000,3.063492,-0.109890,-1,-1952,2035
1754830319505,0x064,6,01 FF FF 86 07 F3,1,12.500000,3.063492,-0.109890,-1,-1952,2035
1754830319510,0x064,6,01 FF FF 86 07 F3,1,12.500000,3.063492,-0.109890,-1,-1952,2035
1754830319518,0x064,6,01 FF FF 86 07 F3,1,12.500000,3.063492,-0.109890,-1,-1952,2035
1754830319523,0x064,6,01 FF FF 86 07 F3,1,12.500000,3.063492,-0.109890,-1,-1952,2035
1754830319529,0x064,6,01 FF FF 86 07 F3,1,12.500000,3.063492,-0.109890,-1,-1952,2035
1754830319535,0x064,6,01 FF FF 86 07 F3,1,12.500000,3.063492,-0.109890,-1,-1952,2035
1754830319543,0x064,6,01 FF FF 86 07 F3,1,12.500000,3.063492,-0.109890,-1,-1952,2035
1754830319546,0x064,6,01 FF FF 86 07 F3,1,12.500000,3.063492,-0.109890,-1,-1952,2035
1754830319552,0x064,6,01 FF FF 86 07 F3,1,12.500000,3.063492,-0.109890,-1,-1952,2035
1754830319557,0x064,6,01 FF FF 86 07 F3,1,12.500000,3.063492,-0.109890,-1,-1952,2035
1754830319562,0x064,6,01 FF FF 87 F8 3E,1,12.500000,4.047619,0.549451,-1,-1921,-1986
1754830319578,0x064,6,01 FF FF 87 F8 3E,1,12.500000,4.047619,0.549451,-1,-1921,-1986
1754830319589,0x064,6,01 FF FF 87 F8 3E,1,12.500000,4.047619,0.549451,-1,-1921,-1986
1754830319597,0x064,6,01 FF FF 87 F8 3E,1,12.500000,4.047619,0.549451,-1,-1921,-1986
1754830319597,0x064,6,01 FF FF 87 F8 3E,1,12.500000,4.047619,0.549451,-1,-1921,-1986
1754830319598,0x064,6,01 FF FF 87 F8 3E,1,12.500000,4.047619,0.549451,-1,-1921,-1986
1754830319603,0x064,6,01 FF FF 87 F8 3E,1,12.500000,4.047619,0.549451,-1,-1921,-1986
1754830319609,0x064,6,01 FF FF 87 F8 3E,1,12.500000,4.047619,0.549451,-1,-1921,-1986
1754830319616,0x064,6,01 FF FF 87 F8 3E,1,12.500000,4.047619,0.549451,-1,-1921,-1986
1754830319620,0x064,6,01 FF FF 87 F8 3E,1,12.500000,4.047619,0.549451,-1,-1921,-1986
1754830319639,0x064,6,01 FF FF 87 F8 3E,1,12.500000,4.047619,0.549451,-1,-1921,-1986
1754830319668,0x064,6,01 FF FF 87 F8 3E,1,12.500000,4.047619,0.549451,-1,-1921,-1986
1754830319671,0x064,6,01 FF FF 87 F8 3E,1,12.500000,4.047619,0.549451,-1,-1921,-1986
1754830319672,0x064,6,01 FF FF 87 F8 3E,1,12.500000,4.047619,0.549451,-1,-1921,-1986
1754830319673,0x064,6,01 FF FF 89 97 CC,1,12.500000,4.873016,-0.452747,-1,-1895,1996
1754830319673,0x064,6,01 FF FF 89 97 CC,1,12.500000,4.873016,-0.452747,-1,-1895,1996
1754830319677,0x064,6,01 FF FF 89 97 CC,1,12.500000,4.873016,-0.452747,-1,-1895,1996
1754830319680,0x064,6,01 FF FF 89 97 CC,1,12.500000,4.873016,-0.452747,-1,-1895,1996
1754830319685,0x064,6,01 FF FF 89 97 CC,1,12.500000,4.873016,-0.452747,-1,-1895,1996
1754830319690,0x064,6,01 FF FF 89 97 CC,1,12.500000,4.873016,-0.452747,-1,-1895,1996
1754830319696,0x064,6,01 FF FF 89 97 CC,1,12.500000,4.873016,-0.452747,-1,-1895,1996
1754830319701,0x064,6,01 FF FF 89 97 CC,1,12.500000,4.873016,-0.452747,-1,-1895,1996
1754830319707,0x064,6,01 FF FF 89 97 CC,1,12.500000,4.873016,-0.452747,-1,-1895,1996
1754830319711,0x064,6,01 FF FF 89 97 CC,1,12.500000,4.873016,-0.452747,-1,-1895,1996
1754830319726,0x064,6,01 FF FF 89 97 CC,1,12.500000,4.873016,-0.452747,-1,-1895,1996
1754830319734,0x064,6,01 FF FF 89 97 CC,1,12.500000,4.873016,-0.452747,-1,-1895,1996
1754830319742,0x064,6,01 FF FF 89 97 CC,1,12.500000,4.873016,-0.452747,-1,-1895,1996
1754830319743,0x064,6,01 FF FF 89 97 CC,1,12.500000,4.873016,-0.452747,-1,-1895,1996
1754830319749,0x064,6,01 FF FF 89 97 CC,1,12.500000,4.873016,-0.452747,-1,-1895,1996
1754830319756,0x064,6,01 FF FF 89 97 CC,1,12.500000,4.873016,-0.452747,-1,-1895,1996
1754830319760,0x064,6,01 FF FF 89 97 CC,1,12.500000,4.873016,-0.452747,-1,-1895,1996
1754830319766,0x064,6,01 FF FF 8B 07 A9,1,12.500000,5.603175,-0.760440,-1,-1872,1961
1754830319772,0x064,6,01 FF FF 8B 07 A9,1,12.500000,5.603175,-0.760440,-1,-1872,1961
1754830319777,0x064,6,01 FF FF 8B 07 A9,1,12.500000,5.603175,-0.760440,-1,-1872,1961
1754830319783,0x064,6,01 FF FF 8B 07 A9,1,12.500000,5.603175,-0.760440,-1,-1872,1961
1754830319789,0x064,6,01 FF FF 8B 07 A9,1,12.500000,5.603175,-0.760440,-1,-1872,1961
1754830319794,0x064,6,01 FF FF 8B 07 A9,1,12.500000,5.603175,-0.760440,-1,-1872,1961
1754830319799,0x064,6,01 FF FF 8B 07 A9,1,12.500000,5.603175,-0.760440,-1,-1872,1961
1754830319804,0x064,6,01 FF FF 8B 07 A9,1,12.500000,5.603175,-0.760440,-1,-1872,1961
1754830319810,0x064,6,01 FF FF 8B 07 A9,1,12.500000,5.603175,-0.760440,-1,-1872,1961
1754830319817,0x064,6,01 FF FF 8B 07 A9,1,12.500000,5.603175,-0.760440,-1,-1872,1961
1754830319821,0x064,6,01 FF FF 8B 07 A9,1,12.500000,5.603175,-0.760440,-1,-1872,1961
1754830319826,0x064,6,01 FF FF 8B 07 A9,1,12.500000,5.603175,-0.760440,-1,-1872,1961
1754830319831,0x064,6,01 FF FF 8B 07 A9,1,12.500000,5.603175,-0.760440,-1,-1872,1961
1754830319837,0x064,6,01 FF FF 8B 07 A9,1,12.500000,5.603175,-0.760440,-1,-1872,1961
1754830319842,0x064,6,01 FF FF 8B 07 A9,1,12.500000,5.603175,-0.760440,-1,-1872,1961
1754830319848,0x064,6,01 FF FF 8B 07 A9,1,12.500000,5.603175,-0.760440,-1,-1872,1961
1754830319853,0x064,6,01 FF FF 8B 07 A9,1,12.500000,5.603175,-0.760440,-1,-1872,1961
1754830319858,0x064,6,01 FF FF 8B 07 A9,1,12.500000,5.603175,-0.760440,-1,-1872,1961
1754830319865,0x064,6,01 FF FF 8C A8 4E,1,12.500000,6.428571,0.690110,-1,-1846,-1970
1754830319872,0x064,6,01 FF FF 8C A8 4E,1,12.500000,6.428571,0.690110,-1,-1846,-1970
1754830319878,0x064,6,01 FF FF 8C A8 4E,1,12.500000,6.428571,0.690110,-1,-1846,-1970
1754830319886,0x064,6,01 FF FF 8C A8 4E,1,12.500000,6.428571,0.690110,-1,-1846,-1970
1754830319893,0x064,6,01 FF FF 8C A8 4E,1,12.500000,6.428571,0.690110,-1,-1846,-1970
1754830319913,0x064,6,01 FF FF 8C A8 4E,1,12.500000,6.428571,0.690110,-1,-1846,-1970
1754830319919,0x064,6,01 FF FF 8C A8 4E,1,12.500000,6.428571,0.690110,-1,-1846,-1970
1754830319931,0x064,6,01 FF FF 8C A8 4E,1,12.500000,6.428571,0.690110,-1,-1846,-1970
1754830319951,0x064,6,01 FF FF 8C A8 4E,1,12.500000,6.428571,0.690110,-1,-1846,-1970
1754830319973,0x064,6,01 FF FF 8C A8 4E,1,12.500000,6.428571,0.690110,-1,-1846,-1970
1754830319973,0x064,6,01 FF FF 8C A8 4E,1,12.500000,6.428571,0.690110,-1,-1846,-1970
1754830319974,0x064,6,01 FF FF 8C A8 4E,1,12.500000,6.428571,0.690110,-1,-1846,-1970
1754830319975,0x064,6,01 FF FF 8C A8 4E,1,12.500000,6.428571,0.690110,-1,-1846,-1970
1754830319975,0x064,6,01 FF FF 8F 08 24,1,12.500000,7.634921,0.320879,-1,-1808,-2012
1754830319990,0x064,6,01 FF FF 8F 08 24,1,12.500000,7.634921,0.320879,-1,-1808,-2012
1754830319990,0x064,6,01 FF FF 8F 08 24,1,12.500000,7.634921,0.320879,-1,-1808,-2012
1754830319993,0x064,6,01 FF FF 8F 08 24,1,12.500000,7.634921,0.320879,-1,-1808,-2012
1754830320001,0x064,6,01 FF FF 8F 08 24,1,12.500000,7.634921,0.320879,-1,-1808,-2012
1754830320004,0x064,6,01 FF FF 8F 08 24,1,12.500000,7.634921,0.320879,-1,-1808,-2012
1754830320013,0x064,6,01 FF FF 8F 08 24,1,12.500000,7.634921,0.320879,-1,-1808,-2012
1754830320014,0x064,6,01 FF FF 8F 08 24,1,12.500000,7.634921,0.320879,-1,-1808,-2012
1754830320020,0x064,6,01 FF FF 8F 08 24,1,12.500000,7.634921,0.320879,-1,-1808,-2012
1754830320025,0x064,6,01 FF FF 8F 08 24,1,12.500000,7.634921,0.320879,-1,-1808,-2012
1754830320031,0x064,6,01 FF FF 8F 08 24,1,12.500000,7.634921,0.320879,-1,-1808,-2012
1754830320036,0x064,6,01 FF FF 8F 08 24,1,12.500000,7.634921,0.320879,-1,-1808,-2012
1754830320042,0x064,6,01 FF FF 8F 08 24,1,12.500000,7.634921,0.320879,-1,-1808,-2012
1754830320047,0x064,6,01 FF FF 8F 08 24,1,12.500000,7.634921,0.320879,-1,-1808,-2012
1754830320055,0x064,6,01 FF FF 8F 08 24,1,12.500000,7.634921,0.320879,-1,-1808,-2012
1754830320075,0x064,6,01 FF FF 8F 08 24,1,12.500000,7.634921,0.320879,-1,-1808,-2012
1754830320077,0x064,6,01 FF FF 91 28 5D,1,12.500000,8.714286,0.821978,-1,-1774,-1955
1754830320090,0x064,6,01 FF FF 91 28 5D,1,12.500000,8.714286,0.821978,-1,-1774,-1955
1754830320093,0x064,6,01 FF FF 91 28 5D,1,12.500000,8.714286,0.821978,-1,-1774,-1955
1754830320117,0x064,6,01 FF FF 91 28 5D,1,12.500000,8.714286,0.821978,-1,-1774,-1955
1754830320133,0x064,6,01 FF FF 91 28 5D,1,12.500000,8.714286,0.821978,-1,-1774,-1955
1754830320144,0x064,6,01 FF FF 91 28 5D,1,12.500000,8.714286,0.821978,-1,-1774,-1955
1754830320144,0x064,6,01 FF FF 91 28 5D,1,12.500000,8.714286,0.821978,-1,-1774,-1955
1754830320144,0x064,6,01 FF FF 91 28 5D,1,12.500000,8.714286,0.821978,-1,-1774,-1955
1754830320145,0x064,6,01 FF FF 91 28 5D,1,12.500000,8.714286,0.821978,-1,-1774,-1955
1754830320145,0x064,6,01 FF FF 91 28 5D,1,12.500000,8.714286,0.821978,-1,-1774,-1955
1754830320145,0x064,6,01 FF FF 91 28 5D,1,12.500000,8.714286,0.821978,-1,-1774,-1955
1754830320150,0x064,6,01 FF FF 91 28 5D,1,12.500000,8.714286,0.821978,-1,-1774,-1955
1754830320156,0x064,6,01 FF FF 91 28 5D,1,12.500000,8.714286,0.821978,-1,-1774,-1955
1754830320161,0x064,6,01 FF FF 91 28 5D,1,12.500000,8.714286,0.821978,-1,-1774,-1955
1754830320170,0x064,6,01 FF FF 92 38 79,1,12.500000,9.253968,1.068132,-1,-1757,-1927
1754830320173,0x064,6,01 FF FF 92 38 79,1,12.500000,9.253968,1.068132,-1,-1757,-1927
1754830320186,0x064,6,01 FF FF 92 38 79,1,12.500000,9.253968,1.068132,-1,-1757,-1927
1754830320187,0x064,6,01 FF FF 92 38 79,1,12.500000,9.253968,1.068132,-1,-1757,-1927
1754830320192,0x064,6,01 FF FF 92 38 79,1,12.500000,9.253968,1.068132,-1,-1757,-1927
1754830320197,0x064,6,01 FF FF 92 38 79,1,12.500000,9.253968,1.068132,-1,-1757,-1927
1754830320203,0x064,6,01 FF FF 92 38 79,1,12.500000,9.253968,1.068132,-1,-1757,-1927
1754830320209,0x064,6,01 FF FF 92 38 79,1,12.500000,9.253968,1.068132,-1,-1757,-1927
1754830320214,0x064,6,01 FF FF 92 38 79,1,12.500000,9.253968,1.068132,-1,-1757,-1927
1754830320219,0x064,6,01 FF FF 92 38 79,1,12.500000,9.253968,1.068132,-1,-1757,-1927
1754830320225,0x064,6,01 FF FF 92 38 79,1,12.500000,9.253968,1.068132,-1,-1757,-1927
1754830320235,0x064,6,01 FF FF 92 38 79,1,12.500000,9.253968,1.068132,-1,-1757,-1927
1754830320236,0x064,6,01 FF FF 92 38 79,1,12.500000,9.253968,1.068132,-1,-1757,-1927
1754830320242,0x064,6,01 FF FF 92 38 79,1,12.500000,9.253968,1.068132,-1,-1757,-1927
1754830320252,0x064,6,01 FF FF 92 38 79,1,12.500000,9.253968,1.068132,-1,-1757,-1927
1754830320256,0x064,6,01 FF FF 92 38 79,1,12.500000,9.253968,1.068132,-1,-1757,-1927
1754830320258,0x064,6,01 FF FF 92 38 79,1,12.500000,9.253968,1.068132,-1,-1757,-1927
1754830320264,0x064,6,01 FF FF 95 68 14,1,12.500000,10.873016,0.180220,-1,-1706,-2028
1754830320269,0x064,6,01 FF FF 95 68 14,1,12.500000,10.873016,0.180220,-1,-1706,-2028
1754830320275,0x064,6,01 FF FF 95 68 14,1,12.500000,10.873016,0.180220,-1,-1706,-2028
1754830320291,0x064,6,01 FF FF 95 68 14,1,12.500000,10.873016,0.180220,-1,-1706,-2028
1754830320302,0x064,6,01 FF FF 95 68 14,1,12.500000,10.873016,0.180220,-1,-1706,-2028
1754830320313,0x064,6,01 FF FF 95 68 14,1,12.500000,10.873016,0.180220,-1,-1706,-2028
1754830320324,0x064,6,01 FF FF 95 68 14,1,12.500000,10.873016,0.180220,-1,-1706,-2028
1754830320330,0x064,6,01 FF FF 95 68 14,1,12.500000,10.873016,0.180220,-1,-1706,-2028
1754830320335,0x064,6,01 FF FF 95 68 14,1,12.500000,10.873016,0.180220,-1,-1706,-2028
1754830320335,0x064,6,01 FF FF 95 68 14,1,12.500000,10.873016,0.180220,-1,-1706,-2028
1754830320338,0x064,6,01 FF FF 95 68 14,1,12.500000,10.873016,0.180220,-1,-1706,-2028
1754830320361,0x064,6,01 FF FF 95 68 14,1,12.500000,10.873016,0.180220,-1,-1706,-2028
1754830320376,0x064,6,01 FF FF 95 68 14,1,12.500000,10.873016,0.180220,-1,-1706,-2028
1754830320385,0x064,6,01 FF FF 97 F7 EC,1,12.500000,12.174603,-0.171429,-1,-1665,2028
1754830320395,0x064,6,01 FF FF 97 F7 EC,1,12.500000,12.174603,-0.171429,-1,-1665,2028
1754830320404,0x064,6,01 FF FF 97 F7 EC,1,12.500000,12.174603,-0.171429,-1,-1665,2028
1754830320413,0x064,6,01 FF FF 97 F7 EC,1,12.500000,12.174603,-0.171429,-1,-1665,2028
1754830320421,0x064,6,01 FF FF 97 F7 EC,1,12.500000,12.174603,-0.171429,-1,-1665,2028
1754830320421,0x064,6,01 FF FF 97 F7 EC,1,12.500000,12.174603,-0.171429,-1,-1665,2028
1754830320422,0x064,6,01 FF FF 97 F7 EC,1,12.500000,12.174603,-0.171429,-1,-1665,2028
1754830320427,0x064,6,01 FF FF 97 F7 EC,1,12.500000,12.174603,-0.171429,-1,-1665,2028
1754830320434,0x064,6,01 FF FF 97 F7 EC,1,12.500000,12.174603,-0.171429,-1,-1665,2028
1754830320437,0x064,6,01 FF FF 97 F7 EC,1,12.500000,12.174603,-0.171429,-1,-1665,2028
1754830320453,0x064,6,01 FF FF 97 F7 EC,1,12.500000,12.174603,-0.171429,-1,-1665,2028
1754830320469,0x064,6,01 FF FF 97 F7 EC,1,12.500000,12.174603,-0.171429,-1,-1665,2028
1754830320475,0x064,6,01 FF FF 97 F7 EC,1,12.500000,12.174603,-0.171429,-1,-1665,2028
1754830320479,0x064,6,01 FF FF 9A 38 65,1,12.500000,13.317460,0.892308,-1,-1629,-1947
1754830320499,0x064,6,01 FF FF 9A 38 65,1,12.500000,13.317460,0.892308,-1,-1629,-1947
1754830320505,0x064,6,01 FF FF 9A 38 65,1,12.500000,13.317460,0.892308,-1,-1629,-1947
1754830320515,0x064,6,01 FF FF 9A 38 65,1,12.500000,13.317460,0.892308,-1,-1629,-1947
1754830320526,0x064,6,01 FF FF 9A 38 65,1,12.500000,13.317460,0.892308,-1,-1629,-1947
1754830320538,0x064,6,01 FF FF 9A 38 65,1,12.500000,13.317460,0.892308,-1,-1629,-1947
1754830320543,0x064,6,01 FF FF 9A 38 65,1,12.500000,13.317460,0.892308,-1,-1629,-1947
1754830320546,0x064,6,01 FF FF 9A 38 65,1,12.500000,13.317460,0.892308,-1,-1629,-1947
1754830320550,0x064,6,01 FF FF 9A 38 65,1,12.500000,13.317460,0.892308,-1,-1629,-1947
1754830320554,0x064,6,01 FF FF 9A 38 65,1,12.500000,13.317460,0.892308,-1,-1629,-1947
1754830320573,0x064,6,01 FF FF 9A 38 65,1,12.500000,13.317460,0.892308,-1,-1629,-1947
1754830320610,0x064,6,01 FF FF 9C 28 41,1,12.500000,14.301587,0.575824,-1,-1598,-1983
1754830320614,0x064,6,01 FF FF 9C 28 41,1,12.500000,14.301587,0.575824,-1,-1598,-1983
1754830320618,0x064,6,01 FF FF 9C 28 41,1,12.500000,14.301587,0.575824,-1,-1598,-1983
1754830320622,0x064,6,01 FF FF 9C 28 41,1,12.500000,14.301587,0.575824,-1,-1598,-1983
1754830320624,0x064,6,01 FF FF 9C 28 41,1,12.500000,14.301587,0.575824,-1,-1598,-1983
1754830320658,0x064,6,01 FF FF 9C 28 41,1,12.500000,14.301587,0.575824,-1,-1598,-1983
1754830320669,0x064,6,01 FF FF 9C 28 41,1,12.500000,14.301587,0.575824,-1,-1598,-1983
1754830320685,0x064,6,01 FF FF 9C 28 41,1,12.500000,14.301587,0.575824,-1,-1598,-1983
1754830320733,0x064,6,01 FF FF 9C 28 41,1,12.500000,14.301587,0.575824,-1,-1598,-1983
1754830320734,0x064,6,01 FF FF 9C 28 41,1,12.500000,14.301587,0.575824,-1,-1598,-1983
1754830320741,0x064,6,01 FF FF 9C 28 41,1,12.500000,14.301587,0.575824,-1,-1598,-1983
1754830320743,0x064,6,01 FF FF 9C 28 41,1,12.500000,14.301587,0.575824,-1,-1598,-1983
1754830320748,0x064,6,01 FF FF 9D 87 F9,1,12.500000,15.000000,-0.057143,-1,-1576,2041
1754830320749,0x064,6,01 FF FF 9D 87 F9,1,12.500000,15.000000,-0.057143,-1,-1576,2041
1754830320749,0x064,6,01 FF FF 9D 87 F9,1,12.500000,15.000000,-0.057143,-1,-1576,2041
1754830320762,0x064,6,01 FF FF 9D 87 F9,1,12.500000,15.000000,-0.057143,-1,-1576,2041
1754830320762,0x064,6,01 FF FF 9D 87 F9,1,12.500000,15.000000,-0.057143,-1,-1576,2041
1754830320764,0x064,6,01 FF FF 9D 87 F9,1,12.500000,15.000000,-0.057143,-1,-1576,2041
1754830320764,0x064,6,01 FF FF 9D 87 F9,1,12.500000,15.000000,-0.057143,-1,-1576,2041
1754830320765,0x064,6,01 FF FF 9D 87 F9,1,12.500000,15.000000,-0.057143,-1,-1576,2041
1754830320765,0x064,6,01 FF FF 9D 87 F9,1,12.500000,15.000000,-0.057143,-1,-1576,2041
1754830320766,0x064,6,01 FF FF 9D 87 F9,1,12.500000,15.000000,-0.057143,-1,-1576,2041
1754830320771,0x064,6,01 FF FF 9D 87 F9,1,12.500000,15.000000,-0.057143,-1,-1576,2041
1754830320771,0x064,6,01 FF FF 9D 87 F9,1,12.500000,15.000000,-0.057143,-1,-1576,2041
1754830320772,0x064,6,01 FF FF A0 48 8E,1,12.500000,16.396825,1.252747,-1,-1532,-1906
1754830320780,0x064,6,01 FF FF A0 48 8E,1,12.500000,16.396825,1.252747,-1,-1532,-1906
1754830320799,0x064,6,01 FF FF A0 48 8E,1,12.500000,16.396825,1.252747,-1,-1532,-1906
1754830320803,0x064,6,01 FF FF A0 48 8E,1,12.500000,16.396825,1.252747,-1,-1532,-1906
1754830320803,0x064,6,01 FF FF A0 48 8E,1,12.500000,16.396825,1.252747,-1,-1532,-1906
1754830320817,0x064,6,01 FF FF A0 48 8E,1,12.500000,16.396825,1.252747,-1,-1532,-1906
1754830320833,0x064,6,01 FF FF A0 48 8E,1,12.500000,16.396825,1.252747,-1,-1532,-1906
1754830320850,0x064,6,01 FF FF A0 48 8E,1,12.500000,16.396825,1.252747,-1,-1532,-1906
1754830320850,0x064,6,01 FF FF A0 48 8E,1,12.500000,16.396825,1.252747,-1,-1532,-1906
1754830320850,0x064,6,01 FF FF A0 48 8E,1,12.500000,16.396825,1.252747,-1,-1532,-1906
1754830320850,0x064,6,01 FF FF A0 48 8E,1,12.500000,16.396825,1.252747,-1,-1532,-1906
1754830320853,0x064,6,01 FF FF A0 48 8E,1,12.500000,16.396825,1.252747,-1,-1532,-1906
1754830320857,0x064,6,01 FF FF A0 48 8E,1,12.500000,16.396825,1.252747,-1,-1532,-1906
1754830320862,0x064,6,01 FF FF A0 48 8E,1,12.500000,16.396825,1.252747,-1,-1532,-1906
1754830320867,0x064,6,01 FF FF A1 C7 E1,1,12.500000,17.158730,-0.268132,-1,-1508,2017
1754830320872,0x064,6,01 FF FF A1 C7 E1,1,12.500000,17.158730,-0.268132,-1,-1508,2017
1754830320878,0x064,6,01 FF FF A1 C7 E1,1,12.500000,17.158730,-0.268132,-1,-1508,2017
1754830320893,0x064,6,01 FF FF A1 C7 E1,1,12.500000,17.158730,-0.268132,-1,-1508,2017
1754830320895,0x064,6,01 FF FF A1 C7 E1,1,12.500000,17.158730,-0.268132,-1,-1508,2017
1754830320899,0x064,6,01 FF FF A1 C7 E1,1,12.500000,17.158730,-0.268132,-1,-1508,2017
1754830320905,0x064,6,01 FF FF A1 C7 E1,1,12.500000,17.158730,-0.268132,-1,-1508,2017
1754830320915,0x064,6,01 FF FF A1 C7 E1,1,12.500000,17.158730,-0.268132,-1,-1508,2017
1754830320918,0x064,6,01 FF FF A1 C7 E1,1,12.500000,17.158730,-0.268132,-1,-1508,2017
1754830320927,0x064,6,01 FF FF A1 C7 E1,1,12.500000,17.158730,-0.268132,-1,-1508,2017
1754830320932,0x064,6,01 FF FF A1 C7 E1,1,12.500000,17.158730,-0.268132,-1,-1508,2017
1754830320937,0x064,6,01 FF FF A1 C7 E1,1,12.500000,17.158730,-0.268132,-1,-1508,2017
1754830320945,0x064,6,01 FF FF A1 C7 E1,1,12.500000,17.158730,-0.268132,-1,-1508,2017
1754830320958,0x064,6,01 FF FF A1 C7 E1,1,12.500000,17.158730,-0.268132,-1,-1508,2017
1754830320970,0x064,6,01 FF FF A1 C7 E1,1,12.500000,17.158730,-0.268132,-1,-1508,2017
1754830320970,0x064,6,01 FF FF A3 F8 41,1,12.500000,18.269841,0.575824,-1,-1473,-1983
1754830320984,0x064,6,01 FF FF A3 F8 41,1,12.500000,18.269841,0.575824,-1,-1473,-1983
1754830320989,0x064,6,01 FF FF A3 F8 41,1,12.500000,18.269841,0.575824,-1,-1473,-1983
1754830320993,0x064,6,01 FF FF A3 F8 41,1,12.500000,18.269841,0.575824,-1,-1473,-1983
1754830321000,0x064,6,01 FF FF A3 F8 41,1,12.500000,18.269841,0.575824,-1,-1473,-1983
1754830321004,0x064,6,01 FF FF A3 F8 41,1,12.500000,18.269841,0.575824,-1,-1473,-1983
1754830321010,0x064,6,01 FF FF A3 F8 41,1,12.500000,18.269841,0.575824,-1,-1473,-1983
1754830321057,0x064,6,01 FF FF A3 F8 41,1,12.500000,18.269841,0.575824,-1,-1473,-1983
1754830321064,0x064,6,01 FF FF A3 F8 41,1,12.500000,18.269841,0.575824,-1,-1473,-1983
1754830321067,0x064,6,01 FF FF A3 F8 41,1,12.500000,18.269841,0.575824,-1,-1473,-1983
1754830321096,0x064,6,01 FF FF A3 F8 41,1,12.500000,18.269841,0.575824,-1,-1473,-1983
1754830321097,0x064,6,01 FF FF A6 38 68,1,12.500000,19.412698,0.918681,-1,-1437,-1944
1754830321098,0x064,6,01 FF FF A6 38 68,1,12.500000,19.412698,0.918681,-1,-1437,-1944
1754830321098,0x064,6,01 FF FF A6 38 68,1,12.500000,19.412698,0.918681,-1,-1437,-1944
1754830321099,0x064,6,01 FF FF A6 38 68,1,12.500000,19.412698,0.918681,-1,-1437,-1944
1754830321111,0x064,6,01 FF FF A6 38 68,1,12.500000,19.412698,0.918681,-1,-1437,-1944
1754830321118,0x064,6,01 FF FF A6 38 68,1,12.500000,19.412698,0.918681,-1,-1437,-1944
1754830321128,0x064,6,01 FF FF A6 38 68,1,12.500000,19.412698,0.918681,-1,-1437,-1944
1754830321148,0x064,6,01 FF FF A6 38 68,1,12.500000,19.412698,0.918681,-1,-1437,-1944
1754830321149,0x064,6,01 FF FF A6 38 68,1,12.500000,19.412698,0.918681,-1,-1437,-1944
1754830321162,0x064,6,01 FF FF A6 38 68,1,12.500000,19.412698,0.918681,-1,-1437,-1944
1754830321167,0x064,6,01 FF FF A6 38 68,1,12.500000,19.412698,0.918681,-1,-1437,-1944
1754830321173,0x064,6,01 FF FF A7 98 55,1,12.500000,20.111111,0.751648,-1,-1415,-1963
1754830321185,0x064,6,01 FF FF A7 98 55,1,12.500000,20.111111,0.751648,-1,-1415,-1963
1754830321198,0x064,6,01 FF FF A7 98 55,1,12.500000,20.111111,0.751648,-1,-1415,-1963
1754830321209,0x064,6,01 FF FF A7 98 55,1,12.500000,20.111111,0.751648,-1,-1415,-1963
1754830321242,0x064,6,01 FF FF A7 98 55,1,12.500000,20.111111,0.751648,-1,-1415,-1963
1754830321243,0x064,6,01 FF FF A7 98 55,1,12.500000,20.111111,0.751648,-1,-1415,-1963
1754830321253,0x064,6,01 FF FF A7 98 55,1,12.500000,20.111111,0.751648,-1,-1415,-1963
1754830321257,0x064,6,01 FF FF A7 98 55,1,12.500000,20.111111,0.751648,-1,-1415,-1963
1754830321260,0x064,6,01 FF FF A7 98 55,1,12.500000,20.111111,0.751648,-1,-1415,-1963
1754830321267,0x064,6,01 FF FF AB 28 08,1,12.500000,21.920635,0.074725,-1,-1358,-2040
1754830321272,0x064,6,01 FF FF AB 28 08,1,12.500000,21.920635,0.074725,-1,-1358,-2040
1754830321275,0x064,6,01 FF FF AB 28 08,1,12.500000,21.920635,0.074725,-1,-1358,-2040
1754830321281,0x064,6,01 FF FF AB 28 08,1,12.500000,21.920635,0.074725,-1,-1358,-2040
1754830321286,0x064,6,01 FF FF AB 28 08,1,12.500000,21.920635,0.074725,-1,-1358,-2040
1754830321291,0x064,6,01 FF FF AB 28 08,1,12.500000,21.920635,0.074725,-1,-1358,-2040
1754830321331,0x064,6,01 FF FF AB 28 08,1,12.500000,21.920635,0.074725,-1,-1358,-2040
1754830321355,0x064,6,01 FF FF AB 28 08,1,12.500000,21.920635,0.074725,-1,-1358,-2040
1754830321364,0x064,6,01 FF FF AB 28 08,1,12.500000,21.920635,0.074725,-1,-1358,-2040
1754830321365,0x064,6,01 FF FF AB 28 08,1,12.500000,21.920635,0.074725,-1,-1358,-2040
1754830321370,0x064,6,01 FF FF AB 28 08,1,12.500000,21.920635,0.074725,-1,-1358,-2040
1754830321377,0x064,6,01 FF FF AB 28 08,1,12.500000,21.920635,0.074725,-1,-1358,-2040
1754830321384,0x064,6,01 FF FF AB 28 08,1,12.500000,21.920635,0.074725,-1,-1358,-2040
1754830321404,0x064,6,01 FF FF AC 47 E0,1,12.500000,22.492063,-0.276923,-1,-1340,2016
1754830321412,0x064,6,01 FF FF AC 47 E0,1,12.500000,22.492063,-0.276923,-1,-1340,2016
1754830321421,0x064,6,01 FF FF AC 47 E0,1,12.500000,22.492063,-0.276923,-1,-1340,2016
1754830321444,0x064,6,01 FF FF AC 47 E0,1,12.500000,22.492063,-0.276923,-1,-1340,2016
1754830321448,0x064,6,01 FF FF AC 47 E0,1,12.500000,22.492063,-0.276923,-1,-1340,2016
1754830321450,0x064,6,01 FF FF AC 47 E0,1,12.500000,22.492063,-0.276923,-1,-1340,2016
1754830321454,0x064,6,01 FF FF AC 47 E0,1,12.500000,22.492063,-0.276923,-1,-1340,2016
1754830321455,0x064,6,01 FF FF AC 47 E0,1,12.500000,22.492063,-0.276923,-1,-1340,2016
1754830321456,0x064,6,01 FF FF AC 47 E0,1,12.500000,22.492063,-0.276923,-1,-1340,2016
1754830321465,0x064,6,01 FF FF AC 47 E0,1,12.500000,22.492063,-0.276923,-1,-1340,2016
1754830321472,0x064,6,01 FF FF AE 48 1B,1,12.500000,23.507937,0.241758,-1,-1308,-2021
1754830321487,0x064,6,01 FF FF AE 48 1B,1,12.500000,23.507937,0.241758,-1,-1308,-2021
1754830321492,0x064,6,01 FF FF AE 48 1B,1,12.500000,23.507937,0.241758,-1,-1308,-2021
1754830321503,0x064,6,01 FF FF AE 48 1B,1,12.500000,23.507937,0.241758,-1,-1308,-2021
1754830321513,0x064,6,01 FF FF AE 48 1B,1,12.500000,23.507937,0.241758,-1,-1308,-2021
1754830321513,0x064,6,01 FF FF AE 48 1B,1,12.500000,23.507937,0.241758,-1,-1308,-2021
1754830321524,0x064,6,01 FF FF AE 48 1B,1,12.500000,23.507937,0.241758,-1,-1308,-2021
1754830321532,0x064,6,01 FF FF AE 48 1B,1,12.500000,23.507937,0.241758,-1,-1308,-2021
1754830321533,0x064,6,01 FF FF AE 48 1B,1,12.500000,23.507937,0.241758,-1,-1308,-2021
1754830321548,0x064,6,01 FF FF AE 48 1B,1,12.500000,23.507937,0.241758,-1,-1308,-2021
1754830321573,0x064,6,01 FF FF AE 48 1B,1,12.500000,23.507937,0.241758,-1,-1308,-2021
1754830321586,0x064,6,01 FF FF AE 48 1B,1,12.500000,23.507937,0.241758,-1,-1308,-2021
1754830321605,0x064,6,01 FF FF B0 F7 BE,1,12.500000,24.873016,-0.575824,-1,-1265,1982
1754830321612,0x064,6,01 FF FF B0 F7 BE,1,12.500000,24.873016,-0.575824,-1,-1265,1982
1754830321627,0x064,6,01 FF FF B0 F7 BE,1,12.500000,24.873016,-0.575824,-1,-1265,1982
1754830321631,0x064,6,01 FF FF B0 F7 BE,1,12.500000,24.873016,-0.575824,-1,-1265,1982
1754830321635,0x064,6,01 FF FF B0 F7 BE,1,12.500000,24.873016,-0.575824,-1,-1265,1982
1754830321635,0x064,6,01 FF FF B0 F7 BE,1,12.500000,24.873016,-0.575824,-1,-1265,1982
1754830321636,0x064,6,01 FF FF B0 F7 BE,1,12.500000,24.873016,-0.575824,-1,-1265,1982
1754830321647,0x064,6,01 FF FF B0 F7 BE,1,12.500000,24.873016,-0.575824,-1,-1265,1982
1754830321658,0x064,6,01 FF FF B0 F7 BE,1,12.500000,24.873016,-0.575824,-1,-1265,1982
1754830321675,0x064,6,01 FF FF B0 F7 BE,1,12.500000,24.873016,-0.575824,-1,-1265,1982
1754830321685,0x064,6,01 FF FF B3 47 E5,1,12.500000,26.047619,-0.232967,-1,-1228,2021
1754830321693,0x064,6,01 FF FF B3 47 E5,1,12.500000,26.047619,-0.232967,-1,-1228,2021
1754830321693,0x064,6,01 FF FF B3 47 E5,1,12.500000,26.047619,-0.232967,-1,-1228,2021
1754830321693,0x064,6,01 FF FF B3 47 E5,1,12.500000,26.047619,-0.232967,-1,-1228,2021
1754830321694,0x064,6,01 FF FF B3 47 E5,1,12.500000,26.047619,-0.232967,-1,-1228,2021
1754830321709,0x064,6,01 FF FF B3 47 E5,1,12.500000,26.047619,-0.232967,-1,-1228,2021
1754830321730,0x064,6,01 FF FF B3 47 E5,1,12.500000,26.047619,-0.232967,-1,-1228,2021
1754830321733,0x064,6,01 FF FF B3 47 E5,1,12.500000,26.047619,-0.232967,-1,-1228,2021
1754830321742,0x064,6,01 FF FF B3 47 E5,1,12.500000,26.047619,-0.232967,-1,-1228,2021
1754830321744,0x064,6,01 FF FF B3 47 E5,1,12.500000,26.047619,-0.232967,-1,-1228,2021
1754830321752,0x064,6,01 FF FF B3 47 E5,1,12.500000,26.047619,-0.232967,-1,-1228,2021
1754830321753,0x064,6,01 FF FF B3 47 E5,1,12.500000,26.047619,-0.232967,-1,-1228,2021
1754830321758,0x064,6,01 FF FF B3 47 E5,1,12.500000,26.047619,-0.232967,-1,-1228,2021
1754830321765,0x064,6,01 FF FF B4 D8 3F,1,12.500000,26.841270,0.558242,-1,-1203,-1985
1754830321770,0x064,6,01 FF FF B4 D8 3F,1,12.500000,26.841270,0.558242,-1,-1203,-1985
1754830321776,0x064,6,01 FF FF B4 D8 3F,1,12.500000,26.841270,0.558242,-1,-1203,-1985
1754830321781,0x064,6,01 FF FF B4 D8 3F,1,12.500000,26.841270,0.558242,-1,-1203,-1985
1754830321787,0x064,6,01 FF FF B4 D8 3F,1,12.500000,26.841270,0.558242,-1,-1203,-1985
1754830321792,0x064,6,01 FF FF B4 D8 3F,1,12.500000,26.841270,0.558242,-1,-1203,-1985
1754830321797,0x064,6,01 FF FF B4 D8 3F,1,12.500000,26.841270,0.558242,-1,-1203,-1985
1754830321809,0x064,6,01 FF FF B4 D8 3F,1,12.500000,26.841270,0.558242,-1,-1203,-1985
1754830321810,0x064,6,01 FF FF B4 D8 3F,1,12.500000,26.841270,0.558242,-1,-1203,-1985
1754830321817,0x064,6,01 FF FF B4 D8 3F,1,12.500000,26.841270,0.558242,-1,-1203,-1985
1754830321836,0x064,6,01 FF FF B4 D8 3F,1,12.500000,26.841270,0.558242,-1,-1203,-1985
1754830321836,0x064,6,01 FF FF B4 D8 3F,1,12.500000,26.841270,0.558242,-1,-1203,-1985
1754830321848,0x064,6,01 FF FF B4 D8 3F,1,12.500000,26.841270,0.558242,-1,-1203,-1985
1754830321852,0x064,6,01 FF FF B4 D8 3F,1,12.500000,26.841270,0.558242,-1,-1203,-1985
1754830321853,0x064,6,01 FF FF B4 D8 3F,1,12.500000,26.841270,0.558242,-1,-1203,-1985
1754830321858,0x064,6,01 FF FF B4 D8 3F,1,12.500000,26.841270,0.558242,-1,-1203,-1985
1754830321864,0x064,6,01 FF FF B5 D8 52,1,12.500000,27.349206,0.725275,-1,-1187,-1966
1754830321873,0x064,6,01 FF FF B5 D8 52,1,12.500000,27.349206,0.725275,-1,-1187,-1966
1754830321875,0x064,6,01 FF FF B5 D8 52,1,12.500000,27.349206,0.725275,-1,-1187,-1966
1754830321881,0x064,6,01 FF FF B5 D8 52,1,12.500000,27.349206,0.725275,-1,-1187,-1966
1754830321898,0x064,6,01 FF FF B5 D8 52,1,12.500000,27.349206,0.725275,-1,-1187,-1966
1754830321909,0x064,6,01 FF FF B5 D8 52,1,12.500000,27.349206,0.725275,-1,-1187,-1966
1754830321909,0x064,6,01 FF FF B5 D8 52,1,12.500000,27.349206,0.725275,-1,-1187,-1966
1754830321914,0x064,6,01 FF FF B5 D8 52,1,12.500000,27.349206,0.725275,-1,-1187,-1966
1754830321918,0x064,6,01 FF FF B5 D8 52,1,12.500000,27.349206,0.725275,-1,-1187,-1966
1754830321927,0x064,6,01 FF FF B5 D8 52,1,12.500000,27.349206,0.725275,-1,-1187,-1966
1754830321937,0x064,6,01 FF FF B5 D8 52,1,12.500000,27.349206,0.725275,-1,-1187,-1966
1754830321958,0x064,6,01 FF FF B5 D8 52,1,12.500000,27.349206,0.725275,-1,-1187,-1966
1754830321959,0x064,6,01 FF FF B5 D8 52,1,12.500000,27.349206,0.725275,-1,-1187,-1966
1754830321969,0x064,6,01 FF FF B5 D8 52,1,12.500000,27.349206,0.725275,-1,-1187,-1966
1754830321977,0x064,6,01 FF FF B8 47 CD,1,12.500000,28.587302,-0.443956,-1,-1148,1997
1754830321981,0x064,6,01 FF FF B8 47 CD,1,12.500000,28.587302,-0.443956,-1,-1148,1997
1754830321988,0x064,6,01 FF FF B8 47 CD,1,12.500000,28.587302,-0.443956,-1,-1148,1997
1754830321994,0x064,6,01 FF FF B8 47 CD,1,12.500000,28.587302,-0.443956,-1,-1148,1997
1754830321996,0x064,6,01 FF FF B8 47 CD,1,12.500000,28.587302,-0.443956,-1,-1148,1997
1754830322002,0x064,6,01 FF FF B8 47 CD,1,12.500000,28.587302,-0.443956,-1,-1148,1997
1754830322008,0x064,6,01 FF FF B8 47 CD,1,12.500000,28.587302,-0.443956,-1,-1148,1997
1754830322020,0x064,6,01 FF FF B8 47 CD,1,12.500000,28.587302,-0.443956,-1,-1148,1997
1754830322036,0x064,6,01 FF FF B8 47 CD,1,12.500000,28.587302,-0.443956,-1,-1148,1997
1754830322037,0x064,6,01 FF FF B8 47 CD,1,12.500000,28.587302,-0.443956,-1,-1148,1997
1754830322044,0x064,6,01 FF FF B8 47 CD,1,12.500000,28.587302,-0.443956,-1,-1148,1997
1754830322052,0x064,6,01 FF FF B8 47 CD,1,12.500000,28.587302,-0.443956,-1,-1148,1997
1754830322063,0x064,6,01 FF FF B8 47 CD,1,12.500000,28.587302,-0.443956,-1,-1148,1997
1754830322070,0x064,6,01 FF FF B9 D8 44,1,12.500000,29.380952,0.602198,-1,-1123,-1980
1754830322071,0x064,6,01 FF FF B9 D8 44,1,12.500000,29.380952,0.602198,-1,-1123,-1980
1754830322082,0x064,6,01 FF FF B9 D8 44,1,12.500000,29.380952,0.602198,-1,-1123,-1980
1754830322085,0x064,6,01 FF FF B9 D8 44,1,12.500000,29.380952,0.602198,-1,-1123,-1980
1754830322090,0x064,6,01 FF FF B9 D8 44,1,12.500000,29.380952,0.602198,-1,-1123,-1980
1754830322096,0x064,6,01 FF FF B9 D8 44,1,12.500000,29.380952,0.602198,-1,-1123,-1980
1754830322122,0x064,6,01 FF FF B9 D8 44,1,12.500000,29.380952,0.602198,-1,-1123,-1980
1754830322129,0x064,6,01 FF FF B9 D8 44,1,12.500000,29.380952,0.602198,-1,-1123,-1980
1754830322130,0x064,6,01 FF FF B9 D8 44,1,12.500000,29.380952,0.602198,-1,-1123,-1980
1754830322130,0x064,6,01 FF FF B9 D8 44,1,12.500000,29.380952,0.602198,-1,-1123,-1980
1754830322130,0x064,6,01 FF FF B9 D8 44,1,12.500000,29.380952,0.602198,-1,-1123,-1980
1754830322138,0x064,6,01 FF FF B9 D8 44,1,12.500000,29.380952,0.602198,-1,-1123,-1980
1754830322141,0x064,6,01 FF FF B9 D8 44,1,12.500000,29.380952,0.602198,-1,-1123,-1980
1754830322147,0x064,6,01 FF FF B9 D8 44,1,12.500000,29.380952,0.602198,-1,-1123,-1980
1754830322153,0x064,6,01 FF FF B9 D8 44,1,12.500000,29.380952,0.602198,-1,-1123,-1980
1754830322158,0x064,6,01 FF FF B9 D8 44,1,12.500000,29.380952,0.602198,-1,-1123,-1980
1754830322164,0x064,6,01 FF FF B9 F8 36,1,12.500000,29.444444,0.479121,-1,-1121,-1994
1754830322175,0x064,6,01 FF FF B9 F8 36,1,12.500000,29.444444,0.479121,-1,-1121,-1994
1754830322184,0x064,6,01 FF FF B9 F8 36,1,12.500000,29.444444,0.479121,-1,-1121,-1994
1754830322199,0x064,6,01 FF FF B9 F8 36,1,12.500000,29.444444,0.479121,-1,-1121,-1994
1754830322202,0x064,6,01 FF FF B9 F8 36,1,12.500000,29.444444,0.479121,-1,-1121,-1994
1754830322207,0x064,6,01 FF FF B9 F8 36,1,12.500000,29.444444,0.479121,-1,-1121,-1994
1754830322208,0x064,6,01 FF FF B9 F8 36,1,12.500000,29.444444,0.479121,-1,-1121,-1994
1754830322211,0x064,6,01 FF FF B9 F8 36,1,12.500000,29.444444,0.479121,-1,-1121,-1994
1754830322233,0x064,6,01 FF FF B9 F8 36,1,12.500000,29.444444,0.479121,-1,-1121,-1994
1754830322233,0x064,6,01 FF FF B9 F8 36,1,12.500000,29.444444,0.479121,-1,-1121,-1994
1754830322234,0x064,6,01 FF FF B9 F8 36,1,12.500000,29.444444,0.479121,-1,-1121,-1994
1754830322240,0x064,6,01 FF FF B9 F8 36,1,12.500000,29.444444,0.479121,-1,-1121,-1994
1754830322250,0x064,6,01 FF FF B9 F8 36,1,12.500000,29.444444,0.479121,-1,-1121,-1994
1754830322251,0x064,6,01 FF FF B9 F8 36,1,12.500000,29.444444,0.479121,-1,-1121,-1994
1754830322257,0x064,6,01 FF FF B9 F8 36,1,12.500000,29.444444,0.479121,-1,-1121,-1994
1754830322262,0x064,6,01 FF FF B9 F8 36,1,12.500000,29.444444,0.479121,-1,-1121,-1994
1754830322268,0x064,6,01 FF FF BD 28 01,1,12.500000,31.063492,0.013187,-1,-1070,-2047
1754830322274,0x064,6,01 FF FF BD 28 01,1,12.500000,31.063492,0.013187,-1,-1070,-2047
1754830322279,0x064,6,01 FF FF BD 28 01,1,12.500000,31.063492,0.013187,-1,-1070,-2047
1754830322285,0x064,6,01 FF FF BD 28 01,1,12.500000,31.063492,0.013187,-1,-1070,-2047
1754830322291,0x064,6,01 FF FF BD 28 01,1,12.500000,31.063492,0.013187,-1,-1070,-2047
1754830322295,0x064,6,01 FF FF BD 28 01,1,12.500000,31.063492,0.013187,-1,-1070,-2047
1754830322300,0x064,6,01 FF FF BD 28 01,1,12.500000,31.063492,0.013187,-1,-1070,-2047
1754830322306,0x064,6,01 FF FF BD 28 01,1,12.500000,31.063492,0.013187,-1,-1070,-2047
1754830322315,0x064,6,01 FF FF BD 28 01,1,12.500000,31.063492,0.013187,-1,-1070,-2047
1754830322317,0x064,6,01 FF FF BD 28 01,1,12.500000,31.063492,0.013187,-1,-1070,-2047
1754830322323,0x064,6,01 FF FF BD 28 01,1,12.500000,31.063492,0.013187,-1,-1070,-2047
1754830322336,0x064,6,01 FF FF BD 28 01,1,12.500000,31.063492,0.013187,-1,-1070,-2047
1754830322340,0x064,6,01 FF FF BD 28 01,1,12.500000,31.063492,0.013187,-1,-1070,-2047
1754830322348,0x064,6,01 FF FF BD 28 01,1,12.500000,31.063492,0.013187,-1,-1070,-2047
1754830322356,0x064,6,01 FF FF BD 28 01,1,12.500000,31.063492,0.013187,-1,-1070,-2047
1754830322363,0x064,6,01 FF FF BD 28 01,1,12.500000,31.063492,0.013187,-1,-1070,-2047
1754830322373,0x064,6,01 FF FF BD 97 FB,1,12.500000,31.285714,-0.039560,-1,-1063,2043
1754830322377,0x064,6,01 FF FF BD 97 FB,1,12.500000,31.285714,-0.039560,-1,-1063,2043
1754830322379,0x064,6,01 FF FF BD 97 FB,1,12.500000,31.285714,-0.039560,-1,-1063,2043
1754830322385,0x064,6,01 FF FF BD 97 FB,1,12.500000,31.285714,-0.039560,-1,-1063,2043
1754830322390,0x064,6,01 FF FF BD 97 FB,1,12.500000,31.285714,-0.039560,-1,-1063,2043
1754830322396,0x064,6,01 FF FF BD 97 FB,1,12.500000,31.285714,-0.039560,-1,-1063,2043
1754830322401,0x064,6,01 FF FF BD 97 FB,1,12.500000,31.285714,-0.039560,-1,-1063,2043
1754830322406,0x064,6,01 FF FF BD 97 FB,1,12.500000,31.285714,-0.039560,-1,-1063,2043
1754830322417,0x064,6,01 FF FF BD 97 FB,1,12.500000,31.285714,-0.039560,-1,-1063,2043
1754830322421,0x064,6,01 FF FF BD 97 FB,1,12.500000,31.285714,-0.039560,-1,-1063,2043
1754830322432,0x064,6,01 FF FF BD 97 FB,1,12.500000,31.285714,-0.039560,-1,-1063,2043
1754830322433,0x064,6,01 FF FF BD 97 FB,1,12.500000,31.285714,-0.039560,-1,-1063,2043
1754830322439,0x064,6,01 FF FF BD 97 FB,1,12.500000,31.285714,-0.039560,-1,-1063,2043
1754830322444,0x064,6,01 FF FF BD 97 FB,1,12.500000,31.285714,-0.039560,-1,-1063,2043
1754830322456,0x064,6,01 FF FF BD 97 FB,1,12.500000,31.285714,-0.039560,-1,-1063,2043
1754830322461,0x064,6,01 FF FF BD 97 FB,1,12.500000,31.285714,-0.039560,-1,-1063,2043
1754830322464,0x064,6,01 FF FF BD 97 FB,1,12.500000,31.285714,-0.039560,-1,-1063,2043
1754830322467,0x064,6,01 FF FF C0 28 63,1,12.500000,32.587302,0.874725,-1,-1022,-1949
1754830322480,0x064,6,01 FF FF C0 28 63,1,12.500000,32.587302,0.874725,-1,-1022,-1949
1754830322486,0x064,6,01 FF FF C0 28 63,1,12.500000,32.587302,0.874725,-1,-1022,-1949
1754830322487,0x064,6,01 FF FF C0 28 63,1,12.500000,32.587302,0.874725,-1,-1022,-1949
1754830322495,0x064,6,01 FF FF C0 28 63,1,12.500000,32.587302,0.874725,-1,-1022,-1949
1754830322498,0x064,6,01 FF FF C0 28 63,1,12.500000,32.587302,0.874725,-1,-1022,-1949
1754830322504,0x064,6,01 FF FF C0 28 63,1,12.500000,32.587302,0.874725,-1,-1022,-1949
1754830322509,0x064,6,01 FF FF C0 28 63,1,12.500000,32.587302,0.874725,-1,-1022,-1949
1754830322515,0x064,6,01 FF FF C0 28 63,1,12.500000,32.587302,0.874725,-1,-1022,-1949
1754830322520,0x064,6,01 FF FF C0 28 63,1,12.500000,32.587302,0.874725,-1,-1022,-1949
1754830322541,0x064,6,01 FF FF C0 28 63,1,12.500000,32.587302,0.874725,-1,-1022,-1949
1754830322542,0x064,6,01 FF FF C0 28 63,1,12.500000,32.587302,0.874725,-1,-1022,-1949
1754830322542,0x064,6,01 FF FF C0 28 63,1,12.500000,32.587302,0.874725,-1,-1022,-1949
1754830322552,0x064,6,01 FF FF C0 28 63,1,12.500000,32.587302,0.874725,-1,-1022,-1949
1754830322565,0x064,6,01 FF FF C0 28 63,1,12.500000,32.587302,0.874725,-1,-1022,-1949
1754830322572,0x064,6,01 FF FF C0 28 63,1,12.500000,32.587302,0.874725,-1,-1022,-1949
1754830322572,0x064,6,01 FF FF C0 48 21,1,12.500000,32.650794,0.294505,-1,-1020,-2015
1754830322586,0x064,6,01 FF FF C0 48 21,1,12.500000,32.650794,0.294505,-1,-1020,-2015
1754830322592,0x064,6,01 FF FF C0 48 21,1,12.500000,32.650794,0.294505,-1,-1020,-2015
1754830322601,0x064,6,01 FF FF C0 48 21,1,12.500000,32.650794,0.294505,-1,-1020,-2015
1754830322616,0x064,6,01 FF FF C0 48 21,1,12.500000,32.650794,0.294505,-1,-1020,-2015
1754830322620,0x064,6,01 FF FF C0 48 21,1,12.500000,32.650794,0.294505,-1,-1020,-2015
1754830322633,0x064,6,01 FF FF C0 48 21,1,12.500000,32.650794,0.294505,-1,-1020,-2015
1754830322633,0x064,6,01 FF FF C0 48 21,1,12.500000,32.650794,0.294505,-1,-1020,-2015
1754830322636,0x064,6,01 FF FF C0 48 21,1,12.500000,32.650794,0.294505,-1,-1020,-2015
1754830322641,0x064,6,01 FF FF C0 48 21,1,12.500000,32.650794,0.294505,-1,-1020,-2015
1754830322647,0x064,6,01 FF FF C0 48 21,1,12.500000,32.650794,0.294505,-1,-1020,-2015
1754830322652,0x064,6,01 FF FF C0 48 21,1,12.500000,32.650794,0.294505,-1,-1020,-2015
1754830322660,0x064,6,01 FF FF C0 48 21,1,12.500000,32.650794,0.294505,-1,-1020,-2015
1754830322664,0x064,6,01 FF FF C0 67 E4,1,12.500000,32.714286,-0.241758,-1,-1018,2020
1754830322670,0x064,6,01 FF FF C0 67 E4,1,12.500000,32.714286,-0.241758,-1,-1018,2020
1754830322675,0x064,6,01 FF FF C0 67 E4,1,12.500000,32.714286,-0.241758,-1,-1018,2020
1754830322690,0x064,6,01 FF FF C0 67 E4,1,12.500000,32.714286,-0.241758,-1,-1018,2020
1754830322723,0x064,6,01 FF FF C0 67 E4,1,12.500000,32.714286,-0.241758,-1,-1018,2020
1754830322731,0x064,6,01 FF FF C0 67 E4,1,12.500000,32.714286,-0.241758,-1,-1018,2020
1754830322743,0x064,6,01 FF FF C0 67 E4,1,12.500000,32.714286,-0.241758,-1,-1018,2020
1754830322767,0x064,6,01 FF FF C0 67 E4,1,12.500000,32.714286,-0.241758,-1,-1018,2020
1754830322773,0x064,6,01 FF FF C0 67 E4,1,12.500000,32.714286,-0.241758,-1,-1018,2020
1754830322776,0x064,6,01 FF FF C0 67 E4,1,12.500000,32.714286,-0.241758,-1,-1018,2020
1754830322776,0x064,6,01 FF FF C0 67 E4,1,12.500000,32.714286,-0.241758,-1,-1018,2020
1754830322802,0x064,6,01 FF FF C0 67 E4,1,12.500000,32.714286,-0.241758,-1,-1018,2020
1754830322808,0x064,6,01 FF FF C0 67 E4,1,12.500000,32.714286,-0.241758,-1,-1018,2020
1754830322808,0x064,6,01 FF FF C0 67 E4,1,12.500000,32.714286,-0.241758,-1,-1018,2020
1754830322811,0x064,6,01 FF FF C2 D8 59,1,12.500000,33.952381,0.786813,-1,-979,-1959
1754830322811,0x064,6,01 FF FF C2 D8 59,1,12.500000,33.952381,0.786813,-1,-979,-1959
1754830322812,0x064,6,01 FF FF C2 D8 59,1,12.500000,33.952381,0.786813,-1,-979,-1959
1754830322813,0x064,6,01 FF FF C2 D8 59,1,12.500000,33.952381,0.786813,-1,-979,-1959
1754830322814,0x064,6,01 FF FF C2 D8 59,1,12.500000,33.952381,0.786813,-1,-979,-1959
1754830322819,0x064,6,01 FF FF C2 D8 59,1,12.500000,33.952381,0.786813,-1,-979,-1959
1754830322828,0x064,6,01 FF FF C2 D8 59,1,12.500000,33.952381,0.786813,-1,-979,-1959
1754830322830,0x064,6,01 FF FF C2 D8 59,1,12.500000,33.952381,0.786813,-1,-979,-1959
1754830322832,0x064,6,01 FF FF C2 D8 59,1,12.500000,33.952381,0.786813,-1,-979,-1959
1754830322837,0x064,6,01 FF FF C2 D8 59,1,12.500000,33.952381,0.786813,-1,-979,-1959
1754830322845,0x064,6,01 FF FF C2 D8 59,1,12.500000,33.952381,0.786813,-1,-979,-1959
1754830322856,0x064,6,01 FF FF C2 D8 59,1,12.500000,33.952381,0.786813,-1,-979,-1959
1754830322857,0x064,6,01 FF FF C2 D8 59,1,12.500000,33.952381,0.786813,-1,-979,-1959
1754830322868,0x064,6,01 FF FF C2 D8 59,1,12.500000,33.952381,0.786813,-1,-979,-1959
1754830322875,0x064,6,01 FF FF C2 F8 1A,1,12.500000,34.015873,0.232967,-1,-977,-2022
1754830322877,0x064,6,01 FF FF C2 F8 1A,1,12.500000,34.015873,0.232967,-1,-977,-2022
1754830322889,0x064,6,01 FF FF C2 F8 1A,1,12.500000,34.015873,0.232967,-1,-977,-2022
1754830322893,0x064,6,01 FF FF C2 F8 1A,1,12.500000,34.015873,0.232967,-1,-977,-2022
1754830322896,0x064,6,01 FF FF C2 F8 1A,1,12.500000,34.015873,0.232967,-1,-977,-2022
1754830322909,0x064,6,01 FF FF C2 F8 1A,1,12.500000,34.015873,0.232967,-1,-977,-2022
1754830322913,0x064,6,01 FF FF C2 F8 1A,1,12.500000,34.015873,0.232967,-1,-977,-2022
1754830322915,0x064,6,01 FF FF C2 F8 1A,1,12.500000,34.015873,0.232967,-1,-977,-2022
1754830322921,0x064,6,01 FF FF C2 F8 1A,1,12.500000,34.015873,0.232967,-1,-977,-2022
1754830322925,0x064,6,01 FF FF C2 F8 1A,1,12.500000,34.015873,0.232967,-1,-977,-2022
1754830322930,0x064,6,01 FF FF C2 F8 1A,1,12.500000,34.015873,0.232967,-1,-977,-2022
1754830322936,0x064,6,01 FF FF C2 F8 1A,1,12.500000,34.015873,0.232967,-1,-977,-2022
1754830322958,0x064,6,01 FF FF C2 F8 1A,1,12.500000,34.015873,0.232967,-1,-977,-2022
1754830322960,0x064,6,01 FF FF C2 F8 1A,1,12.500000,34.015873,0.232967,-1,-977,-2022
1754830322970,0x064,6,01 FF FF C5 78 20,1,12.500000,35.285714,0.285714,-1,-937,-2016
1754830322980,0x064,6,01 FF FF C5 78 20,1,12.500000,35.285714,0.285714,-1,-937,-2016
1754830322996,0x064,6,01 FF FF C5 78 20,1,12.500000,35.285714,0.285714,-1,-937,-2016
1754830323007,0x064,6,01 FF FF C5 78 20,1,12.500000,35.285714,0.285714,-1,-937,-2016
1754830323012,0x064,6,01 FF FF C5 78 20,1,12.500000,35.285714,0.285714,-1,-937,-2016
1754830323016,0x064,6,01 FF FF C5 78 20,1,12.500000,35.285714,0.285714,-1,-937,-2016
1754830323026,0x064,6,01 FF FF C5 78 20,1,12.500000,35.285714,0.285714,-1,-937,-2016
1754830323026,0x064,6,01 FF FF C5 78 20,1,12.500000,35.285714,0.285714,-1,-937,-2016
1754830323027,0x064,6,01 FF FF C5 78 20,1,12.500000,35.285714,0.285714,-1,-937,-2016
1754830323038,0x064,6,01 FF FF C5 78 20,1,12.500000,35.285714,0.285714,-1,-937,-2016
1754830323040,0x064,6,01 FF FF C5 78 20,1,12.500000,35.285714,0.285714,-1,-937,-2016
1754830323053,0x064,6,01 FF FF C5 78 20,1,12.500000,35.285714,0.285714,-1,-937,-2016
1754830323053,0x064,6,01 FF FF C5 78 20,1,12.500000,35.285714,0.285714,-1,-937,-2016
1754830323068,0x064,6,01 FF FF C5 78 20,1,12.500000,35.285714,0.285714,-1,-937,-2016
1754830323083,0x064,6,01 FF FF C5 17 AA,1,12.500000,35.095238,-0.751648,-1,-943,1962
1754830323084,0x064,6,01 FF FF C5 17 AA,1,12.500000,35.095238,-0.751648,-1,-943,1962
1754830323086,0x064,6,01 FF FF C5 17 AA,1,12.500000,35.095238,-0.751648,-1,-943,1962
1754830323099,0x064,6,01 FF FF C5 17 AA,1,12.500000,35.095238,-0.751648,-1,-943,1962
1754830323100,0x064,6,01 FF FF C5 17 AA,1,12.500000,35.095238,-0.751648,-1,-943,1962
1754830323107,0x064,6,01 FF FF C5 17 AA,1,12.500000,35.095238,-0.751648,-1,-943,1962
1754830323112,0x064,6,01 FF FF C5 17 AA,1,12.500000,35.095238,-0.751648,-1,-943,1962
1754830323120,0x064,6,01 FF FF C5 17 AA,1,12.500000,35.095238,-0.751648,-1,-943,1962
1754830323124,0x064,6,01 FF FF C5 17 AA,1,12.500000,35.095238,-0.751648,-1,-943,1962
1754830323130,0x064,6,01 FF FF C5 17 AA,1,12.500000,35.095238,-0.751648,-1,-943,1962
1754830323134,0x064,6,01 FF FF C5 17 AA,1,12.500000,35.095238,-0.751648,-1,-943,1962
1754830323143,0x064,6,01 FF FF C5 17 AA,1,12.500000,35.095238,-0.751648,-1,-943,1962
1754830323156,0x064,6,01 FF FF C5 17 AA,1,12.500000,35.095238,-0.751648,-1,-943,1962
1754830323159,0x064,6,01 FF FF C5 17 AA,1,12.500000,35.095238,-0.751648,-1,-943,1962
1754830323168,0x064,6,01 FF FF C5 68 9D,1,12.500000,35.253968,1.384615,-1,-938,-1891
1754830323193,0x064,6,01 FF FF C5 68 9D,1,12.500000,35.253968,1.384615,-1,-938,-1891
1754830323196,0x064,6,01 FF FF C5 68 9D,1,12.500000,35.253968,1.384615,-1,-938,-1891
1754830323207,0x064,6,01 FF FF C5 68 9D,1,12.500000,35.253968,1.384615,-1,-938,-1891
1754830323223,0x064,6,01 FF FF C5 68 9D,1,12.500000,35.253968,1.384615,-1,-938,-1891
1754830323231,0x064,6,01 FF FF C5 68 9D,1,12.500000,35.253968,1.384615,-1,-938,-1891
1754830323233,0x064,6,01 FF FF C5 68 9D,1,12.500000,35.253968,1.384615,-1,-938,-1891
1754830323233,0x064,6,01 FF FF C5 68 9D,1,12.500000,35.253968,1.384615,-1,-938,-1891
1754830323234,0x064,6,01 FF FF C5 68 9D,1,12.500000,35.253968,1.384615,-1,-938,-1891
1754830323236,0x064,6,01 FF FF C5 68 9D,1,12.500000,35.253968,1.384615,-1,-938,-1891
1754830323241,0x064,6,01 FF FF C5 68 9D,1,12.500000,35.253968,1.384615,-1,-938,-1891
1754830323251,0x064,6,01 FF FF C5 68 9D,1,12.500000,35.253968,1.384615,-1,-938,-1891
1754830323254,0x064,6,01 FF FF C5 68 9D,1,12.500000,35.253968,1.384615,-1,-938,-1891
1754830323259,0x064,6,01 FF FF C5 68 9D,1,12.500000,35.253968,1.384615,-1,-938,-1891
1754830323264,0x064,6,01 FF FF C5 68 9D,1,12.500000,35.253968,1.384615,-1,-938,-1891
1754830323270,0x064,6,01 FF FF C8 17 FE,1,12.500000,36.619048,-0.013187,-1,-895,2046
1754830323276,0x064,6,01 FF FF C8 17 FE,1,12.500000,36.619048,-0.013187,-1,-895,2046
1754830323281,0x064,6,01 FF FF C8 17 FE,1,12.500000,36.619048,-0.013187,-1,-895,2046
1754830323294,0x064,6,01 FF FF C8 17 FE,1,12.500000,36.619048,-0.013187,-1,-895,2046
1754830323295,0x064,6,01 FF FF C8 17 FE,1,12.500000,36.619048,-0.013187,-1,-895,2046
1754830323301,0x064,6,01 FF FF C8 17 FE,1,12.500000,36.619048,-0.013187,-1,-895,2046
1754830323306,0x064,6,01 FF FF C8 17 FE,1,12.500000,36.619048,-0.013187,-1,-895,2046
1754830323320,0x064,6,01 FF FF C8 17 FE,1,12.500000,36.619048,-0.013187,-1,-895,2046
1754830323322,0x064,6,01 FF FF C8 17 FE,1,12.500000,36.619048,-0.013187,-1,-895,2046
1754830323333,0x064,6,01 FF FF C8 17 FE,1,12.500000,36.619048,-0.013187,-1,-895,2046
1754830323334,0x064,6,01 FF FF C8 17 FE,1,12.500000,36.619048,-0.013187,-1,-895,2046
1754830323341,0x064,6,01 FF FF C8 17 FE,1,12.500000,36.619048,-0.013187,-1,-895,2046
1754830323347,0x064,6,01 FF FF C8 17 FE,1,12.500000,36.619048,-0.013187,-1,-895,2046
1754830323363,0x064,6,01 FF FF C8 17 FE,1,12.500000,36.619048,-0.013187,-1,-895,2046
1754830323365,0x064,6,01 FF FF C5 07 EC,1,12.500000,35.063492,-0.171429,-1,-944,2028
1754830323371,0x064,6,01 FF FF C5 07 EC,1,12.500000,35.063492,-0.171429,-1,-944,2028
1754830323376,0x064,6,01 FF FF C5 07 EC,1,12.500000,35.063492,-0.171429,-1,-944,2028
1754830323381,0x064,6,01 FF FF C5 07 EC,1,12.500000,35.063492,-0.171429,-1,-944,2028
1754830323387,0x064,6,01 FF FF C5 07 EC,1,12.500000,35.063492,-0.171429,-1,-944,2028
1754830323394,0x064,6,01 FF FF C5 07 EC,1,12.500000,35.063492,-0.171429,-1,-944,2028
1754830323401,0x064,6,01 FF FF C5 07 EC,1,12.500000,35.063492,-0.171429,-1,-944,2028
1754830323409,0x064,6,01 FF FF C5 07 EC,1,12.500000,35.063492,-0.171429,-1,-944,2028
1754830323418,0x064,6,01 FF FF C5 07 EC,1,12.500000,35.063492,-0.171429,-1,-944,2028
1754830323425,0x064,6,01 FF FF C5 07 EC,1,12.500000,35.063492,-0.171429,-1,-944,2028
1754830323436,0x064,6,01 FF FF C5 07 EC,1,12.500000,35.063492,-0.171429,-1,-944,2028
1754830323442,0x064,6,01 FF FF C5 07 EC,1,12.500000,35.063492,-0.171429,-1,-944,2028
1754830323450,0x064,6,01 FF FF C5 07 EC,1,12.500000,35.063492,-0.171429,-1,-944,2028
1754830323465,0x064,6,01 FF FF C5 07 EC,1,12.500000,35.063492,-0.171429,-1,-944,2028
1754830323481,0x064,6,01 FF FF C7 38 14,1,12.500000,36.174603,0.180220,-1,-909,-2028
1754830323492,0x064,6,01 FF FF C7 38 14,1,12.500000,36.174603,0.180220,-1,-909,-2028
1754830323509,0x064,6,01 FF FF C7 38 14,1,12.500000,36.174603,0.180220,-1,-909,-2028
1754830323509,0x064,6,01 FF FF C7 38 14,1,12.500000,36.174603,0.180220,-1,-909,-2028
1754830323537,0x064,6,01 FF FF C7 38 14,1,12.500000,36.174603,0.180220,-1,-909,-2028
1754830323547,0x064,6,01 FF FF C7 38 14,1,12.500000,36.174603,0.180220,-1,-909,-2028
1754830323552,0x064,6,01 FF FF C7 38 14,1,12.500000,36.174603,0.180220,-1,-909,-2028
1754830323552,0x064,6,01 FF FF C7 38 14,1,12.500000,36.174603,0.180220,-1,-909,-2028
1754830323556,0x064,6,01 FF FF C7 38 14,1,12.500000,36.174603,0.180220,-1,-909,-2028
1754830323560,0x064,6,01 FF FF C7 38 14,1,12.500000,36.174603,0.180220,-1,-909,-2028
1754830323566,0x064,6,01 FF FF C8 28 2C,1,12.500000,36.650794,0.391209,-1,-894,-2004
1754830323592,0x064,6,01 FF FF C8 28 2C,1,12.500000,36.650794,0.391209,-1,-894,-2004
1754830323599,0x064,6,01 FF FF C8 28 2C,1,12.500000,36.650794,0.391209,-1,-894,-2004
1754830323611,0x064,6,01 FF FF C8 28 2C,1,12.500000,36.650794,0.391209,-1,-894,-2004
1754830323624,0x064,6,01 FF FF C8 28 2C,1,12.500000,36.650794,0.391209,-1,-894,-2004
1754830323624,0x064,6,01 FF FF C8 28 2C,1,12.500000,36.650794,0.391209,-1,-894,-2004
1754830323624,0x064,6,01 FF FF C8 28 2C,1,12.500000,36.650794,0.391209,-1,-894,-2004
1754830323625,0x064,6,01 FF FF C8 28 2C,1,12.500000,36.650794,0.391209,-1,-894,-2004
1754830323628,0x064,6,01 FF FF C8 28 2C,1,12.500000,36.650794,0.391209,-1,-894,-2004
1754830323633,0x064,6,01 FF FF C8 28 2C,1,12.500000,36.650794,0.391209,-1,-894,-2004
1754830323640,0x064,6,01 FF FF C8 28 2C,1,12.500000,36.650794,0.391209,-1,-894,-2004
1754830323654,0x064,6,01 FF FF C8 28 2C,1,12.500000,36.650794,0.391209,-1,-894,-2004
1754830323671,0x064,6,01 FF FF C8 28 2C,1,12.500000,36.650794,0.391209,-1,-894,-2004
1754830323684,0x064,6,01 FF FF C8 28 2C,1,12.500000,36.650794,0.391209,-1,-894,-2004
1754830323690,0x064,6,01 FF FF C7 67 F9,1,12.500000,36.269841,-0.057143,-1,-906,2041
1754830323704,0x064,6,01 FF FF C7 67 F9,1,12.500000,36.269841,-0.057143,-1,-906,2041
1754830323708,0x064,6,01 FF FF C7 67 F9,1,12.500000,36.269841,-0.057143,-1,-906,2041
1754830323720,0x064,6,01 FF FF C7 67 F9,1,12.500000,36.269841,-0.057143,-1,-906,2041
1754830323721,0x064,6,01 FF FF C7 67 F9,1,12.500000,36.269841,-0.057143,-1,-906,2041
1754830323723,0x064,6,01 FF FF C7 67 F9,1,12.500000,36.269841,-0.057143,-1,-906,2041
1754830323743,0x064,6,01 FF FF C7 67 F9,1,12.500000,36.269841,-0.057143,-1,-906,2041
1754830323763,0x064,6,01 FF FF C7 67 F9,1,12.500000,36.269841,-0.057143,-1,-906,2041
1754830323769,0x064,6,01 FF FF C7 67 F9,1,12.500000,36.269841,-0.057143,-1,-906,2041
1754830323769,0x064,6,01 FF FF C7 67 F9,1,12.500000,36.269841,-0.057143,-1,-906,2041
1754830323769,0x064,6,01 FF FF C6 E7 B2,1,12.500000,36.015873,-0.681319,-1,-914,1970
1754830323774,0x064,6,01 FF FF C6 E7 B2,1,12.500000,36.015873,-0.681319,-1,-914,1970
1754830323792,0x064,6,01 FF FF C6 E7 B2,1,12.500000,36.015873,-0.681319,-1,-914,1970
1754830323798,0x064,6,01 FF FF C6 E7 B2,1,12.500000,36.015873,-0.681319,-1,-914,1970
1754830323804,0x064,6,01 FF FF C6 E7 B2,1,12.500000,36.015873,-0.681319,-1,-914,1970
1754830323819,0x064,6,01 FF FF C6 E7 B2,1,12.500000,36.015873,-0.681319,-1,-914,1970
1754830323824,0x064,6,01 FF FF C6 E7 B2,1,12.500000,36.015873,-0.681319,-1,-914,1970
1754830323829,0x064,6,01 FF FF C6 E7 B2,1,12.500000,36.015873,-0.681319,-1,-914,1970
1754830323831,0x064,6,01 FF FF C6 E7 B2,1,12.500000,36.015873,-0.681319,-1,-914,1970
1754830323845,0x064,6,01 FF FF C6 E7 B2,1,12.500000,36.015873,-0.681319,-1,-914,1970
1754830323853,0x064,6,01 FF FF C6 E7 B2,1,12.500000,36.015873,-0.681319,-1,-914,1970
1754830323883,0x064,6,01 FF FF C6 E7 B2,1,12.500000,36.015873,-0.681319,-1,-914,1970
1754830323885,0x064,6,01 FF FF C5 08 04,1,12.500000,35.063492,0.039560,-1,-944,-2044
1754830323893,0x064,6,01 FF FF C5 08 04,1,12.500000,35.063492,0.039560,-1,-944,-2044
1754830323896,0x064,6,01 FF FF C5 08 04,1,12.500000,35.063492,0.039560,-1,-944,-2044
1754830323899,0x064,6,01 FF FF C5 08 04,1,12.500000,35.063492,0.039560,-1,-944,-2044
1754830323899,0x064,6,01 FF FF C5 08 04,1,12.500000,35.063492,0.039560,-1,-944,-2044
1754830323900,0x064,6,01 FF FF C5 08 04,1,12.500000,35.063492,0.039560,-1,-944,-2044
1754830323906,0x064,6,01 FF FF C5 08 04,1,12.500000,35.063492,0.039560,-1,-944,-2044
1754830323914,0x064,6,01 FF FF C5 08 04,1,12.500000,35.063492,0.039560,-1,-944,-2044
1754830323921,0x064,6,01 FF FF C5 08 04,1,12.500000,35.063492,0.039560,-1,-944,-2044
1754830323925,0x064,6,01 FF FF C5 08 04,1,12.500000,35.063492,0.039560,-1,-944,-2044
1754830323942,0x064,6,01 FF FF C5 08 04,1,12.500000,35.063492,0.039560,-1,-944,-2044
1754830323955,0x064,6,01 FF FF C5 08 04,1,12.500000,35.063492,0.039560,-1,-944,-2044
1754830323961,0x064,6,01 FF FF C5 08 04,1,12.500000,35.063492,0.039560,-1,-944,-2044
1754830323966,0x064,6,01 FF FF C5 08 04,1,12.500000,35.063492,0.039560,-1,-944,-2044
1754830323980,0x064,6,01 FF FF C5 08 04,1,12.500000,35.063492,0.039560,-1,-944,-2044
1754830323983,0x064,6,01 FF FF C7 D7 F2,1,12.500000,36.492063,-0.118681,-1,-899,2034
1754830324000,0x064,6,01 FF FF C7 D7 F2,1,12.500000,36.492063,-0.118681,-1,-899,2034
1754830324013,0x064,6,01 FF FF C7 D7 F2,1,12.500000,36.492063,-0.118681,-1,-899,2034
1754830324031,0x064,6,01 FF FF C7 D7 F2,1,12.500000,36.492063,-0.118681,-1,-899,2034
1754830324039,0x064,6,01 FF FF C7 D7 F2,1,12.500000,36.492063,-0.118681,-1,-899,2034
1754830324048,0x064,6,01 FF FF C7 D7 F2,1,12.500000,36.492063,-0.118681,-1,-899,2034
1754830324053,0x064,6,01 FF FF C7 D7 F2,1,12.500000,36.492063,-0.118681,-1,-899,2034
1754830324058,0x064,6,01 FF FF C7 D7 F2,1,12.500000,36.492063,-0.118681,-1,-899,2034
1754830324075,0x064,6,01 FF FF C7 D7 F2,1,12.500000,36.492063,-0.118681,-1,-899,2034
1754830324080,0x064,6,01 FF FF C7 D7 F2,1,12.500000,36.492063,-0.118681,-1,-899,2034
1754830324082,0x064,6,01 FF FF C7 D7 F2,1,12.500000,36.492063,-0.118681,-1,-899,2034
1754830324089,0x064,6,01 FF FF C7 E7 E9,1,12.500000,36.523810,-0.197802,-1,-898,2025
1754830324101,0x064,6,01 FF FF C7 E7 E9,1,12.500000,36.523810,-0.197802,-1,-898,2025
1754830324103,0x064,6,01 FF FF C7 E7 E9,1,12.500000,36.523810,-0.197802,-1,-898,2025
1754830324113,0x064,6,01 FF FF C7 E7 E9,1,12.500000,36.523810,-0.197802,-1,-898,2025
1754830324125,0x064,6,01 FF FF C7 E7 E9,1,12.500000,36.523810,-0.197802,-1,-898,2025
1754830324131,0x064,6,01 FF FF C7 E7 E9,1,12.500000,36.523810,-0.197802,-1,-898,2025
1754830324140,0x064,6,01 FF FF C7 E7 E9,1,12.500000,36.523810,-0.197802,-1,-898,2025
1754830324154,0x064,6,01 FF FF C7 E7 E9,1,12.500000,36.523810,-0.197802,-1,-898,2025
1754830324154,0x064,6,01 FF FF C7 E7 E9,1,12.500000,36.523810,-0.197802,-1,-898,2025
1754830324155,0x064,6,01 FF FF C7 E7 E9,1,12.500000,36.523810,-0.197802,-1,-898,2025
1754830324155,0x064,6,01 FF FF C7 E7 E9,1,12.500000,36.523810,-0.197802,-1,-898,2025
1754830324163,0x064,6,01 FF FF C7 E7 E9,1,12.500000,36.523810,-0.197802,-1,-898,2025
1754830324166,0x064,6,01 FF FF C7 58 29,1,12.500000,36.238095,0.364835,-1,-907,-2007
1754830324172,0x064,6,01 FF FF C7 58 29,1,12.500000,36.238095,0.364835,-1,-907,-2007
1754830324180,0x064,6,01 FF FF C7 58 29,1,12.500000,36.238095,0.364835,-1,-907,-2007
1754830324185,0x064,6,01 FF FF C7 58 29,1,12.500000,36.238095,0.364835,-1,-907,-2007
1754830324197,0x064,6,01 FF FF C7 58 29,1,12.500000,36.238095,0.364835,-1,-907,-2007
1754830324202,0x064,6,01 FF FF C7 58 29,1,12.500000,36.238095,0.364835,-1,-907,-2007
1754830324218,0x064,6,01 FF FF C7 58 29,1,12.500000,36.238095,0.364835,-1,-907,-2007
1754830324224,0x064,6,01 FF FF C7 58 29,1,12.500000,36.238095,0.364835,-1,-907,-2007
1754830324234,0x064,6,01 FF FF C7 58 29,1,12.500000,36.238095,0.364835,-1,-907,-2007
1754830324242,0x064,6,01 FF FF C7 58 29,1,12.500000,36.238095,0.364835,-1,-907,-2007
1754830324242,0x064,6,01 FF FF C7 58 29,1,12.500000,36.238095,0.364835,-1,-907,-2007
1754830324250,0x064,6,01 FF FF C7 58 29,1,12.500000,36.238095,0.364835,-1,-907,-2007
1754830324253,0x064,6,01 FF FF C7 58 29,1,12.500000,36.238095,0.364835,-1,-907,-2007
1754830324259,0x064,6,01 FF FF C7 58 29,1,12.500000,36.238095,0.364835,-1,-907,-2007
1754830324266,0x064,6,01 FF FF C6 37 E9,1,12.500000,35.666667,-0.197802,-1,-925,2025
1754830324282,0x064,6,01 FF FF C6 37 E9,1,12.500000,35.666667,-0.197802,-1,-925,2025
1754830324287,0x064,6,01 FF FF C6 37 E9,1,12.500000,35.666667,-0.197802,-1,-925,2025
1754830324305,0x064,6,01 FF FF C6 37 E9,1,12.500000,35.666667,-0.197802,-1,-925,2025
1754830324318,0x064,6,01 FF FF C6 37 E9,1,12.500000,35.666667,-0.197802,-1,-925,2025
1754830324338,0x064,6,01 FF FF C6 37 E9,1,12.500000,35.666667,-0.197802,-1,-925,2025
1754830324339,0x064,6,01 FF FF C6 37 E9,1,12.500000,35.666667,-0.197802,-1,-925,2025
1754830324339,0x064,6,01 FF FF C6 37 E9,1,12.500000,35.666667,-0.197802,-1,-925,2025
1754830324343,0x064,6,01 FF FF C6 37 E9,1,12.500000,35.666667,-0.197802,-1,-925,2025
1754830324351,0x064,6,01 FF FF C6 37 E9,1,12.500000,35.666667,-0.197802,-1,-925,2025
1754830324355,0x064,6,01 FF FF C6 37 E9,1,12.500000,35.666667,-0.197802,-1,-925,2025
1754830324359,0x064,6,01 FF FF C6 37 E9,1,12.500000,35.666667,-0.197802,-1,-925,2025
1754830324363,0x064,6,01 FF FF C6 37 E9,1,12.500000,35.666667,-0.197802,-1,-925,2025
1754830324369,0x064,6,01 FF FF C6 77 F0,1,12.500000,35.793651,-0.136264,-1,-921,2032
1754830324380,0x064,6,01 FF FF C6 77 F0,1,12.500000,35.793651,-0.136264,-1,-921,2032
1754830324382,0x064,6,01 FF FF C6 77 F0,1,12.500000,35.793651,-0.136264,-1,-921,2032
1754830324386,0x064,6,01 FF FF C6 77 F0,1,12.500000,35.793651,-0.136264,-1,-921,2032
1754830324392,0x064,6,01 FF FF C6 77 F0,1,12.500000,35.793651,-0.136264,-1,-921,2032
1754830324397,0x064,6,01 FF FF C6 77 F0,1,12.500000,35.793651,-0.136264,-1,-921,2032
1754830324405,0x064,6,01 FF FF C6 77 F0,1,12.500000,35.793651,-0.136264,-1,-921,2032
1754830324417,0x064,6,01 FF FF C6 77 F0,1,12.500000,35.793651,-0.136264,-1,-921,2032
1754830324441,0x064,6,01 FF FF C6 77 F0,1,12.500000,35.793651,-0.136264,-1,-921,2032
1754830324452,0x064,6,01 FF FF C6 77 F0,1,12.500000,35.793651,-0.136264,-1,-921,2032
1754830324459,0x064,6,01 FF FF C6 77 F0,1,12.500000,35.793651,-0.136264,-1,-921,2032
1754830324463,0x064,6,01 FF FF C6 77 F0,1,12.500000,35.793651,-0.136264,-1,-921,2032
1754830324471,0x064,6,01 FF FF C6 68 0F,1,12.500000,35.761905,0.136264,-1,-922,-2033
1754830324487,0x064,6,01 FF FF C6 68 0F,1,12.500000,35.761905,0.136264,-1,-922,-2033
1754830324497,0x064,6,01 FF FF C6 68 0F,1,12.500000,35.761905,0.136264,-1,-922,-2033
1754830324507,0x064,6,01 FF FF C6 68 0F,1,12.500000,35.761905,0.136264,-1,-922,-2033
1754830324517,0x064,6,01 FF FF C6 68 0F,1,12.500000,35.761905,0.136264,-1,-922,-2033
1754830324536,0x064,6,01 FF FF C6 68 0F,1,12.500000,35.761905,0.136264,-1,-922,-2033
1754830324538,0x064,6,01 FF FF C6 68 0F,1,12.500000,35.761905,0.136264,-1,-922,-2033
1754830324542,0x064,6,01 FF FF C6 68 0F,1,12.500000,35.761905,0.136264,-1,-922,-2033
1754830324542,0x064,6,01 FF FF C6 68 0F,1,12.500000,35.761905,0.136264,-1,-922,-2033
1754830324545,0x064,6,01 FF FF C6 68 0F,1,12.500000,35.761905,0.136264,-1,-922,-2033
1754830324546,0x064,6,01 FF FF C6 68 0F,1,12.500000,35.761905,0.136264,-1,-922,-2033
1754830324557,0x064,6,01 FF FF C6 68 0F,1,12.500000,35.761905,0.136264,-1,-922,-2033
1754830324562,0x064,6,01 FF FF C6 68 0F,1,12.500000,35.761905,0.136264,-1,-922,-2033
1754830324566,0x064,6,01 FF FF C6 68 0F,1,12.500000,35.761905,0.136264,-1,-922,-2033
1754830324569,0x064,6,01 FF FF C7 08 26,1,12.500000,36.079365,0.338462,-1,-912,-2010
1754830324582,0x064,6,01 FF FF C7 08 26,1,12.500000,36.079365,0.338462,-1,-912,-2010
1754830324592,0x064,6,01 FF FF C7 08 26,1,12.500000,36.079365,0.338462,-1,-912,-2010
1754830324600,0x064,6,01 FF FF C7 08 26,1,12.500000,36.079365,0.338462,-1,-912,-2010
1754830324608,0x064,6,01 FF FF C7 08 26,1,12.500000,36.079365,0.338462,-1,-912,-2010
1754830324614,0x064,6,01 FF FF C7 08 26,1,12.500000,36.079365,0.338462,-1,-912,-2010
1754830324619,0x064,6,01 FF FF C7 08 26,1,12.500000,36.079365,0.338462,-1,-912,-2010
1754830324622,0x064,6,01 FF FF C7 08 26,1,12.500000,36.079365,0.338462,-1,-912,-2010
1754830324627,0x064,6,01 FF FF C7 08 26,1,12.500000,36.079365,0.338462,-1,-912,-2010
1754830324633,0x064,6,01 FF FF C7 08 26,1,12.500000,36.079365,0.338462,-1,-912,-2010
1754830324638,0x064,6,01 FF FF C7 08 26,1,12.500000,36.079365,0.338462,-1,-912,-2010
1754830324643,0x064,6,01 FF FF C7 08 26,1,12.500000,36.079365,0.338462,-1,-912,-2010
1754830324649,0x064,6,01 FF FF C7 08 26,1,12.500000,36.079365,0.338462,-1,-912,-2010
1754830324658,0x064,6,01 FF FF C7 08 26,1,12.500000,36.079365,0.338462,-1,-912,-2010
1754830324663,0x064,6,01 FF FF C7 08 26,1,12.500000,36.079365,0.338462,-1,-912,-2010
1754830324671,0x064,6,01 FF FF C8 07 FA,1,12.500000,36.587302,-0.048352,-1,-896,2042
1754830324672,0x064,6,01 FF FF C8 07 FA,1,12.500000,36.587302,-0.048352,-1,-896,2042
1754830324682,0x064,6,01 FF FF C8 07 FA,1,12.500000,36.587302,-0.048352,-1,-896,2042
1754830324683,0x064,6,01 FF FF C8 07 FA,1,12.500000,36.587302,-0.048352,-1,-896,2042
1754830324695,0x064,6,01 FF FF C8 07 FA,1,12.500000,36.587302,-0.048352,-1,-896,2042
1754830324696,0x064,6,01 FF FF C8 07 FA,1,12.500000,36.587302,-0.048352,-1,-896,2042
1754830324702,0x064,6,01 FF FF C8 07 FA,1,12.500000,36.587302,-0.048352,-1,-896,2042
1754830324707,0x064,6,01 FF FF C8 07 FA,1,12.500000,36.587302,-0.048352,-1,-896,2042
1754830324719,0x064,6,01 FF FF C8 07 FA,1,12.500000,36.587302,-0.048352,-1,-896,2042
1754830324720,0x064,6,01 FF FF C8 07 FA,1,12.500000,36.587302,-0.048352,-1,-896,2042
1754830324725,0x064,6,01 FF FF C8 07 FA,1,12.500000,36.587302,-0.048352,-1,-896,2042
1754830324744,0x064,6,01 FF FF C8 07 FA,1,12.500000,36.587302,-0.048352,-1,-896,2042
1754830324744,0x064,6,01 FF FF C8 07 FA,1,12.500000,36.587302,-0.048352,-1,-896,2042
1754830324753,0x064,6,01 FF FF C8 07 FA,1,12.500000,36.587302,-0.048352,-1,-896,2042
1754830324762,0x064,6,01 FF FF C8 07 FA,1,12.500000,36.587302,-0.048352,-1,-896,2042
1754830324763,0x064,6,01 FF FF C8 07 FA,1,12.500000,36.587302,-0.048352,-1,-896,2042
1754830324769,0x064,6,01 FF FF C7 57 78,1,12.500000,36.238095,-1.191209,-1,-907,1912
1754830324777,0x064,6,01 FF FF C7 57 78,1,12.500000,36.238095,-1.191209,-1,-907,1912
1754830324786,0x064,6,01 FF FF C7 57 78,1,12.500000,36.238095,-1.191209,-1,-907,1912
1754830324788,0x064,6,01 FF FF C7 57 78,1,12.500000,36.238095,-1.191209,-1,-907,1912
1754830324792,0x064,6,01 FF FF C7 57 78,1,12.500000,36.238095,-1.191209,-1,-907,1912
1754830324797,0x064,6,01 FF FF C7 57 78,1,12.500000,36.238095,-1.191209,-1,-907,1912
1754830324808,0x064,6,01 FF FF C7 57 78,1,12.500000,36.238095,-1.191209,-1,-907,1912
1754830324809,0x064,6,01 FF FF C7 57 78,1,12.500000,36.238095,-1.191209,-1,-907,1912
1754830324816,0x064,6,01 FF FF C7 57 78,1,12.500000,36.238095,-1.191209,-1,-907,1912
1754830324825,0x064,6,01 FF FF C7 57 78,1,12.500000,36.238095,-1.191209,-1,-907,1912
1754830324837,0x064,6,01 FF FF C7 57 78,1,12.500000,36.238095,-1.191209,-1,-907,1912
1754830324838,0x064,6,01 FF FF C7 57 78,1,12.500000,36.238095,-1.191209,-1,-907,1912
1754830324844,0x064,6,01 FF FF C7 57 78,1,12.500000,36.238095,-1.191209,-1,-907,1912
1754830324849,0x064,6,01 FF FF C7 57 78,1,12.500000,36.238095,-1.191209,-1,-907,1912
1754830324865,0x064,6,01 FF FF C7 57 78,1,12.500000,36.238095,-1.191209,-1,-907,1912
1754830324886,0x064,6,01 FF FF C4 08 50,1,12.500000,34.555556,0.707692,-1,-960,-1968
1754830324888,0x064,6,01 FF FF C4 08 50,1,12.500000,34.555556,0.707692,-1,-960,-1968
1754830324890,0x064,6,01 FF FF C4 08 50,1,12.500000,34.555556,0.707692,-1,-960,-1968
1754830324897,0x064,6,01 FF FF C4 08 50,1,12.500000,34.555556,0.707692,-1,-960,-1968
1754830324901,0x064,6,01 FF FF C4 08 50,1,12.500000,34.555556,0.707692,-1,-960,-1968
1754830324908,0x064,6,01 FF FF C4 08 50,1,12.500000,34.555556,0.707692,-1,-960,-1968
1754830324912,0x064,6,01 FF FF C4 08 50,1,12.500000,34.555556,0.707692,-1,-960,-1968
1754830324918,0x064,6,01 FF FF C4 08 50,1,12.500000,34.555556,0.707692,-1,-960,-1968
1754830324923,0x064,6,01 FF FF C4 08 50,1,12.500000,34.555556,0.707692,-1,-960,-1968
1754830324929,0x064,6,01 FF FF C4 08 50,1,12.500000,34.555556,0.707692,-1,-960,-1968
1754830324934,0x064,6,01 FF FF C4 08 50,1,12.500000,34.555556,0.707692,-1,-960,-1968
1754830379341,0x064,6,01 FF FF 80 07 E9,1,-0.000381,-65.031754,17.806546,-1,-2048,2025
1754830379341,0x064,6,01 FF FF 80 08 0D,1,-0.000381,-65.031754,-17.894480,-1,-2048,-2035
1754830379342,0x064,6,01 FF FF 80 08 0D,1,-0.000381,-65.031754,-17.894480,-1,-2048,-2035
1754830379342,0x064,6,01 7F FF 80 07 EA,1,12.500000,-65.031754,17.815340,32767,-2048,2026
1754830379347,0x064,6,01 7F FF 80 07 EA,1,12.500000,-65.031754,17.815340,32767,-2048,2026
1754830379353,0x064,6,01 7F FF 80 07 EA,1,12.500000,-65.031754,17.815340,32767,-2048,2026
1754830379358,0x064,6,01 7F FF 80 07 EA,1,12.500000,-65.031754,17.815340,32767,-2048,2026
1754830379363,0x064,6,01 7F FF 80 07 EA,1,12.500000,-65.031754,17.815340,32767,-2048,2026
1754830379369,0x064,6,01 7F FF 80 07 EA,1,12.500000,-65.031754,17.815340,32767,-2048,2026
1754830379374,0x064,6,01 7F FF 80 07 EA,1,12.500000,-65.031754,17.815340,32767,-2048,2026
1754830379381,0x064,6,01 7F FF 80 07 EA,1,12.500000,-65.031754,17.815340,32767,-2048,2026
1754830379394,0x064,6,01 7F FF 80 07 EA,1,12.500000,-65.031754,17.815340,32767,-2048,2026
1754830379400,0x064,6,01 7F FF 80 07 EA,1,12.500000,-65.031754,17.815340,32767,-2048,2026
1754830379406,0x064,6,01 7F FF 80 07 EA,1,12.500000,-65.031754,17.815340,32767,-2048,2026
1754830379410,0x064,6,01 7F FF 80 07 EA,1,12.500000,-65.031754,17.815340,32767,-2048,2026
1754830379412,0x064,6,01 7F FF 80 07 EA,1,12.500000,-65.031754,17.815340,32767,-2048,2026
1754830379418,0x064,6,01 7F FF 80 07 EA,1,12.500000,-65.031754,17.815340,32767,-2048,2026
1754830379423,0x064,6,01 7F FF 80 07 E8,1,12.500000,-65.031754,17.797753,32767,-2048,2024
1754830379429,0x064,6,01 7F FF 80 07 E8,1,12.500000,-65.031754,17.797753,32767,-2048,2024
1754830379434,0x064,6,01 7F FF 80 07 E8,1,12.500000,-65.031754,17.797753,32767,-2048,2024
1754830379440,0x064,6,01 7F FF 80 07 E8,1,12.500000,-65.031754,17.797753,32767,-2048,2024
1754830379445,0x064,6,01 7F FF 80 07 E8,1,12.500000,-65.031754,17.797753,32767,-2048,2024
1754830379453,0x064,6,01 7F FF 80 07 E8,1,12.500000,-65.031754,17.797753,32767,-2048,2024
1754830379465,0x064,6,01 7F FF 80 07 E8,1,12.500000,-65.031754,17.797753,32767,-2048,2024
1754830379465,0x064,6,01 7F FF 80 07 E8,1,12.500000,-65.031754,17.797753,32767,-2048,2024
1754830379470,0x064,6,01 7F FF 80 07 E8,1,12.500000,-65.031754,17.797753,32767,-2048,2024
1754830379476,0x064,6,01 7F FF 80 07 E8,1,12.500000,-65.031754,17.797753,32767,-2048,2024
1754830379481,0x064,6,01 7F FF 80 07 E8,1,12.500000,-65.031754,17.797753,32767,-2048,2024
1754830379486,0x064,6,01 7F FF 80 07 E8,1,12.500000,-65.031754,17.797753,32767,-2048,2024
1754830379492,0x064,6,01 7F FF 80 07 E8,1,12.500000,-65.031754,17.797753,32767,-2048,2024
1754830379497,0x064,6,01 7F FF 80 07 E8,1,12.500000,-65.031754,17.797753,32767,-2048,2024
1754830379504,0x064,6,01 7F FF 80 07 E8,1,12.500000,-65.031754,17.797753,32767,-2048,2024
1754830379519,0x064,6,01 7F FF 80 07 E8,1,12.500000,-65.031754,17.797753,32767,-2048,2024
1754830379532,0x064,6,01 7F FF 80 07 E8,1,12.500000,-65.031754,17.797753,32767,-2048,2024
1754830379536,0x064,6,01 7F FF 80 08 21,1,12.500000,-65.031754,-17.718613,32767,-2048,-2015
1754830379549,0x064,6,01 7F FF 80 08 21,1,12.500000,-65.031754,-17.718613,32767,-2048,-2015
1754830379557,0x064,6,01 7F FF 80 08 21,1,12.500000,-65.031754,-17.718613,32767,-2048,-2015
1754830379571,0x064,6,01 7F FF 80 08 21,1,12.500000,-65.031754,-17.718613,32767,-2048,-2015
1754830379571,0x064,6,01 7F FF 80 08 21,1,12.500000,-65.031754,-17.718613,32767,-2048,-2015
1754830379571,0x064,6,01 7F FF 80 08 21,1,12.500000,-65.031754,-17.718613,32767,-2048,-2015
1754830379575,0x064,6,01 7F FF 80 08 21,1,12.500000,-65.031754,-17.718613,32767,-2048,-2015
1754830379581,0x064,6,01 7F FF 80 08 21,1,12.500000,-65.031754,-17.718613,32767,-2048,-2015
1754830379586,0x064,6,01 7F FF 80 08 21,1,12.500000,-65.031754,-17.718613,32767,-2048,-2015
1754830379592,0x064,6,01 7F FF 80 08 21,1,12.500000,-65.031754,-17.718613,32767,-2048,-2015
1754830379598,0x064,6,01 7F FF 80 08 21,1,12.500000,-65.031754,-17.718613,32767,-2048,-2015
1754830379602,0x064,6,01 7F FF 80 08 21,1,12.500000,-65.031754,-17.718613,32767,-2048,-2015
1754830379608,0x064,6,01 7F FF 80 08 21,1,12.500000,-65.031754,-17.718613,32767,-2048,-2015
1754830379616,0x064,6,01 7F FF 80 08 21,1,12.500000,-65.031754,-17.718613,32767,-2048,-2015
1754830379619,0x064,6,01 7F FF 80 08 21,1,12.500000,-65.031754,-17.718613,32767,-2048,-2015
1754830379624,0x064,6,01 7F FF 80 07 EC,1,12.500000,-65.031754,17.832926,32767,-2048,2028
1754830379629,0x064,6,01 7F FF 80 07 EC,1,12.500000,-65.031754,17.832926,32767,-2048,2028
1754830379636,0x064,6,01 7F FF 80 07 EC,1,12.500000,-65.031754,17.832926,32767,-2048,2028
1754830379641,0x064,6,01 7F FF 80 07 EC,1,12.500000,-65.031754,17.832926,32767,-2048,2028
1754830379652,0x064,6,01 7F FF 80 07 EC,1,12.500000,-65.031754,17.832926,32767,-2048,2028
1754830379659,0x064,6,01 7F FF 80 07 EC,1,12.500000,-65.031754,17.832926,32767,-2048,2028
1754830379662,0x064,6,01 7F FF 80 07 EC,1,12.500000,-65.031754,17.832926,32767,-2048,2028
1754830379669,0x064,6,01 7F FF 80 07 EC,1,12.500000,-65.031754,17.832926,32767,-2048,2028
1754830379676,0x064,6,01 7F FF 80 07 EC,1,12.500000,-65.031754,17.832926,32767,-2048,2028
1754830379680,0x064,6,01 7F FF 80 07 EC,1,12.500000,-65.031754,17.832926,32767,-2048,2028
1754830379685,0x064,6,01 7F FF 80 07 EC,1,12.500000,-65.031754,17.832926,32767,-2048,2028
1754830379692,0x064,6,01 7F FF 80 07 EC,1,12.500000,-65.031754,17.832926,32767,-2048,2028
1754830379702,0x064,6,01 7F FF 80 07 EC,1,12.500000,-65.031754,17.832926,32767,-2048,2028
1754830379703,0x064,6,01 7F FF 80 07 EC,1,12.500000,-65.031754,17.832926,32767,-2048,2028
1754830379708,0x064,6,01 7F FF 80 07 EC,1,12.500000,-65.031754,17.832926,32767,-2048,2028
1754830379713,0x064,6,01 7F FF 80 07 EC,1,12.500000,-65.031754,17.832926,32767,-2048,2028
1754830379719,0x064,6,01 7F FF 80 07 EC,1,12.500000,-65.031754,17.832926,32767,-2048,2028
1754830379724,0x064,6,01 7F FF 80 07 F8,1,12.500000,-65.031754,17.938447,32767,-2048,2040
1754830379734,0x064,6,01 7F FF 80 07 F8,1,12.500000,-65.031754,17.938447,32767,-2048,2040
1754830379739,0x064,6,01 7F FF 80 07 F8,1,12.500000,-65.031754,17.938447,32767,-2048,2040
1754830379745,0x064,6,01 7F FF 80 07 F8,1,12.500000,-65.031754,17.938447,32767,-2048,2040
1754830379748,0x064,6,01 7F FF 80 07 F8,1,12.500000,-65.031754,17.938447,32767,-2048,2040
1754830379753,0x064,6,01 7F FF 80 07 F8,1,12.500000,-65.031754,17.938447,32767,-2048,2040
1754830379758,0x064,6,01 7F FF 80 07 F8,1,12.500000,-65.031754,17.938447,32767,-2048,2040
1754830379766,0x064,6,01 7F FF 80 07 F8,1,12.500000,-65.031754,17.938447,32767,-2048,2040
1754830379771,0x064,6,01 7F FF 80 07 F8,1,12.500000,-65.031754,17.938447,32767,-2048,2040
1754830379774,0x064,6,01 7F FF 80 07 F8,1,12.500000,-65.031754,17.938447,32767,-2048,2040
1754830379779,0x064,6,01 7F FF 80 07 F8,1,12.500000,-65.031754,17.938447,32767,-2048,2040
1754830379785,0x064,6,01 7F FF 80 07 F8,1,12.500000,-65.031754,17.938447,32767,-2048,2040
1754830379791,0x064,6,01 7F FF 80 07 F8,1,12.500000,-65.031754,17.938447,32767,-2048,2040
1754830379797,0x064,6,01 7F FF 80 07 F8,1,12.500000,-65.031754,17.938447,32767,-2048,2040
1754830379802,0x064,6,01 7F FF 80 07 F8,1,12.500000,-65.031754,17.938447,32767,-2048,2040
1754830379808,0x064,6,01 7F FF 80 07 F8,1,12.500000,-65.031754,17.938447,32767,-2048,2040
1754830379813,0x064,6,01 7F FF 80 07 F8,1,12.500000,-65.031754,17.938447,32767,-2048,2040
1754830379818,0x064,6,01 7F FF 80 07 F8,1,12.500000,-65.031754,17.938447,32767,-2048,2040
1754830379827,0x064,6,01 7F FF 80 08 00,1,12.500000,-65.031754,-18.008793,32767,-2048,-2048
1754830379834,0x064,6,01 7F FF 80 08 00,1,12.500000,-65.031754,-18.008793,32767,-2048,-2048
1754830379835,0x064,6,01 7F FF 80 08 00,1,12.500000,-65.031754,-18.008793,32767,-2048,-2048
1754830379841,0x064,6,01 7F FF 80 08 00,1,12.500000,-65.031754,-18.008793,32767,-2048,-2048
1754830379846,0x064,6,01 7F FF 80 08 00,1,12.500000,-65.031754,-18.008793,32767,-2048,-2048
1754830379855,0x064,6,01 7F FF 80 08 00,1,12.500000,-65.031754,-18.008793,32767,-2048,-2048
1754830379857,0x064,6,01 7F FF 80 08 00,1,12.500000,-65.031754,-18.008793,32767,-2048,-2048
1754830379863,0x064,6,01 7F FF 80 08 00,1,12.500000,-65.031754,-18.008793,32767,-2048,-2048
1754830379877,0x064,6,01 7F FF 80 08 00,1,12.500000,-65.031754,-18.008793,32767,-2048,-2048
1754830379886,0x064,6,01 7F FF 80 08 00,1,12.500000,-65.031754,-18.008793,32767,-2048,-2048
1754830379896,0x064,6,01 7F FF 80 08 00,1,12.500000,-65.031754,-18.008793,32767,-2048,-2048
1754830379898,0x064,6,01 7F FF 80 08 00,1,12.500000,-65.031754,-18.008793,32767,-2048,-2048
1754830379899,0x064,6,01 7F FF 80 08 00,1,12.500000,-65.031754,-18.008793,32767,-2048,-2048
1754830379905,0x064,6,01 7F FF 80 08 00,1,12.500000,-65.031754,-18.008793,32767,-2048,-2048
1754830379910,0x064,6,01 7F FF 80 08 00,1,12.500000,-65.031754,-18.008793,32767,-2048,-2048
1754830379916,0x064,6,01 7F FF 80 08 00,1,12.500000,-65.031754,-18.008793,32767,-2048,-2048
1754830379921,0x064,6,01 7F FF 80 08 00,1,12.500000,-65.031754,-18.008793,32767,-2048,-2048
1754830379926,0x064,6,01 80 01 80 08 13,1,-12.500000,-65.031754,-17.841720,-32767,-2048,-2029
1754830379940,0x064,6,01 80 01 80 08 13,1,-12.500000,-65.031754,-17.841720,-32767,-2048,-2029
1754830379950,0x064,6,01 80 01 80 08 13,1,-12.500000,-65.031754,-17.841720,-32767,-2048,-2029
1754830379962,0x064,6,01 80 01 80 08 13,1,-12.500000,-65.031754,-17.841720,-32767,-2048,-2029
1754830379968,0x064,6,01 80 01 80 08 13,1,-12.500000,-65.031754,-17.841720,-32767,-2048,-2029
1754830379972,0x064,6,01 80 01 80 08 13,1,-12.500000,-65.031754,-17.841720,-32767,-2048,-2029
1754830379982,0x064,6,01 80 01 80 08 13,1,-12.500000,-65.031754,-17.841720,-32767,-2048,-2029
1754830379982,0x064,6,01 80 01 80 08 13,1,-12.500000,-65.031754,-17.841720,-32767,-2048,-2029
1754830379982,0x064,6,01 80 01 80 08 13,1,-12.500000,-65.031754,-17.841720,-32767,-2048,-2029
1754830379987,0x064,6,01 80 01 80 08 13,1,-12.500000,-65.031754,-17.841720,-32767,-2048,-2029
1754830379992,0x064,6,01 80 01 80 08 13,1,-12.500000,-65.031754,-17.841720,-32767,-2048,-2029
1754830379998,0x064,6,01 80 01 80 08 13,1,-12.500000,-65.031754,-17.841720,-32767,-2048,-2029
1754830380015,0x064,6,01 80 01 80 08 13,1,-12.500000,-65.031754,-17.841720,-32767,-2048,-2029
1754830380019,0x064,6,01 80 01 80 08 13,1,-12.500000,-65.031754,-17.841720,-32767,-2048,-2029
1754830380019,0x064,6,01 80 01 80 08 13,1,-12.500000,-65.031754,-17.841720,-32767,-2048,-2029
1754830380022,0x064,6,01 80 01 80 08 13,1,-12.500000,-65.031754,-17.841720,-32767,-2048,-2029
1754830380026,0x064,6,01 80 09 80 68 21,1,-12.496948,-64.841231,-17.718613,-32759,-2042,-2015
1754830380033,0x064,6,01 80 09 80 68 21,1,-12.496948,-64.841231,-17.718613,-32759,-2042,-2015
1754830380038,0x064,6,01 80 09 80 68 21,1,-12.496948,-64.841231,-17.718613,-32759,-2042,-2015
1754830380043,0x064,6,01 80 09 80 68 21,1,-12.496948,-64.841231,-17.718613,-32759,-2042,-2015
1754830380047,0x064,6,01 80 09 80 68 21,1,-12.496948,-64.841231,-17.718613,-32759,-2042,-2015
1754830380053,0x064,6,01 80 09 80 68 21,1,-12.496948,-64.841231,-17.718613,-32759,-2042,-2015
1754830380059,0x064,6,01 80 09 80 68 21,1,-12.496948,-64.841231,-17.718613,-32759,-2042,-2015
1754830380064,0x064,6,01 80 09 80 68 21,1,-12.496948,-64.841231,-17.718613,-32759,-2042,-2015
1754830380070,0x064,6,01 80 09 80 68 21,1,-12.496948,-64.841231,-17.718613,-32759,-2042,-2015
1754830380076,0x064,6,01 80 09 80 68 21,1,-12.496948,-64.841231,-17.718613,-32759,-2042,-2015
1754830380081,0x064,6,01 80 09 80 68 21,1,-12.496948,-64.841231,-17.718613,-32759,-2042,-2015
1754830380092,0x064,6,01 80 09 80 68 21,1,-12.496948,-64.841231,-17.718613,-32759,-2042,-2015
1754830380093,0x064,6,01 80 09 80 68 21,1,-12.496948,-64.841231,-17.718613,-32759,-2042,-2015
1754830380098,0x064,6,01 80 09 80 68 21,1,-12.496948,-64.841231,-17.718613,-32759,-2042,-2015
1754830380104,0x064,6,01 80 09 80 68 21,1,-12.496948,-64.841231,-17.718613,-32759,-2042,-2015
1754830380109,0x064,6,01 80 09 80 68 21,1,-12.496948,-64.841231,-17.718613,-32759,-2042,-2015
1754830380114,0x064,6,01 80 09 80 68 21,1,-12.496948,-64.841231,-17.718613,-32759,-2042,-2015
1754830380120,0x064,6,01 80 09 80 68 21,1,-12.496948,-64.841231,-17.718613,-32759,-2042,-2015
1754830380125,0x064,6,01 80 2A 80 78 59,1,-12.484359,-64.809477,-17.226185,-32726,-2041,-1959
1754830380131,0x064,6,01 80 2A 80 78 59,1,-12.484359,-64.809477,-17.226185,-32726,-2041,-1959
1754830380145,0x064,6,01 80 2A 80 78 59,1,-12.484359,-64.809477,-17.226185,-32726,-2041,-1959
1754830380147,0x064,6,01 80 2A 80 78 59,1,-12.484359,-64.809477,-17.226185,-32726,-2041,-1959
1754830380151,0x064,6,01 80 2A 80 78 59,1,-12.484359,-64.809477,-17.226185,-32726,-2041,-1959
1754830380157,0x064,6,01 80 2A 80 78 59,1,-12.484359,-64.809477,-17.226185,-32726,-2041,-1959
1754830380173,0x064,6,01 80 2A 80 78 59,1,-12.484359,-64.809477,-17.226185,-32726,-2041,-1959
1754830380175,0x064,6,01 80 2A 80 78 59,1,-12.484359,-64.809477,-17.226185,-32726,-2041,-1959
1754830380185,0x064,6,01 80 2A 80 78 59,1,-12.484359,-64.809477,-17.226185,-32726,-2041,-1959
1754830380197,0x064,6,01 80 2A 80 78 59,1,-12.484359,-64.809477,-17.226185,-32726,-2041,-1959
1754830380203,0x064,6,01 80 2A 80 78 59,1,-12.484359,-64.809477,-17.226185,-32726,-2041,-1959
1754830380205,0x064,6,01 80 2A 80 78 59,1,-12.484359,-64.809477,-17.226185,-32726,-2041,-1959
1754830380208,0x064,6,01 80 2A 80 78 59,1,-12.484359,-64.809477,-17.226185,-32726,-2041,-1959
1754830380213,0x064,6,01 80 2A 80 78 59,1,-12.484359,-64.809477,-17.226185,-32726,-2041,-1959
1754830380222,0x064,6,01 80 2A 80 78 59,1,-12.484359,-64.809477,-17.226185,-32726,-2041,-1959
1754830380226,0x064,6,01 80 69 81 38 21,1,-12.460326,-64.428432,-17.718613,-32663,-2029,-2015
1754830380230,0x064,6,01 80 69 81 38 21,1,-12.460326,-64.428432,-17.718613,-32663,-2029,-2015
1754830380235,0x064,6,01 80 69 81 38 21,1,-12.460326,-64.428432,-17.718613,-32663,-2029,-2015
1754830380248,0x064,6,01 80 69 81 38 21,1,-12.460326,-64.428432,-17.718613,-32663,-2029,-2015
1754830380251,0x064,6,01 80 69 81 38 21,1,-12.460326,-64.428432,-17.718613,-32663,-2029,-2015
1754830380268,0x064,6,01 80 69 81 38 21,1,-12.460326,-64.428432,-17.718613,-32663,-2029,-2015
1754830380270,0x064,6,01 80 69 81 38 21,1,-12.460326,-64.428432,-17.718613,-32663,-2029,-2015
1754830380271,0x064,6,01 80 69 81 38 21,1,-12.460326,-64.428432,-17.718613,-32663,-2029,-2015
1754830380276,0x064,6,01 80 69 81 38 21,1,-12.460326,-64.428432,-17.718613,-32663,-2029,-2015
1754830380282,0x064,6,01 80 69 81 38 21,1,-12.460326,-64.428432,-17.718613,-32663,-2029,-2015
1754830380287,0x064,6,01 80 69 81 38 21,1,-12.460326,-64.428432,-17.718613,-32663,-2029,-2015
1754830380293,0x064,6,01 80 69 81 38 21,1,-12.460326,-64.428432,-17.718613,-32663,-2029,-2015
1754830380298,0x064,6,01 80 69 81 38 21,1,-12.460326,-64.428432,-17.718613,-32663,-2029,-2015
1754830380318,0x064,6,01 80 69 81 38 21,1,-12.460326,-64.428432,-17.718613,-32663,-2029,-2015
1754830380321,0x064,6,01 80 69 81 38 21,1,-12.460326,-64.428432,-17.718613,-32663,-2029,-2015
1754830380321,0x064,6,01 80 69 81 38 21,1,-12.460326,-64.428432,-17.718613,-32663,-2029,-2015
1754830380328,0x064,6,01 80 D4 81 F7 C5,1,-12.419507,-64.047386,17.489985,-32556,-2017,1989
1754830380332,0x064,6,01 80 D4 81 F7 C5,1,-12.419507,-64.047386,17.489985,-32556,-2017,1989
1754830380336,0x064,6,01 80 D4 81 F7 C5,1,-12.419507,-64.047386,17.489985,-32556,-2017,1989
1754830380348,0x064,6,01 80 D4 81 F7 C5,1,-12.419507,-64.047386,17.489985,-32556,-2017,1989
1754830380361,0x064,6,01 80 D4 81 F7 C5,1,-12.419507,-64.047386,17.489985,-32556,-2017,1989
1754830380362,0x064,6,01 80 D4 81 F7 C5,1,-12.419507,-64.047386,17.489985,-32556,-2017,1989
1754830380362,0x064,6,01 80 D4 81 F7 C5,1,-12.419507,-64.047386,17.489985,-32556,-2017,1989
1754830380368,0x064,6,01 80 D4 81 F7 C5,1,-12.419507,-64.047386,17.489985,-32556,-2017,1989
1754830380373,0x064,6,01 80 D4 81 F7 C5,1,-12.419507,-64.047386,17.489985,-32556,-2017,1989
1754830380378,0x064,6,01 80 D4 81 F7 C5,1,-12.419507,-64.047386,17.489985,-32556,-2017,1989
1754830380386,0x064,6,01 80 D4 81 F7 C5,1,-12.419507,-64.047386,17.489985,-32556,-2017,1989
1754830380389,0x064,6,01 80 D4 81 F7 C5,1,-12.419507,-64.047386,17.489985,-32556,-2017,1989
1754830380395,0x064,6,01 80 D4 81 F7 C5,1,-12.419507,-64.047386,17.489985,-32556,-2017,1989
1754830380401,0x064,6,01 80 D4 81 F7 C5,1,-12.419507,-64.047386,17.489985,-32556,-2017,1989
1754830380408,0x064,6,01 80 D4 81 F7 C5,1,-12.419507,-64.047386,17.489985,-32556,-2017,1989
1754830380412,0x064,6,01 80 D4 81 F7 C5,1,-12.419507,-64.047386,17.489985,-32556,-2017,1989
1754830380418,0x064,6,01 80 D4 81 F7 C5,1,-12.419507,-64.047386,17.489985,-32556,-2017,1989
1754830380423,0x064,6,01 81 77 83 18 01,1,-12.357326,-63.475818,-18.000000,-32393,-1999,-2047
1754830380433,0x064,6,01 81 77 83 18 01,1,-12.357326,-63.475818,-18.000000,-32393,-1999,-2047
1754830380436,0x064,6,01 81 77 83 18 01,1,-12.357326,-63.475818,-18.000000,-32393,-1999,-2047
1754830380441,0x064,6,01 81 77 83 18 01,1,-12.357326,-63.475818,-18.000000,-32393,-1999,-2047
1754830380446,0x064,6,01 81 77 83 18 01,1,-12.357326,-63.475818,-18.000000,-32393,-1999,-2047
1754830380453,0x064,6,01 81 77 83 18 01,1,-12.357326,-63.475818,-18.000000,-32393,-1999,-2047
1754830380458,0x064,6,01 81 77 83 18 01,1,-12.357326,-63.475818,-18.000000,-32393,-1999,-2047
1754830380467,0x064,6,01 81 77 83 18 01,1,-12.357326,-63.475818,-18.000000,-32393,-1999,-2047
1754830380493,0x064,6,01 81 77 83 18 01,1,-12.357326,-63.475818,-18.000000,-32393,-1999,-2047
1754830380497,0x064,6,01 81 77 83 18 01,1,-12.357326,-63.475818,-18.000000,-32393,-1999,-2047
1754830380502,0x064,6,01 81 77 83 18 01,1,-12.357326,-63.475818,-18.000000,-32393,-1999,-2047
1754830380505,0x064,6,01 81 77 83 18 01,1,-12.357326,-63.475818,-18.000000,-32393,-1999,-2047
1754830380512,0x064,6,01 81 77 83 18 01,1,-12.357326,-63.475818,-18.000000,-32393,-1999,-2047
1754830380523,0x064,6,01 81 77 83 18 01,1,-12.357326,-63.475818,-18.000000,-32393,-1999,-2047
1754830380534,0x064,6,01 81 77 83 18 01,1,-12.357326,-63.475818,-18.000000,-32393,-1999,-2047
1754830380536,0x064,6,01 82 59 83 F8 21,1,-12.271111,-63.031265,-17.718613,-32167,-1985,-2015
1754830380542,0x064,6,01 82 59 83 F8 21,1,-12.271111,-63.031265,-17.718613,-32167,-1985,-2015
1754830380544,0x064,6,01 82 59 83 F8 21,1,-12.271111,-63.031265,-17.718613,-32167,-1985,-2015
1754830380556,0x064,6,01 82 59 83 F8 21,1,-12.271111,-63.031265,-17.718613,-32167,-1985,-2015
1754830380564,0x064,6,01 82 59 83 F8 21,1,-12.271111,-63.031265,-17.718613,-32167,-1985,-2015
1754830380570,0x064,6,01 82 59 83 F8 21,1,-12.271111,-63.031265,-17.718613,-32167,-1985,-2015
1754830380572,0x064,6,01 82 59 83 F8 21,1,-12.271111,-63.031265,-17.718613,-32167,-1985,-2015
1754830380576,0x064,6,01 82 59 83 F8 21,1,-12.271111,-63.031265,-17.718613,-32167,-1985,-2015
1754830380587,0x064,6,01 82 59 83 F8 21,1,-12.271111,-63.031265,-17.718613,-32167,-1985,-2015
1754830380594,0x064,6,01 82 59 83 F8 21,1,-12.271111,-63.031265,-17.718613,-32167,-1985,-2015
1754830380595,0x064,6,01 82 59 83 F8 21,1,-12.271111,-63.031265,-17.718613,-32167,-1985,-2015
1754830380601,0x064,6,01 82 59 83 F8 21,1,-12.271111,-63.031265,-17.718613,-32167,-1985,-2015
1754830380607,0x064,6,01 82 59 83 F8 21,1,-12.271111,-63.031265,-17.718613,-32167,-1985,-2015
1754830380624,0x064,6,01 82 59 83 F8 21,1,-12.271111,-63.031265,-17.718613,-32167,-1985,-2015
1754830380632,0x064,6,01 82 59 83 F8 21,1,-12.271111,-63.031265,-17.718613,-32167,-1985,-2015
1754830380645,0x064,6,01 83 75 84 B8 29,1,-12.162770,-62.650220,-17.648266,-31883,-1973,-2007
1754830380660,0x064,6,01 83 75 84 B8 29,1,-12.162770,-62.650220,-17.648266,-31883,-1973,-2007
1754830380660,0x064,6,01 83 75 84 B8 29,1,-12.162770,-62.650220,-17.648266,-31883,-1973,-2007
1754830380661,0x064,6,01 83 75 84 B8 29,1,-12.162770,-62.650220,-17.648266,-31883,-1973,-2007
1754830380661,0x064,6,01 83 75 84 B8 29,1,-12.162770,-62.650220,-17.648266,-31883,-1973,-2007
1754830380661,0x064,6,01 83 75 84 B8 29,1,-12.162770,-62.650220,-17.648266,-31883,-1973,-2007
1754830380667,0x064,6,01 83 75 84 B8 29,1,-12.162770,-62.650220,-17.648266,-31883,-1973,-2007
1754830380672,0x064,6,01 83 75 84 B8 29,1,-12.162770,-62.650220,-17.648266,-31883,-1973,-2007
1754830380678,0x064,6,01 83 75 84 B8 29,1,-12.162770,-62.650220,-17.648266,-31883,-1973,-2007
1754830380683,0x064,6,01 83 75 84 B8 29,1,-12.162770,-62.650220,-17.648266,-31883,-1973,-2007
1754830380688,0x064,6,01 83 75 84 B8 29,1,-12.162770,-62.650220,-17.648266,-31883,-1973,-2007
1754830380700,0x064,6,01 83 75 84 B8 29,1,-12.162770,-62.650220,-17.648266,-31883,-1973,-2007
1754830380708,0x064,6,01 83 75 84 B8 29,1,-12.162770,-62.650220,-17.648266,-31883,-1973,-2007
1754830380714,0x064,6,01 83 75 84 B8 29,1,-12.162770,-62.650220,-17.648266,-31883,-1973,-2007
1754830380722,0x064,6,01 83 75 84 B8 29,1,-12.162770,-62.650220,-17.648266,-31883,-1973,-2007
1754830380733,0x064,6,01 84 DD 85 F8 0F,1,-12.025437,-62.015144,-17.876893,-31523,-1953,-2033
1754830380738,0x064,6,01 84 DD 85 F8 0F,1,-12.025437,-62.015144,-17.876893,-31523,-1953,-2033
1754830380740,0x064,6,01 84 DD 85 F8 0F,1,-12.025437,-62.015144,-17.876893,-31523,-1953,-2033
1754830380748,0x064,6,01 84 DD 85 F8 0F,1,-12.025437,-62.015144,-17.876893,-31523,-1953,-2033
1754830380750,0x064,6,01 84 DD 85 F8 0F,1,-12.025437,-62.015144,-17.876893,-31523,-1953,-2033
1754830380768,0x064,6,01 84 DD 85 F8 0F,1,-12.025437,-62.015144,-17.876893,-31523,-1953,-2033
1754830380777,0x064,6,01 84 DD 85 F8 0F,1,-12.025437,-62.015144,-17.876893,-31523,-1953,-2033
1754830380783,0x064,6,01 84 DD 85 F8 0F,1,-12.025437,-62.015144,-17.876893,-31523,-1953,-2033
1754830380789,0x064,6,01 84 DD 85 F8 0F,1,-12.025437,-62.015144,-17.876893,-31523,-1953,-2033
1754830380794,0x064,6,01 84 DD 85 F8 0F,1,-12.025437,-62.015144,-17.876893,-31523,-1953,-2033
1754830380800,0x064,6,01 84 DD 85 F8 0F,1,-12.025437,-62.015144,-17.876893,-31523,-1953,-2033
1754830380806,0x064,6,01 84 DD 85 F8 0F,1,-12.025437,-62.015144,-17.876893,-31523,-1953,-2033
1754830380813,0x064,6,01 84 DD 85 F8 0F,1,-12.025437,-62.015144,-17.876893,-31523,-1953,-2033
1754830380816,0x064,6,01 84 DD 85 F8 0F,1,-12.025437,-62.015144,-17.876893,-31523,-1953,-2033
1754830380825,0x064,6,01 86 9A 87 08 3C,1,-11.855678,-61.475330,-17.481192,-31078,-1936,-1988
1754830380830,0x064,6,01 86 9A 87 08 3C,1,-11.855678,-61.475330,-17.481192,-31078,-1936,-1988
1754830380836,0x064,6,01 86 9A 87 08 3C,1,-11.855678,-61.475330,-17.481192,-31078,-1936,-1988
1754830380841,0x064,6,01 86 9A 87 08 3C,1,-11.855678,-61.475330,-17.481192,-31078,-1936,-1988
1754830380846,0x064,6,01 86 9A 87 08 3C,1,-11.855678,-61.475330,-17.481192,-31078,-1936,-1988
1754830380853,0x064,6,01 86 9A 87 08 3C,1,-11.855678,-61.475330,-17.481192,-31078,-1936,-1988
1754830380865,0x064,6,01 86 9A 87 08 3C,1,-11.855678,-61.475330,-17.481192,-31078,-1936,-1988
1754830380871,0x064,6,01 86 9A 87 08 3C,1,-11.855678,-61.475330,-17.481192,-31078,-1936,-1988
1754830380878,0x064,6,01 86 9A 87 08 3C,1,-11.855678,-61.475330,-17.481192,-31078,-1936,-1988
1754830380880,0x064,6,01 86 9A 87 08 3C,1,-11.855678,-61.475330,-17.481192,-31078,-1936,-1988
1754830380885,0x064,6,01 86 9A 87 08 3C,1,-11.855678,-61.475330,-17.481192,-31078,-1936,-1988
1754830380892,0x064,6,01 86 9A 87 08 3C,1,-11.855678,-61.475330,-17.481192,-31078,-1936,-1988
1754830380897,0x064,6,01 86 9A 87 08 3C,1,-11.855678,-61.475330,-17.481192,-31078,-1936,-1988
1754830380902,0x064,6,01 86 9A 87 08 3C,1,-11.855678,-61.475330,-17.481192,-31078,-1936,-1988
1754830380908,0x064,6,01 86 9A 87 08 3C,1,-11.855678,-61.475330,-17.481192,-31078,-1936,-1988
1754830380914,0x064,6,01 86 9A 87 08 3C,1,-11.855678,-61.475330,-17.481192,-31078,-1936,-1988
1754830380919,0x064,6,01 86 9A 87 08 3C,1,-11.855678,-61.475330,-17.481192,-31078,-1936,-1988
1754830380925,0x064,6,01 88 A5 88 88 C4,1,-11.656163,-60.713239,-16.285296,-30555,-1912,-1852
1754830380933,0x064,6,01 88 A5 88 88 C4,1,-11.656163,-60.713239,-16.285296,-30555,-1912,-1852
1754830380940,0x064,6,01 88 A5 88 88 C4,1,-11.656163,-60.713239,-16.285296,-30555,-1912,-1852
1754830380943,0x064,6,01 88 A5 88 88 C4,1,-11.656163,-60.713239,-16.285296,-30555,-1912,-1852
1754830380946,0x064,6,01 88 A5 88 88 C4,1,-11.656163,-60.713239,-16.285296,-30555,-1912,-1852
1754830380952,0x064,6,01 88 A5 88 88 C4,1,-11.656163,-60.713239,-16.285296,-30555,-1912,-1852
1754830380966,0x064,6,01 88 A5 88 88 C4,1,-11.656163,-60.713239,-16.285296,-30555,-1912,-1852
1754830380972,0x064,6,01 88 A5 88 88 C4,1,-11.656163,-60.713239,-16.285296,-30555,-1912,-1852
1754830380974,0x064,6,01 88 A5 88 88 C4,1,-11.656163,-60.713239,-16.285296,-30555,-1912,-1852
1754830380976,0x064,6,01 88 A5 88 88 C4,1,-11.656163,-60.713239,-16.285296,-30555,-1912,-1852
1754830380981,0x064,6,01 88 A5 88 88 C4,1,-11.656163,-60.713239,-16.285296,-30555,-1912,-1852
1754830380986,0x064,6,01 88 A5 88 88 C4,1,-11.656163,-60.713239,-16.285296,-30555,-1912,-1852
1754830380994,0x064,6,01 88 A5 88 88 C4,1,-11.656163,-60.713239,-16.285296,-30555,-1912,-1852
1754830380997,0x064,6,01 88 A5 88 88 C4,1,-11.656163,-60.713239,-16.285296,-30555,-1912,-1852
1754830381012,0x064,6,01 88 A5 88 88 C4,1,-11.656163,-60.713239,-16.285296,-30555,-1912,-1852
1754830381013,0x064,6,01 88 A5 88 88 C4,1,-11.656163,-60.713239,-16.285296,-30555,-1912,-1852
1754830381018,0x064,6,01 88 A5 88 88 C4,1,-11.656163,-60.713239,-16.285296,-30555,-1912,-1852
1754830381024,0x064,6,01 8B 05 8A 18 15,1,-11.424223,-59.919394,-17.824133,-29947,-1887,-2027
1754830381029,0x064,6,01 8B 05 8A 18 15,1,-11.424223,-59.919394,-17.824133,-29947,-1887,-2027
1754830381034,0x064,6,01 8B 05 8A 18 15,1,-11.424223,-59.919394,-17.824133,-29947,-1887,-2027
1754830381043,0x064,6,01 8B 05 8A 18 15,1,-11.424223,-59.919394,-17.824133,-29947,-1887,-2027
1754830381046,0x064,6,01 8B 05 8A 18 15,1,-11.424223,-59.919394,-17.824133,-29947,-1887,-2027
1754830381052,0x064,6,01 8B 05 8A 18 15,1,-11.424223,-59.919394,-17.824133,-29947,-1887,-2027
1754830381058,0x064,6,01 8B 05 8A 18 15,1,-11.424223,-59.919394,-17.824133,-29947,-1887,-2027
1754830381063,0x064,6,01 8B 05 8A 18 15,1,-11.424223,-59.919394,-17.824133,-29947,-1887,-2027
1754830381068,0x064,6,01 8B 05 8A 18 15,1,-11.424223,-59.919394,-17.824133,-29947,-1887,-2027
1754830381075,0x064,6,01 8B 05 8A 18 15,1,-11.424223,-59.919394,-17.824133,-29947,-1887,-2027
1754830381080,0x064,6,01 8B 05 8A 18 15,1,-11.424223,-59.919394,-17.824133,-29947,-1887,-2027
1754830381096,0x064,6,01 8B 05 8A 18 15,1,-11.424223,-59.919394,-17.824133,-29947,-1887,-2027
1754830381110,0x064,6,01 8B 05 8A 18 15,1,-11.424223,-59.919394,-17.824133,-29947,-1887,-2027
1754830381114,0x064,6,01 8B 05 8A 18 15,1,-11.424223,-59.919394,-17.824133,-29947,-1887,-2027
1754830381118,0x064,6,01 8B 05 8A 18 15,1,-11.424223,-59.919394,-17.824133,-29947,-1887,-2027
1754830381130,0x064,6,01 8B 05 8A 18 15,1,-11.424223,-59.919394,-17.824133,-29947,-1887,-2027
1754830381135,0x064,6,01 8D CC 8B 17 9E,1,-11.152989,-59.411334,17.147044,-29236,-1871,1950
1754830381143,0x064,6,01 8D CC 8B 17 9E,1,-11.152989,-59.411334,17.147044,-29236,-1871,1950
1754830381151,0x064,6,01 8D CC 8B 17 9E,1,-11.152989,-59.411334,17.147044,-29236,-1871,1950
1754830381156,0x064,6,01 8D CC 8B 17 9E,1,-11.152989,-59.411334,17.147044,-29236,-1871,1950
1754830381165,0x064,6,01 8D CC 8B 17 9E,1,-11.152989,-59.411334,17.147044,-29236,-1871,1950
1754830381172,0x064,6,01 8D CC 8B 17 9E,1,-11.152989,-59.411334,17.147044,-29236,-1871,1950
1754830381187,0x064,6,01 8D CC 8B 17 9E,1,-11.152989,-59.411334,17.147044,-29236,-1871,1950
1754830381201,0x064,6,01 8D CC 8B 17 9E,1,-11.152989,-59.411334,17.147044,-29236,-1871,1950
1754830381211,0x064,6,01 8D CC 8B 17 9E,1,-11.152989,-59.411334,17.147044,-29236,-1871,1950
1754830381212,0x064,6,01 8D CC 8B 17 9E,1,-11.152989,-59.411334,17.147044,-29236,-1871,1950
1754830381220,0x064,6,01 8D CC 8B 17 9E,1,-11.152989,-59.411334,17.147044,-29236,-1871,1950
1754830381222,0x064,6,01 8D CC 8B 17 9E,1,-11.152989,-59.411334,17.147044,-29236,-1871,1950
1754830381227,0x064,6,01 8D CC 8B 17 9E,1,-11.152989,-59.411334,17.147044,-29236,-1871,1950
1754830381245,0x064,6,01 90 FA 8C C8 0D,1,-10.842463,-58.553981,-17.894480,-28422,-1844,-2035
1754830381260,0x064,6,01 90 FA 8C C8 0D,1,-10.842463,-58.553981,-17.894480,-28422,-1844,-2035
1754830381260,0x064,6,01 90 FA 8C C8 0D,1,-10.842463,-58.553981,-17.894480,-28422,-1844,-2035
1754830381260,0x064,6,01 90 FA 8C C8 0D,1,-10.842463,-58.553981,-17.894480,-28422,-1844,-2035
1754830381272,0x064,6,01 90 FA 8C C8 0D,1,-10.842463,-58.553981,-17.894480,-28422,-1844,-2035
1754830381272,0x064,6,01 90 FA 8C C8 0D,1,-10.842463,-58.553981,-17.894480,-28422,-1844,-2035
1754830381285,0x064,6,01 90 FA 8C C8 0D,1,-10.842463,-58.553981,-17.894480,-28422,-1844,-2035
1754830381299,0x064,6,01 90 FA 8C C8 0D,1,-10.842463,-58.553981,-17.894480,-28422,-1844,-2035
1754830381311,0x064,6,01 90 FA 8C C8 0D,1,-10.842463,-58.553981,-17.894480,-28422,-1844,-2035
1754830381325,0x064,6,01 90 FA 8C C8 0D,1,-10.842463,-58.553981,-17.894480,-28422,-1844,-2035
1754830381333,0x064,6,01 90 FA 8C C8 0D,1,-10.842463,-58.553981,-17.894480,-28422,-1844,-2035
1754830381333,0x064,6,01 90 FA 8C C8 0D,1,-10.842463,-58.553981,-17.894480,-28422,-1844,-2035
1754830381333,0x064,6,01 90 FA 8C C8 0D,1,-10.842463,-58.553981,-17.894480,-28422,-1844,-2035
1754830381334,0x064,6,01 94 95 8E 88 2B,1,-10.490356,-57.664875,-17.630679,-27499,-1816,-2005
1754830381337,0x064,6,01 94 95 8E 88 2B,1,-10.490356,-57.664875,-17.630679,-27499,-1816,-2005
1754830381345,0x064,6,01 94 95 8E 88 2B,1,-10.490356,-57.664875,-17.630679,-27499,-1816,-2005
1754830381350,0x064,6,01 94 95 8E 88 2B,1,-10.490356,-57.664875,-17.630679,-27499,-1816,-2005
1754830381353,0x064,6,01 94 95 8E 88 2B,1,-10.490356,-57.664875,-17.630679,-27499,-1816,-2005
1754830381358,0x064,6,01 94 95 8E 88 2B,1,-10.490356,-57.664875,-17.630679,-27499,-1816,-2005
1754830381366,0x064,6,01 94 95 8E 88 2B,1,-10.490356,-57.664875,-17.630679,-27499,-1816,-2005
1754830381369,0x064,6,01 94 95 8E 88 2B,1,-10.490356,-57.664875,-17.630679,-27499,-1816,-2005
1754830381375,0x064,6,01 94 95 8E 88 2B,1,-10.490356,-57.664875,-17.630679,-27499,-1816,-2005
1754830381381,0x064,6,01 94 95 8E 88 2B,1,-10.490356,-57.664875,-17.630679,-27499,-1816,-2005
1754830381386,0x064,6,01 94 95 8E 88 2B,1,-10.490356,-57.664875,-17.630679,-27499,-1816,-2005
1754830381396,0x064,6,01 94 95 8E 88 2B,1,-10.490356,-57.664875,-17.630679,-27499,-1816,-2005
1754830381400,0x064,6,01 94 95 8E 88 2B,1,-10.490356,-57.664875,-17.630679,-27499,-1816,-2005
1754830381407,0x064,6,01 94 95 8E 88 2B,1,-10.490356,-57.664875,-17.630679,-27499,-1816,-2005
1754830381416,0x064,6,01 94 95 8E 88 2B,1,-10.490356,-57.664875,-17.630679,-27499,-1816,-2005
1754830381417,0x064,6,01 94 95 8E 88 2B,1,-10.490356,-57.664875,-17.630679,-27499,-1816,-2005
1754830381423,0x064,6,01 94 95 8E 88 2B,1,-10.490356,-57.664875,-17.630679,-27499,-1816,-2005
1754830381429,0x064,6,01 98 AC 90 E8 78,1,-10.090945,-56.458232,-16.953591,-26452,-1778,-1928
1754830381434,0x064,6,01 98 AC 90 E8 78,1,-10.090945,-56.458232,-16.953591,-26452,-1778,-1928
1754830381440,0x064,6,01 98 AC 90 E8 78,1,-10.090945,-56.458232,-16.953591,-26452,-1778,-1928
1754830381446,0x064,6,01 98 AC 90 E8 78,1,-10.090945,-56.458232,-16.953591,-26452,-1778,-1928
1754830381451,0x064,6,01 98 AC 90 E8 78,1,-10.090945,-56.458232,-16.953591,-26452,-1778,-1928
1754830381457,0x064,6,01 98 AC 90 E8 78,1,-10.090945,-56.458232,-16.953591,-26452,-1778,-1928
1754830381463,0x064,6,01 98 AC 90 E8 78,1,-10.090945,-56.458232,-16.953591,-26452,-1778,-1928
1754830381478,0x064,6,01 98 AC 90 E8 78,1,-10.090945,-56.458232,-16.953591,-26452,-1778,-1928
1754830381481,0x064,6,01 98 AC 90 E8 78,1,-10.090945,-56.458232,-16.953591,-26452,-1778,-1928
1754830381484,0x064,6,01 98 AC 90 E8 78,1,-10.090945,-56.458232,-16.953591,-26452,-1778,-1928
1754830381493,0x064,6,01 98 AC 90 E8 78,1,-10.090945,-56.458232,-16.953591,-26452,-1778,-1928
1754830381497,0x064,6,01 98 AC 90 E8 78,1,-10.090945,-56.458232,-16.953591,-26452,-1778,-1928
1754830381500,0x064,6,01 98 AC 90 E8 78,1,-10.090945,-56.458232,-16.953591,-26452,-1778,-1928
1754830381508,0x064,6,01 98 AC 90 E8 78,1,-10.090945,-56.458232,-16.953591,-26452,-1778,-1928
1754830381512,0x064,6,01 98 AC 90 E8 78,1,-10.090945,-56.458232,-16.953591,-26452,-1778,-1928
1754830381518,0x064,6,01 98 AC 90 E8 78,1,-10.090945,-56.458232,-16.953591,-26452,-1778,-1928
1754830381521,0x064,6,01 98 AC 90 E8 78,1,-10.090945,-56.458232,-16.953591,-26452,-1778,-1928
1754830381529,0x064,6,01 9D 2C 92 08 7A,1,-9.651479,-55.886663,-16.936004,-25300,-1760,-1926
1754830381534,0x064,6,01 9D 2C 92 08 7A,1,-9.651479,-55.886663,-16.936004,-25300,-1760,-1926
1754830381539,0x064,6,01 9D 2C 92 08 7A,1,-9.651479,-55.886663,-16.936004,-25300,-1760,-1926
1754830381543,0x064,6,01 9D 2C 92 08 7A,1,-9.651479,-55.886663,-16.936004,-25300,-1760,-1926
1754830381556,0x064,6,01 9D 2C 92 08 7A,1,-9.651479,-55.886663,-16.936004,-25300,-1760,-1926
1754830381570,0x064,6,01 9D 2C 92 08 7A,1,-9.651479,-55.886663,-16.936004,-25300,-1760,-1926
1754830381570,0x064,6,01 9D 2C 92 08 7A,1,-9.651479,-55.886663,-16.936004,-25300,-1760,-1926
1754830381570,0x064,6,01 9D 2C 92 08 7A,1,-9.651479,-55.886663,-16.936004,-25300,-1760,-1926
1754830381576,0x064,6,01 9D 2C 92 08 7A,1,-9.651479,-55.886663,-16.936004,-25300,-1760,-1926
1754830381581,0x064,6,01 9D 2C 92 08 7A,1,-9.651479,-55.886663,-16.936004,-25300,-1760,-1926
1754830381586,0x064,6,01 9D 2C 92 08 7A,1,-9.651479,-55.886663,-16.936004,-25300,-1760,-1926
1754830381601,0x064,6,01 9D 2C 92 08 7A,1,-9.651479,-55.886663,-16.936004,-25300,-1760,-1926
1754830381610,0x064,6,01 9D 2C 92 08 7A,1,-9.651479,-55.886663,-16.936004,-25300,-1760,-1926
1754830381629,0x064,6,01 9D 2C 92 08 7A,1,-9.651479,-55.886663,-16.936004,-25300,-1760,-1926
1754830381629,0x064,6,01 9D 2C 92 08 7A,1,-9.651479,-55.886663,-16.936004,-25300,-1760,-1926
1754830381630,0x064,6,01 9D 2C 92 08 7A,1,-9.651479,-55.886663,-16.936004,-25300,-1760,-1926
1754830381630,0x064,6,01 A2 34 94 C8 08,1,-9.160131,-54.489497,-17.938447,-24012,-1716,-2040
1754830381635,0x064,6,01 A2 34 94 C8 08,1,-9.160131,-54.489497,-17.938447,-24012,-1716,-2040
1754830381640,0x064,6,01 A2 34 94 C8 08,1,-9.160131,-54.489497,-17.938447,-24012,-1716,-2040
1754830381647,0x064,6,01 A2 34 94 C8 08,1,-9.160131,-54.489497,-17.938447,-24012,-1716,-2040
1754830381652,0x064,6,01 A2 34 94 C8 08,1,-9.160131,-54.489497,-17.938447,-24012,-1716,-2040
1754830381656,0x064,6,01 A2 34 94 C8 08,1,-9.160131,-54.489497,-17.938447,-24012,-1716,-2040
1754830381661,0x064,6,01 A2 34 94 C8 08,1,-9.160131,-54.489497,-17.938447,-24012,-1716,-2040
1754830381670,0x064,6,01 A2 34 94 C8 08,1,-9.160131,-54.489497,-17.938447,-24012,-1716,-2040
1754830381672,0x064,6,01 A2 34 94 C8 08,1,-9.160131,-54.489497,-17.938447,-24012,-1716,-2040
1754830381677,0x064,6,01 A2 34 94 C8 08,1,-9.160131,-54.489497,-17.938447,-24012,-1716,-2040
1754830381683,0x064,6,01 A2 34 94 C8 08,1,-9.160131,-54.489497,-17.938447,-24012,-1716,-2040
1754830381693,0x064,6,01 A2 34 94 C8 08,1,-9.160131,-54.489497,-17.938447,-24012,-1716,-2040
1754830381697,0x064,6,01 A2 34 94 C8 08,1,-9.160131,-54.489497,-17.938447,-24012,-1716,-2040
1754830381707,0x064,6,01 A2 34 94 C8 08,1,-9.160131,-54.489497,-17.938447,-24012,-1716,-2040
1754830381712,0x064,6,01 A2 34 94 C8 08,1,-9.160131,-54.489497,-17.938447,-24012,-1716,-2040
1754830381720,0x064,6,01 A2 34 94 C8 08,1,-9.160131,-54.489497,-17.938447,-24012,-1716,-2040
1754830381723,0x064,6,01 A2 34 94 C8 08,1,-9.160131,-54.489497,-17.938447,-24012,-1716,-2040
1754830381728,0x064,6,01 A7 B7 95 E7 DA,1,-8.621860,-53.917929,17.674646,-22601,-1698,2010
1754830381738,0x064,6,01 A7 B7 95 E7 DA,1,-8.621860,-53.917929,17.674646,-22601,-1698,2010
1754830381743,0x064,6,01 A7 B7 95 E7 DA,1,-8.621860,-53.917929,17.674646,-22601,-1698,2010
1754830381750,0x064,6,01 A7 B7 95 E7 DA,1,-8.621860,-53.917929,17.674646,-22601,-1698,2010
1754830381752,0x064,6,01 A7 B7 95 E7 DA,1,-8.621860,-53.917929,17.674646,-22601,-1698,2010
1754830381757,0x064,6,01 A7 B7 95 E7 DA,1,-8.621860,-53.917929,17.674646,-22601,-1698,2010
1754830381771,0x064,6,01 A7 B7 95 E7 DA,1,-8.621860,-53.917929,17.674646,-22601,-1698,2010
1754830381772,0x064,6,01 A7 B7 95 E7 DA,1,-8.621860,-53.917929,17.674646,-22601,-1698,2010
1754830381773,0x064,6,01 A7 B7 95 E7 DA,1,-8.621860,-53.917929,17.674646,-22601,-1698,2010
1754830381779,0x064,6,01 A7 B7 95 E7 DA,1,-8.621860,-53.917929,17.674646,-22601,-1698,2010
1754830381784,0x064,6,01 A7 B7 95 E7 DA,1,-8.621860,-53.917929,17.674646,-22601,-1698,2010
1754830381793,0x064,6,01 A7 B7 95 E7 DA,1,-8.621860,-53.917929,17.674646,-22601,-1698,2010
1754830381797,0x064,6,01 A7 B7 95 E7 DA,1,-8.621860,-53.917929,17.674646,-22601,-1698,2010
1754830381805,0x064,6,01 A7 B7 95 E7 DA,1,-8.621860,-53.917929,17.674646,-22601,-1698,2010
1754830381806,0x064,6,01 A7 B7 95 E7 DA,1,-8.621860,-53.917929,17.674646,-22601,-1698,2010
1754830381813,0x064,6,01 A7 B7 95 E7 DA,1,-8.621860,-53.917929,17.674646,-22601,-1698,2010
1754830381818,0x064,6,01 A7 B7 95 E7 DA,1,-8.621860,-53.917929,17.674646,-22601,-1698,2010
1754830381823,0x064,6,01 A7 B7 95 E7 DA,1,-8.621860,-53.917929,17.674646,-22601,-1698,2010
1754830381828,0x064,6,01 AD CA 97 C8 2E,1,-8.028657,-52.965315,-17.604299,-21046,-1668,-2002
1754830381835,0x064,6,01 AD CA 97 C8 2E,1,-8.028657,-52.965315,-17.604299,-21046,-1668,-2002
1754830381841,0x064,6,01 AD CA 97 C8 2E,1,-8.028657,-52.965315,-17.604299,-21046,-1668,-2002
1754830381846,0x064,6,01 AD CA 97 C8 2E,1,-8.028657,-52.965315,-17.604299,-21046,-1668,-2002
1754830381862,0x064,6,01 AD CA 97 C8 2E,1,-8.028657,-52.965315,-17.604299,-21046,-1668,-2002
1754830381867,0x064,6,01 AD CA 97 C8 2E,1,-8.028657,-52.965315,-17.604299,-21046,-1668,-2002
1754830381869,0x064,6,01 AD CA 97 C8 2E,1,-8.028657,-52.965315,-17.604299,-21046,-1668,-2002
1754830381879,0x064,6,01 AD CA 97 C8 2E,1,-8.028657,-52.965315,-17.604299,-21046,-1668,-2002
1754830381887,0x064,6,01 AD CA 97 C8 2E,1,-8.028657,-52.965315,-17.604299,-21046,-1668,-2002
1754830381900,0x064,6,01 AD CA 97 C8 2E,1,-8.028657,-52.965315,-17.604299,-21046,-1668,-2002
1754830381903,0x064,6,01 AD CA 97 C8 2E,1,-8.028657,-52.965315,-17.604299,-21046,-1668,-2002
1754830381904,0x064,6,01 AD CA 97 C8 2E,1,-8.028657,-52.965315,-17.604299,-21046,-1668,-2002
1754830381918,0x064,6,01 AD CA 97 C8 2E,1,-8.028657,-52.965315,-17.604299,-21046,-1668,-2002
1754830381924,0x064,6,01 AD CA 97 C8 2E,1,-8.028657,-52.965315,-17.604299,-21046,-1668,-2002
1754830381930,0x064,6,01 B4 72 9A 47 C9,1,-7.378613,-51.695164,17.525159,-19342,-1628,1993
1754830381934,0x064,6,01 B4 72 9A 47 C9,1,-7.378613,-51.695164,17.525159,-19342,-1628,1993
1754830381937,0x064,6,01 B4 72 9A 47 C9,1,-7.378613,-51.695164,17.525159,-19342,-1628,1993
1754830381946,0x064,6,01 B4 72 9A 47 C9,1,-7.378613,-51.695164,17.525159,-19342,-1628,1993
1754830381956,0x064,6,01 B4 72 9A 47 C9,1,-7.378613,-51.695164,17.525159,-19342,-1628,1993
1754830381969,0x064,6,01 B4 72 9A 47 C9,1,-7.378613,-51.695164,17.525159,-19342,-1628,1993
1754830381971,0x064,6,01 B4 72 9A 47 C9,1,-7.378613,-51.695164,17.525159,-19342,-1628,1993
1754830381979,0x064,6,01 B4 72 9A 47 C9,1,-7.378613,-51.695164,17.525159,-19342,-1628,1993
1754830381984,0x064,6,01 B4 72 9A 47 C9,1,-7.378613,-51.695164,17.525159,-19342,-1628,1993
1754830382003,0x064,6,01 B4 72 9A 47 C9,1,-7.378613,-51.695164,17.525159,-19342,-1628,1993
1754830382014,0x064,6,01 B4 72 9A 47 C9,1,-7.378613,-51.695164,17.525159,-19342,-1628,1993
1754830382020,0x064,6,01 B4 72 9A 47 C9,1,-7.378613,-51.695164,17.525159,-19342,-1628,1993
1754830382028,0x064,6,01 B4 72 9A 47 C9,1,-7.378613,-51.695164,17.525159,-19342,-1628,1993
1754830382033,0x064,6,01 B4 72 9A 47 C9,1,-7.378613,-51.695164,17.525159,-19342,-1628,1993
1754830382036,0x064,6,01 B4 72 9A 47 C9,1,-7.378613,-51.695164,17.525159,-19342,-1628,1993
1754830382040,0x064,6,01 BB A7 9C D8 34,1,-6.674780,-50.393258,-17.551539,-17497,-1587,-1996
1754830382050,0x064,6,01 BB A7 9C D8 34,1,-6.674780,-50.393258,-17.551539,-17497,-1587,-1996
1754830382050,0x064,6,01 BB A7 9C D8 34,1,-6.674780,-50.393258,-17.551539,-17497,-1587,-1996
1754830382051,0x064,6,01 BB A7 9C D8 34,1,-6.674780,-50.393258,-17.551539,-17497,-1587,-1996
1754830382059,0x064,6,01 BB A7 9C D8 34,1,-6.674780,-50.393258,-17.551539,-17497,-1587,-1996
1754830382071,0x064,6,01 BB A7 9C D8 34,1,-6.674780,-50.393258,-17.551539,-17497,-1587,-1996
1754830382074,0x064,6,01 BB A7 9C D8 34,1,-6.674780,-50.393258,-17.551539,-17497,-1587,-1996
1754830382078,0x064,6,01 BB A7 9C D8 34,1,-6.674780,-50.393258,-17.551539,-17497,-1587,-1996
1754830382084,0x064,6,01 BB A7 9C D8 34,1,-6.674780,-50.393258,-17.551539,-17497,-1587,-1996
1754830382088,0x064,6,01 BB A7 9C D8 34,1,-6.674780,-50.393258,-17.551539,-17497,-1587,-1996
1754830382094,0x064,6,01 BB A7 9C D8 34,1,-6.674780,-50.393258,-17.551539,-17497,-1587,-1996
1754830382104,0x064,6,01 BB A7 9C D8 34,1,-6.674780,-50.393258,-17.551539,-17497,-1587,-1996
1754830382105,0x064,6,01 BB A7 9C D8 34,1,-6.674780,-50.393258,-17.551539,-17497,-1587,-1996
1754830382113,0x064,6,01 BB A7 9C D8 34,1,-6.674780,-50.393258,-17.551539,-17497,-1587,-1996
1754830382116,0x064,6,01 BB A7 9C D8 34,1,-6.674780,-50.393258,-17.551539,-17497,-1587,-1996
1754830382121,0x064,6,01 BB A7 9C D8 34,1,-6.674780,-50.393258,-17.551539,-17497,-1587,-1996
1754830382126,0x064,6,01 C3 69 9E D8 07,1,-5.917158,-49.377137,-17.947240,-15511,-1555,-2041
1754830382131,0x064,6,01 C3 69 9E D8 07,1,-5.917158,-49.377137,-17.947240,-15511,-1555,-2041
1754830382137,0x064,6,01 C3 69 9E D8 07,1,-5.917158,-49.377137,-17.947240,-15511,-1555,-2041
1754830382143,0x064,6,01 C3 69 9E D8 07,1,-5.917158,-49.377137,-17.947240,-15511,-1555,-2041
1754830382153,0x064,6,01 C3 69 9E D8 07,1,-5.917158,-49.377137,-17.947240,-15511,-1555,-2041
1754830382156,0x064,6,01 C3 69 9E D8 07,1,-5.917158,-49.377137,-17.947240,-15511,-1555,-2041
1754830382164,0x064,6,01 C3 69 9E D8 07,1,-5.917158,-49.377137,-17.947240,-15511,-1555,-2041
1754830382167,0x064,6,01 C3 69 9E D8 07,1,-5.917158,-49.377137,-17.947240,-15511,-1555,-2041
1754830382172,0x064,6,01 C3 69 9E D8 07,1,-5.917158,-49.377137,-17.947240,-15511,-1555,-2041
1754830382177,0x064,6,01 C3 69 9E D8 07,1,-5.917158,-49.377137,-17.947240,-15511,-1555,-2041
1754830382183,0x064,6,01 C3 69 9E D8 07,1,-5.917158,-49.377137,-17.947240,-15511,-1555,-2041
1754830382190,0x064,6,01 C3 69 9E D8 07,1,-5.917158,-49.377137,-17.947240,-15511,-1555,-2041
1754830382197,0x064,6,01 C3 69 9E D8 07,1,-5.917158,-49.377137,-17.947240,-15511,-1555,-2041
1754830382198,0x064,6,01 C3 69 9E D8 07,1,-5.917158,-49.377137,-17.947240,-15511,-1555,-2041
1754830382204,0x064,6,01 C3 69 9E D8 07,1,-5.917158,-49.377137,-17.947240,-15511,-1555,-2041
1754830382209,0x064,6,01 C3 69 9E D8 07,1,-5.917158,-49.377137,-17.947240,-15511,-1555,-2041
1754830382214,0x064,6,01 C3 69 9E D8 07,1,-5.917158,-49.377137,-17.947240,-15511,-1555,-2041
1754830382221,0x064,6,01 C3 69 9E D8 07,1,-5.917158,-49.377137,-17.947240,-15511,-1555,-2041
1754830382228,0x064,6,01 CB C9 A2 18 07,1,-5.099261,-47.725940,-17.947240,-13367,-1503,-2041
1754830382241,0x064,6,01 CB C9 A2 18 07,1,-5.099261,-47.725940,-17.947240,-13367,-1503,-2041
1754830382249,0x064,6,01 CB C9 A2 18 07,1,-5.099261,-47.725940,-17.947240,-13367,-1503,-2041
1754830382252,0x064,6,01 CB C9 A2 18 07,1,-5.099261,-47.725940,-17.947240,-13367,-1503,-2041
1754830382255,0x064,6,01 CB C9 A2 18 07,1,-5.099261,-47.725940,-17.947240,-13367,-1503,-2041
1754830382261,0x064,6,01 CB C9 A2 18 07,1,-5.099261,-47.725940,-17.947240,-13367,-1503,-2041
1754830382269,0x064,6,01 CB C9 A2 18 07,1,-5.099261,-47.725940,-17.947240,-13367,-1503,-2041
1754830382272,0x064,6,01 CB C9 A2 18 07,1,-5.099261,-47.725940,-17.947240,-13367,-1503,-2041
1754830382278,0x064,6,01 CB C9 A2 18 07,1,-5.099261,-47.725940,-17.947240,-13367,-1503,-2041
1754830382283,0x064,6,01 CB C9 A2 18 07,1,-5.099261,-47.725940,-17.947240,-13367,-1503,-2041
1754830382289,0x064,6,01 CB C9 A2 18 07,1,-5.099261,-47.725940,-17.947240,-13367,-1503,-2041
1754830382293,0x064,6,01 CB C9 A2 18 07,1,-5.099261,-47.725940,-17.947240,-13367,-1503,-2041
1754830382321,0x064,6,01 CB C9 A2 18 07,1,-5.099261,-47.725940,-17.947240,-13367,-1503,-2041
1754830382321,0x064,6,01 CB C9 A2 18 07,1,-5.099261,-47.725940,-17.947240,-13367,-1503,-2041
1754830382326,0x064,6,01 CB C9 A2 18 07,1,-5.099261,-47.725940,-17.947240,-13367,-1503,-2041
1754830382337,0x064,6,01 D4 AC A3 18 61,1,-4.231391,-47.217880,-17.155838,-11092,-1487,-1951
1754830382343,0x064,6,01 D4 AC A3 18 61,1,-4.231391,-47.217880,-17.155838,-11092,-1487,-1951
1754830382344,0x064,6,01 D4 AC A3 18 61,1,-4.231391,-47.217880,-17.155838,-11092,-1487,-1951
1754830382349,0x064,6,01 D4 AC A3 18 61,1,-4.231391,-47.217880,-17.155838,-11092,-1487,-1951
1754830382354,0x064,6,01 D4 AC A3 18 61,1,-4.231391,-47.217880,-17.155838,-11092,-1487,-1951
1754830382360,0x064,6,01 D4 AC A3 18 61,1,-4.231391,-47.217880,-17.155838,-11092,-1487,-1951
1754830382369,0x064,6,01 D4 AC A3 18 61,1,-4.231391,-47.217880,-17.155838,-11092,-1487,-1951
1754830382382,0x064,6,01 D4 AC A3 18 61,1,-4.231391,-47.217880,-17.155838,-11092,-1487,-1951
1754830382392,0x064,6,01 D4 AC A3 18 61,1,-4.231391,-47.217880,-17.155838,-11092,-1487,-1951
1754830382394,0x064,6,01 D4 AC A3 18 61,1,-4.231391,-47.217880,-17.155838,-11092,-1487,-1951
1754830382394,0x064,6,01 D4 AC A3 18 61,1,-4.231391,-47.217880,-17.155838,-11092,-1487,-1951
1754830382399,0x064,6,01 D4 AC A3 18 61,1,-4.231391,-47.217880,-17.155838,-11092,-1487,-1951
1754830382405,0x064,6,01 D4 AC A3 18 61,1,-4.231391,-47.217880,-17.155838,-11092,-1487,-1951
1754830382409,0x064,6,01 D4 AC A3 18 61,1,-4.231391,-47.217880,-17.155838,-11092,-1487,-1951
1754830382415,0x064,6,01 D4 AC A3 18 61,1,-4.231391,-47.217880,-17.155838,-11092,-1487,-1951
1754830382420,0x064,6,01 D4 AC A3 18 61,1,-4.231391,-47.217880,-17.155838,-11092,-1487,-1951
1754830382430,0x064,6,01 DE 2B A5 48 26,1,-3.304010,-46.106497,-17.674646,-8661,-1452,-2010
1754830382433,0x064,6,01 DE 2B A5 48 26,1,-3.304010,-46.106497,-17.674646,-8661,-1452,-2010
1754830382439,0x064,6,01 DE 2B A5 48 26,1,-3.304010,-46.106497,-17.674646,-8661,-1452,-2010
1754830382445,0x064,6,01 DE 2B A5 48 26,1,-3.304010,-46.106497,-17.674646,-8661,-1452,-2010
1754830382450,0x064,6,01 DE 2B A5 48 26,1,-3.304010,-46.106497,-17.674646,-8661,-1452,-2010
1754830382474,0x064,6,01 DE 2B A5 48 26,1,-3.304010,-46.106497,-17.674646,-8661,-1452,-2010
1754830382476,0x064,6,01 DE 2B A5 48 26,1,-3.304010,-46.106497,-17.674646,-8661,-1452,-2010
1754830382496,0x064,6,01 DE 2B A5 48 26,1,-3.304010,-46.106497,-17.674646,-8661,-1452,-2010
1754830382497,0x064,6,01 DE 2B A5 48 26,1,-3.304010,-46.106497,-17.674646,-8661,-1452,-2010
1754830382497,0x064,6,01 DE 2B A5 48 26,1,-3.304010,-46.106497,-17.674646,-8661,-1452,-2010
1754830382497,0x064,6,01 DE 2B A5 48 26,1,-3.304010,-46.106497,-17.674646,-8661,-1452,-2010
1754830382498,0x064,6,01 DE 2B A5 48 26,1,-3.304010,-46.106497,-17.674646,-8661,-1452,-2010
1754830382510,0x064,6,01 DE 2B A5 48 26,1,-3.304010,-46.106497,-17.674646,-8661,-1452,-2010
1754830382513,0x064,6,01 DE 2B A5 48 26,1,-3.304010,-46.106497,-17.674646,-8661,-1452,-2010
1754830382528,0x064,6,01 DE 2B A5 48 26,1,-3.304010,-46.106497,-17.674646,-8661,-1452,-2010
1754830382533,0x064,6,01 E8 2E A7 68 10,1,-2.326273,-45.026869,-17.868100,-6098,-1418,-2032
1754830382537,0x064,6,01 E8 2E A7 68 10,1,-2.326273,-45.026869,-17.868100,-6098,-1418,-2032
1754830382543,0x064,6,01 E8 2E A7 68 10,1,-2.326273,-45.026869,-17.868100,-6098,-1418,-2032
1754830382550,0x064,6,01 E8 2E A7 68 10,1,-2.326273,-45.026869,-17.868100,-6098,-1418,-2032
1754830382553,0x064,6,01 E8 2E A7 68 10,1,-2.326273,-45.026869,-17.868100,-6098,-1418,-2032
1754830382574,0x064,6,01 E8 2E A7 68 10,1,-2.326273,-45.026869,-17.868100,-6098,-1418,-2032
1754830382588,0x064,6,01 E8 2E A7 68 10,1,-2.326273,-45.026869,-17.868100,-6098,-1418,-2032
1754830382592,0x064,6,01 E8 2E A7 68 10,1,-2.326273,-45.026869,-17.868100,-6098,-1418,-2032
1754830382593,0x064,6,01 E8 2E A7 68 10,1,-2.326273,-45.026869,-17.868100,-6098,-1418,-2032
1754830382596,0x064,6,01 E8 2E A7 68 10,1,-2.326273,-45.026869,-17.868100,-6098,-1418,-2032
1754830382600,0x064,6,01 E8 2E A7 68 10,1,-2.326273,-45.026869,-17.868100,-6098,-1418,-2032
1754830382601,0x064,6,01 E8 2E A7 68 10,1,-2.326273,-45.026869,-17.868100,-6098,-1418,-2032
1754830382605,0x064,6,01 E8 2E A7 68 10,1,-2.326273,-45.026869,-17.868100,-6098,-1418,-2032
1754830382611,0x064,6,01 E8 2E A7 68 10,1,-2.326273,-45.026869,-17.868100,-6098,-1418,-2032
1754830382616,0x064,6,01 E8 2E A7 68 10,1,-2.326273,-45.026869,-17.868100,-6098,-1418,-2032
1754830382621,0x064,6,01 E8 2E A7 68 10,1,-2.326273,-45.026869,-17.868100,-6098,-1418,-2032
1754830382631,0x064,6,01 F2 C9 AA 87 E9,1,-1.290551,-43.439179,17.806546,-3383,-1368,2025
1754830382634,0x064,6,01 F2 C9 AA 87 E9,1,-1.290551,-43.439179,17.806546,-3383,-1368,2025
1754830382640,0x064,6,01 F2 C9 AA 87 E9,1,-1.290551,-43.439179,17.806546,-3383,-1368,2025
1754830382649,0x064,6,01 F2 C9 AA 87 E9,1,-1.290551,-43.439179,17.806546,-3383,-1368,2025
1754830382652,0x064,6,01 F2 C9 AA 87 E9,1,-1.290551,-43.439179,17.806546,-3383,-1368,2025
1754830382658,0x064,6,01 F2 C9 AA 87 E9,1,-1.290551,-43.439179,17.806546,-3383,-1368,2025
1754830382666,0x064,6,01 F2 C9 AA 87 E9,1,-1.290551,-43.439179,17.806546,-3383,-1368,2025
1754830382669,0x064,6,01 F2 C9 AA 87 E9,1,-1.290551,-43.439179,17.806546,-3383,-1368,2025
1754830382674,0x064,6,01 F2 C9 AA 87 E9,1,-1.290551,-43.439179,17.806546,-3383,-1368,2025
1754830382679,0x064,6,01 F2 C9 AA 87 E9,1,-1.290551,-43.439179,17.806546,-3383,-1368,2025
1754830382688,0x064,6,01 F2 C9 AA 87 E9,1,-1.290551,-43.439179,17.806546,-3383,-1368,2025
1754830382692,0x064,6,01 F2 C9 AA 87 E9,1,-1.290551,-43.439179,17.806546,-3383,-1368,2025
1754830382704,0x064,6,01 F2 C9 AA 87 E9,1,-1.290551,-43.439179,17.806546,-3383,-1368,2025
1754830382705,0x064,6,01 F2 C9 AA 87 E9,1,-1.290551,-43.439179,17.806546,-3383,-1368,2025
1754830382717,0x064,6,01 F2 C9 AA 87 E9,1,-1.290551,-43.439179,17.806546,-3383,-1368,2025
1754830382725,0x064,6,01 F2 C9 AA 87 E9,1,-1.290551,-43.439179,17.806546,-3383,-1368,2025
1754830382733,0x064,6,01 FD EB AB 68 8B,1,-0.203330,-42.994626,-16.786517,-533,-1354,-1909
1754830382734,0x064,6,01 FD EB AB 68 8B,1,-0.203330,-42.994626,-16.786517,-533,-1354,-1909
1754830382739,0x064,6,01 FD EB AB 68 8B,1,-0.203330,-42.994626,-16.786517,-533,-1354,-1909
1754830382747,0x064,6,01 FD EB AB 68 8B,1,-0.203330,-42.994626,-16.786517,-533,-1354,-1909
1754830382755,0x064,6,01 FD EB AB 68 8B,1,-0.203330,-42.994626,-16.786517,-533,-1354,-1909
1754830382759,0x064,6,01 FD EB AB 68 8B,1,-0.203330,-42.994626,-16.786517,-533,-1354,-1909
1754830382767,0x064,6,01 FD EB AB 68 8B,1,-0.203330,-42.994626,-16.786517,-533,-1354,-1909
1754830382769,0x064,6,01 FD EB AB 68 8B,1,-0.203330,-42.994626,-16.786517,-533,-1354,-1909
1754830382775,0x064,6,01 FD EB AB 68 8B,1,-0.203330,-42.994626,-16.786517,-533,-1354,-1909
1754830382780,0x064,6,01 FD EB AB 68 8B,1,-0.203330,-42.994626,-16.786517,-533,-1354,-1909
1754830382785,0x064,6,01 FD EB AB 68 8B,1,-0.203330,-42.994626,-16.786517,-533,-1354,-1909
1754830382790,0x064,6,01 FD EB AB 68 8B,1,-0.203330,-42.994626,-16.786517,-533,-1354,-1909
1754830382798,0x064,6,01 FD EB AB 68 8B,1,-0.203330,-42.994626,-16.786517,-533,-1354,-1909
1754830382803,0x064,6,01 FD EB AB 68 8B,1,-0.203330,-42.994626,-16.786517,-533,-1354,-1909
1754830382808,0x064,6,01 FD EB AB 68 8B,1,-0.203330,-42.994626,-16.786517,-533,-1354,-1909
1754830382813,0x064,6,01 FD EB AB 68 8B,1,-0.203330,-42.994626,-16.786517,-533,-1354,-1909
1754830382819,0x064,6,01 FD EB AB 68 8B,1,-0.203330,-42.994626,-16.786517,-533,-1354,-1909
1754830382825,0x064,6,01 FF FF AE 47 D5,1,-0.000381,-41.533952,17.630679,-1,-1308,2005
1754830382830,0x064,6,01 FF FF AE 47 D5,1,-0.000381,-41.533952,17.630679,-1,-1308,2005
1754830382836,0x064,6,01 FF FF AE 47 D5,1,-0.000381,-41.533952,17.630679,-1,-1308,2005
1754830382845,0x064,6,01 FF FF AE 47 D5,1,-0.000381,-41.533952,17.630679,-1,-1308,2005
1754830382854,0x064,6,01 FF FF AE 47 D5,1,-0.000381,-41.533952,17.630679,-1,-1308,2005
1754830382860,0x064,6,01 FF FF AE 47 D5,1,-0.000381,-41.533952,17.630679,-1,-1308,2005
1754830382866,0x064,6,01 FF FF AE 47 D5,1,-0.000381,-41.533952,17.630679,-1,-1308,2005
1754830382870,0x064,6,01 FF FF AE 47 D5,1,-0.000381,-41.533952,17.630679,-1,-1308,2005
1754830382877,0x064,6,01 FF FF AE 47 D5,1,-0.000381,-41.533952,17.630679,-1,-1308,2005
1754830382878,0x064,6,01 FF FF AE 47 D5,1,-0.000381,-41.533952,17.630679,-1,-1308,2005
1754830382883,0x064,6,01 FF FF AE 47 D5,1,-0.000381,-41.533952,17.630679,-1,-1308,2005
1754830382895,0x064,6,01 FF FF AE 47 D5,1,-0.000381,-41.533952,17.630679,-1,-1308,2005
1754830382905,0x064,6,01 FF FF AE 47 D5,1,-0.000381,-41.533952,17.630679,-1,-1308,2005
1754830382906,0x064,6,01 FF FF AE 47 D5,1,-0.000381,-41.533952,17.630679,-1,-1308,2005
1754830382910,0x064,6,01 FF FF AE 47 D5,1,-0.000381,-41.533952,17.630679,-1,-1308,2005
1754830382919,0x064,6,01 FF FF AE 47 D5,1,-0.000381,-41.533952,17.630679,-1,-1308,2005
1754830382920,0x064,6,01 FF FF AE 47 D5,1,-0.000381,-41.533952,17.630679,-1,-1308,2005
1754830382926,0x064,6,01 FF FF B0 A8 19,1,-0.000381,-40.327308,-17.788959,-1,-1270,-2023
1754830382931,0x064,6,01 FF FF B0 A8 19,1,-0.000381,-40.327308,-17.788959,-1,-1270,-2023
1754830382937,0x064,6,01 FF FF B0 A8 19,1,-0.000381,-40.327308,-17.788959,-1,-1270,-2023
1754830382943,0x064,6,01 FF FF B0 A8 19,1,-0.000381,-40.327308,-17.788959,-1,-1270,-2023
1754830382948,0x064,6,01 FF FF B0 A8 19,1,-0.000381,-40.327308,-17.788959,-1,-1270,-2023
1754830382955,0x064,6,01 FF FF B0 A8 19,1,-0.000381,-40.327308,-17.788959,-1,-1270,-2023
1754830382959,0x064,6,01 FF FF B0 A8 19,1,-0.000381,-40.327308,-17.788959,-1,-1270,-2023
1754830382966,0x064,6,01 FF FF B0 A8 19,1,-0.000381,-40.327308,-17.788959,-1,-1270,-2023
1754830382974,0x064,6,01 FF FF B0 A8 19,1,-0.000381,-40.327308,-17.788959,-1,-1270,-2023
1754830382977,0x064,6,01 FF FF B0 A8 19,1,-0.000381,-40.327308,-17.788959,-1,-1270,-2023
1754830382982,0x064,6,01 FF FF B0 A8 19,1,-0.000381,-40.327308,-17.788959,-1,-1270,-2023
1754830382987,0x064,6,01 FF FF B0 A8 19,1,-0.000381,-40.327308,-17.788959,-1,-1270,-2023
1754830382996,0x064,6,01 FF FF B0 A8 19,1,-0.000381,-40.327308,-17.788959,-1,-1270,-2023
1754830383000,0x064,6,01 FF FF B0 A8 19,1,-0.000381,-40.327308,-17.788959,-1,-1270,-2023
1754830383005,0x064,6,01 FF FF B0 A8 19,1,-0.000381,-40.327308,-17.788959,-1,-1270,-2023
1754830383011,0x064,6,01 FF FF B0 A8 19,1,-0.000381,-40.327308,-17.788959,-1,-1270,-2023
1754830383018,0x064,6,01 FF FF B0 A8 19,1,-0.000381,-40.327308,-17.788959,-1,-1270,-2023
1754830383026,0x064,6,01 FF FF B0 A8 19,1,-0.000381,-40.327308,-17.788959,-1,-1270,-2023
1754830383028,0x064,6,01 FF FF B2 38 B5,1,-0.000381,-39.533464,-16.417196,-1,-1245,-1867
1754830383034,0x064,6,01 FF FF B2 38 B5,1,-0.000381,-39.533464,-16.417196,-1,-1245,-1867
1754830383040,0x064,6,01 FF FF B2 38 B5,1,-0.000381,-39.533464,-16.417196,-1,-1245,-1867
1754830383049,0x064,6,01 FF FF B2 38 B5,1,-0.000381,-39.533464,-16.417196,-1,-1245,-1867
1754830383055,0x064,6,01 FF FF B2 38 B5,1,-0.000381,-39.533464,-16.417196,-1,-1245,-1867
1754830383060,0x064,6,01 FF FF B2 38 B5,1,-0.000381,-39.533464,-16.417196,-1,-1245,-1867
1754830383065,0x064,6,01 FF FF B2 38 B5,1,-0.000381,-39.533464,-16.417196,-1,-1245,-1867
1754830383071,0x064,6,01 FF FF B2 38 B5,1,-0.000381,-39.533464,-16.417196,-1,-1245,-1867
1754830383076,0x064,6,01 FF FF B2 38 B5,1,-0.000381,-39.533464,-16.417196,-1,-1245,-1867
1754830383081,0x064,6,01 FF FF B2 38 B5,1,-0.000381,-39.533464,-16.417196,-1,-1245,-1867
1754830383099,0x064,6,01 FF FF B2 38 B5,1,-0.000381,-39.533464,-16.417196,-1,-1245,-1867
1754830383100,0x064,6,01 FF FF B2 38 B5,1,-0.000381,-39.533464,-16.417196,-1,-1245,-1867
1754830383100,0x064,6,01 FF FF B2 38 B5,1,-0.000381,-39.533464,-16.417196,-1,-1245,-1867
1754830383104,0x064,6,01 FF FF B2 38 B5,1,-0.000381,-39.533464,-16.417196,-1,-1245,-1867
1754830383119,0x064,6,01 FF FF B2 38 B5,1,-0.000381,-39.533464,-16.417196,-1,-1245,-1867
1754830383122,0x064,6,01 FF FF B2 38 B5,1,-0.000381,-39.533464,-16.417196,-1,-1245,-1867
1754830383127,0x064,6,01 FF FF B4 68 0A,1,-0.000381,-38.422081,-17.920860,-1,-1210,-2038
1754830383131,0x064,6,01 FF FF B4 68 0A,1,-0.000381,-38.422081,-17.920860,-1,-1210,-2038
1754830383137,0x064,6,01 FF FF B4 68 0A,1,-0.000381,-38.422081,-17.920860,-1,-1210,-2038
1754830383143,0x064,6,01 FF FF B4 68 0A,1,-0.000381,-38.422081,-17.920860,-1,-1210,-2038
1754830383152,0x064,6,01 FF FF B4 68 0A,1,-0.000381,-38.422081,-17.920860,-1,-1210,-2038
1754830383160,0x064,6,01 FF FF B4 68 0A,1,-0.000381,-38.422081,-17.920860,-1,-1210,-2038
1754830383162,0x064,6,01 FF FF B4 68 0A,1,-0.000381,-38.422081,-17.920860,-1,-1210,-2038
1754830383166,0x064,6,01 FF FF B4 68 0A,1,-0.000381,-38.422081,-17.920860,-1,-1210,-2038
1754830383172,0x064,6,01 FF FF B4 68 0A,1,-0.000381,-38.422081,-17.920860,-1,-1210,-2038
1754830383180,0x064,6,01 FF FF B4 68 0A,1,-0.000381,-38.422081,-17.920860,-1,-1210,-2038
1754830383188,0x064,6,01 FF FF B4 68 0A,1,-0.000381,-38.422081,-17.920860,-1,-1210,-2038
1754830383193,0x064,6,01 FF FF B4 68 0A,1,-0.000381,-38.422081,-17.920860,-1,-1210,-2038
1754830383196,0x064,6,01 FF FF B4 68 0A,1,-0.000381,-38.422081,-17.920860,-1,-1210,-2038
1754830383201,0x064,6,01 FF FF B4 68 0A,1,-0.000381,-38.422081,-17.920860,-1,-1210,-2038
1754830383205,0x064,6,01 FF FF B4 68 0A,1,-0.000381,-38.422081,-17.920860,-1,-1210,-2038
1754830383212,0x064,6,01 FF FF B4 68 0A,1,-0.000381,-38.422081,-17.920860,-1,-1210,-2038
1754830383216,0x064,6,01 FF FF B4 68 0A,1,-0.000381,-38.422081,-17.920860,-1,-1210,-2038
1754830383221,0x064,6,01 FF FF B4 68 0A,1,-0.000381,-38.422081,-17.920860,-1,-1210,-2038
1754830383227,0x064,6,01 FF FF B5 48 2B,1,-0.000381,-37.977528,-17.630679,-1,-1196,-2005
1754830383232,0x064,6,01 FF FF B5 48 2B,1,-0.000381,-37.977528,-17.630679,-1,-1196,-2005
1754830383240,0x064,6,01 FF FF B5 48 2B,1,-0.000381,-37.977528,-17.630679,-1,-1196,-2005
1754830383250,0x064,6,01 FF FF B5 48 2B,1,-0.000381,-37.977528,-17.630679,-1,-1196,-2005
1754830383262,0x064,6,01 FF FF B5 48 2B,1,-0.000381,-37.977528,-17.630679,-1,-1196,-2005
1754830383265,0x064,6,01 FF FF B5 48 2B,1,-0.000381,-37.977528,-17.630679,-1,-1196,-2005
1754830383267,0x064,6,01 FF FF B5 48 2B,1,-0.000381,-37.977528,-17.630679,-1,-1196,-2005
1754830383273,0x064,6,01 FF FF B5 48 2B,1,-0.000381,-37.977528,-17.630679,-1,-1196,-2005
1754830383278,0x064,6,01 FF FF B5 48 2B,1,-0.000381,-37.977528,-17.630679,-1,-1196,-2005
1754830383289,0x064,6,01 FF FF B5 48 2B,1,-0.000381,-37.977528,-17.630679,-1,-1196,-2005
1754830383304,0x064,6,01 FF FF B5 48 2B,1,-0.000381,-37.977528,-17.630679,-1,-1196,-2005
1754830383313,0x064,6,01 FF FF B5 48 2B,1,-0.000381,-37.977528,-17.630679,-1,-1196,-2005
1754830383316,0x064,6,01 FF FF B5 48 2B,1,-0.000381,-37.977528,-17.630679,-1,-1196,-2005
1754830383316,0x064,6,01 FF FF B5 48 2B,1,-0.000381,-37.977528,-17.630679,-1,-1196,-2005
1754830383318,0x064,6,01 FF FF B5 48 2B,1,-0.000381,-37.977528,-17.630679,-1,-1196,-2005
1754830383328,0x064,6,01 FF FF B5 48 2B,1,-0.000381,-37.977528,-17.630679,-1,-1196,-2005
1754830383330,0x064,6,01 FF FF B9 17 B3,1,-0.000381,-36.040547,17.331705,-1,-1135,1971
1754830383335,0x064,6,01 FF FF B9 17 B3,1,-0.000381,-36.040547,17.331705,-1,-1135,1971
1754830383343,0x064,6,01 FF FF B9 17 B3,1,-0.000381,-36.040547,17.331705,-1,-1135,1971
1754830383346,0x064,6,01 FF FF B9 17 B3,1,-0.000381,-36.040547,17.331705,-1,-1135,1971
1754830383354,0x064,6,01 FF FF B9 17 B3,1,-0.000381,-36.040547,17.331705,-1,-1135,1971
1754830383357,0x064,6,01 FF FF B9 17 B3,1,-0.000381,-36.040547,17.331705,-1,-1135,1971
1754830383365,0x064,6,01 FF FF B9 17 B3,1,-0.000381,-36.040547,17.331705,-1,-1135,1971
1754830383369,0x064,6,01 FF FF B9 17 B3,1,-0.000381,-36.040547,17.331705,-1,-1135,1971
1754830383387,0x064,6,01 FF FF B9 17 B3,1,-0.000381,-36.040547,17.331705,-1,-1135,1971
1754830383389,0x064,6,01 FF FF B9 17 B3,1,-0.000381,-36.040547,17.331705,-1,-1135,1971
1754830383393,0x064,6,01 FF FF B9 17 B3,1,-0.000381,-36.040547,17.331705,-1,-1135,1971
1754830383399,0x064,6,01 FF FF B9 17 B3,1,-0.000381,-36.040547,17.331705,-1,-1135,1971
1754830383405,0x064,6,01 FF FF B9 17 B3,1,-0.000381,-36.040547,17.331705,-1,-1135,1971
1754830383410,0x064,6,01 FF FF B9 17 B3,1,-0.000381,-36.040547,17.331705,-1,-1135,1971
1754830383416,0x064,6,01 FF FF B9 17 B3,1,-0.000381,-36.040547,17.331705,-1,-1135,1971
1754830383421,0x064,6,01 FF FF B9 17 B3,1,-0.000381,-36.040547,17.331705,-1,-1135,1971
1754830383427,0x064,6,01 FF FF B8 28 48,1,-0.000381,-36.516854,-17.375672,-1,-1150,-1976
1754830383435,0x064,6,01 FF FF B8 28 48,1,-0.000381,-36.516854,-17.375672,-1,-1150,-1976
1754830383437,0x064,6,01 FF FF B8 28 48,1,-0.000381,-36.516854,-17.375672,-1,-1150,-1976
1754830383443,0x064,6,01 FF FF B8 28 48,1,-0.000381,-36.516854,-17.375672,-1,-1150,-1976
1754830383457,0x064,6,01 FF FF B8 28 48,1,-0.000381,-36.516854,-17.375672,-1,-1150,-1976
1754830383467,0x064,6,01 FF FF B8 28 48,1,-0.000381,-36.516854,-17.375672,-1,-1150,-1976
1754830383471,0x064,6,01 FF FF B8 28 48,1,-0.000381,-36.516854,-17.375672,-1,-1150,-1976
1754830383479,0x064,6,01 FF FF B8 28 48,1,-0.000381,-36.516854,-17.375672,-1,-1150,-1976
1754830383486,0x064,6,01 FF FF B8 28 48,1,-0.000381,-36.516854,-17.375672,-1,-1150,-1976
1754830383488,0x064,6,01 FF FF B8 28 48,1,-0.000381,-36.516854,-17.375672,-1,-1150,-1976
1754830383493,0x064,6,01 FF FF B8 28 48,1,-0.000381,-36.516854,-17.375672,-1,-1150,-1976
1754830383498,0x064,6,01 FF FF B8 28 48,1,-0.000381,-36.516854,-17.375672,-1,-1150,-1976
1754830383508,0x064,6,01 FF FF B8 28 48,1,-0.000381,-36.516854,-17.375672,-1,-1150,-1976
1754830383514,0x064,6,01 FF FF B8 28 48,1,-0.000381,-36.516854,-17.375672,-1,-1150,-1976
1754830383529,0x064,6,01 FF FF B8 28 48,1,-0.000381,-36.516854,-17.375672,-1,-1150,-1976
1754830383543,0x064,6,01 FF FF BB 97 68,1,-0.000381,-34.770396,16.672203,-1,-1095,1896
1754830383547,0x064,6,01 FF FF BB 97 68,1,-0.000381,-34.770396,16.672203,-1,-1095,1896
1754830383554,0x064,6,01 FF FF BB 97 68,1,-0.000381,-34.770396,16.672203,-1,-1095,1896
1754830383555,0x064,6,01 FF FF BB 97 68,1,-0.000381,-34.770396,16.672203,-1,-1095,1896
1754830383556,0x064,6,01 FF FF BB 97 68,1,-0.000381,-34.770396,16.672203,-1,-1095,1896
1754830383566,0x064,6,01 FF FF BB 97 68,1,-0.000381,-34.770396,16.672203,-1,-1095,1896
1754830383572,0x064,6,01 FF FF BB 97 68,1,-0.000381,-34.770396,16.672203,-1,-1095,1896
1754830383573,0x064,6,01 FF FF BB 97 68,1,-0.000381,-34.770396,16.672203,-1,-1095,1896
1754830383578,0x064,6,01 FF FF BB 97 68,1,-0.000381,-34.770396,16.672203,-1,-1095,1896
1754830383584,0x064,6,01 FF FF BB 97 68,1,-0.000381,-34.770396,16.672203,-1,-1095,1896
1754830383589,0x064,6,01 FF FF BB 97 68,1,-0.000381,-34.770396,16.672203,-1,-1095,1896
1754830383595,0x064,6,01 FF FF BB 97 68,1,-0.000381,-34.770396,16.672203,-1,-1095,1896
1754830383601,0x064,6,01 FF FF BB 97 68,1,-0.000381,-34.770396,16.672203,-1,-1095,1896
1754830383608,0x064,6,01 FF FF BB 97 68,1,-0.000381,-34.770396,16.672203,-1,-1095,1896
1754830383613,0x064,6,01 FF FF BB 97 68,1,-0.000381,-34.770396,16.672203,-1,-1095,1896
1754830383619,0x064,6,01 FF FF BB 97 68,1,-0.000381,-34.770396,16.672203,-1,-1095,1896
1754830383625,0x064,6,01 FF FF BD 88 7A,1,-0.000381,-33.786028,-16.936004,-1,-1064,-1926
1754830383631,0x064,6,01 FF FF BD 88 7A,1,-0.000381,-33.786028,-16.936004,-1,-1064,-1926
1754830383637,0x064,6,01 FF FF BD 88 7A,1,-0.000381,-33.786028,-16.936004,-1,-1064,-1926
1754830383642,0x064,6,01 FF FF BD 88 7A,1,-0.000381,-33.786028,-16.936004,-1,-1064,-1926
1754830383655,0x064,6,01 FF FF BD 88 7A,1,-0.000381,-33.786028,-16.936004,-1,-1064,-1926
1754830383657,0x064,6,01 FF FF BD 88 7A,1,-0.000381,-33.786028,-16.936004,-1,-1064,-1926
1754830383663,0x064,6,01 FF FF BD 88 7A,1,-0.000381,-33.786028,-16.936004,-1,-1064,-1926
1754830383672,0x064,6,01 FF FF BD 88 7A,1,-0.000381,-33.786028,-16.936004,-1,-1064,-1926
1754830383676,0x064,6,01 FF FF BD 88 7A,1,-0.000381,-33.786028,-16.936004,-1,-1064,-1926
1754830383681,0x064,6,01 FF FF BD 88 7A,1,-0.000381,-33.786028,-16.936004,-1,-1064,-1926
1754830383686,0x064,6,01 FF FF BD 88 7A,1,-0.000381,-33.786028,-16.936004,-1,-1064,-1926
1754830383700,0x064,6,01 FF FF BD 88 7A,1,-0.000381,-33.786028,-16.936004,-1,-1064,-1926
1754830383706,0x064,6,01 FF FF BD 88 7A,1,-0.000381,-33.786028,-16.936004,-1,-1064,-1926
1754830383711,0x064,6,01 FF FF BD 88 7A,1,-0.000381,-33.786028,-16.936004,-1,-1064,-1926
1754830383712,0x064,6,01 FF FF BD 88 7A,1,-0.000381,-33.786028,-16.936004,-1,-1064,-1926
1754830383721,0x064,6,01 FF FF BD 88 7A,1,-0.000381,-33.786028,-16.936004,-1,-1064,-1926
1754830383722,0x064,6,01 FF FF BD 88 7A,1,-0.000381,-33.786028,-16.936004,-1,-1064,-1926
1754830383736,0x064,6,01 FF FF BD E8 0B,1,-0.000381,-33.595506,-17.912066,-1,-1058,-2037
1754830383742,0x064,6,01 FF FF BD E8 0B,1,-0.000381,-33.595506,-17.912066,-1,-1058,-2037
1754830383742,0x064,6,01 FF FF BD E8 0B,1,-0.000381,-33.595506,-17.912066,-1,-1058,-2037
1754830383755,0x064,6,01 FF FF BD E8 0B,1,-0.000381,-33.595506,-17.912066,-1,-1058,-2037
1754830383760,0x064,6,01 FF FF BD E8 0B,1,-0.000381,-33.595506,-17.912066,-1,-1058,-2037
1754830383763,0x064,6,01 FF FF BD E8 0B,1,-0.000381,-33.595506,-17.912066,-1,-1058,-2037
1754830383766,0x064,6,01 FF FF BD E8 0B,1,-0.000381,-33.595506,-17.912066,-1,-1058,-2037
1754830383778,0x064,6,01 FF FF BD E8 0B,1,-0.000381,-33.595506,-17.912066,-1,-1058,-2037
1754830383782,0x064,6,01 FF FF BD E8 0B,1,-0.000381,-33.595506,-17.912066,-1,-1058,-2037
1754830383793,0x064,6,01 FF FF BD E8 0B,1,-0.000381,-33.595506,-17.912066,-1,-1058,-2037
1754830383808,0x064,6,01 FF FF BD E8 0B,1,-0.000381,-33.595506,-17.912066,-1,-1058,-2037
1754830383813,0x064,6,01 FF FF BD E8 0B,1,-0.000381,-33.595506,-17.912066,-1,-1058,-2037
1754830383817,0x064,6,01 FF FF BD E8 0B,1,-0.000381,-33.595506,-17.912066,-1,-1058,-2037
1754830383819,0x064,6,01 FF FF BD E8 0B,1,-0.000381,-33.595506,-17.912066,-1,-1058,-2037
1754830383824,0x064,6,01 FF FF BD E8 0B,1,-0.000381,-33.595506,-17.912066,-1,-1058,-2037
1754830383835,0x064,6,01 FF FF C0 C7 F8,1,-0.000381,-32.134831,17.938447,-1,-1012,2040
1754830383839,0x064,6,01 FF FF C0 C7 F8,1,-0.000381,-32.134831,17.938447,-1,-1012,2040
1754830383847,0x064,6,01 FF FF C0 C7 F8,1,-0.000381,-32.134831,17.938447,-1,-1012,2040
1754830383851,0x064,6,01 FF FF C0 C7 F8,1,-0.000381,-32.134831,17.938447,-1,-1012,2040
1754830383860,0x064,6,01 FF FF C0 C7 F8,1,-0.000381,-32.134831,17.938447,-1,-1012,2040
1754830383877,0x064,6,01 FF FF C0 C7 F8,1,-0.000381,-32.134831,17.938447,-1,-1012,2040
1754830383880,0x064,6,01 FF FF C0 C7 F8,1,-0.000381,-32.134831,17.938447,-1,-1012,2040
1754830383880,0x064,6,01 FF FF C0 C7 F8,1,-0.000381,-32.134831,17.938447,-1,-1012,2040
1754830383882,0x064,6,01 FF FF C0 C7 F8,1,-0.000381,-32.134831,17.938447,-1,-1012,2040
1754830383887,0x064,6,01 FF FF C0 C7 F8,1,-0.000381,-32.134831,17.938447,-1,-1012,2040
1754830383896,0x064,6,01 FF FF C0 C7 F8,1,-0.000381,-32.134831,17.938447,-1,-1012,2040
1754830383900,0x064,6,01 FF FF C0 C7 F8,1,-0.000381,-32.134831,17.938447,-1,-1012,2040
1754830383905,0x064,6,01 FF FF C0 C7 F8,1,-0.000381,-32.134831,17.938447,-1,-1012,2040
1754830383913,0x064,6,01 FF FF C0 C7 F8,1,-0.000381,-32.134831,17.938447,-1,-1012,2040
1754830383917,0x064,6,01 FF FF C0 C7 F8,1,-0.000381,-32.134831,17.938447,-1,-1012,2040
1754830383922,0x064,6,01 FF FF C0 C7 F8,1,-0.000381,-32.134831,17.938447,-1,-1012,2040
1754830383929,0x064,6,01 FF FF C0 28 44,1,-0.000381,-32.452369,-17.410845,-1,-1022,-1980
1754830383941,0x064,6,01 FF FF C0 28 44,1,-0.000381,-32.452369,-17.410845,-1,-1022,-1980
1754830383948,0x064,6,01 FF FF C0 28 44,1,-0.000381,-32.452369,-17.410845,-1,-1022,-1980
1754830383950,0x064,6,01 FF FF C0 28 44,1,-0.000381,-32.452369,-17.410845,-1,-1022,-1980
1754830383956,0x064,6,01 FF FF C0 28 44,1,-0.000381,-32.452369,-17.410845,-1,-1022,-1980
1754830383960,0x064,6,01 FF FF C0 28 44,1,-0.000381,-32.452369,-17.410845,-1,-1022,-1980
1754830383966,0x064,6,01 FF FF C0 28 44,1,-0.000381,-32.452369,-17.410845,-1,-1022,-1980
1754830383977,0x064,6,01 FF FF C0 28 44,1,-0.000381,-32.452369,-17.410845,-1,-1022,-1980
1754830383978,0x064,6,01 FF FF C0 28 44,1,-0.000381,-32.452369,-17.410845,-1,-1022,-1980
1754830383983,0x064,6,01 FF FF C0 28 44,1,-0.000381,-32.452369,-17.410845,-1,-1022,-1980
1754830384008,0x064,6,01 FF FF C0 28 44,1,-0.000381,-32.452369,-17.410845,-1,-1022,-1980
1754830384027,0x064,6,01 FF FF C0 28 44,1,-0.000381,-32.452369,-17.410845,-1,-1022,-1980
1754830384030,0x064,6,01 FF FF C0 28 44,1,-0.000381,-32.452369,-17.410845,-1,-1022,-1980
1754830384033,0x064,6,01 FF FF C0 28 44,1,-0.000381,-32.452369,-17.410845,-1,-1022,-1980
1754830384036,0x064,6,01 FF FF C0 28 44,1,-0.000381,-32.452369,-17.410845,-1,-1022,-1980
1754830384042,0x064,6,01 FF FF BF E8 30,1,-0.000381,-32.579384,-17.586712,-1,-1026,-2000
1754830384046,0x064,6,01 FF FF BF E8 30,1,-0.000381,-32.579384,-17.586712,-1,-1026,-2000
1754830384050,0x064,6,01 FF FF BF E8 30,1,-0.000381,-32.579384,-17.586712,-1,-1026,-2000
1754830384054,0x064,6,01 FF FF BF E8 30,1,-0.000381,-32.579384,-17.586712,-1,-1026,-2000
1754830384060,0x064,6,01 FF FF BF E8 30,1,-0.000381,-32.579384,-17.586712,-1,-1026,-2000
1754830384063,0x064,6,01 FF FF BF E8 30,1,-0.000381,-32.579384,-17.586712,-1,-1026,-2000
1754830384068,0x064,6,01 FF FF BF E8 30,1,-0.000381,-32.579384,-17.586712,-1,-1026,-2000
1754830384075,0x064,6,01 FF FF BF E8 30,1,-0.000381,-32.579384,-17.586712,-1,-1026,-2000
1754830384081,0x064,6,01 FF FF BF E8 30,1,-0.000381,-32.579384,-17.586712,-1,-1026,-2000
1754830384086,0x064,6,01 FF FF BF E8 30,1,-0.000381,-32.579384,-17.586712,-1,-1026,-2000
1754830384093,0x064,6,01 FF FF BF E8 30,1,-0.000381,-32.579384,-17.586712,-1,-1026,-2000
1754830384101,0x064,6,01 FF FF BF E8 30,1,-0.000381,-32.579384,-17.586712,-1,-1026,-2000
1754830384108,0x064,6,01 FF FF BF E8 30,1,-0.000381,-32.579384,-17.586712,-1,-1026,-2000
1754830384115,0x064,6,01 FF FF BF E8 30,1,-0.000381,-32.579384,-17.586712,-1,-1026,-2000
1754830384121,0x064,6,01 FF FF BF E8 30,1,-0.000381,-32.579384,-17.586712,-1,-1026,-2000
1754830384126,0x064,6,01 FF FF BF E8 30,1,-0.000381,-32.579384,-17.586712,-1,-1026,-2000
1754830384136,0x064,6,01 FF FF C2 E7 E2,1,-0.000381,-31.055203,17.744993,-1,-978,2018
1754830384136,0x064,6,01 FF FF C2 E7 E2,1,-0.000381,-31.055203,17.744993,-1,-978,2018
1754830384139,0x064,6,01 FF FF C2 E7 E2,1,-0.000381,-31.055203,17.744993,-1,-978,2018
1754830384145,0x064,6,01 FF FF C2 E7 E2,1,-0.000381,-31.055203,17.744993,-1,-978,2018
1754830384157,0x064,6,01 FF FF C2 E7 E2,1,-0.000381,-31.055203,17.744993,-1,-978,2018
1754830384163,0x064,6,01 FF FF C2 E7 E2,1,-0.000381,-31.055203,17.744993,-1,-978,2018
1754830384165,0x064,6,01 FF FF C2 E7 E2,1,-0.000381,-31.055203,17.744993,-1,-978,2018
1754830384174,0x064,6,01 FF FF C2 E7 E2,1,-0.000381,-31.055203,17.744993,-1,-978,2018
1754830384177,0x064,6,01 FF FF C2 E7 E2,1,-0.000381,-31.055203,17.744993,-1,-978,2018
1754830384182,0x064,6,01 FF FF C2 E7 E2,1,-0.000381,-31.055203,17.744993,-1,-978,2018
1754830384187,0x064,6,01 FF FF C2 E7 E2,1,-0.000381,-31.055203,17.744993,-1,-978,2018
1754830384199,0x064,6,01 FF FF C2 E7 E2,1,-0.000381,-31.055203,17.744993,-1,-978,2018
1754830384199,0x064,6,01 FF FF C2 E7 E2,1,-0.000381,-31.055203,17.744993,-1,-978,2018
1754830384205,0x064,6,01 FF FF C2 E7 E2,1,-0.000381,-31.055203,17.744993,-1,-978,2018
1754830384210,0x064,6,01 FF FF C2 E7 E2,1,-0.000381,-31.055203,17.744993,-1,-978,2018
1754830384222,0x064,6,01 FF FF C2 E7 E2,1,-0.000381,-31.055203,17.744993,-1,-978,2018
1754830384236,0x064,6,01 FF FF C2 E7 E2,1,-0.000381,-31.055203,17.744993,-1,-978,2018
1754830384247,0x064,6,01 FF FF C4 77 C5,1,-0.000381,-30.261358,17.489985,-1,-953,1989
1754830384251,0x064,6,01 FF FF C4 77 C5,1,-0.000381,-30.261358,17.489985,-1,-953,1989
1754830384251,0x064,6,01 FF FF C4 77 C5,1,-0.000381,-30.261358,17.489985,-1,-953,1989
1754830384262,0x064,6,01 FF FF C4 77 C5,1,-0.000381,-30.261358,17.489985,-1,-953,1989
1754830384276,0x064,6,01 FF FF C4 77 C5,1,-0.000381,-30.261358,17.489985,-1,-953,1989
1754830384287,0x064,6,01 FF FF C4 77 C5,1,-0.000381,-30.261358,17.489985,-1,-953,1989
1754830384287,0x064,6,01 FF FF C4 77 C5,1,-0.000381,-30.261358,17.489985,-1,-953,1989
1754830384288,0x064,6,01 FF FF C4 77 C5,1,-0.000381,-30.261358,17.489985,-1,-953,1989
1754830384290,0x064,6,01 FF FF C4 77 C5,1,-0.000381,-30.261358,17.489985,-1,-953,1989
1754830384296,0x064,6,01 FF FF C4 77 C5,1,-0.000381,-30.261358,17.489985,-1,-953,1989
1754830384300,0x064,6,01 FF FF C4 77 C5,1,-0.000381,-30.261358,17.489985,-1,-953,1989
1754830384305,0x064,6,01 FF FF C4 77 C5,1,-0.000381,-30.261358,17.489985,-1,-953,1989
1754830384319,0x064,6,01 FF FF C4 77 C5,1,-0.000381,-30.261358,17.489985,-1,-953,1989
1754830384335,0x064,6,01 FF FF C4 77 C5,1,-0.000381,-30.261358,17.489985,-1,-953,1989
1754830384337,0x064,6,01 FF FF C4 67 CA,1,-0.000381,-30.293112,17.533952,-1,-954,1994
1754830384345,0x064,6,01 FF FF C4 67 CA,1,-0.000381,-30.293112,17.533952,-1,-954,1994
1754830384346,0x064,6,01 FF FF C4 67 CA,1,-0.000381,-30.293112,17.533952,-1,-954,1994
1754830384354,0x064,6,01 FF FF C4 67 CA,1,-0.000381,-30.293112,17.533952,-1,-954,1994
1754830384363,0x064,6,01 FF FF C4 67 CA,1,-0.000381,-30.293112,17.533952,-1,-954,1994
1754830384366,0x064,6,01 FF FF C4 67 CA,1,-0.000381,-30.293112,17.533952,-1,-954,1994
1754830384371,0x064,6,01 FF FF C4 67 CA,1,-0.000381,-30.293112,17.533952,-1,-954,1994
1754830384383,0x064,6,01 FF FF C4 67 CA,1,-0.000381,-30.293112,17.533952,-1,-954,1994
1754830384400,0x064,6,01 FF FF C4 67 CA,1,-0.000381,-30.293112,17.533952,-1,-954,1994
1754830384403,0x064,6,01 FF FF C4 67 CA,1,-0.000381,-30.293112,17.533952,-1,-954,1994
1754830384403,0x064,6,01 FF FF C4 67 CA,1,-0.000381,-30.293112,17.533952,-1,-954,1994
1754830384407,0x064,6,01 FF FF C4 67 CA,1,-0.000381,-30.293112,17.533952,-1,-954,1994
1754830384421,0x064,6,01 FF FF C4 67 CA,1,-0.000381,-30.293112,17.533952,-1,-954,1994
1754830384424,0x064,6,01 FF FF C4 67 CA,1,-0.000381,-30.293112,17.533952,-1,-954,1994
1754830384425,0x064,6,01 FF FF C4 67 CA,1,-0.000381,-30.293112,17.533952,-1,-954,1994
1754830384433,0x064,6,01 FF FF C3 88 43,1,-0.000381,-30.737665,-17.419638,-1,-968,-1981
1754830384435,0x064,6,01 FF FF C3 88 43,1,-0.000381,-30.737665,-17.419638,-1,-968,-1981
1754830384441,0x064,6,01 FF FF C3 88 43,1,-0.000381,-30.737665,-17.419638,-1,-968,-1981
1754830384446,0x064,6,01 FF FF C3 88 43,1,-0.000381,-30.737665,-17.419638,-1,-968,-1981
1754830384451,0x064,6,01 FF FF C3 88 43,1,-0.000381,-30.737665,-17.419638,-1,-968,-1981
1754830384460,0x064,6,01 FF FF C3 88 43,1,-0.000381,-30.737665,-17.419638,-1,-968,-1981
1754830384471,0x064,6,01 FF FF C3 88 43,1,-0.000381,-30.737665,-17.419638,-1,-968,-1981
1754830384473,0x064,6,01 FF FF C3 88 43,1,-0.000381,-30.737665,-17.419638,-1,-968,-1981
1754830384476,0x064,6,01 FF FF C3 88 43,1,-0.000381,-30.737665,-17.419638,-1,-968,-1981
1754830384482,0x064,6,01 FF FF C3 88 43,1,-0.000381,-30.737665,-17.419638,-1,-968,-1981
1754830384490,0x064,6,01 FF FF C3 88 43,1,-0.000381,-30.737665,-17.419638,-1,-968,-1981
1754830384493,0x064,6,01 FF FF C3 88 43,1,-0.000381,-30.737665,-17.419638,-1,-968,-1981
1754830384501,0x064,6,01 FF FF C3 88 43,1,-0.000381,-30.737665,-17.419638,-1,-968,-1981
1754830384506,0x064,6,01 FF FF C3 88 43,1,-0.000381,-30.737665,-17.419638,-1,-968,-1981
1754830384512,0x064,6,01 FF FF C3 88 43,1,-0.000381,-30.737665,-17.419638,-1,-968,-1981
1754830384517,0x064,6,01 FF FF C3 88 43,1,-0.000381,-30.737665,-17.419638,-1,-968,-1981
1754830384522,0x064,6,01 FF FF C3 88 43,1,-0.000381,-30.737665,-17.419638,-1,-968,-1981
1754830384529,0x064,6,01 FF FF C6 88 3C,1,-0.000381,-29.213483,-17.481192,-1,-920,-1988
1754830384536,0x064,6,01 FF FF C6 88 3C,1,-0.000381,-29.213483,-17.481192,-1,-920,-1988
1754830384542,0x064,6,01 FF FF C6 88 3C,1,-0.000381,-29.213483,-17.481192,-1,-920,-1988
1754830384547,0x064,6,01 FF FF C6 88 3C,1,-0.000381,-29.213483,-17.481192,-1,-920,-1988
1754830384552,0x064,6,01 FF FF C6 88 3C,1,-0.000381,-29.213483,-17.481192,-1,-920,-1988
1754830384557,0x064,6,01 FF FF C6 88 3C,1,-0.000381,-29.213483,-17.481192,-1,-920,-1988
1754830384563,0x064,6,01 FF FF C6 88 3C,1,-0.000381,-29.213483,-17.481192,-1,-920,-1988
1754830384568,0x064,6,01 FF FF C6 88 3C,1,-0.000381,-29.213483,-17.481192,-1,-920,-1988
1754830384584,0x064,6,01 FF FF C6 88 3C,1,-0.000381,-29.213483,-17.481192,-1,-920,-1988
1754830384588,0x064,6,01 FF FF C6 88 3C,1,-0.000381,-29.213483,-17.481192,-1,-920,-1988
1754830384588,0x064,6,01 FF FF C6 88 3C,1,-0.000381,-29.213483,-17.481192,-1,-920,-1988
1754830384594,0x064,6,01 FF FF C6 88 3C,1,-0.000381,-29.213483,-17.481192,-1,-920,-1988
1754830384601,0x064,6,01 FF FF C6 88 3C,1,-0.000381,-29.213483,-17.481192,-1,-920,-1988
1754830384606,0x064,6,01 FF FF C6 88 3C,1,-0.000381,-29.213483,-17.481192,-1,-920,-1988
1754830384612,0x064,6,01 FF FF C6 88 3C,1,-0.000381,-29.213483,-17.481192,-1,-920,-1988
1754830384617,0x064,6,01 FF FF C6 88 3C,1,-0.000381,-29.213483,-17.481192,-1,-920,-1988
1754830384624,0x064,6,01 FF FF C6 88 3C,1,-0.000381,-29.213483,-17.481192,-1,-920,-1988
1754830384635,0x064,6,01 FF FF C5 E7 FB,1,-0.000381,-29.531021,17.964827,-1,-930,2043
1754830384639,0x064,6,01 FF FF C5 E7 FB,1,-0.000381,-29.531021,17.964827,-1,-930,2043
1754830384650,0x064,6,01 FF FF C5 E7 FB,1,-0.000381,-29.531021,17.964827,-1,-930,2043
1754830384657,0x064,6,01 FF FF C5 E7 FB,1,-0.000381,-29.531021,17.964827,-1,-930,2043
1754830384663,0x064,6,01 FF FF C5 E7 FB,1,-0.000381,-29.531021,17.964827,-1,-930,2043
1754830384679,0x064,6,01 FF FF C5 E7 FB,1,-0.000381,-29.531021,17.964827,-1,-930,2043
1754830384682,0x064,6,01 FF FF C5 E7 FB,1,-0.000381,-29.531021,17.964827,-1,-930,2043
1754830384688,0x064,6,01 FF FF C5 E7 FB,1,-0.000381,-29.531021,17.964827,-1,-930,2043
1754830384693,0x064,6,01 FF FF C5 E7 FB,1,-0.000381,-29.531021,17.964827,-1,-930,2043
1754830384699,0x064,6,01 FF FF C5 E7 FB,1,-0.000381,-29.531021,17.964827,-1,-930,2043
1754830384705,0x064,6,01 FF FF C5 E7 FB,1,-0.000381,-29.531021,17.964827,-1,-930,2043
1754830384713,0x064,6,01 FF FF C5 E7 FB,1,-0.000381,-29.531021,17.964827,-1,-930,2043
1754830384716,0x064,6,01 FF FF C5 E7 FB,1,-0.000381,-29.531021,17.964827,-1,-930,2043
1754830384722,0x064,6,01 FF FF C5 E7 FB,1,-0.000381,-29.531021,17.964827,-1,-930,2043
1754830384726,0x064,6,01 FF FF C6 A7 F4,1,-0.000381,-29.149976,17.903273,-1,-918,2036
1754830384735,0x064,6,01 FF FF C6 A7 F4,1,-0.000381,-29.149976,17.903273,-1,-918,2036
1754830384738,0x064,6,01 FF FF C6 A7 F4,1,-0.000381,-29.149976,17.903273,-1,-918,2036
1754830384751,0x064,6,01 FF FF C6 A7 F4,1,-0.000381,-29.149976,17.903273,-1,-918,2036
1754830384758,0x064,6,01 FF FF C6 A7 F4,1,-0.000381,-29.149976,17.903273,-1,-918,2036
1754830384770,0x064,6,01 FF FF C6 A7 F4,1,-0.000381,-29.149976,17.903273,-1,-918,2036
1754830384777,0x064,6,01 FF FF C6 A7 F4,1,-0.000381,-29.149976,17.903273,-1,-918,2036
1754830384783,0x064,6,01 FF FF C6 A7 F4,1,-0.000381,-29.149976,17.903273,-1,-918,2036
1754830384787,0x064,6,01 FF FF C6 A7 F4,1,-0.000381,-29.149976,17.903273,-1,-918,2036
1754830384797,0x064,6,01 FF FF C6 A7 F4,1,-0.000381,-29.149976,17.903273,-1,-918,2036
1754830384812,0x064,6,01 FF FF C6 A7 F4,1,-0.000381,-29.149976,17.903273,-1,-918,2036
1754830384816,0x064,6,01 FF FF C6 A7 F4,1,-0.000381,-29.149976,17.903273,-1,-918,2036
1754830384817,0x064,6,01 FF FF C6 A7 F4,1,-0.000381,-29.149976,17.903273,-1,-918,2036
1754830384825,0x064,6,01 FF FF C6 A7 F4,1,-0.000381,-29.149976,17.903273,-1,-918,2036
1754830384836,0x064,6,01 FF FF C6 48 3A,1,-0.000381,-29.340498,-17.498779,-1,-924,-1990
1754830384840,0x064,6,01 FF FF C6 48 3A,1,-0.000381,-29.340498,-17.498779,-1,-924,-1990
1754830384848,0x064,6,01 FF FF C6 48 3A,1,-0.000381,-29.340498,-17.498779,-1,-924,-1990
1754830384852,0x064,6,01 FF FF C6 48 3A,1,-0.000381,-29.340498,-17.498779,-1,-924,-1990
1754830384855,0x064,6,01 FF FF C6 48 3A,1,-0.000381,-29.340498,-17.498779,-1,-924,-1990
1754830384860,0x064,6,01 FF FF C6 48 3A,1,-0.000381,-29.340498,-17.498779,-1,-924,-1990
1754830384866,0x064,6,01 FF FF C6 48 3A,1,-0.000381,-29.340498,-17.498779,-1,-924,-1990
1754830384877,0x064,6,01 FF FF C6 48 3A,1,-0.000381,-29.340498,-17.498779,-1,-924,-1990
1754830384887,0x064,6,01 FF FF C6 48 3A,1,-0.000381,-29.340498,-17.498779,-1,-924,-1990
1754830384893,0x064,6,01 FF FF C6 48 3A,1,-0.000381,-29.340498,-17.498779,-1,-924,-1990
1754830384898,0x064,6,01 FF FF C6 48 3A,1,-0.000381,-29.340498,-17.498779,-1,-924,-1990
1754830384905,0x064,6,01 FF FF C6 48 3A,1,-0.000381,-29.340498,-17.498779,-1,-924,-1990
1754830384913,0x064,6,01 FF FF C6 48 3A,1,-0.000381,-29.340498,-17.498779,-1,-924,-1990
1754830384917,0x064,6,01 FF FF C6 48 3A,1,-0.000381,-29.340498,-17.498779,-1,-924,-1990
1754830384921,0x064,6,01 FF FF C6 48 3A,1,-0.000381,-29.340498,-17.498779,-1,-924,-1990
1754830384926,0x064,6,01 FF FF C6 48 3A,1,-0.000381,-29.340498,-17.498779,-1,-924,-1990
1754830384932,0x064,6,01 FF FF C6 D8 37,1,-0.000381,-29.054714,-17.525159,-1,-915,-1993
1754830384937,0x064,6,01 FF FF C6 D8 37,1,-0.000381,-29.054714,-17.525159,-1,-915,-1993
1754830384942,0x064,6,01 FF FF C6 D8 37,1,-0.000381,-29.054714,-17.525159,-1,-915,-1993
1754830384950,0x064,6,01 FF FF C6 D8 37,1,-0.000381,-29.054714,-17.525159,-1,-915,-1993
1754830384953,0x064,6,01 FF FF C6 D8 37,1,-0.000381,-29.054714,-17.525159,-1,-915,-1993
1754830384958,0x064,6,01 FF FF C6 D8 37,1,-0.000381,-29.054714,-17.525159,-1,-915,-1993
1754830384964,0x064,6,01 FF FF C6 D8 37,1,-0.000381,-29.054714,-17.525159,-1,-915,-1993
1754830384975,0x064,6,01 FF FF C6 D8 37,1,-0.000381,-29.054714,-17.525159,-1,-915,-1993
1754830384980,0x064,6,01 FF FF C6 D8 37,1,-0.000381,-29.054714,-17.525159,-1,-915,-1993
1754830384984,0x064,6,01 FF FF C6 D8 37,1,-0.000381,-29.054714,-17.525159,-1,-915,-1993
1754830384988,0x064,6,01 FF FF C6 D8 37,1,-0.000381,-29.054714,-17.525159,-1,-915,-1993
1754830384993,0x064,6,01 FF FF C6 D8 37,1,-0.000381,-29.054714,-17.525159,-1,-915,-1993
1754830385001,0x064,6,01 FF FF C6 D8 37,1,-0.000381,-29.054714,-17.525159,-1,-915,-1993
1754830385005,0x064,6,01 FF FF C6 D8 37,1,-0.000381,-29.054714,-17.525159,-1,-915,-1993
1754830385010,0x064,6,01 FF FF C6 D8 37,1,-0.000381,-29.054714,-17.525159,-1,-915,-1993
1754830385022,0x064,6,01 FF FF C6 D8 37,1,-0.000381,-29.054714,-17.525159,-1,-915,-1993
1754830385032,0x064,6,01 FF FF C6 D8 37,1,-0.000381,-29.054714,-17.525159,-1,-915,-1993
1754830385038,0x064,6,01 FF FF C6 58 3B,1,-0.000381,-29.308745,-17.489985,-1,-923,-1989
1754830385038,0x064,6,01 FF FF C6 58 3B,1,-0.000381,-29.308745,-17.489985,-1,-923,-1989
1754830385042,0x064,6,01 FF FF C6 58 3B,1,-0.000381,-29.308745,-17.489985,-1,-923,-1989
1754830385048,0x064,6,01 FF FF C6 58 3B,1,-0.000381,-29.308745,-17.489985,-1,-923,-1989
1754830385053,0x064,6,01 FF FF C6 58 3B,1,-0.000381,-29.308745,-17.489985,-1,-923,-1989
1754830385058,0x064,6,01 FF FF C6 58 3B,1,-0.000381,-29.308745,-17.489985,-1,-923,-1989
1754830385064,0x064,6,01 FF FF C6 58 3B,1,-0.000381,-29.308745,-17.489985,-1,-923,-1989
1754830385072,0x064,6,01 FF FF C6 58 3B,1,-0.000381,-29.308745,-17.489985,-1,-923,-1989
1754830385083,0x064,6,01 FF FF C6 58 3B,1,-0.000381,-29.308745,-17.489985,-1,-923,-1989
1754830385095,0x064,6,01 FF FF C6 58 3B,1,-0.000381,-29.308745,-17.489985,-1,-923,-1989
1754830385095,0x064,6,01 FF FF C6 58 3B,1,-0.000381,-29.308745,-17.489985,-1,-923,-1989
1754830385097,0x064,6,01 FF FF C6 58 3B,1,-0.000381,-29.308745,-17.489985,-1,-923,-1989
1754830385103,0x064,6,01 FF FF C6 58 3B,1,-0.000381,-29.308745,-17.489985,-1,-923,-1989
1754830385108,0x064,6,01 FF FF C6 58 3B,1,-0.000381,-29.308745,-17.489985,-1,-923,-1989
1754830385118,0x064,6,01 FF FF C6 58 3B,1,-0.000381,-29.308745,-17.489985,-1,-923,-1989
1754830385136,0x064,6,01 FF FF C6 58 3B,1,-0.000381,-29.308745,-17.489985,-1,-923,-1989
1754830385139,0x064,6,01 FF FF C6 58 3B,1,-0.000381,-29.308745,-17.489985,-1,-923,-1989
1754830385139,0x064,6,01 FF FF C8 08 05,1,-0.000381,-28.451392,-17.964827,-1,-896,-2043
1754830385141,0x064,6,01 FF FF C8 08 05,1,-0.000381,-28.451392,-17.964827,-1,-896,-2043
1754830385146,0x064,6,01 FF FF C8 08 05,1,-0.000381,-28.451392,-17.964827,-1,-896,-2043
1754830385152,0x064,6,01 FF FF C8 08 05,1,-0.000381,-28.451392,-17.964827,-1,-896,-2043
1754830385158,0x064,6,01 FF FF C8 08 05,1,-0.000381,-28.451392,-17.964827,-1,-896,-2043
1754830385163,0x064,6,01 FF FF C8 08 05,1,-0.000381,-28.451392,-17.964827,-1,-896,-2043
1754830385170,0x064,6,01 FF FF C8 08 05,1,-0.000381,-28.451392,-17.964827,-1,-896,-2043
1754830385179,0x064,6,01 FF FF C8 08 05,1,-0.000381,-28.451392,-17.964827,-1,-896,-2043
1754830385181,0x064,6,01 FF FF C8 08 05,1,-0.000381,-28.451392,-17.964827,-1,-896,-2043
1754830385186,0x064,6,01 FF FF C8 08 05,1,-0.000381,-28.451392,-17.964827,-1,-896,-2043
1754830385191,0x064,6,01 FF FF C8 08 05,1,-0.000381,-28.451392,-17.964827,-1,-896,-2043
1754830385196,0x064,6,01 FF FF C8 08 05,1,-0.000381,-28.451392,-17.964827,-1,-896,-2043
1754830385203,0x064,6,01 FF FF C8 08 05,1,-0.000381,-28.451392,-17.964827,-1,-896,-2043
1754830385209,0x064,6,01 FF FF C8 08 05,1,-0.000381,-28.451392,-17.964827,-1,-896,-2043
1754830385213,0x064,6,01 FF FF C8 08 05,1,-0.000381,-28.451392,-17.964827,-1,-896,-2043
1754830385219,0x064,6,01 FF FF C8 08 05,1,-0.000381,-28.451392,-17.964827,-1,-896,-2043
1754830385224,0x064,6,01 FF FF C8 08 05,1,-0.000381,-28.451392,-17.964827,-1,-896,-2043
1754830385231,0x064,6,01 FF FF CA 57 AD,1,-0.000381,-27.276502,17.278945,-1,-859,1965
1754830385237,0x064,6,01 FF FF CA 57 AD,1,-0.000381,-27.276502,17.278945,-1,-859,1965
1754830385244,0x064,6,01 FF FF CA 57 AD,1,-0.000381,-27.276502,17.278945,-1,-859,1965
1754830385247,0x064,6,01 FF FF CA 57 AD,1,-0.000381,-27.276502,17.278945,-1,-859,1965
1754830385256,0x064,6,01 FF FF CA 57 AD,1,-0.000381,-27.276502,17.278945,-1,-859,1965
1754830385258,0x064,6,01 FF FF CA 57 AD,1,-0.000381,-27.276502,17.278945,-1,-859,1965
1754830385269,0x064,6,01 FF FF CA 57 AD,1,-0.000381,-27.276502,17.278945,-1,-859,1965
1754830385283,0x064,6,01 FF FF CA 57 AD,1,-0.000381,-27.276502,17.278945,-1,-859,1965
1754830385284,0x064,6,01 FF FF CA 57 AD,1,-0.000381,-27.276502,17.278945,-1,-859,1965
1754830385294,0x064,6,01 FF FF CA 57 AD,1,-0.000381,-27.276502,17.278945,-1,-859,1965
1754830385304,0x064,6,01 FF FF CA 57 AD,1,-0.000381,-27.276502,17.278945,-1,-859,1965
1754830385304,0x064,6,01 FF FF CA 57 AD,1,-0.000381,-27.276502,17.278945,-1,-859,1965
1754830385306,0x064,6,01 FF FF CA 57 AD,1,-0.000381,-27.276502,17.278945,-1,-859,1965
1754830385311,0x064,6,01 FF FF CA 57 AD,1,-0.000381,-27.276502,17.278945,-1,-859,1965
1754830385319,0x064,6,01 FF FF CA 57 AD,1,-0.000381,-27.276502,17.278945,-1,-859,1965
1754830385326,0x064,6,01 FF FF CA 57 AD,1,-0.000381,-27.276502,17.278945,-1,-859,1965
1754830385335,0x064,6,01 FF FF C6 57 D7,1,-0.000381,-29.308745,17.648266,-1,-923,2007
1754830385338,0x064,6,01 FF FF C6 57 D7,1,-0.000381,-29.308745,17.648266,-1,-923,2007
1754830385343,0x064,6,01 FF FF C6 57 D7,1,-0.000381,-29.308745,17.648266,-1,-923,2007
1754830385349,0x064,6,01 FF FF C6 57 D7,1,-0.000381,-29.308745,17.648266,-1,-923,2007
1754830385356,0x064,6,01 FF FF C6 57 D7,1,-0.000381,-29.308745,17.648266,-1,-923,2007
1754830385361,0x064,6,01 FF FF C6 57 D7,1,-0.000381,-29.308745,17.648266,-1,-923,2007
1754830385366,0x064,6,01 FF FF C6 57 D7,1,-0.000381,-29.308745,17.648266,-1,-923,2007
1754830385371,0x064,6,01 FF FF C6 57 D7,1,-0.000381,-29.308745,17.648266,-1,-923,2007
1754830385377,0x064,6,01 FF FF C6 57 D7,1,-0.000381,-29.308745,17.648266,-1,-923,2007
1754830385382,0x064,6,01 FF FF C6 57 D7,1,-0.000381,-29.308745,17.648266,-1,-923,2007
1754830385387,0x064,6,01 FF FF C6 57 D7,1,-0.000381,-29.308745,17.648266,-1,-923,2007
1754830385404,0x064,6,01 FF FF C6 57 D7,1,-0.000381,-29.308745,17.648266,-1,-923,2007
1754830385412,0x064,6,01 FF FF C6 57 D7,1,-0.000381,-29.308745,17.648266,-1,-923,2007
1754830385413,0x064,6,01 FF FF C6 57 D7,1,-0.000381,-29.308745,17.648266,-1,-923,2007
1754830385413,0x064,6,01 FF FF C6 57 D7,1,-0.000381,-29.308745,17.648266,-1,-923,2007
1754830385418,0x064,6,01 FF FF C6 57 D7,1,-0.000381,-29.308745,17.648266,-1,-923,2007
1754830385423,0x064,6,01 FF FF C6 57 D7,1,-0.000381,-29.308745,17.648266,-1,-923,2007
1754830385429,0x064,6,01 FF FF C5 08 50,1,-0.000381,-29.975574,-17.305325,-1,-944,-1968
1754830385434,0x064,6,01 FF FF C5 08 50,1,-0.000381,-29.975574,-17.305325,-1,-944,-1968
1754830385439,0x064,6,01 FF FF C5 08 50,1,-0.000381,-29.975574,-17.305325,-1,-944,-1968
1754830385447,0x064,6,01 FF FF C5 08 50,1,-0.000381,-29.975574,-17.305325,-1,-944,-1968
1754830385453,0x064,6,01 FF FF C5 08 50,1,-0.000381,-29.975574,-17.305325,-1,-944,-1968
1754830385460,0x064,6,01 FF FF C5 08 50,1,-0.000381,-29.975574,-17.305325,-1,-944,-1968
1754830385462,0x064,6,01 FF FF C5 08 50,1,-0.000381,-29.975574,-17.305325,-1,-944,-1968
1754830385468,0x064,6,01 FF FF C5 08 50,1,-0.000381,-29.975574,-17.305325,-1,-944,-1968
1754830385482,0x064,6,01 FF FF C5 08 50,1,-0.000381,-29.975574,-17.305325,-1,-944,-1968
1754830385485,0x064,6,01 FF FF C5 08 50,1,-0.000381,-29.975574,-17.305325,-1,-944,-1968
1754830385487,0x064,6,01 FF FF C5 08 50,1,-0.000381,-29.975574,-17.305325,-1,-944,-1968
1754830385494,0x064,6,01 FF FF C5 08 50,1,-0.000381,-29.975574,-17.305325,-1,-944,-1968
1754830385498,0x064,6,01 FF FF C5 08 50,1,-0.000381,-29.975574,-17.305325,-1,-944,-1968
1754830385504,0x064,6,01 FF FF C5 08 50,1,-0.000381,-29.975574,-17.305325,-1,-944,-1968
1754830385510,0x064,6,01 FF FF C5 08 50,1,-0.000381,-29.975574,-17.305325,-1,-944,-1968
1754830385515,0x064,6,01 FF FF C5 08 50,1,-0.000381,-29.975574,-17.305325,-1,-944,-1968
1754830385520,0x064,6,01 FF FF C5 08 50,1,-0.000381,-29.975574,-17.305325,-1,-944,-1968
1754830385525,0x064,6,01 FF FF C5 08 50,1,-0.000381,-29.975574,-17.305325,-1,-944,-1968
1754830385531,0x064,6,01 FF FF C5 A7 EA,1,-0.000381,-29.658036,17.815340,-1,-934,2026
1754830385538,0x064,6,01 FF FF C5 A7 EA,1,-0.000381,-29.658036,17.815340,-1,-934,2026
1754830385544,0x064,6,01 FF FF C5 A7 EA,1,-0.000381,-29.658036,17.815340,-1,-934,2026
1754830385549,0x064,6,01 FF FF C5 A7 EA,1,-0.000381,-29.658036,17.815340,-1,-934,2026
1754830385558,0x064,6,01 FF FF C5 A7 EA,1,-0.000381,-29.658036,17.815340,-1,-934,2026
1754830385563,0x064,6,01 FF FF C5 A7 EA,1,-0.000381,-29.658036,17.815340,-1,-934,2026
1754830385568,0x064,6,01 FF FF C5 A7 EA,1,-0.000381,-29.658036,17.815340,-1,-934,2026
1754830385574,0x064,6,01 FF FF C5 A7 EA,1,-0.000381,-29.658036,17.815340,-1,-934,2026
1754830385588,0x064,6,01 FF FF C5 A7 EA,1,-0.000381,-29.658036,17.815340,-1,-934,2026
1754830385590,0x064,6,01 FF FF C5 A7 EA,1,-0.000381,-29.658036,17.815340,-1,-934,2026
1754830385592,0x064,6,01 FF FF C5 A7 EA,1,-0.000381,-29.658036,17.815340,-1,-934,2026
1754830385602,0x064,6,01 FF FF C5 A7 EA,1,-0.000381,-29.658036,17.815340,-1,-934,2026
1754830385603,0x064,6,01 FF FF C5 A7 EA,1,-0.000381,-29.658036,17.815340,-1,-934,2026
1754830385608,0x064,6,01 FF FF C5 A7 EA,1,-0.000381,-29.658036,17.815340,-1,-934,2026
1754830385614,0x064,6,01 FF FF C5 A7 EA,1,-0.000381,-29.658036,17.815340,-1,-934,2026
1754830385619,0x064,6,01 FF FF C5 A7 EA,1,-0.000381,-29.658036,17.815340,-1,-934,2026
1754830385627,0x064,6,01 FF FF C5 A7 EA,1,-0.000381,-29.658036,17.815340,-1,-934,2026
1754830385631,0x064,6,01 FF FF C5 B8 1F,1,-0.000381,-29.626282,-17.736199,-1,-933,-2017
1754830385644,0x064,6,01 FF FF C5 B8 1F,1,-0.000381,-29.626282,-17.736199,-1,-933,-2017
1754830385645,0x064,6,01 FF FF C5 B8 1F,1,-0.000381,-29.626282,-17.736199,-1,-933,-2017
1754830385651,0x064,6,01 FF FF C5 B8 1F,1,-0.000381,-29.626282,-17.736199,-1,-933,-2017
1754830385663,0x064,6,01 FF FF C5 B8 1F,1,-0.000381,-29.626282,-17.736199,-1,-933,-2017
1754830385664,0x064,6,01 FF FF C5 B8 1F,1,-0.000381,-29.626282,-17.736199,-1,-933,-2017
1754830385668,0x064,6,01 FF FF C5 B8 1F,1,-0.000381,-29.626282,-17.736199,-1,-933,-2017
1754830385674,0x064,6,01 FF FF C5 B8 1F,1,-0.000381,-29.626282,-17.736199,-1,-933,-2017
1754830385684,0x064,6,01 FF FF C5 B8 1F,1,-0.000381,-29.626282,-17.736199,-1,-933,-2017
1754830385685,0x064,6,01 FF FF C5 B8 1F,1,-0.000381,-29.626282,-17.736199,-1,-933,-2017
1754830385694,0x064,6,01 FF FF C5 B8 1F,1,-0.000381,-29.626282,-17.736199,-1,-933,-2017
1754830385704,0x064,6,01 FF FF C5 B8 1F,1,-0.000381,-29.626282,-17.736199,-1,-933,-2017
1754830385704,0x064,6,01 FF FF C5 B8 1F,1,-0.000381,-29.626282,-17.736199,-1,-933,-2017
1754830385708,0x064,6,01 FF FF C5 B8 1F,1,-0.000381,-29.626282,-17.736199,-1,-933,-2017
1754830385714,0x064,6,01 FF FF C5 B8 1F,1,-0.000381,-29.626282,-17.736199,-1,-933,-2017
1754830385718,0x064,6,01 FF FF C5 B8 1F,1,-0.000381,-29.626282,-17.736199,-1,-933,-2017
1754830385724,0x064,6,01 FF FF C5 B8 1F,1,-0.000381,-29.626282,-17.736199,-1,-933,-2017
1754830385729,0x064,6,01 FF FF C5 88 24,1,-0.000381,-29.721544,-17.692233,-1,-936,-2012
1754830385735,0x064,6,01 FF FF C5 88 24,1,-0.000381,-29.721544,-17.692233,-1,-936,-2012
1754830385755,0x064,6,01 FF FF C5 88 24,1,-0.000381,-29.721544,-17.692233,-1,-936,-2012
1754830385764,0x064,6,01 FF FF C5 88 24,1,-0.000381,-29.721544,-17.692233,-1,-936,-2012
1754830385776,0x064,6,01 FF FF C5 88 24,1,-0.000381,-29.721544,-17.692233,-1,-936,-2012
1754830385782,0x064,6,01 FF FF C5 88 24,1,-0.000381,-29.721544,-17.692233,-1,-936,-2012
1754830385784,0x064,6,01 FF FF C5 88 24,1,-0.000381,-29.721544,-17.692233,-1,-936,-2012
1754830385788,0x064,6,01 FF FF C5 88 24,1,-0.000381,-29.721544,-17.692233,-1,-936,-2012
1754830385790,0x064,6,01 FF FF C5 88 24,1,-0.000381,-29.721544,-17.692233,-1,-936,-2012
1754830385797,0x064,6,01 FF FF C5 88 24,1,-0.000381,-29.721544,-17.692233,-1,-936,-2012
1754830385802,0x064,6,01 FF FF C5 88 24,1,-0.000381,-29.721544,-17.692233,-1,-936,-2012
1754830385807,0x064,6,01 FF FF C5 88 24,1,-0.000381,-29.721544,-17.692233,-1,-936,-2012
1754830385814,0x064,6,01 FF FF C5 88 24,1,-0.000381,-29.721544,-17.692233,-1,-936,-2012
1754830385825,0x064,6,01 FF FF C5 88 24,1,-0.000381,-29.721544,-17.692233,-1,-936,-2012
1754830385837,0x064,6,01 FF FF C5 88 24,1,-0.000381,-29.721544,-17.692233,-1,-936,-2012
1754830385837,0x064,6,01 FF FF C7 78 14,1,-0.000381,-28.737176,-17.832926,-1,-905,-2028
1754830385844,0x064,6,01 FF FF C7 78 14,1,-0.000381,-28.737176,-17.832926,-1,-905,-2028
1754830385847,0x064,6,01 FF FF C7 78 14,1,-0.000381,-28.737176,-17.832926,-1,-905,-2028
1754830385851,0x064,6,01 FF FF C7 78 14,1,-0.000381,-28.737176,-17.832926,-1,-905,-2028
1754830385860,0x064,6,01 FF FF C7 78 14,1,-0.000381,-28.737176,-17.832926,-1,-905,-2028
1754830385863,0x064,6,01 FF FF C7 78 14,1,-0.000381,-28.737176,-17.832926,-1,-905,-2028
1754830385868,0x064,6,01 FF FF C7 78 14,1,-0.000381,-28.737176,-17.832926,-1,-905,-2028
1754830385873,0x064,6,01 FF FF C7 78 14,1,-0.000381,-28.737176,-17.832926,-1,-905,-2028
1754830385881,0x064,6,01 FF FF C7 78 14,1,-0.000381,-28.737176,-17.832926,-1,-905,-2028
1754830385883,0x064,6,01 FF FF C7 78 14,1,-0.000381,-28.737176,-17.832926,-1,-905,-2028
1754830385892,0x064,6,01 FF FF C7 78 14,1,-0.000381,-28.737176,-17.832926,-1,-905,-2028
1754830385894,0x064,6,01 FF FF C7 78 14,1,-0.000381,-28.737176,-17.832926,-1,-905,-2028
1754830385904,0x064,6,01 FF FF C7 78 14,1,-0.000381,-28.737176,-17.832926,-1,-905,-2028
1754830385909,0x064,6,01 FF FF C7 78 14,1,-0.000381,-28.737176,-17.832926,-1,-905,-2028
1754830385924,0x064,6,01 FF FF C7 78 14,1,-0.000381,-28.737176,-17.832926,-1,-905,-2028
1754830385927,0x064,6,01 FF FF C7 78 14,1,-0.000381,-28.737176,-17.832926,-1,-905,-2028
1754830464399,0x064,6,01 FF FF 7B 88 27,1,-0.000381,62.745481,-17.665852,-1,1976,-2009
1754830464399,0x064,6,01 FF FF 7B 88 27,1,-0.000381,62.745481,-17.665852,-1,1976,-2009
1754830464399,0x064,6,01 7F F9 5D B8 11,1,12.497711,47.598925,-17.859306,32761,1499,-2031
1754830464400,0x064,6,01 7F F9 5D B8 11,1,12.497711,47.598925,-17.859306,32761,1499,-2031
1754830464406,0x064,6,01 7F F9 5D B8 11,1,12.497711,47.598925,-17.859306,32761,1499,-2031
1754830464412,0x064,6,01 7F CC 7E E8 0A,1,12.480544,64.460186,-17.920860,32716,2030,-2038
1754830464418,0x064,6,01 7F CC 7E E8 0A,1,12.480544,64.460186,-17.920860,32716,2030,-2038
1754830464423,0x064,6,01 7F CC 7E E8 0A,1,12.480544,64.460186,-17.920860,32716,2030,-2038
1754830464432,0x064,6,01 7F CC 7E E8 0A,1,12.480544,64.460186,-17.920860,32716,2030,-2038
1754830464434,0x064,6,01 7F CC 7E E8 0A,1,12.480544,64.460186,-17.920860,32716,2030,-2038
1754830464440,0x064,6,01 7F CC 7E E8 0A,1,12.480544,64.460186,-17.920860,32716,2030,-2038
1754830464447,0x064,6,01 7F CC 7E E8 0A,1,12.480544,64.460186,-17.920860,32716,2030,-2038
1754830464453,0x064,6,01 7F CC 7E E8 0A,1,12.480544,64.460186,-17.920860,32716,2030,-2038
1754830464459,0x064,6,01 7F CC 7E E8 0A,1,12.480544,64.460186,-17.920860,32716,2030,-2038
1754830464465,0x064,6,01 7F CC 7E E8 0A,1,12.480544,64.460186,-17.920860,32716,2030,-2038
1754830464470,0x064,6,01 7F CC 7E E8 0A,1,12.480544,64.460186,-17.920860,32716,2030,-2038
1754830464484,0x064,6,01 7F CC 7E E8 0A,1,12.480544,64.460186,-17.920860,32716,2030,-2038
1754830464484,0x064,6,01 7F CC 7E E8 0A,1,12.480544,64.460186,-17.920860,32716,2030,-2038
1754830464493,0x064,6,01 7F CC 7E E8 0A,1,12.480544,64.460186,-17.920860,32716,2030,-2038
1754830464495,0x064,6,01 7F CC 7E E8 0A,1,12.480544,64.460186,-17.920860,32716,2030,-2038
1754830464509,0x064,6,01 7F CC 7E E8 0A,1,12.480544,64.460186,-17.920860,32716,2030,-2038
1754830464509,0x064,6,01 7F 9C 7F 68 00,1,12.462233,64.714216,-18.008793,32668,2038,-2048
1754830464515,0x064,6,01 7F 9C 7F 68 00,1,12.462233,64.714216,-18.008793,32668,2038,-2048
1754830464520,0x064,6,01 7F 9C 7F 68 00,1,12.462233,64.714216,-18.008793,32668,2038,-2048
1754830464526,0x064,6,01 7F 9C 7F 68 00,1,12.462233,64.714216,-18.008793,32668,2038,-2048
1754830464531,0x064,6,01 7F 9C 7F 68 00,1,12.462233,64.714216,-18.008793,32668,2038,-2048
1754830464539,0x064,6,01 7F 9C 7F 68 00,1,12.462233,64.714216,-18.008793,32668,2038,-2048
1754830464544,0x064,6,01 7F 9C 7F 68 00,1,12.462233,64.714216,-18.008793,32668,2038,-2048
1754830464556,0x064,6,01 7F 9C 7F 68 00,1,12.462233,64.714216,-18.008793,32668,2038,-2048
1754830464558,0x064,6,01 7F 9C 7F 68 00,1,12.462233,64.714216,-18.008793,32668,2038,-2048
1754830464568,0x064,6,01 7F 9C 7F 68 00,1,12.462233,64.714216,-18.008793,32668,2038,-2048
1754830464570,0x064,6,01 7F 9C 7F 68 00,1,12.462233,64.714216,-18.008793,32668,2038,-2048
1754830464577,0x064,6,01 7F 9C 7F 68 00,1,12.462233,64.714216,-18.008793,32668,2038,-2048
1754830464581,0x064,6,01 7F 9C 7F 68 00,1,12.462233,64.714216,-18.008793,32668,2038,-2048
1754830464586,0x064,6,01 7F 9C 7F 68 00,1,12.462233,64.714216,-18.008793,32668,2038,-2048
1754830464597,0x064,6,01 7F 9C 7F 68 00,1,12.462233,64.714216,-18.008793,32668,2038,-2048
1754830464598,0x064,6,01 7F 9C 7F 68 00,1,12.462233,64.714216,-18.008793,32668,2038,-2048
1754830464603,0x064,6,01 7F 9C 7F 68 00,1,12.462233,64.714216,-18.008793,32668,2038,-2048
1754830464609,0x064,6,01 7F 75 7F 77 FC,1,12.447356,64.745970,17.973620,32629,2039,2044
1754830464615,0x064,6,01 7F 75 7F 77 FC,1,12.447356,64.745970,17.973620,32629,2039,2044
1754830464620,0x064,6,01 7F 75 7F 77 FC,1,12.447356,64.745970,17.973620,32629,2039,2044
1754830464626,0x064,6,01 7F 75 7F 77 FC,1,12.447356,64.745970,17.973620,32629,2039,2044
1754830464647,0x064,6,01 7F 75 7F 77 FC,1,12.447356,64.745970,17.973620,32629,2039,2044
1754830464648,0x064,6,01 7F 75 7F 77 FC,1,12.447356,64.745970,17.973620,32629,2039,2044
1754830464648,0x064,6,01 7F 75 7F 77 FC,1,12.447356,64.745970,17.973620,32629,2039,2044
1754830464662,0x064,6,01 7F 75 7F 77 FC,1,12.447356,64.745970,17.973620,32629,2039,2044
1754830464662,0x064,6,01 7F 75 7F 77 FC,1,12.447356,64.745970,17.973620,32629,2039,2044
1754830464675,0x064,6,01 7F 75 7F 77 FC,1,12.447356,64.745970,17.973620,32629,2039,2044
1754830464682,0x064,6,01 7F 75 7F 77 FC,1,12.447356,64.745970,17.973620,32629,2039,2044
1754830464683,0x064,6,01 7F 75 7F 77 FC,1,12.447356,64.745970,17.973620,32629,2039,2044
1754830464689,0x064,6,01 7F 75 7F 77 FC,1,12.447356,64.745970,17.973620,32629,2039,2044
1754830464695,0x064,6,01 7F 75 7F 77 FC,1,12.447356,64.745970,17.973620,32629,2039,2044
1754830464711,0x064,6,01 7F 75 7F 77 FC,1,12.447356,64.745970,17.973620,32629,2039,2044
1754830464711,0x064,6,01 7F 5D 7F 87 CC,1,12.438200,64.777723,17.551539,32605,2040,1996
1754830464716,0x064,6,01 7F 5D 7F 87 CC,1,12.438200,64.777723,17.551539,32605,2040,1996
1754830464720,0x064,6,01 7F 5D 7F 87 CC,1,12.438200,64.777723,17.551539,32605,2040,1996
1754830464724,0x064,6,01 7F 5D 7F 87 CC,1,12.438200,64.777723,17.551539,32605,2040,1996
1754830464730,0x064,6,01 7F 5D 7F 87 CC,1,12.438200,64.777723,17.551539,32605,2040,1996
1754830464737,0x064,6,01 7F 5D 7F 87 CC,1,12.438200,64.777723,17.551539,32605,2040,1996
1754830464751,0x064,6,01 7F 5D 7F 87 CC,1,12.438200,64.777723,17.551539,32605,2040,1996
1754830464752,0x064,6,01 7F 5D 7F 87 CC,1,12.438200,64.777723,17.551539,32605,2040,1996
1754830464762,0x064,6,01 7F 5D 7F 87 CC,1,12.438200,64.777723,17.551539,32605,2040,1996
1754830464792,0x064,6,01 7F 5D 7F 87 CC,1,12.438200,64.777723,17.551539,32605,2040,1996
1754830464792,0x064,6,01 7F 5D 7F 87 CC,1,12.438200,64.777723,17.551539,32605,2040,1996
1754830464792,0x064,6,01 7F 5D 7F 87 CC,1,12.438200,64.777723,17.551539,32605,2040,1996
1754830464792,0x064,6,01 7F 5D 7F 87 CC,1,12.438200,64.777723,17.551539,32605,2040,1996
1754830464797,0x064,6,01 7F 5D 7F 87 CC,1,12.438200,64.777723,17.551539,32605,2040,1996
1754830464802,0x064,6,01 7F 5D 7F 87 CC,1,12.438200,64.777723,17.551539,32605,2040,1996
1754830464808,0x064,6,01 7F 5D 7F 87 CC,1,12.438200,64.777723,17.551539,32605,2040,1996
1754830464813,0x064,6,01 7F 5C 80 08 08,1,12.437819,-65.031754,-17.938447,32604,-2048,-2040
1754830464830,0x064,6,01 7F 5C 80 08 08,1,12.437819,-65.031754,-17.938447,32604,-2048,-2040
1754830464832,0x064,6,01 7F 5C 80 08 08,1,12.437819,-65.031754,-17.938447,32604,-2048,-2040
1754830464840,0x064,6,01 7F 5C 80 08 08,1,12.437819,-65.031754,-17.938447,32604,-2048,-2040
1754830464845,0x064,6,01 7F 5C 80 08 08,1,12.437819,-65.031754,-17.938447,32604,-2048,-2040
1754830464851,0x064,6,01 7F 5C 80 08 08,1,12.437819,-65.031754,-17.938447,32604,-2048,-2040
1754830464852,0x064,6,01 7F 5C 80 08 08,1,12.437819,-65.031754,-17.938447,32604,-2048,-2040
1754830464857,0x064,6,01 7F 5C 80 08 08,1,12.437819,-65.031754,-17.938447,32604,-2048,-2040
1754830464863,0x064,6,01 7F 5C 80 08 08,1,12.437819,-65.031754,-17.938447,32604,-2048,-2040
1754830464869,0x064,6,01 7F 5C 80 08 08,1,12.437819,-65.031754,-17.938447,32604,-2048,-2040
1754830464874,0x064,6,01 7F 5C 80 08 08,1,12.437819,-65.031754,-17.938447,32604,-2048,-2040
1754830464879,0x064,6,01 7F 5C 80 08 08,1,12.437819,-65.031754,-17.938447,32604,-2048,-2040
1754830464885,0x064,6,01 7F 5C 80 08 08,1,12.437819,-65.031754,-17.938447,32604,-2048,-2040
1754830464891,0x064,6,01 7F 5C 80 08 08,1,12.437819,-65.031754,-17.938447,32604,-2048,-2040
1754830464903,0x064,6,01 7F 5C 80 08 08,1,12.437819,-65.031754,-17.938447,32604,-2048,-2040
1754830464903,0x064,6,01 7F 5C 80 08 08,1,12.437819,-65.031754,-17.938447,32604,-2048,-2040
1754830464909,0x064,6,01 7F 5C 80 08 4C,1,12.437819,-65.031754,-17.340498,32604,-2048,-1972
1754830464927,0x064,6,01 7F 5C 80 08 4C,1,12.437819,-65.031754,-17.340498,32604,-2048,-1972
1754830464938,0x064,6,01 7F 5C 80 08 4C,1,12.437819,-65.031754,-17.340498,32604,-2048,-1972
1754830464947,0x064,6,01 7F 5C 80 08 4C,1,12.437819,-65.031754,-17.340498,32604,-2048,-1972
1754830464948,0x064,6,01 7F 5C 80 08 4C,1,12.437819,-65.031754,-17.340498,32604,-2048,-1972
1754830464952,0x064,6,01 7F 5C 80 08 4C,1,12.437819,-65.031754,-17.340498,32604,-2048,-1972
1754830464954,0x064,6,01 7F 5C 80 08 4C,1,12.437819,-65.031754,-17.340498,32604,-2048,-1972
1754830464963,0x064,6,01 7F 5C 80 08 4C,1,12.437819,-65.031754,-17.340498,32604,-2048,-1972
1754830464965,0x064,6,01 7F 5C 80 08 4C,1,12.437819,-65.031754,-17.340498,32604,-2048,-1972
1754830464970,0x064,6,01 7F 5C 80 08 4C,1,12.437819,-65.031754,-17.340498,32604,-2048,-1972
1754830464975,0x064,6,01 7F 5C 80 08 4C,1,12.437819,-65.031754,-17.340498,32604,-2048,-1972
1754830464983,0x064,6,01 7F 5C 80 08 4C,1,12.437819,-65.031754,-17.340498,32604,-2048,-1972
1754830464997,0x064,6,01 7F 5C 80 08 4C,1,12.437819,-65.031754,-17.340498,32604,-2048,-1972
1754830464997,0x064,6,01 7F 5C 80 08 4C,1,12.437819,-65.031754,-17.340498,32604,-2048,-1972
1754830465007,0x064,6,01 7F 5C 80 08 4C,1,12.437819,-65.031754,-17.340498,32604,-2048,-1972
1754830465008,0x064,6,01 7F 5C 80 08 33,1,12.437819,-65.031754,-17.560332,32604,-2048,-1997
1754830465017,0x064,6,01 7F 5C 80 08 33,1,12.437819,-65.031754,-17.560332,32604,-2048,-1997
1754830465019,0x064,6,01 7F 5C 80 08 33,1,12.437819,-65.031754,-17.560332,32604,-2048,-1997
1754830465025,0x064,6,01 7F 5C 80 08 33,1,12.437819,-65.031754,-17.560332,32604,-2048,-1997
1754830465030,0x064,6,01 7F 5C 80 08 33,1,12.437819,-65.031754,-17.560332,32604,-2048,-1997
1754830465035,0x064,6,01 7F 5C 80 08 33,1,12.437819,-65.031754,-17.560332,32604,-2048,-1997
1754830465042,0x064,6,01 7F 5C 80 08 33,1,12.437819,-65.031754,-17.560332,32604,-2048,-1997
1754830465075,0x064,6,01 7F 5C 80 08 33,1,12.437819,-65.031754,-17.560332,32604,-2048,-1997
1754830465075,0x064,6,01 7F 5C 80 08 33,1,12.437819,-65.031754,-17.560332,32604,-2048,-1997
1754830465076,0x064,6,01 7F 5C 80 08 33,1,12.437819,-65.031754,-17.560332,32604,-2048,-1997
1754830465084,0x064,6,01 7F 5C 80 08 33,1,12.437819,-65.031754,-17.560332,32604,-2048,-1997
1754830465086,0x064,6,01 7F 5C 80 08 33,1,12.437819,-65.031754,-17.560332,32604,-2048,-1997
1754830465092,0x064,6,01 7F 5C 80 08 33,1,12.437819,-65.031754,-17.560332,32604,-2048,-1997
1754830465097,0x064,6,01 7F 5C 80 08 33,1,12.437819,-65.031754,-17.560332,32604,-2048,-1997
1754830465109,0x064,6,01 7F 5C 80 08 33,1,12.437819,-65.031754,-17.560332,32604,-2048,-1997
1754830465112,0x064,6,01 7F 5D 80 07 E1,1,12.438200,-65.031754,17.736199,32605,-2048,2017
1754830465119,0x064,6,01 7F 5D 80 07 E1,1,12.438200,-65.031754,17.736199,32605,-2048,2017
1754830465120,0x064,6,01 7F 5D 80 07 E1,1,12.438200,-65.031754,17.736199,32605,-2048,2017
1754830465139,0x064,6,01 7F 5D 80 07 E1,1,12.438200,-65.031754,17.736199,32605,-2048,2017
1754830465139,0x064,6,01 7F 5D 80 07 E1,1,12.438200,-65.031754,17.736199,32605,-2048,2017
1754830465143,0x064,6,01 7F 5D 80 07 E1,1,12.438200,-65.031754,17.736199,32605,-2048,2017
1754830465148,0x064,6,01 7F 5D 80 07 E1,1,12.438200,-65.031754,17.736199,32605,-2048,2017
1754830465158,0x064,6,01 7F 5D 80 07 E1,1,12.438200,-65.031754,17.736199,32605,-2048,2017
1754830465168,0x064,6,01 7F 5D 80 07 E1,1,12.438200,-65.031754,17.736199,32605,-2048,2017
1754830465176,0x064,6,01 7F 5D 80 07 E1,1,12.438200,-65.031754,17.736199,32605,-2048,2017
1754830465179,0x064,6,01 7F 5D 80 07 E1,1,12.438200,-65.031754,17.736199,32605,-2048,2017
1754830465190,0x064,6,01 7F 5D 80 07 E1,1,12.438200,-65.031754,17.736199,32605,-2048,2017
1754830465192,0x064,6,01 7F 5D 80 07 E1,1,12.438200,-65.031754,17.736199,32605,-2048,2017
1754830465197,0x064,6,01 7F 5D 80 07 E1,1,12.438200,-65.031754,17.736199,32605,-2048,2017
1754830465211,0x064,6,01 7F 5D 80 07 E1,1,12.438200,-65.031754,17.736199,32605,-2048,2017
1754830465217,0x064,6,01 7F 61 80 07 F1,1,12.439726,-65.031754,17.876893,32609,-2048,2033
1754830465220,0x064,6,01 7F 61 80 07 F1,1,12.439726,-65.031754,17.876893,32609,-2048,2033
1754830465227,0x064,6,01 7F 61 80 07 F1,1,12.439726,-65.031754,17.876893,32609,-2048,2033
1754830465232,0x064,6,01 7F 61 80 07 F1,1,12.439726,-65.031754,17.876893,32609,-2048,2033
1754830465237,0x064,6,01 7F 61 80 07 F1,1,12.439726,-65.031754,17.876893,32609,-2048,2033
1754830465252,0x064,6,01 7F 61 80 07 F1,1,12.439726,-65.031754,17.876893,32609,-2048,2033
1754830465258,0x064,6,01 7F 61 80 07 F1,1,12.439726,-65.031754,17.876893,32609,-2048,2033
1754830465259,0x064,6,01 7F 61 80 07 F1,1,12.439726,-65.031754,17.876893,32609,-2048,2033
1754830465269,0x064,6,01 7F 61 80 07 F1,1,12.439726,-65.031754,17.876893,32609,-2048,2033
1754830465271,0x064,6,01 7F 61 80 07 F1,1,12.439726,-65.031754,17.876893,32609,-2048,2033
1754830465280,0x064,6,01 7F 61 80 07 F1,1,12.439726,-65.031754,17.876893,32609,-2048,2033
1754830465283,0x064,6,01 7F 61 80 07 F1,1,12.439726,-65.031754,17.876893,32609,-2048,2033
1754830465287,0x064,6,01 7F 61 80 07 F1,1,12.439726,-65.031754,17.876893,32609,-2048,2033
1754830465292,0x064,6,01 7F 61 80 07 F1,1,12.439726,-65.031754,17.876893,32609,-2048,2033
1754830465298,0x064,6,01 7F 61 80 07 F1,1,12.439726,-65.031754,17.876893,32609,-2048,2033
1754830465317,0x064,6,01 7F 61 80 07 F1,1,12.439726,-65.031754,17.876893,32609,-2048,2033
1754830465317,0x064,6,01 7F 74 80 78 22,1,12.446974,-64.809477,-17.709819,32628,-2041,-2014
1754830465320,0x064,6,01 7F 74 80 78 22,1,12.446974,-64.809477,-17.709819,32628,-2041,-2014
1754830465333,0x064,6,01 7F 74 80 78 22,1,12.446974,-64.809477,-17.709819,32628,-2041,-2014
1754830465335,0x064,6,01 7F 74 80 78 22,1,12.446974,-64.809477,-17.709819,32628,-2041,-2014
1754830465340,0x064,6,01 7F 74 80 78 22,1,12.446974,-64.809477,-17.709819,32628,-2041,-2014
1754830465345,0x064,6,01 7F 74 80 78 22,1,12.446974,-64.809477,-17.709819,32628,-2041,-2014
1754830465354,0x064,6,01 7F 74 80 78 22,1,12.446974,-64.809477,-17.709819,32628,-2041,-2014
1754830465358,0x064,6,01 7F 74 80 78 22,1,12.446974,-64.809477,-17.709819,32628,-2041,-2014
1754830465370,0x064,6,01 7F 74 80 78 22,1,12.446974,-64.809477,-17.709819,32628,-2041,-2014
1754830465371,0x064,6,01 7F 74 80 78 22,1,12.446974,-64.809477,-17.709819,32628,-2041,-2014
1754830465374,0x064,6,01 7F 74 80 78 22,1,12.446974,-64.809477,-17.709819,32628,-2041,-2014
1754830465380,0x064,6,01 7F 74 80 78 22,1,12.446974,-64.809477,-17.709819,32628,-2041,-2014
1754830465396,0x064,6,01 7F 74 80 78 22,1,12.446974,-64.809477,-17.709819,32628,-2041,-2014
1754830465399,0x064,6,01 7F 74 80 78 22,1,12.446974,-64.809477,-17.709819,32628,-2041,-2014
1754830465406,0x064,6,01 7F 74 80 78 22,1,12.446974,-64.809477,-17.709819,32628,-2041,-2014
1754830465435,0x064,6,01 7F 74 80 78 22,1,12.446974,-64.809477,-17.709819,32628,-2041,-2014
1754830465435,0x064,6,01 7F 94 80 97 54,1,12.459181,-64.745970,16.496336,32660,-2039,1876
1754830465436,0x064,6,01 7F 94 80 97 54,1,12.459181,-64.745970,16.496336,32660,-2039,1876
1754830465436,0x064,6,01 7F 94 80 97 54,1,12.459181,-64.745970,16.496336,32660,-2039,1876
1754830465437,0x064,6,01 7F 94 80 97 54,1,12.459181,-64.745970,16.496336,32660,-2039,1876
1754830465441,0x064,6,01 7F 94 80 97 54,1,12.459181,-64.745970,16.496336,32660,-2039,1876
1754830465455,0x064,6,01 7F 94 80 97 54,1,12.459181,-64.745970,16.496336,32660,-2039,1876
1754830465474,0x064,6,01 7F 94 80 97 54,1,12.459181,-64.745970,16.496336,32660,-2039,1876
1754830465480,0x064,6,01 7F 94 80 97 54,1,12.459181,-64.745970,16.496336,32660,-2039,1876
1754830465482,0x064,6,01 7F 94 80 97 54,1,12.459181,-64.745970,16.496336,32660,-2039,1876
1754830465505,0x064,6,01 7F 94 80 97 54,1,12.459181,-64.745970,16.496336,32660,-2039,1876
1754830465505,0x064,6,01 7F 94 80 97 54,1,12.459181,-64.745970,16.496336,32660,-2039,1876
1754830465505,0x064,6,01 7F 94 80 97 54,1,12.459181,-64.745970,16.496336,32660,-2039,1876
1754830465512,0x064,6,01 7F CF 80 E7 EB,1,12.481689,-64.587201,17.824133,32719,-2034,2027
1754830465520,0x064,6,01 7F CF 80 E7 EB,1,12.481689,-64.587201,17.824133,32719,-2034,2027
1754830465529,0x064,6,01 7F CF 80 E7 EB,1,12.481689,-64.587201,17.824133,32719,-2034,2027
1754830465534,0x064,6,01 7F CF 80 E7 EB,1,12.481689,-64.587201,17.824133,32719,-2034,2027
1754830465536,0x064,6,01 7F CF 80 E7 EB,1,12.481689,-64.587201,17.824133,32719,-2034,2027
1754830465541,0x064,6,01 7F CF 80 E7 EB,1,12.481689,-64.587201,17.824133,32719,-2034,2027
1754830465547,0x064,6,01 7F CF 80 E7 EB,1,12.481689,-64.587201,17.824133,32719,-2034,2027
1754830465558,0x064,6,01 7F CF 80 E7 EB,1,12.481689,-64.587201,17.824133,32719,-2034,2027
1754830465560,0x064,6,01 7F CF 80 E7 EB,1,12.481689,-64.587201,17.824133,32719,-2034,2027
1754830465565,0x064,6,01 7F CF 80 E7 EB,1,12.481689,-64.587201,17.824133,32719,-2034,2027
1754830465570,0x064,6,01 7F CF 80 E7 EB,1,12.481689,-64.587201,17.824133,32719,-2034,2027
1754830465578,0x064,6,01 7F CF 80 E7 EB,1,12.481689,-64.587201,17.824133,32719,-2034,2027
1754830465581,0x064,6,01 7F CF 80 E7 EB,1,12.481689,-64.587201,17.824133,32719,-2034,2027
1754830465587,0x064,6,01 7F CF 80 E7 EB,1,12.481689,-64.587201,17.824133,32719,-2034,2027
1754830465593,0x064,6,01 7F CF 80 E7 EB,1,12.481689,-64.587201,17.824133,32719,-2034,2027
1754830465598,0x064,6,01 7F CF 80 E7 EB,1,12.481689,-64.587201,17.824133,32719,-2034,2027
1754830465608,0x064,6,01 7F CF 80 E7 EB,1,12.481689,-64.587201,17.824133,32719,-2034,2027
1754830465612,0x064,6,01 7F CF 80 E7 EB,1,12.481689,-64.587201,17.824133,32719,-2034,2027
1754830465614,0x064,6,01 80 31 81 C7 D9,1,-12.481689,-64.142648,17.665852,-32719,-2020,2009
1754830465619,0x064,6,01 80 31 81 C7 D9,1,-12.481689,-64.142648,17.665852,-32719,-2020,2009
1754830465625,0x064,6,01 80 31 81 C7 D9,1,-12.481689,-64.142648,17.665852,-32719,-2020,2009
1754830465631,0x064,6,01 80 31 81 C7 D9,1,-12.481689,-64.142648,17.665852,-32719,-2020,2009
1754830465642,0x064,6,01 80 31 81 C7 D9,1,-12.481689,-64.142648,17.665852,-32719,-2020,2009
1754830465647,0x064,6,01 80 31 81 C7 D9,1,-12.481689,-64.142648,17.665852,-32719,-2020,2009
1754830465652,0x064,6,01 80 31 81 C7 D9,1,-12.481689,-64.142648,17.665852,-32719,-2020,2009
1754830465657,0x064,6,01 80 31 81 C7 D9,1,-12.481689,-64.142648,17.665852,-32719,-2020,2009
1754830465665,0x064,6,01 80 31 81 C7 D9,1,-12.481689,-64.142648,17.665852,-32719,-2020,2009
1754830465676,0x064,6,01 80 31 81 C7 D9,1,-12.481689,-64.142648,17.665852,-32719,-2020,2009
1754830465683,0x064,6,01 80 31 81 C7 D9,1,-12.481689,-64.142648,17.665852,-32719,-2020,2009
1754830465684,0x064,6,01 80 31 81 C7 D9,1,-12.481689,-64.142648,17.665852,-32719,-2020,2009
1754830465689,0x064,6,01 80 31 81 C7 D9,1,-12.481689,-64.142648,17.665852,-32719,-2020,2009
1754830465695,0x064,6,01 80 31 81 C7 D9,1,-12.481689,-64.142648,17.665852,-32719,-2020,2009
1754830465702,0x064,6,01 80 31 81 C7 D9,1,-12.481689,-64.142648,17.665852,-32719,-2020,2009
1754830465719,0x064,6,01 80 31 81 C7 D9,1,-12.481689,-64.142648,17.665852,-32719,-2020,2009
1754830465744,0x064,6,01 80 9F 81 A8 0E,1,-12.439726,-64.206155,-17.885686,-32609,-2022,-2034
1754830465744,0x064,6,01 80 9F 81 A8 0E,1,-12.439726,-64.206155,-17.885686,-32609,-2022,-2034
1754830465744,0x064,6,01 80 9F 81 A8 0E,1,-12.439726,-64.206155,-17.885686,-32609,-2022,-2034
1754830465747,0x064,6,01 80 9F 81 A8 0E,1,-12.439726,-64.206155,-17.885686,-32609,-2022,-2034
1754830465761,0x064,6,01 80 9F 81 A8 0E,1,-12.439726,-64.206155,-17.885686,-32609,-2022,-2034
1754830465769,0x064,6,01 80 9F 81 A8 0E,1,-12.439726,-64.206155,-17.885686,-32609,-2022,-2034
1754830465770,0x064,6,01 80 9F 81 A8 0E,1,-12.439726,-64.206155,-17.885686,-32609,-2022,-2034
1754830465777,0x064,6,01 80 9F 81 A8 0E,1,-12.439726,-64.206155,-17.885686,-32609,-2022,-2034
1754830465781,0x064,6,01 80 9F 81 A8 0E,1,-12.439726,-64.206155,-17.885686,-32609,-2022,-2034
1754830465791,0x064,6,01 80 9F 81 A8 0E,1,-12.439726,-64.206155,-17.885686,-32609,-2022,-2034
1754830465797,0x064,6,01 80 9F 81 A8 0E,1,-12.439726,-64.206155,-17.885686,-32609,-2022,-2034
1754830465808,0x064,6,01 80 9F 81 A8 0E,1,-12.439726,-64.206155,-17.885686,-32609,-2022,-2034
1754830465832,0x064,6,01 80 9F 81 A8 0E,1,-12.439726,-64.206155,-17.885686,-32609,-2022,-2034
1754830465845,0x064,6,01 81 1F 81 D8 AE,1,-12.390896,-64.110894,-16.478749,-32481,-2019,-1874
1754830465850,0x064,6,01 81 1F 81 D8 AE,1,-12.390896,-64.110894,-16.478749,-32481,-2019,-1874
1754830465851,0x064,6,01 81 1F 81 D8 AE,1,-12.390896,-64.110894,-16.478749,-32481,-2019,-1874
1754830465851,0x064,6,01 81 1F 81 D8 AE,1,-12.390896,-64.110894,-16.478749,-32481,-2019,-1874
1754830465852,0x064,6,01 81 1F 81 D8 AE,1,-12.390896,-64.110894,-16.478749,-32481,-2019,-1874
1754830465858,0x064,6,01 81 1F 81 D8 AE,1,-12.390896,-64.110894,-16.478749,-32481,-2019,-1874
1754830465864,0x064,6,01 81 1F 81 D8 AE,1,-12.390896,-64.110894,-16.478749,-32481,-2019,-1874
1754830465868,0x064,6,01 81 1F 81 D8 AE,1,-12.390896,-64.110894,-16.478749,-32481,-2019,-1874
1754830465873,0x064,6,01 81 1F 81 D8 AE,1,-12.390896,-64.110894,-16.478749,-32481,-2019,-1874
1754830465879,0x064,6,01 81 1F 81 D8 AE,1,-12.390896,-64.110894,-16.478749,-32481,-2019,-1874
1754830465887,0x064,6,01 81 1F 81 D8 AE,1,-12.390896,-64.110894,-16.478749,-32481,-2019,-1874
1754830465896,0x064,6,01 81 1F 81 D8 AE,1,-12.390896,-64.110894,-16.478749,-32481,-2019,-1874
1754830465899,0x064,6,01 81 1F 81 D8 AE,1,-12.390896,-64.110894,-16.478749,-32481,-2019,-1874
1754830465913,0x064,6,01 81 1F 81 D8 AE,1,-12.390896,-64.110894,-16.478749,-32481,-2019,-1874
1754830465920,0x064,6,01 81 A9 82 08 04,1,-12.338252,-64.015633,-17.973620,-32343,-2016,-2044
1754830465926,0x064,6,01 81 A9 82 08 04,1,-12.338252,-64.015633,-17.973620,-32343,-2016,-2044
1754830465926,0x064,6,01 81 A9 82 08 04,1,-12.338252,-64.015633,-17.973620,-32343,-2016,-2044
1754830465931,0x064,6,01 81 A9 82 08 04,1,-12.338252,-64.015633,-17.973620,-32343,-2016,-2044
1754830465936,0x064,6,01 81 A9 82 08 04,1,-12.338252,-64.015633,-17.973620,-32343,-2016,-2044
1754830465947,0x064,6,01 81 A9 82 08 04,1,-12.338252,-64.015633,-17.973620,-32343,-2016,-2044
1754830465955,0x064,6,01 81 A9 82 08 04,1,-12.338252,-64.015633,-17.973620,-32343,-2016,-2044
1754830465987,0x064,6,01 81 A9 82 08 04,1,-12.338252,-64.015633,-17.973620,-32343,-2016,-2044
1754830465999,0x064,6,01 81 A9 82 08 04,1,-12.338252,-64.015633,-17.973620,-32343,-2016,-2044
1754830466001,0x064,6,01 81 A9 82 08 04,1,-12.338252,-64.015633,-17.973620,-32343,-2016,-2044
1754830466003,0x064,6,01 81 A9 82 08 04,1,-12.338252,-64.015633,-17.973620,-32343,-2016,-2044
1754830466008,0x064,6,01 81 A9 82 08 04,1,-12.338252,-64.015633,-17.973620,-32343,-2016,-2044
1754830466012,0x064,6,01 81 A9 82 08 04,1,-12.338252,-64.015633,-17.973620,-32343,-2016,-2044
1754830466012,0x064,6,01 81 A9 82 08 04,1,-12.338252,-64.015633,-17.973620,-32343,-2016,-2044
1754830466013,0x064,6,01 81 A9 82 08 04,1,-12.338252,-64.015633,-17.973620,-32343,-2016,-2044
1754830466014,0x064,6,01 82 35 81 E7 ED,1,-12.284845,-64.079140,17.841720,-32203,-2018,2029
1754830466019,0x064,6,01 82 35 81 E7 ED,1,-12.284845,-64.079140,17.841720,-32203,-2018,2029
1754830466029,0x064,6,01 82 35 81 E7 ED,1,-12.284845,-64.079140,17.841720,-32203,-2018,2029
1754830466036,0x064,6,01 82 35 81 E7 ED,1,-12.284845,-64.079140,17.841720,-32203,-2018,2029
1754830466036,0x064,6,01 82 35 81 E7 ED,1,-12.284845,-64.079140,17.841720,-32203,-2018,2029
1754830466049,0x064,6,01 82 35 81 E7 ED,1,-12.284845,-64.079140,17.841720,-32203,-2018,2029
1754830466049,0x064,6,01 82 35 81 E7 ED,1,-12.284845,-64.079140,17.841720,-32203,-2018,2029
1754830466055,0x064,6,01 82 35 81 E7 ED,1,-12.284845,-64.079140,17.841720,-32203,-2018,2029
1754830466060,0x064,6,01 82 35 81 E7 ED,1,-12.284845,-64.079140,17.841720,-32203,-2018,2029
1754830466075,0x064,6,01 82 35 81 E7 ED,1,-12.284845,-64.079140,17.841720,-32203,-2018,2029
1754830466078,0x064,6,01 82 35 81 E7 ED,1,-12.284845,-64.079140,17.841720,-32203,-2018,2029
1754830466079,0x064,6,01 82 35 81 E7 ED,1,-12.284845,-64.079140,17.841720,-32203,-2018,2029
1754830466084,0x064,6,01 82 35 81 E7 ED,1,-12.284845,-64.079140,17.841720,-32203,-2018,2029
1754830466100,0x064,6,01 82 35 81 E7 ED,1,-12.284845,-64.079140,17.841720,-32203,-2018,2029
1754830466120,0x064,6,01 82 35 81 E7 ED,1,-12.284845,-64.079140,17.841720,-32203,-2018,2029
1754830466130,0x064,6,01 82 A5 81 48 18,1,-12.242119,-64.396678,-17.797753,-32091,-2028,-2024
1754830466134,0x064,6,01 82 A5 81 48 18,1,-12.242119,-64.396678,-17.797753,-32091,-2028,-2024
1754830466139,0x064,6,01 82 A5 81 48 18,1,-12.242119,-64.396678,-17.797753,-32091,-2028,-2024
1754830466153,0x064,6,01 82 A5 81 48 18,1,-12.242119,-64.396678,-17.797753,-32091,-2028,-2024
1754830466156,0x064,6,01 82 A5 81 48 18,1,-12.242119,-64.396678,-17.797753,-32091,-2028,-2024
1754830466162,0x064,6,01 82 A5 81 48 18,1,-12.242119,-64.396678,-17.797753,-32091,-2028,-2024
1754830466163,0x064,6,01 82 A5 81 48 18,1,-12.242119,-64.396678,-17.797753,-32091,-2028,-2024
1754830466176,0x064,6,01 82 A5 81 48 18,1,-12.242119,-64.396678,-17.797753,-32091,-2028,-2024
1754830466182,0x064,6,01 82 A5 81 48 18,1,-12.242119,-64.396678,-17.797753,-32091,-2028,-2024
1754830466191,0x064,6,01 82 A5 81 48 18,1,-12.242119,-64.396678,-17.797753,-32091,-2028,-2024
1754830466193,0x064,6,01 82 A5 81 48 18,1,-12.242119,-64.396678,-17.797753,-32091,-2028,-2024
1754830466199,0x064,6,01 82 A5 81 48 18,1,-12.242119,-64.396678,-17.797753,-32091,-2028,-2024
1754830466211,0x064,6,01 82 A5 81 48 18,1,-12.242119,-64.396678,-17.797753,-32091,-2028,-2024
1754830466215,0x064,6,01 83 02 81 18 5A,1,-12.206641,-64.491939,-17.217391,-31998,-2031,-1958
1754830466217,0x064,6,01 83 02 81 18 5A,1,-12.206641,-64.491939,-17.217391,-31998,-2031,-1958
1754830466222,0x064,6,01 83 02 81 18 5A,1,-12.206641,-64.491939,-17.217391,-31998,-2031,-1958
1754830466239,0x064,6,01 83 02 81 18 5A,1,-12.206641,-64.491939,-17.217391,-31998,-2031,-1958
1754830466239,0x064,6,01 83 02 81 18 5A,1,-12.206641,-64.491939,-17.217391,-31998,-2031,-1958
1754830466250,0x064,6,01 83 02 81 18 5A,1,-12.206641,-64.491939,-17.217391,-31998,-2031,-1958
1754830466259,0x064,6,01 83 02 81 18 5A,1,-12.206641,-64.491939,-17.217391,-31998,-2031,-1958
1754830466259,0x064,6,01 83 02 81 18 5A,1,-12.206641,-64.491939,-17.217391,-31998,-2031,-1958
1754830466263,0x064,6,01 83 02 81 18 5A,1,-12.206641,-64.491939,-17.217391,-31998,-2031,-1958
1754830466268,0x064,6,01 83 02 81 18 5A,1,-12.206641,-64.491939,-17.217391,-31998,-2031,-1958
1754830466284,0x064,6,01 83 02 81 18 5A,1,-12.206641,-64.491939,-17.217391,-31998,-2031,-1958
1754830466285,0x064,6,01 83 02 81 18 5A,1,-12.206641,-64.491939,-17.217391,-31998,-2031,-1958
1754830466300,0x064,6,01 83 02 81 18 5A,1,-12.206641,-64.491939,-17.217391,-31998,-2031,-1958
1754830466302,0x064,6,01 83 02 81 18 5A,1,-12.206641,-64.491939,-17.217391,-31998,-2031,-1958
1754830466308,0x064,6,01 83 02 81 18 5A,1,-12.206641,-64.491939,-17.217391,-31998,-2031,-1958
1754830466311,0x064,6,01 83 51 81 48 08,1,-12.176504,-64.396678,-17.938447,-31919,-2028,-2040
1754830466318,0x064,6,01 83 51 81 48 08,1,-12.176504,-64.396678,-17.938447,-31919,-2028,-2040
1754830466325,0x064,6,01 83 51 81 48 08,1,-12.176504,-64.396678,-17.938447,-31919,-2028,-2040
1754830466335,0x064,6,01 83 51 81 48 08,1,-12.176504,-64.396678,-17.938447,-31919,-2028,-2040
1754830466350,0x064,6,01 83 51 81 48 08,1,-12.176504,-64.396678,-17.938447,-31919,-2028,-2040
1754830466356,0x064,6,01 83 51 81 48 08,1,-12.176504,-64.396678,-17.938447,-31919,-2028,-2040
1754830466365,0x064,6,01 83 51 81 48 08,1,-12.176504,-64.396678,-17.938447,-31919,-2028,-2040
1754830466365,0x064,6,01 83 51 81 48 08,1,-12.176504,-64.396678,-17.938447,-31919,-2028,-2040
1754830466368,0x064,6,01 83 51 81 48 08,1,-12.176504,-64.396678,-17.938447,-31919,-2028,-2040
1754830466373,0x064,6,01 83 51 81 48 08,1,-12.176504,-64.396678,-17.938447,-31919,-2028,-2040
1754830466385,0x064,6,01 83 51 81 48 08,1,-12.176504,-64.396678,-17.938447,-31919,-2028,-2040
1754830466388,0x064,6,01 83 51 81 48 08,1,-12.176504,-64.396678,-17.938447,-31919,-2028,-2040
1754830466395,0x064,6,01 83 51 81 48 08,1,-12.176504,-64.396678,-17.938447,-31919,-2028,-2040
1754830466400,0x064,6,01 83 51 81 48 08,1,-12.176504,-64.396678,-17.938447,-31919,-2028,-2040
1754830466405,0x064,6,01 83 51 81 48 08,1,-12.176504,-64.396678,-17.938447,-31919,-2028,-2040
1754830466410,0x064,6,01 83 9A 81 08 27,1,-12.148656,-64.523693,-17.665852,-31846,-2032,-2009
1754830466416,0x064,6,01 83 9A 81 08 27,1,-12.148656,-64.523693,-17.665852,-31846,-2032,-2009
1754830466427,0x064,6,01 83 9A 81 08 27,1,-12.148656,-64.523693,-17.665852,-31846,-2032,-2009
1754830466428,0x064,6,01 83 9A 81 08 27,1,-12.148656,-64.523693,-17.665852,-31846,-2032,-2009
1754830466433,0x064,6,01 83 9A 81 08 27,1,-12.148656,-64.523693,-17.665852,-31846,-2032,-2009
1754830466438,0x064,6,01 83 9A 81 08 27,1,-12.148656,-64.523693,-17.665852,-31846,-2032,-2009
1754830466444,0x064,6,01 83 9A 81 08 27,1,-12.148656,-64.523693,-17.665852,-31846,-2032,-2009
1754830466456,0x064,6,01 83 9A 81 08 27,1,-12.148656,-64.523693,-17.665852,-31846,-2032,-2009
1754830466457,0x064,6,01 83 9A 81 08 27,1,-12.148656,-64.523693,-17.665852,-31846,-2032,-2009
1754830466463,0x064,6,01 83 9A 81 08 27,1,-12.148656,-64.523693,-17.665852,-31846,-2032,-2009
1754830466469,0x064,6,01 83 9A 81 08 27,1,-12.148656,-64.523693,-17.665852,-31846,-2032,-2009
1754830466487,0x064,6,01 83 9A 81 08 27,1,-12.148656,-64.523693,-17.665852,-31846,-2032,-2009
1754830466496,0x064,6,01 83 9A 81 08 27,1,-12.148656,-64.523693,-17.665852,-31846,-2032,-2009
1754830466497,0x064,6,01 83 9A 81 08 27,1,-12.148656,-64.523693,-17.665852,-31846,-2032,-2009
1754830466503,0x064,6,01 83 9A 81 08 27,1,-12.148656,-64.523693,-17.665852,-31846,-2032,-2009
1754830466510,0x064,6,01 83 DC 80 F8 2D,1,-12.123478,-64.555447,-17.613092,-31780,-2033,-2003
1754830466516,0x064,6,01 83 DC 80 F8 2D,1,-12.123478,-64.555447,-17.613092,-31780,-2033,-2003
1754830466521,0x064,6,01 83 DC 80 F8 2D,1,-12.123478,-64.555447,-17.613092,-31780,-2033,-2003
1754830466530,0x064,6,01 83 DC 80 F8 2D,1,-12.123478,-64.555447,-17.613092,-31780,-2033,-2003
1754830466533,0x064,6,01 83 DC 80 F8 2D,1,-12.123478,-64.555447,-17.613092,-31780,-2033,-2003
1754830466538,0x064,6,01 83 DC 80 F8 2D,1,-12.123478,-64.555447,-17.613092,-31780,-2033,-2003
1754830466543,0x064,6,01 83 DC 80 F8 2D,1,-12.123478,-64.555447,-17.613092,-31780,-2033,-2003
1754830466552,0x064,6,01 83 DC 80 F8 2D,1,-12.123478,-64.555447,-17.613092,-31780,-2033,-2003
1754830466567,0x064,6,01 83 DC 80 F8 2D,1,-12.123478,-64.555447,-17.613092,-31780,-2033,-2003
1754830466567,0x064,6,01 83 DC 80 F8 2D,1,-12.123478,-64.555447,-17.613092,-31780,-2033,-2003
1754830466582,0x064,6,01 83 DC 80 F8 2D,1,-12.123478,-64.555447,-17.613092,-31780,-2033,-2003
1754830466598,0x064,6,01 83 DC 80 F8 2D,1,-12.123478,-64.555447,-17.613092,-31780,-2033,-2003
1754830466608,0x064,6,01 83 DC 80 F8 2D,1,-12.123478,-64.555447,-17.613092,-31780,-2033,-2003
1754830466608,0x064,6,01 83 DC 80 F8 2D,1,-12.123478,-64.555447,-17.613092,-31780,-2033,-2003
1754830466612,0x064,6,01 83 DC 80 F8 2D,1,-12.123478,-64.555447,-17.613092,-31780,-2033,-2003
1754830466615,0x064,6,01 84 27 81 78 4B,1,-12.094867,-64.301417,-17.349292,-31705,-2025,-1973
1754830466624,0x064,6,01 84 27 81 78 4B,1,-12.094867,-64.301417,-17.349292,-31705,-2025,-1973
1754830466627,0x064,6,01 84 27 81 78 4B,1,-12.094867,-64.301417,-17.349292,-31705,-2025,-1973
1754830466633,0x064,6,01 84 27 81 78 4B,1,-12.094867,-64.301417,-17.349292,-31705,-2025,-1973
1754830466647,0x064,6,01 84 27 81 78 4B,1,-12.094867,-64.301417,-17.349292,-31705,-2025,-1973
1754830466666,0x064,6,01 84 27 81 78 4B,1,-12.094867,-64.301417,-17.349292,-31705,-2025,-1973
1754830466667,0x064,6,01 84 27 81 78 4B,1,-12.094867,-64.301417,-17.349292,-31705,-2025,-1973
1754830466672,0x064,6,01 84 27 81 78 4B,1,-12.094867,-64.301417,-17.349292,-31705,-2025,-1973
1754830466674,0x064,6,01 84 27 81 78 4B,1,-12.094867,-64.301417,-17.349292,-31705,-2025,-1973
1754830466679,0x064,6,01 84 27 81 78 4B,1,-12.094867,-64.301417,-17.349292,-31705,-2025,-1973
1754830466684,0x064,6,01 84 27 81 78 4B,1,-12.094867,-64.301417,-17.349292,-31705,-2025,-1973
1754830466690,0x064,6,01 84 27 81 78 4B,1,-12.094867,-64.301417,-17.349292,-31705,-2025,-1973
1754830466700,0x064,6,01 84 27 81 78 4B,1,-12.094867,-64.301417,-17.349292,-31705,-2025,-1973
1754830466704,0x064,6,01 84 27 81 78 4B,1,-12.094867,-64.301417,-17.349292,-31705,-2025,-1973
1754830466708,0x064,6,01 84 27 81 78 4B,1,-12.094867,-64.301417,-17.349292,-31705,-2025,-1973
1754830466718,0x064,6,01 84 74 81 38 60,1,-12.065493,-64.428432,-17.164631,-31628,-2029,-1952
1754830466719,0x064,6,01 84 74 81 38 60,1,-12.065493,-64.428432,-17.164631,-31628,-2029,-1952
1754830466724,0x064,6,01 84 74 81 38 60,1,-12.065493,-64.428432,-17.164631,-31628,-2029,-1952
1754830466736,0x064,6,01 84 74 81 38 60,1,-12.065493,-64.428432,-17.164631,-31628,-2029,-1952
1754830466750,0x064,6,01 84 74 81 38 60,1,-12.065493,-64.428432,-17.164631,-31628,-2029,-1952
1754830466751,0x064,6,01 84 74 81 38 60,1,-12.065493,-64.428432,-17.164631,-31628,-2029,-1952
1754830466767,0x064,6,01 84 74 81 38 60,1,-12.065493,-64.428432,-17.164631,-31628,-2029,-1952
1754830466800,0x064,6,01 84 74 81 38 60,1,-12.065493,-64.428432,-17.164631,-31628,-2029,-1952
1754830466814,0x064,6,01 84 74 81 38 60,1,-12.065493,-64.428432,-17.164631,-31628,-2029,-1952
1754830466819,0x064,6,01 84 74 81 38 60,1,-12.065493,-64.428432,-17.164631,-31628,-2029,-1952
1754830466821,0x064,6,01 84 74 81 38 60,1,-12.065493,-64.428432,-17.164631,-31628,-2029,-1952
1754830466821,0x064,6,01 84 74 81 38 60,1,-12.065493,-64.428432,-17.164631,-31628,-2029,-1952
1754830466822,0x064,6,01 84 D4 81 57 F5,1,-12.028871,-64.364924,17.912066,-31532,-2027,2037
1754830466823,0x064,6,01 84 D4 81 57 F5,1,-12.028871,-64.364924,17.912066,-31532,-2027,2037
1754830466832,0x064,6,01 84 D4 81 57 F5,1,-12.028871,-64.364924,17.912066,-31532,-2027,2037
1754830466836,0x064,6,01 84 D4 81 57 F5,1,-12.028871,-64.364924,17.912066,-31532,-2027,2037
1754830466839,0x064,6,01 84 D4 81 57 F5,1,-12.028871,-64.364924,17.912066,-31532,-2027,2037
1754830466845,0x064,6,01 84 D4 81 57 F5,1,-12.028871,-64.364924,17.912066,-31532,-2027,2037
1754830466863,0x064,6,01 84 D4 81 57 F5,1,-12.028871,-64.364924,17.912066,-31532,-2027,2037
1754830466880,0x064,6,01 84 D4 81 57 F5,1,-12.028871,-64.364924,17.912066,-31532,-2027,2037
1754830466881,0x064,6,01 84 D4 81 57 F5,1,-12.028871,-64.364924,17.912066,-31532,-2027,2037
1754830466883,0x064,6,01 84 D4 81 57 F5,1,-12.028871,-64.364924,17.912066,-31532,-2027,2037
1754830466889,0x064,6,01 84 D4 81 57 F5,1,-12.028871,-64.364924,17.912066,-31532,-2027,2037
1754830466900,0x064,6,01 84 D4 81 57 F5,1,-12.028871,-64.364924,17.912066,-31532,-2027,2037
1754830466903,0x064,6,01 84 D4 81 57 F5,1,-12.028871,-64.364924,17.912066,-31532,-2027,2037
1754830466908,0x064,6,01 84 D4 81 57 F5,1,-12.028871,-64.364924,17.912066,-31532,-2027,2037
1754830466913,0x064,6,01 85 3F 81 B8 4C,1,-11.988052,-64.174402,-17.340498,-31425,-2021,-1972
1754830466919,0x064,6,01 85 3F 81 B8 4C,1,-11.988052,-64.174402,-17.340498,-31425,-2021,-1972
1754830466924,0x064,6,01 85 3F 81 B8 4C,1,-11.988052,-64.174402,-17.340498,-31425,-2021,-1972
1754830466929,0x064,6,01 85 3F 81 B8 4C,1,-11.988052,-64.174402,-17.340498,-31425,-2021,-1972
1754830466941,0x064,6,01 85 3F 81 B8 4C,1,-11.988052,-64.174402,-17.340498,-31425,-2021,-1972
1754830466944,0x064,6,01 85 3F 81 B8 4C,1,-11.988052,-64.174402,-17.340498,-31425,-2021,-1972
1754830466949,0x064,6,01 85 3F 81 B8 4C,1,-11.988052,-64.174402,-17.340498,-31425,-2021,-1972
1754830466954,0x064,6,01 85 3F 81 B8 4C,1,-11.988052,-64.174402,-17.340498,-31425,-2021,-1972
1754830466959,0x064,6,01 85 3F 81 B8 4C,1,-11.988052,-64.174402,-17.340498,-31425,-2021,-1972
1754830466965,0x064,6,01 85 3F 81 B8 4C,1,-11.988052,-64.174402,-17.340498,-31425,-2021,-1972
1754830466971,0x064,6,01 85 3F 81 B8 4C,1,-11.988052,-64.174402,-17.340498,-31425,-2021,-1972
1754830466979,0x064,6,01 85 3F 81 B8 4C,1,-11.988052,-64.174402,-17.340498,-31425,-2021,-1972
1754830466981,0x064,6,01 85 3F 81 B8 4C,1,-11.988052,-64.174402,-17.340498,-31425,-2021,-1972
1754830467004,0x064,6,01 85 3F 81 B8 4C,1,-11.988052,-64.174402,-17.340498,-31425,-2021,-1972
1754830467020,0x064,6,01 85 3F 81 B8 4C,1,-11.988052,-64.174402,-17.340498,-31425,-2021,-1972
1754830467026,0x064,6,01 85 3F 81 B8 4C,1,-11.988052,-64.174402,-17.340498,-31425,-2021,-1972
1754830467026,0x064,6,01 85 B1 81 F8 B6,1,-11.944563,-64.047386,-16.408403,-31311,-2017,-1866
1754830467028,0x064,6,01 85 B1 81 F8 B6,1,-11.944563,-64.047386,-16.408403,-31311,-2017,-1866
1754830467042,0x064,6,01 85 B1 81 F8 B6,1,-11.944563,-64.047386,-16.408403,-31311,-2017,-1866
1754830467047,0x064,6,01 85 B1 81 F8 B6,1,-11.944563,-64.047386,-16.408403,-31311,-2017,-1866
1754830467051,0x064,6,01 85 B1 81 F8 B6,1,-11.944563,-64.047386,-16.408403,-31311,-2017,-1866
1754830467075,0x064,6,01 85 B1 81 F8 B6,1,-11.944563,-64.047386,-16.408403,-31311,-2017,-1866
1754830467080,0x064,6,01 85 B1 81 F8 B6,1,-11.944563,-64.047386,-16.408403,-31311,-2017,-1866
1754830467098,0x064,6,01 85 B1 81 F8 B6,1,-11.944563,-64.047386,-16.408403,-31311,-2017,-1866
1754830467126,0x064,6,01 85 B1 81 F8 B6,1,-11.944563,-64.047386,-16.408403,-31311,-2017,-1866
1754830467135,0x064,6,01 85 B1 81 F8 B6,1,-11.944563,-64.047386,-16.408403,-31311,-2017,-1866
1754830467141,0x064,6,01 85 B1 81 F8 B6,1,-11.944563,-64.047386,-16.408403,-31311,-2017,-1866
1754830467150,0x064,6,01 85 B1 81 F8 B6,1,-11.944563,-64.047386,-16.408403,-31311,-2017,-1866
1754830467162,0x064,6,01 86 2F 81 C8 70,1,-11.896496,-64.142648,-17.023937,-31185,-2020,-1936
1754830467180,0x064,6,01 86 2F 81 C8 70,1,-11.896496,-64.142648,-17.023937,-31185,-2020,-1936
1754830467181,0x064,6,01 86 2F 81 C8 70,1,-11.896496,-64.142648,-17.023937,-31185,-2020,-1936
1754830467182,0x064,6,01 86 2F 81 C8 70,1,-11.896496,-64.142648,-17.023937,-31185,-2020,-1936
1754830467182,0x064,6,01 86 2F 81 C8 70,1,-11.896496,-64.142648,-17.023937,-31185,-2020,-1936
1754830467182,0x064,6,01 86 2F 81 C8 70,1,-11.896496,-64.142648,-17.023937,-31185,-2020,-1936
1754830467183,0x064,6,01 86 2F 81 C8 70,1,-11.896496,-64.142648,-17.023937,-31185,-2020,-1936
1754830467183,0x064,6,01 86 2F 81 C8 70,1,-11.896496,-64.142648,-17.023937,-31185,-2020,-1936
1754830467183,0x064,6,01 86 2F 81 C8 70,1,-11.896496,-64.142648,-17.023937,-31185,-2020,-1936
1754830467201,0x064,6,01 86 2F 81 C8 70,1,-11.896496,-64.142648,-17.023937,-31185,-2020,-1936
1754830467208,0x064,6,01 86 2F 81 C8 70,1,-11.896496,-64.142648,-17.023937,-31185,-2020,-1936
1754830467218,0x064,6,01 86 2F 81 C8 70,1,-11.896496,-64.142648,-17.023937,-31185,-2020,-1936
1754830467220,0x064,6,01 86 2F 81 C8 70,1,-11.896496,-64.142648,-17.023937,-31185,-2020,-1936
1754830467233,0x064,6,01 86 C1 82 58 0F,1,-11.840800,-63.856864,-17.876893,-31039,-2011,-2033
1754830467235,0x064,6,01 86 C1 82 58 0F,1,-11.840800,-63.856864,-17.876893,-31039,-2011,-2033
1754830467242,0x064,6,01 86 C1 82 58 0F,1,-11.840800,-63.856864,-17.876893,-31039,-2011,-2033
1754830467253,0x064,6,01 86 C1 82 58 0F,1,-11.840800,-63.856864,-17.876893,-31039,-2011,-2033
1754830467264,0x064,6,01 86 C1 82 58 0F,1,-11.840800,-63.856864,-17.876893,-31039,-2011,-2033
1754830467266,0x064,6,01 86 C1 82 58 0F,1,-11.840800,-63.856864,-17.876893,-31039,-2011,-2033
1754830467269,0x064,6,01 86 C1 82 58 0F,1,-11.840800,-63.856864,-17.876893,-31039,-2011,-2033
1754830467279,0x064,6,01 86 C1 82 58 0F,1,-11.840800,-63.856864,-17.876893,-31039,-2011,-2033
1754830467282,0x064,6,01 86 C1 82 58 0F,1,-11.840800,-63.856864,-17.876893,-31039,-2011,-2033
1754830467286,0x064,6,01 86 C1 82 58 0F,1,-11.840800,-63.856864,-17.876893,-31039,-2011,-2033
1754830467296,0x064,6,01 86 C1 82 58 0F,1,-11.840800,-63.856864,-17.876893,-31039,-2011,-2033
1754830467298,0x064,6,01 86 C1 82 58 0F,1,-11.840800,-63.856864,-17.876893,-31039,-2011,-2033
1754830467304,0x064,6,01 86 C1 82 58 0F,1,-11.840800,-63.856864,-17.876893,-31039,-2011,-2033
1754830467313,0x064,6,01 86 C1 82 58 0F,1,-11.840800,-63.856864,-17.876893,-31039,-2011,-2033
1754830467316,0x064,6,01 87 67 82 88 9E,1,-11.777474,-63.761602,-16.619443,-30873,-2008,-1890
1754830467321,0x064,6,01 87 67 82 88 9E,1,-11.777474,-63.761602,-16.619443,-30873,-2008,-1890
1754830467327,0x064,6,01 87 67 82 88 9E,1,-11.777474,-63.761602,-16.619443,-30873,-2008,-1890
1754830467336,0x064,6,01 87 67 82 88 9E,1,-11.777474,-63.761602,-16.619443,-30873,-2008,-1890
1754830467338,0x064,6,01 87 67 82 88 9E,1,-11.777474,-63.761602,-16.619443,-30873,-2008,-1890
1754830467344,0x064,6,01 87 67 82 88 9E,1,-11.777474,-63.761602,-16.619443,-30873,-2008,-1890
1754830467349,0x064,6,01 87 67 82 88 9E,1,-11.777474,-63.761602,-16.619443,-30873,-2008,-1890
1754830467362,0x064,6,01 87 67 82 88 9E,1,-11.777474,-63.761602,-16.619443,-30873,-2008,-1890
1754830467364,0x064,6,01 87 67 82 88 9E,1,-11.777474,-63.761602,-16.619443,-30873,-2008,-1890
1754830467368,0x064,6,01 87 67 82 88 9E,1,-11.777474,-63.761602,-16.619443,-30873,-2008,-1890
1754830467373,0x064,6,01 87 67 82 88 9E,1,-11.777474,-63.761602,-16.619443,-30873,-2008,-1890
1754830467378,0x064,6,01 87 67 82 88 9E,1,-11.777474,-63.761602,-16.619443,-30873,-2008,-1890
1754830467383,0x064,6,01 87 67 82 88 9E,1,-11.777474,-63.761602,-16.619443,-30873,-2008,-1890
1754830467389,0x064,6,01 87 67 82 88 9E,1,-11.777474,-63.761602,-16.619443,-30873,-2008,-1890
1754830467401,0x064,6,01 87 67 82 88 9E,1,-11.777474,-63.761602,-16.619443,-30873,-2008,-1890
1754830467425,0x064,6,01 87 67 82 88 9E,1,-11.777474,-63.761602,-16.619443,-30873,-2008,-1890
1754830467434,0x064,6,01 87 67 82 88 9E,1,-11.777474,-63.761602,-16.619443,-30873,-2008,-1890
1754830467440,0x064,6,01 88 1C 83 38 A1,1,-11.708426,-63.412311,-16.593063,-30692,-1997,-1887
1754830467447,0x064,6,01 88 1C 83 38 A1,1,-11.708426,-63.412311,-16.593063,-30692,-1997,-1887
1754830467448,0x064,6,01 88 1C 83 38 A1,1,-11.708426,-63.412311,-16.593063,-30692,-1997,-1887
1754830467453,0x064,6,01 88 1C 83 38 A1,1,-11.708426,-63.412311,-16.593063,-30692,-1997,-1887
1754830467454,0x064,6,01 88 1C 83 38 A1,1,-11.708426,-63.412311,-16.593063,-30692,-1997,-1887
1754830467462,0x064,6,01 88 1C 83 38 A1,1,-11.708426,-63.412311,-16.593063,-30692,-1997,-1887
1754830467466,0x064,6,01 88 1C 83 38 A1,1,-11.708426,-63.412311,-16.593063,-30692,-1997,-1887
1754830467478,0x064,6,01 88 1C 83 38 A1,1,-11.708426,-63.412311,-16.593063,-30692,-1997,-1887
1754830467481,0x064,6,01 88 1C 83 38 A1,1,-11.708426,-63.412311,-16.593063,-30692,-1997,-1887
1754830467485,0x064,6,01 88 1C 83 38 A1,1,-11.708426,-63.412311,-16.593063,-30692,-1997,-1887
1754830467491,0x064,6,01 88 1C 83 38 A1,1,-11.708426,-63.412311,-16.593063,-30692,-1997,-1887
1754830467496,0x064,6,01 88 1C 83 38 A1,1,-11.708426,-63.412311,-16.593063,-30692,-1997,-1887
1754830467502,0x064,6,01 88 1C 83 38 A1,1,-11.708426,-63.412311,-16.593063,-30692,-1997,-1887
1754830467525,0x064,6,01 88 1C 83 38 A1,1,-11.708426,-63.412311,-16.593063,-30692,-1997,-1887
1754830467531,0x064,6,01 89 02 83 98 48,1,-11.620685,-63.221788,-17.375672,-30462,-1991,-1976
1754830467536,0x064,6,01 89 02 83 98 48,1,-11.620685,-63.221788,-17.375672,-30462,-1991,-1976
1754830467550,0x064,6,01 89 02 83 98 48,1,-11.620685,-63.221788,-17.375672,-30462,-1991,-1976
1754830467558,0x064,6,01 89 02 83 98 48,1,-11.620685,-63.221788,-17.375672,-30462,-1991,-1976
1754830467564,0x064,6,01 89 02 83 98 48,1,-11.620685,-63.221788,-17.375672,-30462,-1991,-1976
1754830467564,0x064,6,01 89 02 83 98 48,1,-11.620685,-63.221788,-17.375672,-30462,-1991,-1976
1754830467577,0x064,6,01 89 02 83 98 48,1,-11.620685,-63.221788,-17.375672,-30462,-1991,-1976
1754830467589,0x064,6,01 89 02 83 98 48,1,-11.620685,-63.221788,-17.375672,-30462,-1991,-1976
1754830467592,0x064,6,01 89 02 83 98 48,1,-11.620685,-63.221788,-17.375672,-30462,-1991,-1976
1754830467604,0x064,6,01 89 02 83 98 48,1,-11.620685,-63.221788,-17.375672,-30462,-1991,-1976
1754830467612,0x064,6,01 89 02 83 98 48,1,-11.620685,-63.221788,-17.375672,-30462,-1991,-1976
1754830467630,0x064,6,01 89 FD 83 E8 61,1,-11.524934,-63.063019,-17.155838,-30211,-1986,-1951
1754830467645,0x064,6,01 89 FD 83 E8 61,1,-11.524934,-63.063019,-17.155838,-30211,-1986,-1951
1754830467652,0x064,6,01 89 FD 83 E8 61,1,-11.524934,-63.063019,-17.155838,-30211,-1986,-1951
1754830467657,0x064,6,01 89 FD 83 E8 61,1,-11.524934,-63.063019,-17.155838,-30211,-1986,-1951
1754830467662,0x064,6,01 89 FD 83 E8 61,1,-11.524934,-63.063019,-17.155838,-30211,-1986,-1951
1754830467668,0x064,6,01 89 FD 83 E8 61,1,-11.524934,-63.063019,-17.155838,-30211,-1986,-1951
1754830467674,0x064,6,01 89 FD 83 E8 61,1,-11.524934,-63.063019,-17.155838,-30211,-1986,-1951
1754830467681,0x064,6,01 89 FD 83 E8 61,1,-11.524934,-63.063019,-17.155838,-30211,-1986,-1951
1754830467687,0x064,6,01 89 FD 83 E8 61,1,-11.524934,-63.063019,-17.155838,-30211,-1986,-1951
1754830467690,0x064,6,01 89 FD 83 E8 61,1,-11.524934,-63.063019,-17.155838,-30211,-1986,-1951
1754830467702,0x064,6,01 89 FD 83 E8 61,1,-11.524934,-63.063019,-17.155838,-30211,-1986,-1951
1754830467703,0x064,6,01 89 FD 83 E8 61,1,-11.524934,-63.063019,-17.155838,-30211,-1986,-1951
1754830467718,0x064,6,01 89 FD 83 E8 61,1,-11.524934,-63.063019,-17.155838,-30211,-1986,-1951
1754830467734,0x064,6,01 8B 0C 84 58 46,1,-11.421552,-62.840743,-17.393258,-29940,-1979,-1978
1754830467735,0x064,6,01 8B 0C 84 58 46,1,-11.421552,-62.840743,-17.393258,-29940,-1979,-1978
1754830467747,0x064,6,01 8B 0C 84 58 46,1,-11.421552,-62.840743,-17.393258,-29940,-1979,-1978
1754830467748,0x064,6,01 8B 0C 84 58 46,1,-11.421552,-62.840743,-17.393258,-29940,-1979,-1978
1754830467762,0x064,6,01 8B 0C 84 58 46,1,-11.421552,-62.840743,-17.393258,-29940,-1979,-1978
1754830467768,0x064,6,01 8B 0C 84 58 46,1,-11.421552,-62.840743,-17.393258,-29940,-1979,-1978
1754830467778,0x064,6,01 8B 0C 84 58 46,1,-11.421552,-62.840743,-17.393258,-29940,-1979,-1978
1754830467785,0x064,6,01 8B 0C 84 58 46,1,-11.421552,-62.840743,-17.393258,-29940,-1979,-1978
1754830467802,0x064,6,01 8B 0C 84 58 46,1,-11.421552,-62.840743,-17.393258,-29940,-1979,-1978
1754830467808,0x064,6,01 8B 0C 84 58 46,1,-11.421552,-62.840743,-17.393258,-29940,-1979,-1978
1754830467809,0x064,6,01 8B 0C 84 58 46,1,-11.421552,-62.840743,-17.393258,-29940,-1979,-1978
1754830467809,0x064,6,01 8B 0C 84 58 46,1,-11.421552,-62.840743,-17.393258,-29940,-1979,-1978
1754830467817,0x064,6,01 8C 7D 86 18 1F,1,-11.280786,-61.951637,-17.736199,-29571,-1951,-2017
1754830467832,0x064,6,01 8C 7D 86 18 1F,1,-11.280786,-61.951637,-17.736199,-29571,-1951,-2017
1754830467835,0x064,6,01 8C 7D 86 18 1F,1,-11.280786,-61.951637,-17.736199,-29571,-1951,-2017
1754830467852,0x064,6,01 8C 7D 86 18 1F,1,-11.280786,-61.951637,-17.736199,-29571,-1951,-2017
1754830467857,0x064,6,01 8C 7D 86 18 1F,1,-11.280786,-61.951637,-17.736199,-29571,-1951,-2017
1754830467868,0x064,6,01 8C 7D 86 18 1F,1,-11.280786,-61.951637,-17.736199,-29571,-1951,-2017
1754830467869,0x064,6,01 8C 7D 86 18 1F,1,-11.280786,-61.951637,-17.736199,-29571,-1951,-2017
1754830467879,0x064,6,01 8C 7D 86 18 1F,1,-11.280786,-61.951637,-17.736199,-29571,-1951,-2017
1754830467884,0x064,6,01 8C 7D 86 18 1F,1,-11.280786,-61.951637,-17.736199,-29571,-1951,-2017
1754830467887,0x064,6,01 8C 7D 86 18 1F,1,-11.280786,-61.951637,-17.736199,-29571,-1951,-2017
1754830467891,0x064,6,01 8C 7D 86 18 1F,1,-11.280786,-61.951637,-17.736199,-29571,-1951,-2017
1754830467897,0x064,6,01 8C 7D 86 18 1F,1,-11.280786,-61.951637,-17.736199,-29571,-1951,-2017
1754830467908,0x064,6,01 8C 7D 86 18 1F,1,-11.280786,-61.951637,-17.736199,-29571,-1951,-2017
1754830467910,0x064,6,01 8C 7D 86 18 1F,1,-11.280786,-61.951637,-17.736199,-29571,-1951,-2017
1754830467914,0x064,6,01 8E 54 88 28 5C,1,-11.101108,-60.903762,-17.199805,-29100,-1918,-1956
1754830467927,0x064,6,01 8E 54 88 28 5C,1,-11.101108,-60.903762,-17.199805,-29100,-1918,-1956
1754830467931,0x064,6,01 8E 54 88 28 5C,1,-11.101108,-60.903762,-17.199805,-29100,-1918,-1956
1754830467932,0x064,6,01 8E 54 88 28 5C,1,-11.101108,-60.903762,-17.199805,-29100,-1918,-1956
1754830467939,0x064,6,01 8E 54 88 28 5C,1,-11.101108,-60.903762,-17.199805,-29100,-1918,-1956
1754830467943,0x064,6,01 8E 54 88 28 5C,1,-11.101108,-60.903762,-17.199805,-29100,-1918,-1956
1754830467949,0x064,6,01 8E 54 88 28 5C,1,-11.101108,-60.903762,-17.199805,-29100,-1918,-1956
1754830467954,0x064,6,01 8E 54 88 28 5C,1,-11.101108,-60.903762,-17.199805,-29100,-1918,-1956
1754830467961,0x064,6,01 8E 54 88 28 5C,1,-11.101108,-60.903762,-17.199805,-29100,-1918,-1956
1754830467969,0x064,6,01 8E 54 88 28 5C,1,-11.101108,-60.903762,-17.199805,-29100,-1918,-1956
1754830467983,0x064,6,01 8E 54 88 28 5C,1,-11.101108,-60.903762,-17.199805,-29100,-1918,-1956
1754830468003,0x064,6,01 8E 54 88 28 5C,1,-11.101108,-60.903762,-17.199805,-29100,-1918,-1956
1754830468004,0x064,6,01 8E 54 88 28 5C,1,-11.101108,-60.903762,-17.199805,-29100,-1918,-1956
1754830468004,0x064,6,01 8E 54 88 28 5C,1,-11.101108,-60.903762,-17.199805,-29100,-1918,-1956
1754830468004,0x064,6,01 8E 54 88 28 5C,1,-11.101108,-60.903762,-17.199805,-29100,-1918,-1956
1754830468008,0x064,6,01 8E 54 88 28 5C,1,-11.101108,-60.903762,-17.199805,-29100,-1918,-1956
1754830468013,0x064,6,01 90 F5 8A F8 0C,1,-10.844371,-59.474841,-17.903273,-28427,-1873,-2036
1754830468024,0x064,6,01 90 F5 8A F8 0C,1,-10.844371,-59.474841,-17.903273,-28427,-1873,-2036
1754830468027,0x064,6,01 90 F5 8A F8 0C,1,-10.844371,-59.474841,-17.903273,-28427,-1873,-2036
1754830468032,0x064,6,01 90 F5 8A F8 0C,1,-10.844371,-59.474841,-17.903273,-28427,-1873,-2036
1754830468039,0x064,6,01 90 F5 8A F8 0C,1,-10.844371,-59.474841,-17.903273,-28427,-1873,-2036
1754830468044,0x064,6,01 90 F5 8A F8 0C,1,-10.844371,-59.474841,-17.903273,-28427,-1873,-2036
1754830468049,0x064,6,01 90 F5 8A F8 0C,1,-10.844371,-59.474841,-17.903273,-28427,-1873,-2036
1754830468056,0x064,6,01 90 F5 8A F8 0C,1,-10.844371,-59.474841,-17.903273,-28427,-1873,-2036
1754830468061,0x064,6,01 90 F5 8A F8 0C,1,-10.844371,-59.474841,-17.903273,-28427,-1873,-2036
1754830468073,0x064,6,01 90 F5 8A F8 0C,1,-10.844371,-59.474841,-17.903273,-28427,-1873,-2036
1754830468080,0x064,6,01 90 F5 8A F8 0C,1,-10.844371,-59.474841,-17.903273,-28427,-1873,-2036
1754830468090,0x064,6,01 90 F5 8A F8 0C,1,-10.844371,-59.474841,-17.903273,-28427,-1873,-2036
1754830468102,0x064,6,01 90 F5 8A F8 0C,1,-10.844371,-59.474841,-17.903273,-28427,-1873,-2036
1754830468103,0x064,6,01 90 F5 8A F8 0C,1,-10.844371,-59.474841,-17.903273,-28427,-1873,-2036
1754830468103,0x064,6,01 90 F5 8A F8 0C,1,-10.844371,-59.474841,-17.903273,-28427,-1873,-2036
1754830468114,0x064,6,01 90 F5 8A F8 0C,1,-10.844371,-59.474841,-17.903273,-28427,-1873,-2036
1754830468120,0x064,6,01 94 4D 8D A8 12,1,-10.517823,-58.109428,-17.850513,-27571,-1830,-2030
1754830468126,0x064,6,01 94 4D 8D A8 12,1,-10.517823,-58.109428,-17.850513,-27571,-1830,-2030
1754830468156,0x064,6,01 94 4D 8D A8 12,1,-10.517823,-58.109428,-17.850513,-27571,-1830,-2030
1754830468156,0x064,6,01 94 4D 8D A8 12,1,-10.517823,-58.109428,-17.850513,-27571,-1830,-2030
1754830468156,0x064,6,01 94 4D 8D A8 12,1,-10.517823,-58.109428,-17.850513,-27571,-1830,-2030
1754830468157,0x064,6,01 94 4D 8D A8 12,1,-10.517823,-58.109428,-17.850513,-27571,-1830,-2030
1754830468166,0x064,6,01 94 4D 8D A8 12,1,-10.517823,-58.109428,-17.850513,-27571,-1830,-2030
1754830468174,0x064,6,01 94 4D 8D A8 12,1,-10.517823,-58.109428,-17.850513,-27571,-1830,-2030
1754830468181,0x064,6,01 94 4D 8D A8 12,1,-10.517823,-58.109428,-17.850513,-27571,-1830,-2030
1754830468185,0x064,6,01 94 4D 8D A8 12,1,-10.517823,-58.109428,-17.850513,-27571,-1830,-2030
1754830468202,0x064,6,01 94 4D 8D A8 12,1,-10.517823,-58.109428,-17.850513,-27571,-1830,-2030
1754830468213,0x064,6,01 94 4D 8D A8 12,1,-10.517823,-58.109428,-17.850513,-27571,-1830,-2030
1754830468224,0x064,6,01 94 4D 8D A8 12,1,-10.517823,-58.109428,-17.850513,-27571,-1830,-2030
1754830468239,0x064,6,01 98 3A 90 28 6B,1,-10.134434,-56.839277,-17.067904,-26566,-1790,-1941
1754830468255,0x064,6,01 98 3A 90 28 6B,1,-10.134434,-56.839277,-17.067904,-26566,-1790,-1941
1754830468258,0x064,6,01 98 3A 90 28 6B,1,-10.134434,-56.839277,-17.067904,-26566,-1790,-1941
1754830468261,0x064,6,01 98 3A 90 28 6B,1,-10.134434,-56.839277,-17.067904,-26566,-1790,-1941
1754830468263,0x064,6,01 98 3A 90 28 6B,1,-10.134434,-56.839277,-17.067904,-26566,-1790,-1941
1754830468263,0x064,6,01 98 3A 90 28 6B,1,-10.134434,-56.839277,-17.067904,-26566,-1790,-1941
1754830468264,0x064,6,01 98 3A 90 28 6B,1,-10.134434,-56.839277,-17.067904,-26566,-1790,-1941
1754830468270,0x064,6,01 98 3A 90 28 6B,1,-10.134434,-56.839277,-17.067904,-26566,-1790,-1941
1754830468275,0x064,6,01 98 3A 90 28 6B,1,-10.134434,-56.839277,-17.067904,-26566,-1790,-1941
1754830468285,0x064,6,01 98 3A 90 28 6B,1,-10.134434,-56.839277,-17.067904,-26566,-1790,-1941
1754830468287,0x064,6,01 98 3A 90 28 6B,1,-10.134434,-56.839277,-17.067904,-26566,-1790,-1941
1754830468292,0x064,6,01 98 3A 90 28 6B,1,-10.134434,-56.839277,-17.067904,-26566,-1790,-1941
1754830468300,0x064,6,01 98 3A 90 28 6B,1,-10.134434,-56.839277,-17.067904,-26566,-1790,-1941
1754830468303,0x064,6,01 98 3A 90 28 6B,1,-10.134434,-56.839277,-17.067904,-26566,-1790,-1941
1754830468309,0x064,6,01 98 3A 90 28 6B,1,-10.134434,-56.839277,-17.067904,-26566,-1790,-1941
1754830468315,0x064,6,01 9C BE 92 68 2D,1,-9.693442,-55.696141,-17.613092,-25410,-1754,-2003
1754830468321,0x064,6,01 9C BE 92 68 2D,1,-9.693442,-55.696141,-17.613092,-25410,-1754,-2003
1754830468331,0x064,6,01 9C BE 92 68 2D,1,-9.693442,-55.696141,-17.613092,-25410,-1754,-2003
1754830468334,0x064,6,01 9C BE 92 68 2D,1,-9.693442,-55.696141,-17.613092,-25410,-1754,-2003
1754830468341,0x064,6,01 9C BE 92 68 2D,1,-9.693442,-55.696141,-17.613092,-25410,-1754,-2003
1754830468342,0x064,6,01 9C BE 92 68 2D,1,-9.693442,-55.696141,-17.613092,-25410,-1754,-2003
1754830468348,0x064,6,01 9C BE 92 68 2D,1,-9.693442,-55.696141,-17.613092,-25410,-1754,-2003
1754830468357,0x064,6,01 9C BE 92 68 2D,1,-9.693442,-55.696141,-17.613092,-25410,-1754,-2003
1754830468372,0x064,6,01 9C BE 92 68 2D,1,-9.693442,-55.696141,-17.613092,-25410,-1754,-2003
1754830468381,0x064,6,01 9C BE 92 68 2D,1,-9.693442,-55.696141,-17.613092,-25410,-1754,-2003
1754830468391,0x064,6,01 9C BE 92 68 2D,1,-9.693442,-55.696141,-17.613092,-25410,-1754,-2003
1754830468395,0x064,6,01 9C BE 92 68 2D,1,-9.693442,-55.696141,-17.613092,-25410,-1754,-2003
1754830468409,0x064,6,01 9C BE 92 68 2D,1,-9.693442,-55.696141,-17.613092,-25410,-1754,-2003
1754830468414,0x064,6,01 9C BE 92 68 2D,1,-9.693442,-55.696141,-17.613092,-25410,-1754,-2003
1754830468422,0x064,6,01 A1 B7 94 08 3B,1,-9.207816,-54.870542,-17.489985,-24137,-1728,-1989
1754830468430,0x064,6,01 A1 B7 94 08 3B,1,-9.207816,-54.870542,-17.489985,-24137,-1728,-1989
1754830468432,0x064,6,01 A1 B7 94 08 3B,1,-9.207816,-54.870542,-17.489985,-24137,-1728,-1989
1754830468437,0x064,6,01 A1 B7 94 08 3B,1,-9.207816,-54.870542,-17.489985,-24137,-1728,-1989
1754830468443,0x064,6,01 A1 B7 94 08 3B,1,-9.207816,-54.870542,-17.489985,-24137,-1728,-1989
1754830468448,0x064,6,01 A1 B7 94 08 3B,1,-9.207816,-54.870542,-17.489985,-24137,-1728,-1989
1754830468453,0x064,6,01 A1 B7 94 08 3B,1,-9.207816,-54.870542,-17.489985,-24137,-1728,-1989
1754830468476,0x064,6,01 A1 B7 94 08 3B,1,-9.207816,-54.870542,-17.489985,-24137,-1728,-1989
1754830468483,0x064,6,01 A1 B7 94 08 3B,1,-9.207816,-54.870542,-17.489985,-24137,-1728,-1989
1754830468484,0x064,6,01 A1 B7 94 08 3B,1,-9.207816,-54.870542,-17.489985,-24137,-1728,-1989
1754830468487,0x064,6,01 A1 B7 94 08 3B,1,-9.207816,-54.870542,-17.489985,-24137,-1728,-1989
1754830468493,0x064,6,01 A1 B7 94 08 3B,1,-9.207816,-54.870542,-17.489985,-24137,-1728,-1989
1754830468501,0x064,6,01 A1 B7 94 08 3B,1,-9.207816,-54.870542,-17.489985,-24137,-1728,-1989
1754830468510,0x064,6,01 A1 B7 94 08 3B,1,-9.207816,-54.870542,-17.489985,-24137,-1728,-1989
1754830468517,0x064,6,01 A7 3C 95 C8 1C,1,-8.668783,-53.981436,-17.762579,-22724,-1700,-2020
1754830468528,0x064,6,01 A7 3C 95 C8 1C,1,-8.668783,-53.981436,-17.762579,-22724,-1700,-2020
1754830468533,0x064,6,01 A7 3C 95 C8 1C,1,-8.668783,-53.981436,-17.762579,-22724,-1700,-2020
1754830468540,0x064,6,01 A7 3C 95 C8 1C,1,-8.668783,-53.981436,-17.762579,-22724,-1700,-2020
1754830468542,0x064,6,01 A7 3C 95 C8 1C,1,-8.668783,-53.981436,-17.762579,-22724,-1700,-2020
1754830468550,0x064,6,01 A7 3C 95 C8 1C,1,-8.668783,-53.981436,-17.762579,-22724,-1700,-2020
1754830468556,0x064,6,01 A7 3C 95 C8 1C,1,-8.668783,-53.981436,-17.762579,-22724,-1700,-2020
1754830468567,0x064,6,01 A7 3C 95 C8 1C,1,-8.668783,-53.981436,-17.762579,-22724,-1700,-2020
1754830468572,0x064,6,01 A7 3C 95 C8 1C,1,-8.668783,-53.981436,-17.762579,-22724,-1700,-2020
1754830468575,0x064,6,01 A7 3C 95 C8 1C,1,-8.668783,-53.981436,-17.762579,-22724,-1700,-2020
1754830468580,0x064,6,01 A7 3C 95 C8 1C,1,-8.668783,-53.981436,-17.762579,-22724,-1700,-2020
1754830468591,0x064,6,01 A7 3C 95 C8 1C,1,-8.668783,-53.981436,-17.762579,-22724,-1700,-2020
1754830468597,0x064,6,01 A7 3C 95 C8 1C,1,-8.668783,-53.981436,-17.762579,-22724,-1700,-2020
1754830468598,0x064,6,01 A7 3C 95 C8 1C,1,-8.668783,-53.981436,-17.762579,-22724,-1700,-2020
1754830468604,0x064,6,01 A7 3C 95 C8 1C,1,-8.668783,-53.981436,-17.762579,-22724,-1700,-2020
1754830468609,0x064,6,01 A7 3C 95 C8 1C,1,-8.668783,-53.981436,-17.762579,-22724,-1700,-2020
1754830468614,0x064,6,01 AD 3E 97 D7 9A,1,-8.082064,-52.933561,17.111871,-21186,-1667,1946
1754830468640,0x064,6,01 AD 3E 97 D7 9A,1,-8.082064,-52.933561,17.111871,-21186,-1667,1946
1754830468649,0x064,6,01 AD 3E 97 D7 9A,1,-8.082064,-52.933561,17.111871,-21186,-1667,1946
1754830468651,0x064,6,01 AD 3E 97 D7 9A,1,-8.082064,-52.933561,17.111871,-21186,-1667,1946
1754830468651,0x064,6,01 AD 3E 97 D7 9A,1,-8.082064,-52.933561,17.111871,-21186,-1667,1946
1754830468655,0x064,6,01 AD 3E 97 D7 9A,1,-8.082064,-52.933561,17.111871,-21186,-1667,1946
1754830468661,0x064,6,01 AD 3E 97 D7 9A,1,-8.082064,-52.933561,17.111871,-21186,-1667,1946
1754830468671,0x064,6,01 AD 3E 97 D7 9A,1,-8.082064,-52.933561,17.111871,-21186,-1667,1946
1754830468680,0x064,6,01 AD 3E 97 D7 9A,1,-8.082064,-52.933561,17.111871,-21186,-1667,1946
1754830468681,0x064,6,01 AD 3E 97 D7 9A,1,-8.082064,-52.933561,17.111871,-21186,-1667,1946
1754830468683,0x064,6,01 AD 3E 97 D7 9A,1,-8.082064,-52.933561,17.111871,-21186,-1667,1946
1754830468688,0x064,6,01 AD 3E 97 D7 9A,1,-8.082064,-52.933561,17.111871,-21186,-1667,1946
1754830468693,0x064,6,01 AD 3E 97 D7 9A,1,-8.082064,-52.933561,17.111871,-21186,-1667,1946
1754830468698,0x064,6,01 AD 3E 97 D7 9A,1,-8.082064,-52.933561,17.111871,-21186,-1667,1946
1754830468709,0x064,6,01 AD 3E 97 D7 9A,1,-8.082064,-52.933561,17.111871,-21186,-1667,1946
1754830468711,0x064,6,01 AD 3E 97 D7 9A,1,-8.082064,-52.933561,17.111871,-21186,-1667,1946
1754830468716,0x064,6,01 B3 B4 99 A7 DD,1,-7.451094,-52.012702,17.701026,-19532,-1638,2013
1754830468721,0x064,6,01 B3 B4 99 A7 DD,1,-7.451094,-52.012702,17.701026,-19532,-1638,2013
1754830468727,0x064,6,01 B3 B4 99 A7 DD,1,-7.451094,-52.012702,17.701026,-19532,-1638,2013
1754830468731,0x064,6,01 B3 B4 99 A7 DD,1,-7.451094,-52.012702,17.701026,-19532,-1638,2013
1754830468738,0x064,6,01 B3 B4 99 A7 DD,1,-7.451094,-52.012702,17.701026,-19532,-1638,2013
1754830468743,0x064,6,01 B3 B4 99 A7 DD,1,-7.451094,-52.012702,17.701026,-19532,-1638,2013
1754830468749,0x064,6,01 B3 B4 99 A7 DD,1,-7.451094,-52.012702,17.701026,-19532,-1638,2013
1754830468756,0x064,6,01 B3 B4 99 A7 DD,1,-7.451094,-52.012702,17.701026,-19532,-1638,2013
1754830468762,0x064,6,01 B3 B4 99 A7 DD,1,-7.451094,-52.012702,17.701026,-19532,-1638,2013
1754830468768,0x064,6,01 B3 B4 99 A7 DD,1,-7.451094,-52.012702,17.701026,-19532,-1638,2013
1754830468772,0x064,6,01 B3 B4 99 A7 DD,1,-7.451094,-52.012702,17.701026,-19532,-1638,2013
1754830468785,0x064,6,01 B3 B4 99 A7 DD,1,-7.451094,-52.012702,17.701026,-19532,-1638,2013
1754830468790,0x064,6,01 B3 B4 99 A7 DD,1,-7.451094,-52.012702,17.701026,-19532,-1638,2013
1754830468792,0x064,6,01 B3 B4 99 A7 DD,1,-7.451094,-52.012702,17.701026,-19532,-1638,2013
1754830468797,0x064,6,01 B3 B4 99 A7 DD,1,-7.451094,-52.012702,17.701026,-19532,-1638,2013
1754830468806,0x064,6,01 B3 B4 99 A7 DD,1,-7.451094,-52.012702,17.701026,-19532,-1638,2013
1754830468808,0x064,6,01 B3 B4 99 A7 DD,1,-7.451094,-52.012702,17.701026,-19532,-1638,2013
1754830468817,0x064,6,01 BA 96 9A E8 45,1,-6.778924,-51.377626,-17.402052,-17770,-1618,-1979
1754830468818,0x064,6,01 BA 96 9A E8 45,1,-6.778924,-51.377626,-17.402052,-17770,-1618,-1979
1754830468827,0x064,6,01 BA 96 9A E8 45,1,-6.778924,-51.377626,-17.402052,-17770,-1618,-1979
1754830468830,0x064,6,01 BA 96 9A E8 45,1,-6.778924,-51.377626,-17.402052,-17770,-1618,-1979
1754830468835,0x064,6,01 BA 96 9A E8 45,1,-6.778924,-51.377626,-17.402052,-17770,-1618,-1979
1754830468844,0x064,6,01 BA 96 9A E8 45,1,-6.778924,-51.377626,-17.402052,-17770,-1618,-1979
1754830468860,0x064,6,01 BA 96 9A E8 45,1,-6.778924,-51.377626,-17.402052,-17770,-1618,-1979
1754830468866,0x064,6,01 BA 96 9A E8 45,1,-6.778924,-51.377626,-17.402052,-17770,-1618,-1979
1754830468876,0x064,6,01 BA 96 9A E8 45,1,-6.778924,-51.377626,-17.402052,-17770,-1618,-1979
1754830468876,0x064,6,01 BA 96 9A E8 45,1,-6.778924,-51.377626,-17.402052,-17770,-1618,-1979
1754830468886,0x064,6,01 BA 96 9A E8 45,1,-6.778924,-51.377626,-17.402052,-17770,-1618,-1979
1754830468889,0x064,6,01 BA 96 9A E8 45,1,-6.778924,-51.377626,-17.402052,-17770,-1618,-1979
1754830468894,0x064,6,01 BA 96 9A E8 45,1,-6.778924,-51.377626,-17.402052,-17770,-1618,-1979
1754830468902,0x064,6,01 BA 96 9A E8 45,1,-6.778924,-51.377626,-17.402052,-17770,-1618,-1979
1754830468904,0x064,6,01 BA 96 9A E8 45,1,-6.778924,-51.377626,-17.402052,-17770,-1618,-1979
1754830468910,0x064,6,01 BA 96 9A E8 45,1,-6.778924,-51.377626,-17.402052,-17770,-1618,-1979
1754830468915,0x064,6,01 C1 D6 9C A8 5B,1,-6.070894,-50.488520,-17.208598,-15914,-1590,-1957
1754830468927,0x064,6,01 C1 D6 9C A8 5B,1,-6.070894,-50.488520,-17.208598,-15914,-1590,-1957
1754830468928,0x064,6,01 C1 D6 9C A8 5B,1,-6.070894,-50.488520,-17.208598,-15914,-1590,-1957
1754830468934,0x064,6,01 C1 D6 9C A8 5B,1,-6.070894,-50.488520,-17.208598,-15914,-1590,-1957
1754830468942,0x064,6,01 C1 D6 9C A8 5B,1,-6.070894,-50.488520,-17.208598,-15914,-1590,-1957
1754830468944,0x064,6,01 C1 D6 9C A8 5B,1,-6.070894,-50.488520,-17.208598,-15914,-1590,-1957
1754830468949,0x064,6,01 C1 D6 9C A8 5B,1,-6.070894,-50.488520,-17.208598,-15914,-1590,-1957
1754830468955,0x064,6,01 C1 D6 9C A8 5B,1,-6.070894,-50.488520,-17.208598,-15914,-1590,-1957
1754830468965,0x064,6,01 C1 D6 9C A8 5B,1,-6.070894,-50.488520,-17.208598,-15914,-1590,-1957
1754830468967,0x064,6,01 C1 D6 9C A8 5B,1,-6.070894,-50.488520,-17.208598,-15914,-1590,-1957
1754830468972,0x064,6,01 C1 D6 9C A8 5B,1,-6.070894,-50.488520,-17.208598,-15914,-1590,-1957
1754830468980,0x064,6,01 C1 D6 9C A8 5B,1,-6.070894,-50.488520,-17.208598,-15914,-1590,-1957
1754830468993,0x064,6,01 C1 D6 9C A8 5B,1,-6.070894,-50.488520,-17.208598,-15914,-1590,-1957
1754830468994,0x064,6,01 C1 D6 9C A8 5B,1,-6.070894,-50.488520,-17.208598,-15914,-1590,-1957
1754830469003,0x064,6,01 C1 D6 9C A8 5B,1,-6.070894,-50.488520,-17.208598,-15914,-1590,-1957
1754830469007,0x064,6,01 C1 D6 9C A8 5B,1,-6.070894,-50.488520,-17.208598,-15914,-1590,-1957
1754830469012,0x064,6,01 C1 D6 9C A8 5B,1,-6.070894,-50.488520,-17.208598,-15914,-1590,-1957
1754830469018,0x064,6,01 C9 8C 9E C8 44,1,-5.317850,-49.408891,-17.410845,-13940,-1556,-1980
1754830469034,0x064,6,01 C9 8C 9E C8 44,1,-5.317850,-49.408891,-17.410845,-13940,-1556,-1980
1754830469041,0x064,6,01 C9 8C 9E C8 44,1,-5.317850,-49.408891,-17.410845,-13940,-1556,-1980
1754830469044,0x064,6,01 C9 8C 9E C8 44,1,-5.317850,-49.408891,-17.410845,-13940,-1556,-1980
1754830469047,0x064,6,01 C9 8C 9E C8 44,1,-5.317850,-49.408891,-17.410845,-13940,-1556,-1980
1754830469055,0x064,6,01 C9 8C 9E C8 44,1,-5.317850,-49.408891,-17.410845,-13940,-1556,-1980
1754830469062,0x064,6,01 C9 8C 9E C8 44,1,-5.317850,-49.408891,-17.410845,-13940,-1556,-1980
1754830469065,0x064,6,01 C9 8C 9E C8 44,1,-5.317850,-49.408891,-17.410845,-13940,-1556,-1980
1754830469070,0x064,6,01 C9 8C 9E C8 44,1,-5.317850,-49.408891,-17.410845,-13940,-1556,-1980
1754830469075,0x064,6,01 C9 8C 9E C8 44,1,-5.317850,-49.408891,-17.410845,-13940,-1556,-1980
1754830469088,0x064,6,01 C9 8C 9E C8 44,1,-5.317850,-49.408891,-17.410845,-13940,-1556,-1980
1754830469089,0x064,6,01 C9 8C 9E C8 44,1,-5.317850,-49.408891,-17.410845,-13940,-1556,-1980
1754830469094,0x064,6,01 C9 8C 9E C8 44,1,-5.317850,-49.408891,-17.410845,-13940,-1556,-1980
1754830469101,0x064,6,01 C9 8C 9E C8 44,1,-5.317850,-49.408891,-17.410845,-13940,-1556,-1980
1754830469107,0x064,6,01 C9 8C 9E C8 44,1,-5.317850,-49.408891,-17.410845,-13940,-1556,-1980
1754830469111,0x064,6,01 C9 8C 9E C8 44,1,-5.317850,-49.408891,-17.410845,-13940,-1556,-1980
1754830469124,0x064,6,01 D1 84 9E D7 F0,1,-4.539628,-49.377137,17.868100,-11900,-1555,2032
1754830469130,0x064,6,01 D1 84 9E D7 F0,1,-4.539628,-49.377137,17.868100,-11900,-1555,2032
1754830469146,0x064,6,01 D1 84 9E D7 F0,1,-4.539628,-49.377137,17.868100,-11900,-1555,2032
1754830469146,0x064,6,01 D1 84 9E D7 F0,1,-4.539628,-49.377137,17.868100,-11900,-1555,2032
1754830469147,0x064,6,01 D1 84 9E D7 F0,1,-4.539628,-49.377137,17.868100,-11900,-1555,2032
1754830469156,0x064,6,01 D1 84 9E D7 F0,1,-4.539628,-49.377137,17.868100,-11900,-1555,2032
1754830469159,0x064,6,01 D1 84 9E D7 F0,1,-4.539628,-49.377137,17.868100,-11900,-1555,2032
1754830469164,0x064,6,01 D1 84 9E D7 F0,1,-4.539628,-49.377137,17.868100,-11900,-1555,2032
1754830469169,0x064,6,01 D1 84 9E D7 F0,1,-4.539628,-49.377137,17.868100,-11900,-1555,2032
1754830469174,0x064,6,01 D1 84 9E D7 F0,1,-4.539628,-49.377137,17.868100,-11900,-1555,2032
1754830469182,0x064,6,01 D1 84 9E D7 F0,1,-4.539628,-49.377137,17.868100,-11900,-1555,2032
1754830469192,0x064,6,01 D1 84 9E D7 F0,1,-4.539628,-49.377137,17.868100,-11900,-1555,2032
1754830469197,0x064,6,01 D1 84 9E D7 F0,1,-4.539628,-49.377137,17.868100,-11900,-1555,2032
1754830469206,0x064,6,01 D1 84 9E D7 F0,1,-4.539628,-49.377137,17.868100,-11900,-1555,2032
1754830469218,0x064,6,01 D1 84 9E D7 F0,1,-4.539628,-49.377137,17.868100,-11900,-1555,2032
1754830469225,0x064,6,01 D9 DC A0 E8 22,1,-3.724784,-48.329262,-17.709819,-9764,-1522,-2014
1754830469225,0x064,6,01 D9 DC A0 E8 22,1,-3.724784,-48.329262,-17.709819,-9764,-1522,-2014
1754830469230,0x064,6,01 D9 DC A0 E8 22,1,-3.724784,-48.329262,-17.709819,-9764,-1522,-2014
1754830469236,0x064,6,01 D9 DC A0 E8 22,1,-3.724784,-48.329262,-17.709819,-9764,-1522,-2014
1754830469241,0x064,6,01 D9 DC A0 E8 22,1,-3.724784,-48.329262,-17.709819,-9764,-1522,-2014
1754830469247,0x064,6,01 D9 DC A0 E8 22,1,-3.724784,-48.329262,-17.709819,-9764,-1522,-2014
1754830469252,0x064,6,01 D9 DC A0 E8 22,1,-3.724784,-48.329262,-17.709819,-9764,-1522,-2014
1754830469257,0x064,6,01 D9 DC A0 E8 22,1,-3.724784,-48.329262,-17.709819,-9764,-1522,-2014
1754830469262,0x064,6,01 D9 DC A0 E8 22,1,-3.724784,-48.329262,-17.709819,-9764,-1522,-2014
1754830469271,0x064,6,01 D9 DC A0 E8 22,1,-3.724784,-48.329262,-17.709819,-9764,-1522,-2014
1754830469274,0x064,6,01 D9 DC A0 E8 22,1,-3.724784,-48.329262,-17.709819,-9764,-1522,-2014
1754830469279,0x064,6,01 D9 DC A0 E8 22,1,-3.724784,-48.329262,-17.709819,-9764,-1522,-2014
1754830469286,0x064,6,01 D9 DC A0 E8 22,1,-3.724784,-48.329262,-17.709819,-9764,-1522,-2014
1754830469290,0x064,6,01 D9 DC A0 E8 22,1,-3.724784,-48.329262,-17.709819,-9764,-1522,-2014
1754830469295,0x064,6,01 D9 DC A0 E8 22,1,-3.724784,-48.329262,-17.709819,-9764,-1522,-2014
1754830469311,0x064,6,01 D9 DC A0 E8 22,1,-3.724784,-48.329262,-17.709819,-9764,-1522,-2014
1754830469315,0x064,6,01 D9 DC A0 E8 22,1,-3.724784,-48.329262,-17.709819,-9764,-1522,-2014
1754830469317,0x064,6,01 E2 79 A2 48 92,1,-2.883618,-47.630679,-16.724963,-7559,-1500,-1902
1754830469327,0x064,6,01 E2 79 A2 48 92,1,-2.883618,-47.630679,-16.724963,-7559,-1500,-1902
1754830469333,0x064,6,01 E2 79 A2 48 92,1,-2.883618,-47.630679,-16.724963,-7559,-1500,-1902
1754830469338,0x064,6,01 E2 79 A2 48 92,1,-2.883618,-47.630679,-16.724963,-7559,-1500,-1902
1754830469348,0x064,6,01 E2 79 A2 48 92,1,-2.883618,-47.630679,-16.724963,-7559,-1500,-1902
1754830469352,0x064,6,01 E2 79 A2 48 92,1,-2.883618,-47.630679,-16.724963,-7559,-1500,-1902
1754830469356,0x064,6,01 E2 79 A2 48 92,1,-2.883618,-47.630679,-16.724963,-7559,-1500,-1902
1754830469364,0x064,6,01 E2 79 A2 48 92,1,-2.883618,-47.630679,-16.724963,-7559,-1500,-1902
1754830469366,0x064,6,01 E2 79 A2 48 92,1,-2.883618,-47.630679,-16.724963,-7559,-1500,-1902
1754830469371,0x064,6,01 E2 79 A2 48 92,1,-2.883618,-47.630679,-16.724963,-7559,-1500,-1902
1754830469382,0x064,6,01 E2 79 A2 48 92,1,-2.883618,-47.630679,-16.724963,-7559,-1500,-1902
1754830469383,0x064,6,01 E2 79 A2 48 92,1,-2.883618,-47.630679,-16.724963,-7559,-1500,-1902
1754830469388,0x064,6,01 E2 79 A2 48 92,1,-2.883618,-47.630679,-16.724963,-7559,-1500,-1902
1754830469393,0x064,6,01 E2 79 A2 48 92,1,-2.883618,-47.630679,-16.724963,-7559,-1500,-1902
1754830469400,0x064,6,01 E2 79 A2 48 92,1,-2.883618,-47.630679,-16.724963,-7559,-1500,-1902
1754830469406,0x064,6,01 E2 79 A2 48 92,1,-2.883618,-47.630679,-16.724963,-7559,-1500,-1902
1754830469412,0x064,6,01 E2 79 A2 48 92,1,-2.883618,-47.630679,-16.724963,-7559,-1500,-1902
1754830469417,0x064,6,01 EB 57 A2 C7 DA,1,-2.017655,-47.376649,17.674646,-5289,-1492,2010
1754830469425,0x064,6,01 EB 57 A2 C7 DA,1,-2.017655,-47.376649,17.674646,-5289,-1492,2010
1754830469429,0x064,6,01 EB 57 A2 C7 DA,1,-2.017655,-47.376649,17.674646,-5289,-1492,2010
1754830469446,0x064,6,01 EB 57 A2 C7 DA,1,-2.017655,-47.376649,17.674646,-5289,-1492,2010
1754830469455,0x064,6,01 EB 57 A2 C7 DA,1,-2.017655,-47.376649,17.674646,-5289,-1492,2010
1754830469467,0x064,6,01 EB 57 A2 C7 DA,1,-2.017655,-47.376649,17.674646,-5289,-1492,2010
1754830469474,0x064,6,01 EB 57 A2 C7 DA,1,-2.017655,-47.376649,17.674646,-5289,-1492,2010
1754830469500,0x064,6,01 EB 57 A2 C7 DA,1,-2.017655,-47.376649,17.674646,-5289,-1492,2010
1754830469506,0x064,6,01 EB 57 A2 C7 DA,1,-2.017655,-47.376649,17.674646,-5289,-1492,2010
1754830469507,0x064,6,01 EB 57 A2 C7 DA,1,-2.017655,-47.376649,17.674646,-5289,-1492,2010
1754830469534,0x064,6,01 EB 57 A2 C7 DA,1,-2.017655,-47.376649,17.674646,-5289,-1492,2010
1754830469543,0x064,6,01 EB 57 A2 C7 DA,1,-2.017655,-47.376649,17.674646,-5289,-1492,2010
1754830469551,0x064,6,01 EB 57 A2 C7 DA,1,-2.017655,-47.376649,17.674646,-5289,-1492,2010
1754830469556,0x064,6,01 F4 73 A2 B8 56,1,-1.128040,-47.408403,-17.252565,-2957,-1493,-1962
1754830469565,0x064,6,01 F4 73 A2 B8 56,1,-1.128040,-47.408403,-17.252565,-2957,-1493,-1962
1754830469569,0x064,6,01 F4 73 A2 B8 56,1,-1.128040,-47.408403,-17.252565,-2957,-1493,-1962
1754830469569,0x064,6,01 F4 73 A2 B8 56,1,-1.128040,-47.408403,-17.252565,-2957,-1493,-1962
1754830469569,0x064,6,01 F4 73 A2 B8 56,1,-1.128040,-47.408403,-17.252565,-2957,-1493,-1962
1754830469570,0x064,6,01 F4 73 A2 B8 56,1,-1.128040,-47.408403,-17.252565,-2957,-1493,-1962
1754830469570,0x064,6,01 F4 73 A2 B8 56,1,-1.128040,-47.408403,-17.252565,-2957,-1493,-1962
1754830469574,0x064,6,01 F4 73 A2 B8 56,1,-1.128040,-47.408403,-17.252565,-2957,-1493,-1962
1754830469587,0x064,6,01 F4 73 A2 B8 56,1,-1.128040,-47.408403,-17.252565,-2957,-1493,-1962
1754830469589,0x064,6,01 F4 73 A2 B8 56,1,-1.128040,-47.408403,-17.252565,-2957,-1493,-1962
1754830469591,0x064,6,01 F4 73 A2 B8 56,1,-1.128040,-47.408403,-17.252565,-2957,-1493,-1962
1754830469611,0x064,6,01 F4 73 A2 B8 56,1,-1.128040,-47.408403,-17.252565,-2957,-1493,-1962
1754830469624,0x064,6,01 F4 73 A2 B8 56,1,-1.128040,-47.408403,-17.252565,-2957,-1493,-1962
1754830469633,0x064,6,01 FD D7 A3 E8 2A,1,-0.210959,-46.805081,-17.639472,-553,-1474,-2006
1754830469637,0x064,6,01 FD D7 A3 E8 2A,1,-0.210959,-46.805081,-17.639472,-553,-1474,-2006
1754830469645,0x064,6,01 FD D7 A3 E8 2A,1,-0.210959,-46.805081,-17.639472,-553,-1474,-2006
1754830469651,0x064,6,01 FD D7 A3 E8 2A,1,-0.210959,-46.805081,-17.639472,-553,-1474,-2006
1754830469658,0x064,6,01 FD D7 A3 E8 2A,1,-0.210959,-46.805081,-17.639472,-553,-1474,-2006
1754830469658,0x064,6,01 FD D7 A3 E8 2A,1,-0.210959,-46.805081,-17.639472,-553,-1474,-2006
1754830469664,0x064,6,01 FD D7 A3 E8 2A,1,-0.210959,-46.805081,-17.639472,-553,-1474,-2006
1754830469669,0x064,6,01 FD D7 A3 E8 2A,1,-0.210959,-46.805081,-17.639472,-553,-1474,-2006
1754830469677,0x064,6,01 FD D7 A3 E8 2A,1,-0.210959,-46.805081,-17.639472,-553,-1474,-2006
1754830469682,0x064,6,01 FD D7 A3 E8 2A,1,-0.210959,-46.805081,-17.639472,-553,-1474,-2006
1754830469688,0x064,6,01 FD D7 A3 E8 2A,1,-0.210959,-46.805081,-17.639472,-553,-1474,-2006
1754830469694,0x064,6,01 FD D7 A3 E8 2A,1,-0.210959,-46.805081,-17.639472,-553,-1474,-2006
1754830469700,0x064,6,01 FD D7 A3 E8 2A,1,-0.210959,-46.805081,-17.639472,-553,-1474,-2006
1754830469705,0x064,6,01 FD D7 A3 E8 2A,1,-0.210959,-46.805081,-17.639472,-553,-1474,-2006
1754830469710,0x064,6,01 FD D7 A3 E8 2A,1,-0.210959,-46.805081,-17.639472,-553,-1474,-2006
1754830469715,0x064,6,01 FF FF A5 07 C9,1,-0.000381,-46.233512,17.525159,-1,-1456,1993
1754830469720,0x064,6,01 FF FF A5 07 C9,1,-0.000381,-46.233512,17.525159,-1,-1456,1993
1754830469727,0x064,6,01 FF FF A5 07 C9,1,-0.000381,-46.233512,17.525159,-1,-1456,1993
1754830469732,0x064,6,01 FF FF A5 07 C9,1,-0.000381,-46.233512,17.525159,-1,-1456,1993
1754830469737,0x064,6,01 FF FF A5 07 C9,1,-0.000381,-46.233512,17.525159,-1,-1456,1993
1754830469742,0x064,6,01 FF FF A5 07 C9,1,-0.000381,-46.233512,17.525159,-1,-1456,1993
1754830469748,0x064,6,01 FF FF A5 07 C9,1,-0.000381,-46.233512,17.525159,-1,-1456,1993
1754830469753,0x064,6,01 FF FF A5 07 C9,1,-0.000381,-46.233512,17.525159,-1,-1456,1993
1754830469759,0x064,6,01 FF FF A5 07 C9,1,-0.000381,-46.233512,17.525159,-1,-1456,1993
1754830469774,0x064,6,01 FF FF A5 07 C9,1,-0.000381,-46.233512,17.525159,-1,-1456,1993
1754830469776,0x064,6,01 FF FF A5 07 C9,1,-0.000381,-46.233512,17.525159,-1,-1456,1993
1754830469780,0x064,6,01 FF FF A5 07 C9,1,-0.000381,-46.233512,17.525159,-1,-1456,1993
1754830469785,0x064,6,01 FF FF A5 07 C9,1,-0.000381,-46.233512,17.525159,-1,-1456,1993
1754830469790,0x064,6,01 FF FF A5 07 C9,1,-0.000381,-46.233512,17.525159,-1,-1456,1993
1754830469799,0x064,6,01 FF FF A5 07 C9,1,-0.000381,-46.233512,17.525159,-1,-1456,1993
1754830469803,0x064,6,01 FF FF A5 07 C9,1,-0.000381,-46.233512,17.525159,-1,-1456,1993
1754830469806,0x064,6,01 FF FF A5 07 C9,1,-0.000381,-46.233512,17.525159,-1,-1456,1993
1754830469816,0x064,6,01 FF FF A5 07 C9,1,-0.000381,-46.233512,17.525159,-1,-1456,1993
1754830469819,0x064,6,01 FF FF A5 48 33,1,-0.000381,-46.106497,-17.560332,-1,-1452,-1997
1754830469825,0x064,6,01 FF FF A5 48 33,1,-0.000381,-46.106497,-17.560332,-1,-1452,-1997
1754830469830,0x064,6,01 FF FF A5 48 33,1,-0.000381,-46.106497,-17.560332,-1,-1452,-1997
1754830469836,0x064,6,01 FF FF A5 48 33,1,-0.000381,-46.106497,-17.560332,-1,-1452,-1997
1754830469851,0x064,6,01 FF FF A5 48 33,1,-0.000381,-46.106497,-17.560332,-1,-1452,-1997
1754830469858,0x064,6,01 FF FF A5 48 33,1,-0.000381,-46.106497,-17.560332,-1,-1452,-1997
1754830469866,0x064,6,01 FF FF A5 48 33,1,-0.000381,-46.106497,-17.560332,-1,-1452,-1997
1754830469868,0x064,6,01 FF FF A5 48 33,1,-0.000381,-46.106497,-17.560332,-1,-1452,-1997
1754830469890,0x064,6,01 FF FF A5 48 33,1,-0.000381,-46.106497,-17.560332,-1,-1452,-1997
1754830469900,0x064,6,01 FF FF A5 48 33,1,-0.000381,-46.106497,-17.560332,-1,-1452,-1997
1754830469908,0x064,6,01 FF FF A5 48 33,1,-0.000381,-46.106497,-17.560332,-1,-1452,-1997
1754830469911,0x064,6,01 FF FF A5 48 33,1,-0.000381,-46.106497,-17.560332,-1,-1452,-1997
1754830469912,0x064,6,01 FF FF A5 48 33,1,-0.000381,-46.106497,-17.560332,-1,-1452,-1997
1754830469917,0x064,6,01 FF FF A6 37 F9,1,-0.000381,-45.630191,17.947240,-1,-1437,2041
1754830469921,0x064,6,01 FF FF A6 37 F9,1,-0.000381,-45.630191,17.947240,-1,-1437,2041
1754830469926,0x064,6,01 FF FF A6 37 F9,1,-0.000381,-45.630191,17.947240,-1,-1437,2041
1754830469933,0x064,6,01 FF FF A6 37 F9,1,-0.000381,-45.630191,17.947240,-1,-1437,2041
1754830469939,0x064,6,01 FF FF A6 37 F9,1,-0.000381,-45.630191,17.947240,-1,-1437,2041
1754830469955,0x064,6,01 FF FF A6 37 F9,1,-0.000381,-45.630191,17.947240,-1,-1437,2041
1754830469979,0x064,6,01 FF FF A6 37 F9,1,-0.000381,-45.630191,17.947240,-1,-1437,2041
1754830469980,0x064,6,01 FF FF A6 37 F9,1,-0.000381,-45.630191,17.947240,-1,-1437,2041
1754830469985,0x064,6,01 FF FF A6 37 F9,1,-0.000381,-45.630191,17.947240,-1,-1437,2041
1754830469986,0x064,6,01 FF FF A6 37 F9,1,-0.000381,-45.630191,17.947240,-1,-1437,2041
1754830469987,0x064,6,01 FF FF A6 37 F9,1,-0.000381,-45.630191,17.947240,-1,-1437,2041
1754830469992,0x064,6,01 FF FF A6 37 F9,1,-0.000381,-45.630191,17.947240,-1,-1437,2041
1754830469997,0x064,6,01 FF FF A6 37 F9,1,-0.000381,-45.630191,17.947240,-1,-1437,2041
1754830470002,0x064,6,01 FF FF A6 37 F9,1,-0.000381,-45.630191,17.947240,-1,-1437,2041
1754830470009,0x064,6,01 FF FF A6 37 F9,1,-0.000381,-45.630191,17.947240,-1,-1437,2041
1754830470022,0x064,6,01 FF FF A6 78 1C,1,-0.000381,-45.503175,-17.762579,-1,-1433,-2020
1754830470028,0x064,6,01 FF FF A6 78 1C,1,-0.000381,-45.503175,-17.762579,-1,-1433,-2020
1754830470035,0x064,6,01 FF FF A6 78 1C,1,-0.000381,-45.503175,-17.762579,-1,-1433,-2020
1754830470049,0x064,6,01 FF FF A6 78 1C,1,-0.000381,-45.503175,-17.762579,-1,-1433,-2020
1754830470049,0x064,6,01 FF FF A6 78 1C,1,-0.000381,-45.503175,-17.762579,-1,-1433,-2020
1754830470058,0x064,6,01 FF FF A6 78 1C,1,-0.000381,-45.503175,-17.762579,-1,-1433,-2020
1754830470060,0x064,6,01 FF FF A6 78 1C,1,-0.000381,-45.503175,-17.762579,-1,-1433,-2020
1754830470080,0x064,6,01 FF FF A6 78 1C,1,-0.000381,-45.503175,-17.762579,-1,-1433,-2020
1754830470082,0x064,6,01 FF FF A6 78 1C,1,-0.000381,-45.503175,-17.762579,-1,-1433,-2020
1754830470088,0x064,6,01 FF FF A6 78 1C,1,-0.000381,-45.503175,-17.762579,-1,-1433,-2020
1754830470091,0x064,6,01 FF FF A6 78 1C,1,-0.000381,-45.503175,-17.762579,-1,-1433,-2020
1754830470094,0x064,6,01 FF FF A6 78 1C,1,-0.000381,-45.503175,-17.762579,-1,-1433,-2020
1754830470100,0x064,6,01 FF FF A6 78 1C,1,-0.000381,-45.503175,-17.762579,-1,-1433,-2020
1754830470110,0x064,6,01 FF FF A6 78 1C,1,-0.000381,-45.503175,-17.762579,-1,-1433,-2020
1754830470113,0x064,6,01 FF FF A6 78 1C,1,-0.000381,-45.503175,-17.762579,-1,-1433,-2020
1754830470136,0x064,6,01 FF FF A5 C8 15,1,-0.000381,-45.852467,-17.824133,-1,-1444,-2027
1754830470136,0x064,6,01 FF FF A5 C8 15,1,-0.000381,-45.852467,-17.824133,-1,-1444,-2027
1754830470136,0x064,6,01 FF FF A5 C8 15,1,-0.000381,-45.852467,-17.824133,-1,-1444,-2027
1754830470139,0x064,6,01 FF FF A5 C8 15,1,-0.000381,-45.852467,-17.824133,-1,-1444,-2027
1754830470147,0x064,6,01 FF FF A5 C8 15,1,-0.000381,-45.852467,-17.824133,-1,-1444,-2027
1754830470151,0x064,6,01 FF FF A5 C8 15,1,-0.000381,-45.852467,-17.824133,-1,-1444,-2027
1754830470157,0x064,6,01 FF FF A5 C8 15,1,-0.000381,-45.852467,-17.824133,-1,-1444,-2027
1754830470166,0x064,6,01 FF FF A5 C8 15,1,-0.000381,-45.852467,-17.824133,-1,-1444,-2027
1754830470167,0x064,6,01 FF FF A5 C8 15,1,-0.000381,-45.852467,-17.824133,-1,-1444,-2027
1754830470173,0x064,6,01 FF FF A5 C8 15,1,-0.000381,-45.852467,-17.824133,-1,-1444,-2027
1754830470177,0x064,6,01 FF FF A5 C8 15,1,-0.000381,-45.852467,-17.824133,-1,-1444,-2027
1754830470185,0x064,6,01 FF FF A5 C8 15,1,-0.000381,-45.852467,-17.824133,-1,-1444,-2027
1754830470197,0x064,6,01 FF FF A5 C8 15,1,-0.000381,-45.852467,-17.824133,-1,-1444,-2027
1754830470206,0x064,6,01 FF FF A5 C8 15,1,-0.000381,-45.852467,-17.824133,-1,-1444,-2027
1754830470212,0x064,6,01 FF FF A5 C8 15,1,-0.000381,-45.852467,-17.824133,-1,-1444,-2027
1754830470213,0x064,6,01 FF FF A5 C8 15,1,-0.000381,-45.852467,-17.824133,-1,-1444,-2027
1754830470218,0x064,6,01 FF FF A5 48 23,1,-0.000381,-46.106497,-17.701026,-1,-1452,-2013
1754830470229,0x064,6,01 FF FF A5 48 23,1,-0.000381,-46.106497,-17.701026,-1,-1452,-2013
1754830470236,0x064,6,01 FF FF A5 48 23,1,-0.000381,-46.106497,-17.701026,-1,-1452,-2013
1754830470238,0x064,6,01 FF FF A5 48 23,1,-0.000381,-46.106497,-17.701026,-1,-1452,-2013
1754830470245,0x064,6,01 FF FF A5 48 23,1,-0.000381,-46.106497,-17.701026,-1,-1452,-2013
1754830470248,0x064,6,01 FF FF A5 48 23,1,-0.000381,-46.106497,-17.701026,-1,-1452,-2013
1754830470254,0x064,6,01 FF FF A5 48 23,1,-0.000381,-46.106497,-17.701026,-1,-1452,-2013
1754830470260,0x064,6,01 FF FF A5 48 23,1,-0.000381,-46.106497,-17.701026,-1,-1452,-2013
1754830470284,0x064,6,01 FF FF A5 48 23,1,-0.000381,-46.106497,-17.701026,-1,-1452,-2013
1754830470293,0x064,6,01 FF FF A5 48 23,1,-0.000381,-46.106497,-17.701026,-1,-1452,-2013
1754830470299,0x064,6,01 FF FF A5 48 23,1,-0.000381,-46.106497,-17.701026,-1,-1452,-2013
1754830470306,0x064,6,01 FF FF A5 48 23,1,-0.000381,-46.106497,-17.701026,-1,-1452,-2013
1754830470306,0x064,6,01 FF FF A5 48 23,1,-0.000381,-46.106497,-17.701026,-1,-1452,-2013
1754830470307,0x064,6,01 FF FF A5 48 23,1,-0.000381,-46.106497,-17.701026,-1,-1452,-2013
1754830470310,0x064,6,01 FF FF A5 48 23,1,-0.000381,-46.106497,-17.701026,-1,-1452,-2013
1754830470315,0x064,6,01 FF FF A6 88 44,1,-0.000381,-45.471422,-17.410845,-1,-1432,-1980
1754830470321,0x064,6,01 FF FF A6 88 44,1,-0.000381,-45.471422,-17.410845,-1,-1432,-1980
1754830470328,0x064,6,01 FF FF A6 88 44,1,-0.000381,-45.471422,-17.410845,-1,-1432,-1980
1754830470333,0x064,6,01 FF FF A6 88 44,1,-0.000381,-45.471422,-17.410845,-1,-1432,-1980
1754830470339,0x064,6,01 FF FF A6 88 44,1,-0.000381,-45.471422,-17.410845,-1,-1432,-1980
1754830470346,0x064,6,01 FF FF A6 88 44,1,-0.000381,-45.471422,-17.410845,-1,-1432,-1980
1754830470349,0x064,6,01 FF FF A6 88 44,1,-0.000381,-45.471422,-17.410845,-1,-1432,-1980
1754830470354,0x064,6,01 FF FF A6 88 44,1,-0.000381,-45.471422,-17.410845,-1,-1432,-1980
1754830470359,0x064,6,01 FF FF A6 88 44,1,-0.000381,-45.471422,-17.410845,-1,-1432,-1980
1754830470378,0x064,6,01 FF FF A6 88 44,1,-0.000381,-45.471422,-17.410845,-1,-1432,-1980
1754830470384,0x064,6,01 FF FF A6 88 44,1,-0.000381,-45.471422,-17.410845,-1,-1432,-1980
1754830470386,0x064,6,01 FF FF A6 88 44,1,-0.000381,-45.471422,-17.410845,-1,-1432,-1980
1754830470392,0x064,6,01 FF FF A6 88 44,1,-0.000381,-45.471422,-17.410845,-1,-1432,-1980
1754830470397,0x064,6,01 FF FF A6 88 44,1,-0.000381,-45.471422,-17.410845,-1,-1432,-1980
1754830470399,0x064,6,01 FF FF A6 88 44,1,-0.000381,-45.471422,-17.410845,-1,-1432,-1980
1754830470407,0x064,6,01 FF FF A6 88 44,1,-0.000381,-45.471422,-17.410845,-1,-1432,-1980
1754830470410,0x064,6,01 FF FF A6 88 44,1,-0.000381,-45.471422,-17.410845,-1,-1432,-1980
1754830470416,0x064,6,01 FF FF A6 F8 1E,1,-0.000381,-45.249145,-17.744993,-1,-1425,-2018
1754830470421,0x064,6,01 FF FF A6 F8 1E,1,-0.000381,-45.249145,-17.744993,-1,-1425,-2018
1754830470428,0x064,6,01 FF FF A6 F8 1E,1,-0.000381,-45.249145,-17.744993,-1,-1425,-2018
1754830470432,0x064,6,01 FF FF A6 F8 1E,1,-0.000381,-45.249145,-17.744993,-1,-1425,-2018
1754830470436,0x064,6,01 FF FF A6 F8 1E,1,-0.000381,-45.249145,-17.744993,-1,-1425,-2018
1754830470442,0x064,6,01 FF FF A6 F8 1E,1,-0.000381,-45.249145,-17.744993,-1,-1425,-2018
1754830470447,0x064,6,01 FF FF A6 F8 1E,1,-0.000381,-45.249145,-17.744993,-1,-1425,-2018
1754830470453,0x064,6,01 FF FF A6 F8 1E,1,-0.000381,-45.249145,-17.744993,-1,-1425,-2018
1754830470473,0x064,6,01 FF FF A6 F8 1E,1,-0.000381,-45.249145,-17.744993,-1,-1425,-2018
1754830470475,0x064,6,01 FF FF A6 F8 1E,1,-0.000381,-45.249145,-17.744993,-1,-1425,-2018
1754830470475,0x064,6,01 FF FF A6 F8 1E,1,-0.000381,-45.249145,-17.744993,-1,-1425,-2018
1754830470486,0x064,6,01 FF FF A6 F8 1E,1,-0.000381,-45.249145,-17.744993,-1,-1425,-2018
1754830470491,0x064,6,01 FF FF A6 F8 1E,1,-0.000381,-45.249145,-17.744993,-1,-1425,-2018
1754830470496,0x064,6,01 FF FF A6 F8 1E,1,-0.000381,-45.249145,-17.744993,-1,-1425,-2018
1754830470501,0x064,6,01 FF FF A6 F8 1E,1,-0.000381,-45.249145,-17.744993,-1,-1425,-2018
1754830470510,0x064,6,01 FF FF A6 F8 1E,1,-0.000381,-45.249145,-17.744993,-1,-1425,-2018
1754830470513,0x064,6,01 FF FF A6 F8 1E,1,-0.000381,-45.249145,-17.744993,-1,-1425,-2018
1754830470516,0x064,6,01 FF FF A6 E8 0C,1,-0.000381,-45.280899,-17.903273,-1,-1426,-2036
1754830470522,0x064,6,01 FF FF A6 E8 0C,1,-0.000381,-45.280899,-17.903273,-1,-1426,-2036
1754830470529,0x064,6,01 FF FF A6 E8 0C,1,-0.000381,-45.280899,-17.903273,-1,-1426,-2036
1754830470535,0x064,6,01 FF FF A6 E8 0C,1,-0.000381,-45.280899,-17.903273,-1,-1426,-2036
1754830470539,0x064,6,01 FF FF A6 E8 0C,1,-0.000381,-45.280899,-17.903273,-1,-1426,-2036
1754830470552,0x064,6,01 FF FF A6 E8 0C,1,-0.000381,-45.280899,-17.903273,-1,-1426,-2036
1754830470560,0x064,6,01 FF FF A6 E8 0C,1,-0.000381,-45.280899,-17.903273,-1,-1426,-2036
1754830470561,0x064,6,01 FF FF A6 E8 0C,1,-0.000381,-45.280899,-17.903273,-1,-1426,-2036
1754830470566,0x064,6,01 FF FF A6 E8 0C,1,-0.000381,-45.280899,-17.903273,-1,-1426,-2036
1754830470571,0x064,6,01 FF FF A6 E8 0C,1,-0.000381,-45.280899,-17.903273,-1,-1426,-2036
1754830470577,0x064,6,01 FF FF A6 E8 0C,1,-0.000381,-45.280899,-17.903273,-1,-1426,-2036
1754830470584,0x064,6,01 FF FF A6 E8 0C,1,-0.000381,-45.280899,-17.903273,-1,-1426,-2036
1754830470588,0x064,6,01 FF FF A6 E8 0C,1,-0.000381,-45.280899,-17.903273,-1,-1426,-2036
1754830470593,0x064,6,01 FF FF A6 E8 0C,1,-0.000381,-45.280899,-17.903273,-1,-1426,-2036
1754830470599,0x064,6,01 FF FF A6 E8 0C,1,-0.000381,-45.280899,-17.903273,-1,-1426,-2036
1754830470605,0x064,6,01 FF FF A6 E8 0C,1,-0.000381,-45.280899,-17.903273,-1,-1426,-2036
1754830470617,0x064,6,01 FF FF A6 E8 0C,1,-0.000381,-45.280899,-17.903273,-1,-1426,-2036
1754830470635,0x064,6,01 FF FF A6 58 2F,1,-0.000381,-45.566683,-17.595506,-1,-1435,-2001
1754830470635,0x064,6,01 FF FF A6 58 2F,1,-0.000381,-45.566683,-17.595506,-1,-1435,-2001
1754830470648,0x064,6,01 FF FF A6 58 2F,1,-0.000381,-45.566683,-17.595506,-1,-1435,-2001
1754830470667,0x064,6,01 FF FF A6 58 2F,1,-0.000381,-45.566683,-17.595506,-1,-1435,-2001
1754830470674,0x064,6,01 FF FF A6 58 2F,1,-0.000381,-45.566683,-17.595506,-1,-1435,-2001
1754830470693,0x064,6,01 FF FF A6 58 2F,1,-0.000381,-45.566683,-17.595506,-1,-1435,-2001
1754830470695,0x064,6,01 FF FF A6 58 2F,1,-0.000381,-45.566683,-17.595506,-1,-1435,-2001
1754830470695,0x064,6,01 FF FF A6 58 2F,1,-0.000381,-45.566683,-17.595506,-1,-1435,-2001
1754830470696,0x064,6,01 FF FF A6 58 2F,1,-0.000381,-45.566683,-17.595506,-1,-1435,-2001
1754830470697,0x064,6,01 FF FF A6 58 2F,1,-0.000381,-45.566683,-17.595506,-1,-1435,-2001
1754830470705,0x064,6,01 FF FF A6 58 2F,1,-0.000381,-45.566683,-17.595506,-1,-1435,-2001
1754830470710,0x064,6,01 FF FF A6 58 2F,1,-0.000381,-45.566683,-17.595506,-1,-1435,-2001
1754830470715,0x064,6,01 FF FF A5 F8 0C,1,-0.000381,-45.757206,-17.903273,-1,-1441,-2036
1754830470726,0x064,6,01 FF FF A5 F8 0C,1,-0.000381,-45.757206,-17.903273,-1,-1441,-2036
1754830470727,0x064,6,01 FF FF A5 F8 0C,1,-0.000381,-45.757206,-17.903273,-1,-1441,-2036
1754830470733,0x064,6,01 FF FF A5 F8 0C,1,-0.000381,-45.757206,-17.903273,-1,-1441,-2036
1754830470739,0x064,6,01 FF FF A5 F8 0C,1,-0.000381,-45.757206,-17.903273,-1,-1441,-2036
1754830470748,0x064,6,01 FF FF A5 F8 0C,1,-0.000381,-45.757206,-17.903273,-1,-1441,-2036
1754830470762,0x064,6,01 FF FF A5 F8 0C,1,-0.000381,-45.757206,-17.903273,-1,-1441,-2036
1754830470774,0x064,6,01 FF FF A5 F8 0C,1,-0.000381,-45.757206,-17.903273,-1,-1441,-2036
1754830470786,0x064,6,01 FF FF A5 F8 0C,1,-0.000381,-45.757206,-17.903273,-1,-1441,-2036
1754830470788,0x064,6,01 FF FF A5 F8 0C,1,-0.000381,-45.757206,-17.903273,-1,-1441,-2036
1754830470792,0x064,6,01 FF FF A5 F8 0C,1,-0.000381,-45.757206,-17.903273,-1,-1441,-2036
1754830470795,0x064,6,01 FF FF A5 F8 0C,1,-0.000381,-45.757206,-17.903273,-1,-1441,-2036
1754830470800,0x064,6,01 FF FF A5 F8 0C,1,-0.000381,-45.757206,-17.903273,-1,-1441,-2036
1754830470805,0x064,6,01 FF FF A5 F8 0C,1,-0.000381,-45.757206,-17.903273,-1,-1441,-2036
1754830470811,0x064,6,01 FF FF A5 F8 0C,1,-0.000381,-45.757206,-17.903273,-1,-1441,-2036
1754830470819,0x064,6,01 FF FF A5 28 3E,1,-0.000381,-46.170005,-17.463605,-1,-1454,-1986
1754830470824,0x064,6,01 FF FF A5 28 3E,1,-0.000381,-46.170005,-17.463605,-1,-1454,-1986
1754830470828,0x064,6,01 FF FF A5 28 3E,1,-0.000381,-46.170005,-17.463605,-1,-1454,-1986
1754830470833,0x064,6,01 FF FF A5 28 3E,1,-0.000381,-46.170005,-17.463605,-1,-1454,-1986
1754830470839,0x064,6,01 FF FF A5 28 3E,1,-0.000381,-46.170005,-17.463605,-1,-1454,-1986
1754830470848,0x064,6,01 FF FF A5 28 3E,1,-0.000381,-46.170005,-17.463605,-1,-1454,-1986
1754830470853,0x064,6,01 FF FF A5 28 3E,1,-0.000381,-46.170005,-17.463605,-1,-1454,-1986
1754830470858,0x064,6,01 FF FF A5 28 3E,1,-0.000381,-46.170005,-17.463605,-1,-1454,-1986
1754830470868,0x064,6,01 FF FF A5 28 3E,1,-0.000381,-46.170005,-17.463605,-1,-1454,-1986
1754830470871,0x064,6,01 FF FF A5 28 3E,1,-0.000381,-46.170005,-17.463605,-1,-1454,-1986
1754830470876,0x064,6,01 FF FF A5 28 3E,1,-0.000381,-46.170005,-17.463605,-1,-1454,-1986
1754830470881,0x064,6,01 FF FF A5 28 3E,1,-0.000381,-46.170005,-17.463605,-1,-1454,-1986
1754830470895,0x064,6,01 FF FF A5 28 3E,1,-0.000381,-46.170005,-17.463605,-1,-1454,-1986
1754830470897,0x064,6,01 FF FF A5 28 3E,1,-0.000381,-46.170005,-17.463605,-1,-1454,-1986
1754830470902,0x064,6,01 FF FF A5 28 3E,1,-0.000381,-46.170005,-17.463605,-1,-1454,-1986
1754830470907,0x064,6,01 FF FF A5 28 3E,1,-0.000381,-46.170005,-17.463605,-1,-1454,-1986
1754830470913,0x064,6,01 FF FF A5 28 3E,1,-0.000381,-46.170005,-17.463605,-1,-1454,-1986
1754830470918,0x064,6,01 FF FF A5 28 98,1,-0.000381,-46.170005,-16.672203,-1,-1454,-1896
1754830470928,0x064,6,01 FF FF A5 28 98,1,-0.000381,-46.170005,-16.672203,-1,-1454,-1896
1754830470931,0x064,6,01 FF FF A5 28 98,1,-0.000381,-46.170005,-16.672203,-1,-1454,-1896
1754830470936,0x064,6,01 FF FF A5 28 98,1,-0.000381,-46.170005,-16.672203,-1,-1454,-1896
1754830470942,0x064,6,01 FF FF A5 28 98,1,-0.000381,-46.170005,-16.672203,-1,-1454,-1896
1754830470947,0x064,6,01 FF FF A5 28 98,1,-0.000381,-46.170005,-16.672203,-1,-1454,-1896
1754830470953,0x064,6,01 FF FF A5 28 98,1,-0.000381,-46.170005,-16.672203,-1,-1454,-1896
1754830470958,0x064,6,01 FF FF A5 28 98,1,-0.000381,-46.170005,-16.672203,-1,-1454,-1896
1754830470973,0x064,6,01 FF FF A5 28 98,1,-0.000381,-46.170005,-16.672203,-1,-1454,-1896
1754830470978,0x064,6,01 FF FF A5 28 98,1,-0.000381,-46.170005,-16.672203,-1,-1454,-1896
1754830470983,0x064,6,01 FF FF A5 28 98,1,-0.000381,-46.170005,-16.672203,-1,-1454,-1896
1754830470991,0x064,6,01 FF FF A5 28 98,1,-0.000381,-46.170005,-16.672203,-1,-1454,-1896
1754830470999,0x064,6,01 FF FF A5 28 98,1,-0.000381,-46.170005,-16.672203,-1,-1454,-1896
1754830471000,0x064,6,01 FF FF A5 28 98,1,-0.000381,-46.170005,-16.672203,-1,-1454,-1896
1754830471011,0x064,6,01 FF FF A5 28 98,1,-0.000381,-46.170005,-16.672203,-1,-1454,-1896
1754830471015,0x064,6,01 FF FF A5 28 98,1,-0.000381,-46.170005,-16.672203,-1,-1454,-1896
1754830471017,0x064,6,01 FF FF A4 98 0B,1,-0.000381,-46.455789,-17.912066,-1,-1463,-2037
1754830471023,0x064,6,01 FF FF A4 98 0B,1,-0.000381,-46.455789,-17.912066,-1,-1463,-2037
1754830471027,0x064,6,01 FF FF A4 98 0B,1,-0.000381,-46.455789,-17.912066,-1,-1463,-2037
1754830471033,0x064,6,01 FF FF A4 98 0B,1,-0.000381,-46.455789,-17.912066,-1,-1463,-2037
1754830471038,0x064,6,01 FF FF A4 98 0B,1,-0.000381,-46.455789,-17.912066,-1,-1463,-2037
1754830471044,0x064,6,01 FF FF A4 98 0B,1,-0.000381,-46.455789,-17.912066,-1,-1463,-2037
1754830471054,0x064,6,01 FF FF A4 98 0B,1,-0.000381,-46.455789,-17.912066,-1,-1463,-2037
1754830471067,0x064,6,01 FF FF A4 98 0B,1,-0.000381,-46.455789,-17.912066,-1,-1463,-2037
1754830471080,0x064,6,01 FF FF A4 98 0B,1,-0.000381,-46.455789,-17.912066,-1,-1463,-2037
1754830471084,0x064,6,01 FF FF A4 98 0B,1,-0.000381,-46.455789,-17.912066,-1,-1463,-2037
1754830471087,0x064,6,01 FF FF A4 98 0B,1,-0.000381,-46.455789,-17.912066,-1,-1463,-2037
1754830471090,0x064,6,01 FF FF A4 98 0B,1,-0.000381,-46.455789,-17.912066,-1,-1463,-2037
1754830471095,0x064,6,01 FF FF A4 98 0B,1,-0.000381,-46.455789,-17.912066,-1,-1463,-2037
1754830471101,0x064,6,01 FF FF A4 98 0B,1,-0.000381,-46.455789,-17.912066,-1,-1463,-2037
1754830471106,0x064,6,01 FF FF A4 98 0B,1,-0.000381,-46.455789,-17.912066,-1,-1463,-2037
1754830471112,0x064,6,01 FF FF A4 98 0B,1,-0.000381,-46.455789,-17.912066,-1,-1463,-2037
1754830471117,0x064,6,01 FF FF A4 D8 0D,1,-0.000381,-46.328774,-17.894480,-1,-1459,-2035
1754830471123,0x064,6,01 FF FF A4 D8 0D,1,-0.000381,-46.328774,-17.894480,-1,-1459,-2035
1754830471129,0x064,6,01 FF FF A4 D8 0D,1,-0.000381,-46.328774,-17.894480,-1,-1459,-2035
1754830471135,0x064,6,01 FF FF A4 D8 0D,1,-0.000381,-46.328774,-17.894480,-1,-1459,-2035
1754830471140,0x064,6,01 FF FF A4 D8 0D,1,-0.000381,-46.328774,-17.894480,-1,-1459,-2035
1754830471147,0x064,6,01 FF FF A4 D8 0D,1,-0.000381,-46.328774,-17.894480,-1,-1459,-2035
1754830471159,0x064,6,01 FF FF A4 D8 0D,1,-0.000381,-46.328774,-17.894480,-1,-1459,-2035
1754830471161,0x064,6,01 FF FF A4 D8 0D,1,-0.000381,-46.328774,-17.894480,-1,-1459,-2035
1754830471162,0x064,6,01 FF FF A4 D8 0D,1,-0.000381,-46.328774,-17.894480,-1,-1459,-2035
1754830471180,0x064,6,01 FF FF A4 D8 0D,1,-0.000381,-46.328774,-17.894480,-1,-1459,-2035
1754830471182,0x064,6,01 FF FF A4 D8 0D,1,-0.000381,-46.328774,-17.894480,-1,-1459,-2035
1754830471184,0x064,6,01 FF FF A4 D8 0D,1,-0.000381,-46.328774,-17.894480,-1,-1459,-2035
1754830471190,0x064,6,01 FF FF A4 D8 0D,1,-0.000381,-46.328774,-17.894480,-1,-1459,-2035
1754830471195,0x064,6,01 FF FF A4 D8 0D,1,-0.000381,-46.328774,-17.894480,-1,-1459,-2035
1754830471200,0x064,6,01 FF FF A4 D8 0D,1,-0.000381,-46.328774,-17.894480,-1,-1459,-2035
1754830471205,0x064,6,01 FF FF A4 D8 0D,1,-0.000381,-46.328774,-17.894480,-1,-1459,-2035
1754830471211,0x064,6,01 FF FF A4 D8 0D,1,-0.000381,-46.328774,-17.894480,-1,-1459,-2035
1754830471217,0x064,6,01 FF FF A4 68 52,1,-0.000381,-46.551050,-17.287738,-1,-1466,-1966
1754830471223,0x064,6,01 FF FF A4 68 52,1,-0.000381,-46.551050,-17.287738,-1,-1466,-1966
1754830471235,0x064,6,01 FF FF A4 68 52,1,-0.000381,-46.551050,-17.287738,-1,-1466,-1966
1754830471235,0x064,6,01 FF FF A4 68 52,1,-0.000381,-46.551050,-17.287738,-1,-1466,-1966
1754830471241,0x064,6,01 FF FF A4 68 52,1,-0.000381,-46.551050,-17.287738,-1,-1466,-1966
1754830471248,0x064,6,01 FF FF A4 68 52,1,-0.000381,-46.551050,-17.287738,-1,-1466,-1966
1754830471251,0x064,6,01 FF FF A4 68 52,1,-0.000381,-46.551050,-17.287738,-1,-1466,-1966
1754830471257,0x064,6,01 FF FF A4 68 52,1,-0.000381,-46.551050,-17.287738,-1,-1466,-1966
1754830471265,0x064,6,01 FF FF A4 68 52,1,-0.000381,-46.551050,-17.287738,-1,-1466,-1966
1754830471270,0x064,6,01 FF FF A4 68 52,1,-0.000381,-46.551050,-17.287738,-1,-1466,-1966
1754830471290,0x064,6,01 FF FF A4 68 52,1,-0.000381,-46.551050,-17.287738,-1,-1466,-1966
1754830471293,0x064,6,01 FF FF A4 68 52,1,-0.000381,-46.551050,-17.287738,-1,-1466,-1966
1754830471302,0x064,6,01 FF FF A4 68 52,1,-0.000381,-46.551050,-17.287738,-1,-1466,-1966
1754830471311,0x064,6,01 FF FF A4 68 52,1,-0.000381,-46.551050,-17.287738,-1,-1466,-1966
1754830471316,0x064,6,01 FF FF A4 68 52,1,-0.000381,-46.551050,-17.287738,-1,-1466,-1966
1754830471321,0x064,6,01 FF FF A4 57 F2,1,-0.000381,-46.582804,17.885686,-1,-1467,2034
1754830471333,0x064,6,01 FF FF A4 57 F2,1,-0.000381,-46.582804,17.885686,-1,-1467,2034
1754830493351,0x064,6,01 FF FF 80 07 DE,1,-0.000381,-65.031754,17.709819,-1,-2048,2014
1754830493353,0x064,6,01 FF FF 80 07 CE,1,-0.000381,-65.031754,17.569126,-1,-2048,1998
1754830493354,0x064,6,01 FF FF 80 07 CE,1,-0.000381,-65.031754,17.569126,-1,-2048,1998
1754830493354,0x064,6,01 7F FF 80 08 25,1,12.500000,-65.031754,-17.683439,32767,-2048,-2011
1754830493357,0x064,6,01 7F FF 80 08 25,1,12.500000,-65.031754,-17.683439,32767,-2048,-2011
1754830493362,0x064,6,01 7F FF 80 08 25,1,12.500000,-65.031754,-17.683439,32767,-2048,-2011
1754830493367,0x064,6,01 7F FF 80 08 25,1,12.500000,-65.031754,-17.683439,32767,-2048,-2011
1754830493373,0x064,6,01 7F FF 80 08 25,1,12.500000,-65.031754,-17.683439,32767,-2048,-2011
1754830493379,0x064,6,01 7F FF 80 08 25,1,12.500000,-65.031754,-17.683439,32767,-2048,-2011
1754830493384,0x064,6,01 7F FF 80 08 25,1,12.500000,-65.031754,-17.683439,32767,-2048,-2011
1754830493390,0x064,6,01 7F FF 80 08 25,1,12.500000,-65.031754,-17.683439,32767,-2048,-2011
1754830493406,0x064,6,01 7F FF 80 08 25,1,12.500000,-65.031754,-17.683439,32767,-2048,-2011
1754830493406,0x064,6,01 7F FF 80 08 25,1,12.500000,-65.031754,-17.683439,32767,-2048,-2011
1754830493412,0x064,6,01 7F FF 80 08 25,1,12.500000,-65.031754,-17.683439,32767,-2048,-2011
1754830493418,0x064,6,01 7F FF 80 08 25,1,12.500000,-65.031754,-17.683439,32767,-2048,-2011
1754830493423,0x064,6,01 7F FF 80 08 25,1,12.500000,-65.031754,-17.683439,32767,-2048,-2011
1754830493429,0x064,6,01 7F FF 80 08 25,1,12.500000,-65.031754,-17.683439,32767,-2048,-2011
1754830493439,0x064,6,01 7F FF 80 08 25,1,12.500000,-65.031754,-17.683439,32767,-2048,-2011
1754830493444,0x064,6,01 7F FF 80 08 34,1,12.500000,-65.031754,-17.551539,32767,-2048,-1996
1754830493445,0x064,6,01 7F FF 80 08 34,1,12.500000,-65.031754,-17.551539,32767,-2048,-1996
1754830493456,0x064,6,01 7F FF 80 08 34,1,12.500000,-65.031754,-17.551539,32767,-2048,-1996
1754830493460,0x064,6,01 7F FF 80 08 34,1,12.500000,-65.031754,-17.551539,32767,-2048,-1996
1754830493463,0x064,6,01 7F FF 80 08 34,1,12.500000,-65.031754,-17.551539,32767,-2048,-1996
1754830493470,0x064,6,01 7F FF 80 08 34,1,12.500000,-65.031754,-17.551539,32767,-2048,-1996
1754830493476,0x064,6,01 7F FF 80 08 34,1,12.500000,-65.031754,-17.551539,32767,-2048,-1996
1754830493481,0x064,6,01 7F FF 80 08 34,1,12.500000,-65.031754,-17.551539,32767,-2048,-1996
1754830493487,0x064,6,01 7F FF 80 08 34,1,12.500000,-65.031754,-17.551539,32767,-2048,-1996
1754830493496,0x064,6,01 7F FF 80 08 34,1,12.500000,-65.031754,-17.551539,32767,-2048,-1996
1754830493501,0x064,6,01 7F FF 80 08 34,1,12.500000,-65.031754,-17.551539,32767,-2048,-1996
1754830493508,0x064,6,01 7F FF 80 08 34,1,12.500000,-65.031754,-17.551539,32767,-2048,-1996
1754830493510,0x064,6,01 7F FF 80 08 34,1,12.500000,-65.031754,-17.551539,32767,-2048,-1996
1754830493516,0x064,6,01 7F FF 80 08 34,1,12.500000,-65.031754,-17.551539,32767,-2048,-1996
1754830493521,0x064,6,01 7F FF 80 08 34,1,12.500000,-65.031754,-17.551539,32767,-2048,-1996
1754830493527,0x064,6,01 7F FF 80 08 34,1,12.500000,-65.031754,-17.551539,32767,-2048,-1996
1754830493534,0x064,6,01 7F FF 80 08 34,1,12.500000,-65.031754,-17.551539,32767,-2048,-1996
1754830493541,0x064,6,01 7F FF 80 08 49,1,12.500000,-65.031754,-17.366878,32767,-2048,-1975
1754830493547,0x064,6,01 7F FF 80 08 49,1,12.500000,-65.031754,-17.366878,32767,-2048,-1975
1754830493549,0x064,6,01 7F FF 80 08 49,1,12.500000,-65.031754,-17.366878,32767,-2048,-1975
1754830493559,0x064,6,01 7F FF 80 08 49,1,12.500000,-65.031754,-17.366878,32767,-2048,-1975
1754830493562,0x064,6,01 7F FF 80 08 49,1,12.500000,-65.031754,-17.366878,32767,-2048,-1975
1754830493568,0x064,6,01 7F FF 80 08 49,1,12.500000,-65.031754,-17.366878,32767,-2048,-1975
1754830493573,0x064,6,01 7F FF 80 08 49,1,12.500000,-65.031754,-17.366878,32767,-2048,-1975
1754830493578,0x064,6,01 7F FF 80 08 49,1,12.500000,-65.031754,-17.366878,32767,-2048,-1975
1754830493583,0x064,6,01 7F FF 80 08 49,1,12.500000,-65.031754,-17.366878,32767,-2048,-1975
1754830493589,0x064,6,01 7F FF 80 08 49,1,12.500000,-65.031754,-17.366878,32767,-2048,-1975
1754830493598,0x064,6,01 7F FF 80 08 49,1,12.500000,-65.031754,-17.366878,32767,-2048,-1975
1754830493604,0x064,6,01 7F FF 80 08 49,1,12.500000,-65.031754,-17.366878,32767,-2048,-1975
1754830493610,0x064,6,01 7F FF 80 08 49,1,12.500000,-65.031754,-17.366878,32767,-2048,-1975
1754830493623,0x064,6,01 7F FF 80 08 49,1,12.500000,-65.031754,-17.366878,32767,-2048,-1975
1754830493623,0x064,6,01 7F FF 80 08 49,1,12.500000,-65.031754,-17.366878,32767,-2048,-1975
1754830493629,0x064,6,01 7F FF 80 08 49,1,12.500000,-65.031754,-17.366878,32767,-2048,-1975
1754830493635,0x064,6,01 7F FF 80 08 49,1,12.500000,-65.031754,-17.366878,32767,-2048,-1975
1754830493643,0x064,6,01 7F FF 80 08 0D,1,12.500000,-65.031754,-17.894480,32767,-2048,-2035
1754830493646,0x064,6,01 7F FF 80 08 0D,1,12.500000,-65.031754,-17.894480,32767,-2048,-2035
1754830493651,0x064,6,01 7F FF 80 08 0D,1,12.500000,-65.031754,-17.894480,32767,-2048,-2035
1754830493663,0x064,6,01 7F FF 80 08 0D,1,12.500000,-65.031754,-17.894480,32767,-2048,-2035
1754830493676,0x064,6,01 7F FF 80 08 0D,1,12.500000,-65.031754,-17.894480,32767,-2048,-2035
1754830493677,0x064,6,01 7F FF 80 08 0D,1,12.500000,-65.031754,-17.894480,32767,-2048,-2035
1754830493685,0x064,6,01 7F FF 80 08 0D,1,12.500000,-65.031754,-17.894480,32767,-2048,-2035
1754830493689,0x064,6,01 7F FF 80 08 0D,1,12.500000,-65.031754,-17.894480,32767,-2048,-2035
1754830493705,0x064,6,01 7F FF 80 08 0D,1,12.500000,-65.031754,-17.894480,32767,-2048,-2035
1754830493706,0x064,6,01 7F FF 80 08 0D,1,12.500000,-65.031754,-17.894480,32767,-2048,-2035
1754830493707,0x064,6,01 7F FF 80 08 0D,1,12.500000,-65.031754,-17.894480,32767,-2048,-2035
1754830493711,0x064,6,01 7F FF 80 08 0D,1,12.500000,-65.031754,-17.894480,32767,-2048,-2035
1754830493717,0x064,6,01 7F FF 80 08 0D,1,12.500000,-65.031754,-17.894480,32767,-2048,-2035
1754830493723,0x064,6,01 7F FF 80 08 0D,1,12.500000,-65.031754,-17.894480,32767,-2048,-2035
1754830493728,0x064,6,01 7F FF 80 08 0D,1,12.500000,-65.031754,-17.894480,32767,-2048,-2035
1754830493739,0x064,6,01 7F FF 80 08 0D,1,12.500000,-65.031754,-17.894480,32767,-2048,-2035
1754830493745,0x064,6,01 7F FF 80 07 BE,1,12.500000,-65.031754,17.428432,32767,-2048,1982
1754830493746,0x064,6,01 7F FF 80 07 BE,1,12.500000,-65.031754,17.428432,32767,-2048,1982
1754830493757,0x064,6,01 7F FF 80 07 BE,1,12.500000,-65.031754,17.428432,32767,-2048,1982
1754830493760,0x064,6,01 7F FF 80 07 BE,1,12.500000,-65.031754,17.428432,32767,-2048,1982
1754830493770,0x064,6,01 7F FF 80 07 BE,1,12.500000,-65.031754,17.428432,32767,-2048,1982
1754830493775,0x064,6,01 7F FF 80 07 BE,1,12.500000,-65.031754,17.428432,32767,-2048,1982
1754830493780,0x064,6,01 7F FF 80 07 BE,1,12.500000,-65.031754,17.428432,32767,-2048,1982
1754830493782,0x064,6,01 7F FF 80 07 BE,1,12.500000,-65.031754,17.428432,32767,-2048,1982
1754830493787,0x064,6,01 7F FF 80 07 BE,1,12.500000,-65.031754,17.428432,32767,-2048,1982
1754830493794,0x064,6,01 7F FF 80 07 BE,1,12.500000,-65.031754,17.428432,32767,-2048,1982
1754830493799,0x064,6,01 7F FF 80 07 BE,1,12.500000,-65.031754,17.428432,32767,-2048,1982
1754830493804,0x064,6,01 7F FF 80 07 BE,1,12.500000,-65.031754,17.428432,32767,-2048,1982
1754830493811,0x064,6,01 7F FF 80 07 BE,1,12.500000,-65.031754,17.428432,32767,-2048,1982
1754830493815,0x064,6,01 7F FF 80 07 BE,1,12.500000,-65.031754,17.428432,32767,-2048,1982
1754830493820,0x064,6,01 7F FF 80 07 BE,1,12.500000,-65.031754,17.428432,32767,-2048,1982
1754830493825,0x064,6,01 7F FF 80 07 BE,1,12.500000,-65.031754,17.428432,32767,-2048,1982
1754830493831,0x064,6,01 7F FF 80 07 BE,1,12.500000,-65.031754,17.428432,32767,-2048,1982
1754830493840,0x064,6,01 7F FF 80 07 D5,1,12.500000,-65.031754,17.630679,32767,-2048,2005
1754830493844,0x064,6,01 7F FF 80 07 D5,1,12.500000,-65.031754,17.630679,32767,-2048,2005
1754830493866,0x064,6,01 7F FF 80 07 D5,1,12.500000,-65.031754,17.630679,32767,-2048,2005
1754830493866,0x064,6,01 7F FF 80 07 D5,1,12.500000,-65.031754,17.630679,32767,-2048,2005
1754830493867,0x064,6,01 7F FF 80 07 D5,1,12.500000,-65.031754,17.630679,32767,-2048,2005
1754830493872,0x064,6,01 7F FF 80 07 D5,1,12.500000,-65.031754,17.630679,32767,-2048,2005
1754830493880,0x064,6,01 7F FF 80 07 D5,1,12.500000,-65.031754,17.630679,32767,-2048,2005
1754830493885,0x064,6,01 7F FF 80 07 D5,1,12.500000,-65.031754,17.630679,32767,-2048,2005
1754830493891,0x064,6,01 7F FF 80 07 D5,1,12.500000,-65.031754,17.630679,32767,-2048,2005
1754830493896,0x064,6,01 7F FF 80 07 D5,1,12.500000,-65.031754,17.630679,32767,-2048,2005
1754830493901,0x064,6,01 7F FF 80 07 D5,1,12.500000,-65.031754,17.630679,32767,-2048,2005
1754830493906,0x064,6,01 7F FF 80 07 D5,1,12.500000,-65.031754,17.630679,32767,-2048,2005
1754830493912,0x064,6,01 7F FF 80 07 D5,1,12.500000,-65.031754,17.630679,32767,-2048,2005
1754830493924,0x064,6,01 7F FF 80 07 D5,1,12.500000,-65.031754,17.630679,32767,-2048,2005
1754830493925,0x064,6,01 7F FF 80 07 D5,1,12.500000,-65.031754,17.630679,32767,-2048,2005
1754830493931,0x064,6,01 7F FF 80 07 D5,1,12.500000,-65.031754,17.630679,32767,-2048,2005
1754830493944,0x064,6,01 7F FF 80 08 09,1,12.500000,-65.031754,-17.929653,32767,-2048,-2039
1754830493946,0x064,6,01 7F FF 80 08 09,1,12.500000,-65.031754,-17.929653,32767,-2048,-2039
1754830493950,0x064,6,01 7F FF 80 08 09,1,12.500000,-65.031754,-17.929653,32767,-2048,-2039
1754830493958,0x064,6,01 7F FF 80 08 09,1,12.500000,-65.031754,-17.929653,32767,-2048,-2039
1754830493962,0x064,6,01 7F FF 80 08 09,1,12.500000,-65.031754,-17.929653,32767,-2048,-2039
1754830493968,0x064,6,01 7F FF 80 08 09,1,12.500000,-65.031754,-17.929653,32767,-2048,-2039
1754830493976,0x064,6,01 7F FF 80 08 09,1,12.500000,-65.031754,-17.929653,32767,-2048,-2039
1754830493979,0x064,6,01 7F FF 80 08 09,1,12.500000,-65.031754,-17.929653,32767,-2048,-2039
1754830493985,0x064,6,01 7F FF 80 08 09,1,12.500000,-65.031754,-17.929653,32767,-2048,-2039
1754830493988,0x064,6,01 7F FF 80 08 09,1,12.500000,-65.031754,-17.929653,32767,-2048,-2039
1754830493994,0x064,6,01 7F FF 80 08 09,1,12.500000,-65.031754,-17.929653,32767,-2048,-2039
1754830493999,0x064,6,01 7F FF 80 08 09,1,12.500000,-65.031754,-17.929653,32767,-2048,-2039
1754830494005,0x064,6,01 7F FF 80 08 09,1,12.500000,-65.031754,-17.929653,32767,-2048,-2039
1754830494010,0x064,6,01 7F FF 80 08 09,1,12.500000,-65.031754,-17.929653,32767,-2048,-2039
1754830494018,0x064,6,01 7F FF 80 08 09,1,12.500000,-65.031754,-17.929653,32767,-2048,-2039
1754830494021,0x064,6,01 7F FF 80 08 09,1,12.500000,-65.031754,-17.929653,32767,-2048,-2039
1754830494026,0x064,6,01 7F FF 80 08 09,1,12.500000,-65.031754,-17.929653,32767,-2048,-2039
1754830494032,0x064,6,01 7F FF 80 08 09,1,12.500000,-65.031754,-17.929653,32767,-2048,-2039
1754830494043,0x064,6,01 80 02 80 08 34,1,-12.499619,-65.031754,-17.551539,-32766,-2048,-1996
1754830494050,0x064,6,01 80 02 80 08 34,1,-12.499619,-65.031754,-17.551539,-32766,-2048,-1996
1754830494055,0x064,6,01 80 02 80 08 34,1,-12.499619,-65.031754,-17.551539,-32766,-2048,-1996
1754830494060,0x064,6,01 80 02 80 08 34,1,-12.499619,-65.031754,-17.551539,-32766,-2048,-1996
1754830494063,0x064,6,01 80 02 80 08 34,1,-12.499619,-65.031754,-17.551539,-32766,-2048,-1996
1754830494069,0x064,6,01 80 02 80 08 34,1,-12.499619,-65.031754,-17.551539,-32766,-2048,-1996
1754830494074,0x064,6,01 80 02 80 08 34,1,-12.499619,-65.031754,-17.551539,-32766,-2048,-1996
1754830494086,0x064,6,01 80 02 80 08 34,1,-12.499619,-65.031754,-17.551539,-32766,-2048,-1996
1754830494092,0x064,6,01 80 02 80 08 34,1,-12.499619,-65.031754,-17.551539,-32766,-2048,-1996
1754830494097,0x064,6,01 80 02 80 08 34,1,-12.499619,-65.031754,-17.551539,-32766,-2048,-1996
1754830494101,0x064,6,01 80 02 80 08 34,1,-12.499619,-65.031754,-17.551539,-32766,-2048,-1996
1754830494118,0x064,6,01 80 02 80 08 34,1,-12.499619,-65.031754,-17.551539,-32766,-2048,-1996
1754830494133,0x064,6,01 80 02 80 08 34,1,-12.499619,-65.031754,-17.551539,-32766,-2048,-1996
1754830494134,0x064,6,01 80 02 80 08 34,1,-12.499619,-65.031754,-17.551539,-32766,-2048,-1996
1754830494135,0x064,6,01 80 02 80 08 34,1,-12.499619,-65.031754,-17.551539,-32766,-2048,-1996
1754830494142,0x064,6,01 80 0D 80 28 02,1,-12.495422,-64.968246,-17.991207,-32755,-2046,-2046
1754830494145,0x064,6,01 80 0D 80 28 02,1,-12.495422,-64.968246,-17.991207,-32755,-2046,-2046
1754830494165,0x064,6,01 80 0D 80 28 02,1,-12.495422,-64.968246,-17.991207,-32755,-2046,-2046
1754830494165,0x064,6,01 80 0D 80 28 02,1,-12.495422,-64.968246,-17.991207,-32755,-2046,-2046
1754830494166,0x064,6,01 80 0D 80 28 02,1,-12.495422,-64.968246,-17.991207,-32755,-2046,-2046
1754830494175,0x064,6,01 80 0D 80 28 02,1,-12.495422,-64.968246,-17.991207,-32755,-2046,-2046
1754830494178,0x064,6,01 80 0D 80 28 02,1,-12.495422,-64.968246,-17.991207,-32755,-2046,-2046
1754830494183,0x064,6,01 80 0D 80 28 02,1,-12.495422,-64.968246,-17.991207,-32755,-2046,-2046
1754830494189,0x064,6,01 80 0D 80 28 02,1,-12.495422,-64.968246,-17.991207,-32755,-2046,-2046
1754830494203,0x064,6,01 80 0D 80 28 02,1,-12.495422,-64.968246,-17.991207,-32755,-2046,-2046
1754830494205,0x064,6,01 80 0D 80 28 02,1,-12.495422,-64.968246,-17.991207,-32755,-2046,-2046
1754830494211,0x064,6,01 80 0D 80 28 02,1,-12.495422,-64.968246,-17.991207,-32755,-2046,-2046
1754830494228,0x064,6,01 80 0D 80 28 02,1,-12.495422,-64.968246,-17.991207,-32755,-2046,-2046
1754830494240,0x064,6,01 80 0D 80 28 02,1,-12.495422,-64.968246,-17.991207,-32755,-2046,-2046
1754830494245,0x064,6,01 80 0D 80 28 02,1,-12.495422,-64.968246,-17.991207,-32755,-2046,-2046
1754830494262,0x064,6,01 80 0D 80 28 02,1,-12.495422,-64.968246,-17.991207,-32755,-2046,-2046
1754830494267,0x064,6,01 80 1F 80 37 CB,1,-12.488556,-64.936492,17.542745,-32737,-2045,1995
1754830494270,0x064,6,01 80 1F 80 37 CB,1,-12.488556,-64.936492,17.542745,-32737,-2045,1995
1754830494274,0x064,6,01 80 1F 80 37 CB,1,-12.488556,-64.936492,17.542745,-32737,-2045,1995
1754830494294,0x064,6,01 80 1F 80 37 CB,1,-12.488556,-64.936492,17.542745,-32737,-2045,1995
1754830494295,0x064,6,01 80 1F 80 37 CB,1,-12.488556,-64.936492,17.542745,-32737,-2045,1995
1754830494298,0x064,6,01 80 1F 80 37 CB,1,-12.488556,-64.936492,17.542745,-32737,-2045,1995
1754830494300,0x064,6,01 80 1F 80 37 CB,1,-12.488556,-64.936492,17.542745,-32737,-2045,1995
1754830494302,0x064,6,01 80 1F 80 37 CB,1,-12.488556,-64.936492,17.542745,-32737,-2045,1995
1754830494310,0x064,6,01 80 1F 80 37 CB,1,-12.488556,-64.936492,17.542745,-32737,-2045,1995
1754830494316,0x064,6,01 80 1F 80 37 CB,1,-12.488556,-64.936492,17.542745,-32737,-2045,1995
1754830494323,0x064,6,01 80 1F 80 37 CB,1,-12.488556,-64.936492,17.542745,-32737,-2045,1995
1754830494323,0x064,6,01 80 1F 80 37 CB,1,-12.488556,-64.936492,17.542745,-32737,-2045,1995
1754830494328,0x064,6,01 80 1F 80 37 CB,1,-12.488556,-64.936492,17.542745,-32737,-2045,1995
1754830494334,0x064,6,01 80 1F 80 37 CB,1,-12.488556,-64.936492,17.542745,-32737,-2045,1995
1754830494340,0x064,6,01 80 39 80 97 C9,1,-12.478637,-64.745970,17.525159,-32711,-2039,1993
1754830494349,0x064,6,01 80 39 80 97 C9,1,-12.478637,-64.745970,17.525159,-32711,-2039,1993
1754830494350,0x064,6,01 80 39 80 97 C9,1,-12.478637,-64.745970,17.525159,-32711,-2039,1993
1754830494356,0x064,6,01 80 39 80 97 C9,1,-12.478637,-64.745970,17.525159,-32711,-2039,1993
1754830494361,0x064,6,01 80 39 80 97 C9,1,-12.478637,-64.745970,17.525159,-32711,-2039,1993
1754830494367,0x064,6,01 80 39 80 97 C9,1,-12.478637,-64.745970,17.525159,-32711,-2039,1993
1754830494372,0x064,6,01 80 39 80 97 C9,1,-12.478637,-64.745970,17.525159,-32711,-2039,1993
1754830494385,0x064,6,01 80 39 80 97 C9,1,-12.478637,-64.745970,17.525159,-32711,-2039,1993
1754830494392,0x064,6,01 80 39 80 97 C9,1,-12.478637,-64.745970,17.525159,-32711,-2039,1993
1754830494394,0x064,6,01 80 39 80 97 C9,1,-12.478637,-64.745970,17.525159,-32711,-2039,1993
1754830494401,0x064,6,01 80 39 80 97 C9,1,-12.478637,-64.745970,17.525159,-32711,-2039,1993
1754830494414,0x064,6,01 80 39 80 97 C9,1,-12.478637,-64.745970,17.525159,-32711,-2039,1993
1754830494423,0x064,6,01 80 39 80 97 C9,1,-12.478637,-64.745970,17.525159,-32711,-2039,1993
1754830494426,0x064,6,01 80 39 80 97 C9,1,-12.478637,-64.745970,17.525159,-32711,-2039,1993
1754830494432,0x064,6,01 80 39 80 97 C9,1,-12.478637,-64.745970,17.525159,-32711,-2039,1993
1754830494436,0x064,6,01 80 39 80 97 C9,1,-12.478637,-64.745970,17.525159,-32711,-2039,1993
1754830494444,0x064,6,01 80 67 80 B7 A0,1,-12.461089,-64.682462,17.164631,-32665,-2037,1952
1754830494446,0x064,6,01 80 67 80 B7 A0,1,-12.461089,-64.682462,17.164631,-32665,-2037,1952
1754830494456,0x064,6,01 80 67 80 B7 A0,1,-12.461089,-64.682462,17.164631,-32665,-2037,1952
1754830494464,0x064,6,01 80 67 80 B7 A0,1,-12.461089,-64.682462,17.164631,-32665,-2037,1952
1754830494469,0x064,6,01 80 67 80 B7 A0,1,-12.461089,-64.682462,17.164631,-32665,-2037,1952
1754830494472,0x064,6,01 80 67 80 B7 A0,1,-12.461089,-64.682462,17.164631,-32665,-2037,1952
1754830494475,0x064,6,01 80 67 80 B7 A0,1,-12.461089,-64.682462,17.164631,-32665,-2037,1952
1754830494483,0x064,6,01 80 67 80 B7 A0,1,-12.461089,-64.682462,17.164631,-32665,-2037,1952
1754830494489,0x064,6,01 80 67 80 B7 A0,1,-12.461089,-64.682462,17.164631,-32665,-2037,1952
1754830494494,0x064,6,01 80 67 80 B7 A0,1,-12.461089,-64.682462,17.164631,-32665,-2037,1952
1754830494500,0x064,6,01 80 67 80 B7 A0,1,-12.461089,-64.682462,17.164631,-32665,-2037,1952
1754830494509,0x064,6,01 80 67 80 B7 A0,1,-12.461089,-64.682462,17.164631,-32665,-2037,1952
1754830494510,0x064,6,01 80 67 80 B7 A0,1,-12.461089,-64.682462,17.164631,-32665,-2037,1952
1754830494516,0x064,6,01 80 67 80 B7 A0,1,-12.461089,-64.682462,17.164631,-32665,-2037,1952
1754830494524,0x064,6,01 80 67 80 B7 A0,1,-12.461089,-64.682462,17.164631,-32665,-2037,1952
1754830494533,0x064,6,01 80 67 80 B7 A0,1,-12.461089,-64.682462,17.164631,-32665,-2037,1952
1754830494534,0x064,6,01 80 67 80 B7 A0,1,-12.461089,-64.682462,17.164631,-32665,-2037,1952
1754830494543,0x064,6,01 80 9D 80 E7 F0,1,-12.440489,-64.587201,17.868100,-32611,-2034,2032
1754830494547,0x064,6,01 80 9D 80 E7 F0,1,-12.440489,-64.587201,17.868100,-32611,-2034,2032
1754830494559,0x064,6,01 80 9D 80 E7 F0,1,-12.440489,-64.587201,17.868100,-32611,-2034,2032
1754830494566,0x064,6,01 80 9D 80 E7 F0,1,-12.440489,-64.587201,17.868100,-32611,-2034,2032
1754830494568,0x064,6,01 80 9D 80 E7 F0,1,-12.440489,-64.587201,17.868100,-32611,-2034,2032
1754830494573,0x064,6,01 80 9D 80 E7 F0,1,-12.440489,-64.587201,17.868100,-32611,-2034,2032
1754830494588,0x064,6,01 80 9D 80 E7 F0,1,-12.440489,-64.587201,17.868100,-32611,-2034,2032
1754830494589,0x064,6,01 80 9D 80 E7 F0,1,-12.440489,-64.587201,17.868100,-32611,-2034,2032
1754830494595,0x064,6,01 80 9D 80 E7 F0,1,-12.440489,-64.587201,17.868100,-32611,-2034,2032
1754830494600,0x064,6,01 80 9D 80 E7 F0,1,-12.440489,-64.587201,17.868100,-32611,-2034,2032
1754830494605,0x064,6,01 80 9D 80 E7 F0,1,-12.440489,-64.587201,17.868100,-32611,-2034,2032
1754830494611,0x064,6,01 80 9D 80 E7 F0,1,-12.440489,-64.587201,17.868100,-32611,-2034,2032
1754830494617,0x064,6,01 80 9D 80 E7 F0,1,-12.440489,-64.587201,17.868100,-32611,-2034,2032
1754830494623,0x064,6,01 80 9D 80 E7 F0,1,-12.440489,-64.587201,17.868100,-32611,-2034,2032
1754830494629,0x064,6,01 80 9D 80 E7 F0,1,-12.440489,-64.587201,17.868100,-32611,-2034,2032
1754830494634,0x064,6,01 80 9D 80 E7 F0,1,-12.440489,-64.587201,17.868100,-32611,-2034,2032
1754830494641,0x064,6,01 80 F2 81 A8 28,1,-12.408063,-64.206155,-17.657059,-32526,-2022,-2008
1754830494646,0x064,6,01 80 F2 81 A8 28,1,-12.408063,-64.206155,-17.657059,-32526,-2022,-2008
1754830494650,0x064,6,01 80 F2 81 A8 28,1,-12.408063,-64.206155,-17.657059,-32526,-2022,-2008
1754830494656,0x064,6,01 80 F2 81 A8 28,1,-12.408063,-64.206155,-17.657059,-32526,-2022,-2008
1754830494661,0x064,6,01 80 F2 81 A8 28,1,-12.408063,-64.206155,-17.657059,-32526,-2022,-2008
1754830494667,0x064,6,01 80 F2 81 A8 28,1,-12.408063,-64.206155,-17.657059,-32526,-2022,-2008
1754830494676,0x064,6,01 80 F2 81 A8 28,1,-12.408063,-64.206155,-17.657059,-32526,-2022,-2008
1754830494685,0x064,6,01 80 F2 81 A8 28,1,-12.408063,-64.206155,-17.657059,-32526,-2022,-2008
1754830494687,0x064,6,01 80 F2 81 A8 28,1,-12.408063,-64.206155,-17.657059,-32526,-2022,-2008
1754830494696,0x064,6,01 80 F2 81 A8 28,1,-12.408063,-64.206155,-17.657059,-32526,-2022,-2008
1754830494700,0x064,6,01 80 F2 81 A8 28,1,-12.408063,-64.206155,-17.657059,-32526,-2022,-2008
1754830494709,0x064,6,01 80 F2 81 A8 28,1,-12.408063,-64.206155,-17.657059,-32526,-2022,-2008
1754830494717,0x064,6,01 80 F2 81 A8 28,1,-12.408063,-64.206155,-17.657059,-32526,-2022,-2008
1754830494725,0x064,6,01 80 F2 81 A8 28,1,-12.408063,-64.206155,-17.657059,-32526,-2022,-2008
1754830494731,0x064,6,01 80 F2 81 A8 28,1,-12.408063,-64.206155,-17.657059,-32526,-2022,-2008
1754830494736,0x064,6,01 80 F2 81 A8 28,1,-12.408063,-64.206155,-17.657059,-32526,-2022,-2008
1754830494740,0x064,6,01 81 6D 82 48 20,1,-12.361141,-63.888617,-17.727406,-32403,-2012,-2016
1754830494745,0x064,6,01 81 6D 82 48 20,1,-12.361141,-63.888617,-17.727406,-32403,-2012,-2016
1754830494751,0x064,6,01 81 6D 82 48 20,1,-12.361141,-63.888617,-17.727406,-32403,-2012,-2016
1754830494756,0x064,6,01 81 6D 82 48 20,1,-12.361141,-63.888617,-17.727406,-32403,-2012,-2016
1754830494779,0x064,6,01 81 6D 82 48 20,1,-12.361141,-63.888617,-17.727406,-32403,-2012,-2016
1754830494788,0x064,6,01 81 6D 82 48 20,1,-12.361141,-63.888617,-17.727406,-32403,-2012,-2016
1754830494805,0x064,6,01 81 6D 82 48 20,1,-12.361141,-63.888617,-17.727406,-32403,-2012,-2016
1754830494810,0x064,6,01 81 6D 82 48 20,1,-12.361141,-63.888617,-17.727406,-32403,-2012,-2016
1754830494810,0x064,6,01 81 6D 82 48 20,1,-12.361141,-63.888617,-17.727406,-32403,-2012,-2016
1754830494812,0x064,6,01 81 6D 82 48 20,1,-12.361141,-63.888617,-17.727406,-32403,-2012,-2016
1754830494817,0x064,6,01 81 6D 82 48 20,1,-12.361141,-63.888617,-17.727406,-32403,-2012,-2016
1754830494827,0x064,6,01 81 6D 82 48 20,1,-12.361141,-63.888617,-17.727406,-32403,-2012,-2016
1754830494830,0x064,6,01 81 6D 82 48 20,1,-12.361141,-63.888617,-17.727406,-32403,-2012,-2016
1754830494841,0x064,6,01 81 6D 82 48 20,1,-12.361141,-63.888617,-17.727406,-32403,-2012,-2016
1754830494841,0x064,6,01 82 07 82 68 67,1,-12.302393,-63.825110,-17.103078,-32249,-2010,-1945
1754830494846,0x064,6,01 82 07 82 68 67,1,-12.302393,-63.825110,-17.103078,-32249,-2010,-1945
1754830494853,0x064,6,01 82 07 82 68 67,1,-12.302393,-63.825110,-17.103078,-32249,-2010,-1945
1754830494857,0x064,6,01 82 07 82 68 67,1,-12.302393,-63.825110,-17.103078,-32249,-2010,-1945
1754830494862,0x064,6,01 82 07 82 68 67,1,-12.302393,-63.825110,-17.103078,-32249,-2010,-1945
1754830494868,0x064,6,01 82 07 82 68 67,1,-12.302393,-63.825110,-17.103078,-32249,-2010,-1945
1754830494873,0x064,6,01 82 07 82 68 67,1,-12.302393,-63.825110,-17.103078,-32249,-2010,-1945
1754830494878,0x064,6,01 82 07 82 68 67,1,-12.302393,-63.825110,-17.103078,-32249,-2010,-1945
1754830494884,0x064,6,01 82 07 82 68 67,1,-12.302393,-63.825110,-17.103078,-32249,-2010,-1945
1754830494889,0x064,6,01 82 07 82 68 67,1,-12.302393,-63.825110,-17.103078,-32249,-2010,-1945
1754830494900,0x064,6,01 82 07 82 68 67,1,-12.302393,-63.825110,-17.103078,-32249,-2010,-1945
1754830494903,0x064,6,01 82 07 82 68 67,1,-12.302393,-63.825110,-17.103078,-32249,-2010,-1945
1754830494915,0x064,6,01 82 07 82 68 67,1,-12.302393,-63.825110,-17.103078,-32249,-2010,-1945
1754830494920,0x064,6,01 82 07 82 68 67,1,-12.302393,-63.825110,-17.103078,-32249,-2010,-1945
1754830494929,0x064,6,01 82 07 82 68 67,1,-12.302393,-63.825110,-17.103078,-32249,-2010,-1945
1754830494930,0x064,6,01 82 07 82 68 67,1,-12.302393,-63.825110,-17.103078,-32249,-2010,-1945
1754830494936,0x064,6,01 82 07 82 68 67,1,-12.302393,-63.825110,-17.103078,-32249,-2010,-1945
1754830494944,0x064,6,01 82 BA 82 D7 E7,1,-12.234107,-63.602833,17.788959,-32070,-2003,2023
1754830494948,0x064,6,01 82 BA 82 D7 E7,1,-12.234107,-63.602833,17.788959,-32070,-2003,2023
1754830494952,0x064,6,01 82 BA 82 D7 E7,1,-12.234107,-63.602833,17.788959,-32070,-2003,2023
1754830494957,0x064,6,01 82 BA 82 D7 E7,1,-12.234107,-63.602833,17.788959,-32070,-2003,2023
1754830494962,0x064,6,01 82 BA 82 D7 E7,1,-12.234107,-63.602833,17.788959,-32070,-2003,2023
1754830494968,0x064,6,01 82 BA 82 D7 E7,1,-12.234107,-63.602833,17.788959,-32070,-2003,2023
1754830494973,0x064,6,01 82 BA 82 D7 E7,1,-12.234107,-63.602833,17.788959,-32070,-2003,2023
1754830494980,0x064,6,01 82 BA 82 D7 E7,1,-12.234107,-63.602833,17.788959,-32070,-2003,2023
1754830494992,0x064,6,01 82 BA 82 D7 E7,1,-12.234107,-63.602833,17.788959,-32070,-2003,2023
1754830495000,0x064,6,01 82 BA 82 D7 E7,1,-12.234107,-63.602833,17.788959,-32070,-2003,2023
1754830495017,0x064,6,01 82 BA 82 D7 E7,1,-12.234107,-63.602833,17.788959,-32070,-2003,2023
1754830495017,0x064,6,01 82 BA 82 D7 E7,1,-12.234107,-63.602833,17.788959,-32070,-2003,2023
1754830495017,0x064,6,01 82 BA 82 D7 E7,1,-12.234107,-63.602833,17.788959,-32070,-2003,2023
1754830495023,0x064,6,01 82 BA 82 D7 E7,1,-12.234107,-63.602833,17.788959,-32070,-2003,2023
1754830495032,0x064,6,01 82 BA 82 D7 E7,1,-12.234107,-63.602833,17.788959,-32070,-2003,2023
1754830495034,0x064,6,01 82 BA 82 D7 E7,1,-12.234107,-63.602833,17.788959,-32070,-2003,2023
1754830495050,0x064,6,01 83 84 83 38 13,1,-12.157048,-63.412311,-17.841720,-31868,-1997,-2029
1754830495050,0x064,6,01 83 84 83 38 13,1,-12.157048,-63.412311,-17.841720,-31868,-1997,-2029
1754830495052,0x064,6,01 83 84 83 38 13,1,-12.157048,-63.412311,-17.841720,-31868,-1997,-2029
1754830495057,0x064,6,01 83 84 83 38 13,1,-12.157048,-63.412311,-17.841720,-31868,-1997,-2029
1754830495069,0x064,6,01 83 84 83 38 13,1,-12.157048,-63.412311,-17.841720,-31868,-1997,-2029
1754830495081,0x064,6,01 83 84 83 38 13,1,-12.157048,-63.412311,-17.841720,-31868,-1997,-2029
1754830495092,0x064,6,01 83 84 83 38 13,1,-12.157048,-63.412311,-17.841720,-31868,-1997,-2029
1754830495093,0x064,6,01 83 84 83 38 13,1,-12.157048,-63.412311,-17.841720,-31868,-1997,-2029
1754830495094,0x064,6,01 83 84 83 38 13,1,-12.157048,-63.412311,-17.841720,-31868,-1997,-2029
1754830495099,0x064,6,01 83 84 83 38 13,1,-12.157048,-63.412311,-17.841720,-31868,-1997,-2029
1754830495109,0x064,6,01 83 84 83 38 13,1,-12.157048,-63.412311,-17.841720,-31868,-1997,-2029
1754830495111,0x064,6,01 83 84 83 38 13,1,-12.157048,-63.412311,-17.841720,-31868,-1997,-2029
1754830495116,0x064,6,01 83 84 83 38 13,1,-12.157048,-63.412311,-17.841720,-31868,-1997,-2029
1754830495123,0x064,6,01 83 84 83 38 13,1,-12.157048,-63.412311,-17.841720,-31868,-1997,-2029
1754830495131,0x064,6,01 83 84 83 38 13,1,-12.157048,-63.412311,-17.841720,-31868,-1997,-2029
1754830495139,0x064,6,01 83 84 83 38 13,1,-12.157048,-63.412311,-17.841720,-31868,-1997,-2029
1754830495140,0x064,6,01 84 67 83 A8 55,1,-12.070452,-63.190034,-17.261358,-31641,-1990,-1963
1754830495147,0x064,6,01 84 67 83 A8 55,1,-12.070452,-63.190034,-17.261358,-31641,-1990,-1963
1754830495152,0x064,6,01 84 67 83 A8 55,1,-12.070452,-63.190034,-17.261358,-31641,-1990,-1963
1754830495157,0x064,6,01 84 67 83 A8 55,1,-12.070452,-63.190034,-17.261358,-31641,-1990,-1963
1754830495176,0x064,6,01 84 67 83 A8 55,1,-12.070452,-63.190034,-17.261358,-31641,-1990,-1963
1754830495177,0x064,6,01 84 67 83 A8 55,1,-12.070452,-63.190034,-17.261358,-31641,-1990,-1963
1754830495179,0x064,6,01 84 67 83 A8 55,1,-12.070452,-63.190034,-17.261358,-31641,-1990,-1963
1754830495202,0x064,6,01 84 67 83 A8 55,1,-12.070452,-63.190034,-17.261358,-31641,-1990,-1963
1754830495215,0x064,6,01 84 67 83 A8 55,1,-12.070452,-63.190034,-17.261358,-31641,-1990,-1963
1754830495216,0x064,6,01 84 67 83 A8 55,1,-12.070452,-63.190034,-17.261358,-31641,-1990,-1963
1754830495216,0x064,6,01 84 67 83 A8 55,1,-12.070452,-63.190034,-17.261358,-31641,-1990,-1963
1754830495231,0x064,6,01 84 67 83 A8 55,1,-12.070452,-63.190034,-17.261358,-31641,-1990,-1963
1754830495234,0x064,6,01 84 67 83 A8 55,1,-12.070452,-63.190034,-17.261358,-31641,-1990,-1963
1754830495248,0x064,6,01 85 77 84 47 BD,1,-11.966689,-62.872496,17.419638,-31369,-1980,1981
1754830495255,0x064,6,01 85 77 84 47 BD,1,-11.966689,-62.872496,17.419638,-31369,-1980,1981
1754830495258,0x064,6,01 85 77 84 47 BD,1,-11.966689,-62.872496,17.419638,-31369,-1980,1981
1754830495263,0x064,6,01 85 77 84 47 BD,1,-11.966689,-62.872496,17.419638,-31369,-1980,1981
1754830495266,0x064,6,01 85 77 84 47 BD,1,-11.966689,-62.872496,17.419638,-31369,-1980,1981
1754830495281,0x064,6,01 85 77 84 47 BD,1,-11.966689,-62.872496,17.419638,-31369,-1980,1981
1754830495288,0x064,6,01 85 77 84 47 BD,1,-11.966689,-62.872496,17.419638,-31369,-1980,1981
1754830495294,0x064,6,01 85 77 84 47 BD,1,-11.966689,-62.872496,17.419638,-31369,-1980,1981
1754830495299,0x064,6,01 85 77 84 47 BD,1,-11.966689,-62.872496,17.419638,-31369,-1980,1981
1754830495317,0x064,6,01 85 77 84 47 BD,1,-11.966689,-62.872496,17.419638,-31369,-1980,1981
1754830495317,0x064,6,01 85 77 84 47 BD,1,-11.966689,-62.872496,17.419638,-31369,-1980,1981
1754830495319,0x064,6,01 85 77 84 47 BD,1,-11.966689,-62.872496,17.419638,-31369,-1980,1981
1754830495353,0x064,6,01 85 77 84 47 BD,1,-11.966689,-62.872496,17.419638,-31369,-1980,1981
1754830495355,0x064,6,01 85 77 84 47 BD,1,-11.966689,-62.872496,17.419638,-31369,-1980,1981
1754830495355,0x064,6,01 86 AA 84 E8 2E,1,-11.849574,-62.554958,-17.604299,-31062,-1970,-2002
1754830495359,0x064,6,01 86 AA 84 E8 2E,1,-11.849574,-62.554958,-17.604299,-31062,-1970,-2002
1754830495364,0x064,6,01 86 AA 84 E8 2E,1,-11.849574,-62.554958,-17.604299,-31062,-1970,-2002
1754830495369,0x064,6,01 86 AA 84 E8 2E,1,-11.849574,-62.554958,-17.604299,-31062,-1970,-2002
1754830495377,0x064,6,01 86 AA 84 E8 2E,1,-11.849574,-62.554958,-17.604299,-31062,-1970,-2002
1754830495392,0x064,6,01 86 AA 84 E8 2E,1,-11.849574,-62.554958,-17.604299,-31062,-1970,-2002
1754830495404,0x064,6,01 86 AA 84 E8 2E,1,-11.849574,-62.554958,-17.604299,-31062,-1970,-2002
1754830495420,0x064,6,01 86 AA 84 E8 2E,1,-11.849574,-62.554958,-17.604299,-31062,-1970,-2002
1754830495423,0x064,6,01 86 AA 84 E8 2E,1,-11.849574,-62.554958,-17.604299,-31062,-1970,-2002
1754830495432,0x064,6,01 86 AA 84 E8 2E,1,-11.849574,-62.554958,-17.604299,-31062,-1970,-2002
1754830495447,0x064,6,01 86 AA 84 E8 2E,1,-11.849574,-62.554958,-17.604299,-31062,-1970,-2002
1754830495451,0x064,6,01 86 AA 84 E8 2E,1,-11.849574,-62.554958,-17.604299,-31062,-1970,-2002
1754830495451,0x064,6,01 86 AA 84 E8 2E,1,-11.849574,-62.554958,-17.604299,-31062,-1970,-2002
1754830495452,0x064,6,01 88 07 85 D8 43,1,-11.716437,-62.078652,-17.419638,-30713,-1955,-1981
1754830495458,0x064,6,01 88 07 85 D8 43,1,-11.716437,-62.078652,-17.419638,-30713,-1955,-1981
1754830495459,0x064,6,01 88 07 85 D8 43,1,-11.716437,-62.078652,-17.419638,-30713,-1955,-1981
1754830495470,0x064,6,01 88 07 85 D8 43,1,-11.716437,-62.078652,-17.419638,-30713,-1955,-1981
1754830495472,0x064,6,01 88 07 85 D8 43,1,-11.716437,-62.078652,-17.419638,-30713,-1955,-1981
1754830495480,0x064,6,01 88 07 85 D8 43,1,-11.716437,-62.078652,-17.419638,-30713,-1955,-1981
1754830495490,0x064,6,01 88 07 85 D8 43,1,-11.716437,-62.078652,-17.419638,-30713,-1955,-1981
1754830495509,0x064,6,01 88 07 85 D8 43,1,-11.716437,-62.078652,-17.419638,-30713,-1955,-1981
1754830495512,0x064,6,01 88 07 85 D8 43,1,-11.716437,-62.078652,-17.419638,-30713,-1955,-1981
1754830495546,0x064,6,01 88 07 85 D8 43,1,-11.716437,-62.078652,-17.419638,-30713,-1955,-1981
1754830495547,0x064,6,01 88 07 85 D8 43,1,-11.716437,-62.078652,-17.419638,-30713,-1955,-1981
1754830495547,0x064,6,01 88 07 85 D8 43,1,-11.716437,-62.078652,-17.419638,-30713,-1955,-1981
1754830495547,0x064,6,01 89 AA 86 A8 3B,1,-11.556597,-61.665852,-17.489985,-30294,-1942,-1989
1754830495547,0x064,6,01 89 AA 86 A8 3B,1,-11.556597,-61.665852,-17.489985,-30294,-1942,-1989
1754830495551,0x064,6,01 89 AA 86 A8 3B,1,-11.556597,-61.665852,-17.489985,-30294,-1942,-1989
1754830495557,0x064,6,01 89 AA 86 A8 3B,1,-11.556597,-61.665852,-17.489985,-30294,-1942,-1989
1754830495564,0x064,6,01 89 AA 86 A8 3B,1,-11.556597,-61.665852,-17.489985,-30294,-1942,-1989
1754830495568,0x064,6,01 89 AA 86 A8 3B,1,-11.556597,-61.665852,-17.489985,-30294,-1942,-1989
1754830495573,0x064,6,01 89 AA 86 A8 3B,1,-11.556597,-61.665852,-17.489985,-30294,-1942,-1989
1754830495578,0x064,6,01 89 AA 86 A8 3B,1,-11.556597,-61.665852,-17.489985,-30294,-1942,-1989
1754830495588,0x064,6,01 89 AA 86 A8 3B,1,-11.556597,-61.665852,-17.489985,-30294,-1942,-1989
1754830495592,0x064,6,01 89 AA 86 A8 3B,1,-11.556597,-61.665852,-17.489985,-30294,-1942,-1989
1754830495597,0x064,6,01 89 AA 86 A8 3B,1,-11.556597,-61.665852,-17.489985,-30294,-1942,-1989
1754830495605,0x064,6,01 89 AA 86 A8 3B,1,-11.556597,-61.665852,-17.489985,-30294,-1942,-1989
1754830495633,0x064,6,01 89 AA 86 A8 3B,1,-11.556597,-61.665852,-17.489985,-30294,-1942,-1989
1754830495634,0x064,6,01 89 AA 86 A8 3B,1,-11.556597,-61.665852,-17.489985,-30294,-1942,-1989
1754830495634,0x064,6,01 89 AA 86 A8 3B,1,-11.556597,-61.665852,-17.489985,-30294,-1942,-1989
1754830495641,0x064,6,01 8B 8A 88 18 13,1,-11.373486,-60.935515,-17.841720,-29814,-1919,-2029
1754830495648,0x064,6,01 8B 8A 88 18 13,1,-11.373486,-60.935515,-17.841720,-29814,-1919,-2029
1754830495653,0x064,6,01 8B 8A 88 18 13,1,-11.373486,-60.935515,-17.841720,-29814,-1919,-2029
1754830495659,0x064,6,01 8B 8A 88 18 13,1,-11.373486,-60.935515,-17.841720,-29814,-1919,-2029
1754830495672,0x064,6,01 8B 8A 88 18 13,1,-11.373486,-60.935515,-17.841720,-29814,-1919,-2029
1754830495676,0x064,6,01 8B 8A 88 18 13,1,-11.373486,-60.935515,-17.841720,-29814,-1919,-2029
1754830495679,0x064,6,01 8B 8A 88 18 13,1,-11.373486,-60.935515,-17.841720,-29814,-1919,-2029
1754830495699,0x064,6,01 8B 8A 88 18 13,1,-11.373486,-60.935515,-17.841720,-29814,-1919,-2029
1754830495704,0x064,6,01 8B 8A 88 18 13,1,-11.373486,-60.935515,-17.841720,-29814,-1919,-2029
1754830495714,0x064,6,01 8B 8A 88 18 13,1,-11.373486,-60.935515,-17.841720,-29814,-1919,-2029
1754830495715,0x064,6,01 8B 8A 88 18 13,1,-11.373486,-60.935515,-17.841720,-29814,-1919,-2029
1754830495722,0x064,6,01 8B 8A 88 18 13,1,-11.373486,-60.935515,-17.841720,-29814,-1919,-2029
1754830495729,0x064,6,01 8B 8A 88 18 13,1,-11.373486,-60.935515,-17.841720,-29814,-1919,-2029
1754830495733,0x064,6,01 8B 8A 88 18 13,1,-11.373486,-60.935515,-17.841720,-29814,-1919,-2029
1754830495740,0x064,6,01 8B 8A 88 18 13,1,-11.373486,-60.935515,-17.841720,-29814,-1919,-2029
1754830495740,0x064,6,01 8D C1 88 E8 0F,1,-11.157186,-60.522716,-17.876893,-29247,-1906,-2033
1754830495746,0x064,6,01 8D C1 88 E8 0F,1,-11.157186,-60.522716,-17.876893,-29247,-1906,-2033
1754830495751,0x064,6,01 8D C1 88 E8 0F,1,-11.157186,-60.522716,-17.876893,-29247,-1906,-2033
1754830495757,0x064,6,01 8D C1 88 E8 0F,1,-11.157186,-60.522716,-17.876893,-29247,-1906,-2033
1754830495763,0x064,6,01 8D C1 88 E8 0F,1,-11.157186,-60.522716,-17.876893,-29247,-1906,-2033
1754830495767,0x064,6,01 8D C1 88 E8 0F,1,-11.157186,-60.522716,-17.876893,-29247,-1906,-2033
1754830495775,0x064,6,01 8D C1 88 E8 0F,1,-11.157186,-60.522716,-17.876893,-29247,-1906,-2033
1754830495778,0x064,6,01 8D C1 88 E8 0F,1,-11.157186,-60.522716,-17.876893,-29247,-1906,-2033
1754830495794,0x064,6,01 8D C1 88 E8 0F,1,-11.157186,-60.522716,-17.876893,-29247,-1906,-2033
1754830495811,0x064,6,01 8D C1 88 E8 0F,1,-11.157186,-60.522716,-17.876893,-29247,-1906,-2033
1754830495816,0x064,6,01 8D C1 88 E8 0F,1,-11.157186,-60.522716,-17.876893,-29247,-1906,-2033
1754830495816,0x064,6,01 8D C1 88 E8 0F,1,-11.157186,-60.522716,-17.876893,-29247,-1906,-2033
1754830495816,0x064,6,01 8D C1 88 E8 0F,1,-11.157186,-60.522716,-17.876893,-29247,-1906,-2033
1754830495821,0x064,6,01 8D C1 88 E8 0F,1,-11.157186,-60.522716,-17.876893,-29247,-1906,-2033
1754830495832,0x064,6,01 8D C1 88 E8 0F,1,-11.157186,-60.522716,-17.876893,-29247,-1906,-2033
1754830495842,0x064,6,01 8D C1 88 E8 0F,1,-11.157186,-60.522716,-17.876893,-29247,-1906,-2033
1754830495853,0x064,6,01 90 6C 8A E8 19,1,-10.896634,-59.506595,-17.788959,-28564,-1874,-2023
1754830495861,0x064,6,01 90 6C 8A E8 19,1,-10.896634,-59.506595,-17.788959,-28564,-1874,-2023
1754830495865,0x064,6,01 90 6C 8A E8 19,1,-10.896634,-59.506595,-17.788959,-28564,-1874,-2023
1754830495870,0x064,6,01 90 6C 8A E8 19,1,-10.896634,-59.506595,-17.788959,-28564,-1874,-2023
1754830495873,0x064,6,01 90 6C 8A E8 19,1,-10.896634,-59.506595,-17.788959,-28564,-1874,-2023
1754830495878,0x064,6,01 90 6C 8A E8 19,1,-10.896634,-59.506595,-17.788959,-28564,-1874,-2023
1754830495884,0x064,6,01 90 6C 8A E8 19,1,-10.896634,-59.506595,-17.788959,-28564,-1874,-2023
1754830495895,0x064,6,01 90 6C 8A E8 19,1,-10.896634,-59.506595,-17.788959,-28564,-1874,-2023
1754830495902,0x064,6,01 90 6C 8A E8 19,1,-10.896634,-59.506595,-17.788959,-28564,-1874,-2023
1754830495904,0x064,6,01 90 6C 8A E8 19,1,-10.896634,-59.506595,-17.788959,-28564,-1874,-2023
1754830495909,0x064,6,01 90 6C 8A E8 19,1,-10.896634,-59.506595,-17.788959,-28564,-1874,-2023
1754830495916,0x064,6,01 90 6C 8A E8 19,1,-10.896634,-59.506595,-17.788959,-28564,-1874,-2023
1754830495920,0x064,6,01 90 6C 8A E8 19,1,-10.896634,-59.506595,-17.788959,-28564,-1874,-2023
1754830495925,0x064,6,01 90 6C 8A E8 19,1,-10.896634,-59.506595,-17.788959,-28564,-1874,-2023
1754830495935,0x064,6,01 90 6C 8A E8 19,1,-10.896634,-59.506595,-17.788959,-28564,-1874,-2023
1754830495941,0x064,6,01 90 6C 8A E8 19,1,-10.896634,-59.506595,-17.788959,-28564,-1874,-2023
1754830495950,0x064,6,01 93 9C 8C D8 01,1,-10.585345,-58.522228,-18.000000,-27748,-1843,-2047
1754830495964,0x064,6,01 93 9C 8C D8 01,1,-10.585345,-58.522228,-18.000000,-27748,-1843,-2047
1754830495965,0x064,6,01 93 9C 8C D8 01,1,-10.585345,-58.522228,-18.000000,-27748,-1843,-2047
1754830495966,0x064,6,01 93 9C 8C D8 01,1,-10.585345,-58.522228,-18.000000,-27748,-1843,-2047
1754830495977,0x064,6,01 93 9C 8C D8 01,1,-10.585345,-58.522228,-18.000000,-27748,-1843,-2047
1754830495987,0x064,6,01 93 9C 8C D8 01,1,-10.585345,-58.522228,-18.000000,-27748,-1843,-2047
1754830496003,0x064,6,01 93 9C 8C D8 01,1,-10.585345,-58.522228,-18.000000,-27748,-1843,-2047
1754830496006,0x064,6,01 93 9C 8C D8 01,1,-10.585345,-58.522228,-18.000000,-27748,-1843,-2047
1754830496017,0x064,6,01 93 9C 8C D8 01,1,-10.585345,-58.522228,-18.000000,-27748,-1843,-2047
1754830496017,0x064,6,01 93 9C 8C D8 01,1,-10.585345,-58.522228,-18.000000,-27748,-1843,-2047
1754830496035,0x064,6,01 93 9C 8C D8 01,1,-10.585345,-58.522228,-18.000000,-27748,-1843,-2047
1754830496041,0x064,6,01 93 9C 8C D8 01,1,-10.585345,-58.522228,-18.000000,-27748,-1843,-2047
1754830496044,0x064,6,01 93 9C 8C D8 01,1,-10.585345,-58.522228,-18.000000,-27748,-1843,-2047
1754830496053,0x064,6,01 93 9C 8C D8 01,1,-10.585345,-58.522228,-18.000000,-27748,-1843,-2047
1754830496056,0x064,6,01 97 4D 8E D7 E9,1,-10.224845,-57.506106,17.806546,-26803,-1811,2025
1754830496060,0x064,6,01 97 4D 8E D7 E9,1,-10.224845,-57.506106,17.806546,-26803,-1811,2025
1754830496062,0x064,6,01 97 4D 8E D7 E9,1,-10.224845,-57.506106,17.806546,-26803,-1811,2025
1754830496065,0x064,6,01 97 4D 8E D7 E9,1,-10.224845,-57.506106,17.806546,-26803,-1811,2025
1754830496072,0x064,6,01 97 4D 8E D7 E9,1,-10.224845,-57.506106,17.806546,-26803,-1811,2025
1754830496075,0x064,6,01 97 4D 8E D7 E9,1,-10.224845,-57.506106,17.806546,-26803,-1811,2025
1754830496081,0x064,6,01 97 4D 8E D7 E9,1,-10.224845,-57.506106,17.806546,-26803,-1811,2025
1754830496091,0x064,6,01 97 4D 8E D7 E9,1,-10.224845,-57.506106,17.806546,-26803,-1811,2025
1754830496093,0x064,6,01 97 4D 8E D7 E9,1,-10.224845,-57.506106,17.806546,-26803,-1811,2025
1754830496098,0x064,6,01 97 4D 8E D7 E9,1,-10.224845,-57.506106,17.806546,-26803,-1811,2025
1754830496104,0x064,6,01 97 4D 8E D7 E9,1,-10.224845,-57.506106,17.806546,-26803,-1811,2025
1754830496109,0x064,6,01 97 4D 8E D7 E9,1,-10.224845,-57.506106,17.806546,-26803,-1811,2025
1754830496114,0x064,6,01 97 4D 8E D7 E9,1,-10.224845,-57.506106,17.806546,-26803,-1811,2025
1754830496119,0x064,6,01 97 4D 8E D7 E9,1,-10.224845,-57.506106,17.806546,-26803,-1811,2025
1754830496125,0x064,6,01 97 4D 8E D7 E9,1,-10.224845,-57.506106,17.806546,-26803,-1811,2025
1754830496130,0x064,6,01 97 4D 8E D7 E9,1,-10.224845,-57.506106,17.806546,-26803,-1811,2025
1754830496139,0x064,6,01 97 4D 8E D7 E9,1,-10.224845,-57.506106,17.806546,-26803,-1811,2025
1754830496142,0x064,6,01 9B 6F 90 B8 19,1,-9.821238,-56.553493,-17.788959,-25745,-1781,-2023
1754830496148,0x064,6,01 9B 6F 90 B8 19,1,-9.821238,-56.553493,-17.788959,-25745,-1781,-2023
1754830496153,0x064,6,01 9B 6F 90 B8 19,1,-9.821238,-56.553493,-17.788959,-25745,-1781,-2023
1754830496158,0x064,6,01 9B 6F 90 B8 19,1,-9.821238,-56.553493,-17.788959,-25745,-1781,-2023
1754830496164,0x064,6,01 9B 6F 90 B8 19,1,-9.821238,-56.553493,-17.788959,-25745,-1781,-2023
1754830496170,0x064,6,01 9B 6F 90 B8 19,1,-9.821238,-56.553493,-17.788959,-25745,-1781,-2023
1754830496175,0x064,6,01 9B 6F 90 B8 19,1,-9.821238,-56.553493,-17.788959,-25745,-1781,-2023
1754830496180,0x064,6,01 9B 6F 90 B8 19,1,-9.821238,-56.553493,-17.788959,-25745,-1781,-2023
1754830496185,0x064,6,01 9B 6F 90 B8 19,1,-9.821238,-56.553493,-17.788959,-25745,-1781,-2023
1754830496191,0x064,6,01 9B 6F 90 B8 19,1,-9.821238,-56.553493,-17.788959,-25745,-1781,-2023
1754830496197,0x064,6,01 9B 6F 90 B8 19,1,-9.821238,-56.553493,-17.788959,-25745,-1781,-2023
1754830496202,0x064,6,01 9B 6F 90 B8 19,1,-9.821238,-56.553493,-17.788959,-25745,-1781,-2023
1754830496208,0x064,6,01 9B 6F 90 B8 19,1,-9.821238,-56.553493,-17.788959,-25745,-1781,-2023
1754830496223,0x064,6,01 9B 6F 90 B8 19,1,-9.821238,-56.553493,-17.788959,-25745,-1781,-2023
1754830496224,0x064,6,01 9B 6F 90 B8 19,1,-9.821238,-56.553493,-17.788959,-25745,-1781,-2023
1754830496228,0x064,6,01 9B 6F 90 B8 19,1,-9.821238,-56.553493,-17.788959,-25745,-1781,-2023
1754830496232,0x064,6,01 9B 6F 90 B8 19,1,-9.821238,-56.553493,-17.788959,-25745,-1781,-2023
1754830496238,0x064,6,01 9B 6F 90 B8 19,1,-9.821238,-56.553493,-17.788959,-25745,-1781,-2023
1754830496243,0x064,6,01 9F DF 91 68 33,1,-9.387875,-56.204201,-17.560332,-24609,-1770,-1997
1754830496249,0x064,6,01 9F DF 91 68 33,1,-9.387875,-56.204201,-17.560332,-24609,-1770,-1997
1754830496253,0x064,6,01 9F DF 91 68 33,1,-9.387875,-56.204201,-17.560332,-24609,-1770,-1997
1754830496259,0x064,6,01 9F DF 91 68 33,1,-9.387875,-56.204201,-17.560332,-24609,-1770,-1997
1754830496264,0x064,6,01 9F DF 91 68 33,1,-9.387875,-56.204201,-17.560332,-24609,-1770,-1997
1754830496270,0x064,6,01 9F DF 91 68 33,1,-9.387875,-56.204201,-17.560332,-24609,-1770,-1997
1754830496275,0x064,6,01 9F DF 91 68 33,1,-9.387875,-56.204201,-17.560332,-24609,-1770,-1997
1754830496282,0x064,6,01 9F DF 91 68 33,1,-9.387875,-56.204201,-17.560332,-24609,-1770,-1997
1754830496300,0x064,6,01 9F DF 91 68 33,1,-9.387875,-56.204201,-17.560332,-24609,-1770,-1997
1754830496301,0x064,6,01 9F DF 91 68 33,1,-9.387875,-56.204201,-17.560332,-24609,-1770,-1997
1754830496315,0x064,6,01 9F DF 91 68 33,1,-9.387875,-56.204201,-17.560332,-24609,-1770,-1997
1754830496320,0x064,6,01 9F DF 91 68 33,1,-9.387875,-56.204201,-17.560332,-24609,-1770,-1997
1754830496323,0x064,6,01 9F DF 91 68 33,1,-9.387875,-56.204201,-17.560332,-24609,-1770,-1997
1754830496335,0x064,6,01 9F DF 91 68 33,1,-9.387875,-56.204201,-17.560332,-24609,-1770,-1997
1754830496337,0x064,6,01 9F DF 91 68 33,1,-9.387875,-56.204201,-17.560332,-24609,-1770,-1997
1754830496342,0x064,6,01 A4 76 92 17 8C,1,-8.939634,-55.854910,16.988764,-23434,-1759,1932
1754830496359,0x064,6,01 A4 76 92 17 8C,1,-8.939634,-55.854910,16.988764,-23434,-1759,1932
1754830496381,0x064,6,01 A4 76 92 17 8C,1,-8.939634,-55.854910,16.988764,-23434,-1759,1932
1754830496383,0x064,6,01 A4 76 92 17 8C,1,-8.939634,-55.854910,16.988764,-23434,-1759,1932
1754830496391,0x064,6,01 A4 76 92 17 8C,1,-8.939634,-55.854910,16.988764,-23434,-1759,1932
1754830496404,0x064,6,01 A4 76 92 17 8C,1,-8.939634,-55.854910,16.988764,-23434,-1759,1932
1754830496415,0x064,6,01 A4 76 92 17 8C,1,-8.939634,-55.854910,16.988764,-23434,-1759,1932
1754830496416,0x064,6,01 A4 76 92 17 8C,1,-8.939634,-55.854910,16.988764,-23434,-1759,1932
1754830496416,0x064,6,01 A4 76 92 17 8C,1,-8.939634,-55.854910,16.988764,-23434,-1759,1932
1754830496417,0x064,6,01 A4 76 92 17 8C,1,-8.939634,-55.854910,16.988764,-23434,-1759,1932
1754830496417,0x064,6,01 A4 76 92 17 8C,1,-8.939634,-55.854910,16.988764,-23434,-1759,1932
1754830496422,0x064,6,01 A4 76 92 17 8C,1,-8.939634,-55.854910,16.988764,-23434,-1759,1932
1754830496427,0x064,6,01 A4 76 92 17 8C,1,-8.939634,-55.854910,16.988764,-23434,-1759,1932
1754830496432,0x064,6,01 A4 76 92 17 8C,1,-8.939634,-55.854910,16.988764,-23434,-1759,1932
1754830496438,0x064,6,01 A4 76 92 17 8C,1,-8.939634,-55.854910,16.988764,-23434,-1759,1932
1754830496443,0x064,6,01 A9 7C 94 48 57,1,-8.449049,-54.743527,-17.243771,-22148,-1724,-1961
1754830496448,0x064,6,01 A9 7C 94 48 57,1,-8.449049,-54.743527,-17.243771,-22148,-1724,-1961
1754830496456,0x064,6,01 A9 7C 94 48 57,1,-8.449049,-54.743527,-17.243771,-22148,-1724,-1961
1754830496461,0x064,6,01 A9 7C 94 48 57,1,-8.449049,-54.743527,-17.243771,-22148,-1724,-1961
1754830496469,0x064,6,01 A9 7C 94 48 57,1,-8.449049,-54.743527,-17.243771,-22148,-1724,-1961
1754830496474,0x064,6,01 A9 7C 94 48 57,1,-8.449049,-54.743527,-17.243771,-22148,-1724,-1961
1754830496477,0x064,6,01 A9 7C 94 48 57,1,-8.449049,-54.743527,-17.243771,-22148,-1724,-1961
1754830496493,0x064,6,01 A9 7C 94 48 57,1,-8.449049,-54.743527,-17.243771,-22148,-1724,-1961
1754830496496,0x064,6,01 A9 7C 94 48 57,1,-8.449049,-54.743527,-17.243771,-22148,-1724,-1961
1754830496498,0x064,6,01 A9 7C 94 48 57,1,-8.449049,-54.743527,-17.243771,-22148,-1724,-1961
1754830496505,0x064,6,01 A9 7C 94 48 57,1,-8.449049,-54.743527,-17.243771,-22148,-1724,-1961
1754830496511,0x064,6,01 A9 7C 94 48 57,1,-8.449049,-54.743527,-17.243771,-22148,-1724,-1961
1754830496517,0x064,6,01 A9 7C 94 48 57,1,-8.449049,-54.743527,-17.243771,-22148,-1724,-1961
1754830496523,0x064,6,01 A9 7C 94 48 57,1,-8.449049,-54.743527,-17.243771,-22148,-1724,-1961
1754830496528,0x064,6,01 A9 7C 94 48 57,1,-8.449049,-54.743527,-17.243771,-22148,-1724,-1961
1754830496533,0x064,6,01 A9 7C 94 48 57,1,-8.449049,-54.743527,-17.243771,-22148,-1724,-1961
1754830496539,0x064,6,01 A9 7C 94 48 57,1,-8.449049,-54.743527,-17.243771,-22148,-1724,-1961
1754830496550,0x064,6,01 AF 19 96 F7 BB,1,-7.900861,-53.378114,17.402052,-20711,-1681,1979
1754830496564,0x064,6,01 AF 19 96 F7 BB,1,-7.900861,-53.378114,17.402052,-20711,-1681,1979
1754830496565,0x064,6,01 AF 19 96 F7 BB,1,-7.900861,-53.378114,17.402052,-20711,-1681,1979
1754830496577,0x064,6,01 AF 19 96 F7 BB,1,-7.900861,-53.378114,17.402052,-20711,-1681,1979
1754830496583,0x064,6,01 AF 19 96 F7 BB,1,-7.900861,-53.378114,17.402052,-20711,-1681,1979
1754830496590,0x064,6,01 AF 19 96 F7 BB,1,-7.900861,-53.378114,17.402052,-20711,-1681,1979
1754830496593,0x064,6,01 AF 19 96 F7 BB,1,-7.900861,-53.378114,17.402052,-20711,-1681,1979
1754830496597,0x064,6,01 AF 19 96 F7 BB,1,-7.900861,-53.378114,17.402052,-20711,-1681,1979
1754830496602,0x064,6,01 AF 19 96 F7 BB,1,-7.900861,-53.378114,17.402052,-20711,-1681,1979
1754830496612,0x064,6,01 AF 19 96 F7 BB,1,-7.900861,-53.378114,17.402052,-20711,-1681,1979
1754830496615,0x064,6,01 AF 19 96 F7 BB,1,-7.900861,-53.378114,17.402052,-20711,-1681,1979
1754830496625,0x064,6,01 AF 19 96 F7 BB,1,-7.900861,-53.378114,17.402052,-20711,-1681,1979
1754830496632,0x064,6,01 AF 19 96 F7 BB,1,-7.900861,-53.378114,17.402052,-20711,-1681,1979
1754830496635,0x064,6,01 AF 19 96 F7 BB,1,-7.900861,-53.378114,17.402052,-20711,-1681,1979
1754830496640,0x064,6,01 AF 19 96 F7 BB,1,-7.900861,-53.378114,17.402052,-20711,-1681,1979
1754830496645,0x064,6,01 B5 46 99 57 E8,1,-7.297739,-52.171470,17.797753,-19130,-1643,2024
1754830496653,0x064,6,01 B5 46 99 57 E8,1,-7.297739,-52.171470,17.797753,-19130,-1643,2024
1754830496656,0x064,6,01 B5 46 99 57 E8,1,-7.297739,-52.171470,17.797753,-19130,-1643,2024
1754830496664,0x064,6,01 B5 46 99 57 E8,1,-7.297739,-52.171470,17.797753,-19130,-1643,2024
1754830496667,0x064,6,01 B5 46 99 57 E8,1,-7.297739,-52.171470,17.797753,-19130,-1643,2024
1754830496673,0x064,6,01 B5 46 99 57 E8,1,-7.297739,-52.171470,17.797753,-19130,-1643,2024
1754830496678,0x064,6,01 B5 46 99 57 E8,1,-7.297739,-52.171470,17.797753,-19130,-1643,2024
1754830496684,0x064,6,01 B5 46 99 57 E8,1,-7.297739,-52.171470,17.797753,-19130,-1643,2024
1754830496691,0x064,6,01 B5 46 99 57 E8,1,-7.297739,-52.171470,17.797753,-19130,-1643,2024
1754830496696,0x064,6,01 B5 46 99 57 E8,1,-7.297739,-52.171470,17.797753,-19130,-1643,2024
1754830496701,0x064,6,01 B5 46 99 57 E8,1,-7.297739,-52.171470,17.797753,-19130,-1643,2024
1754830496706,0x064,6,01 B5 46 99 57 E8,1,-7.297739,-52.171470,17.797753,-19130,-1643,2024
1754830496717,0x064,6,01 B5 46 99 57 E8,1,-7.297739,-52.171470,17.797753,-19130,-1643,2024
1754830496719,0x064,6,01 B5 46 99 57 E8,1,-7.297739,-52.171470,17.797753,-19130,-1643,2024
1754830496724,0x064,6,01 B5 46 99 57 E8,1,-7.297739,-52.171470,17.797753,-19130,-1643,2024
1754830496744,0x064,6,01 B5 46 99 57 E8,1,-7.297739,-52.171470,17.797753,-19130,-1643,2024
1754830496751,0x064,6,01 B5 46 99 57 E8,1,-7.297739,-52.171470,17.797753,-19130,-1643,2024
1754830496754,0x064,6,01 BC 21 9B C8 16,1,-6.628239,-50.933073,-17.815340,-17375,-1604,-2026
1754830496758,0x064,6,01 BC 21 9B C8 16,1,-6.628239,-50.933073,-17.815340,-17375,-1604,-2026
1754830496764,0x064,6,01 BC 21 9B C8 16,1,-6.628239,-50.933073,-17.815340,-17375,-1604,-2026
1754830496765,0x064,6,01 BC 21 9B C8 16,1,-6.628239,-50.933073,-17.815340,-17375,-1604,-2026
1754830496771,0x064,6,01 BC 21 9B C8 16,1,-6.628239,-50.933073,-17.815340,-17375,-1604,-2026
1754830496776,0x064,6,01 BC 21 9B C8 16,1,-6.628239,-50.933073,-17.815340,-17375,-1604,-2026
1754830496782,0x064,6,01 BC 21 9B C8 16,1,-6.628239,-50.933073,-17.815340,-17375,-1604,-2026
1754830496788,0x064,6,01 BC 21 9B C8 16,1,-6.628239,-50.933073,-17.815340,-17375,-1604,-2026
1754830496794,0x064,6,01 BC 21 9B C8 16,1,-6.628239,-50.933073,-17.815340,-17375,-1604,-2026
1754830496799,0x064,6,01 BC 21 9B C8 16,1,-6.628239,-50.933073,-17.815340,-17375,-1604,-2026
1754830496804,0x064,6,01 BC 21 9B C8 16,1,-6.628239,-50.933073,-17.815340,-17375,-1604,-2026
1754830496810,0x064,6,01 BC 21 9B C8 16,1,-6.628239,-50.933073,-17.815340,-17375,-1604,-2026
1754830496822,0x064,6,01 BC 21 9B C8 16,1,-6.628239,-50.933073,-17.815340,-17375,-1604,-2026
1754830496823,0x064,6,01 BC 21 9B C8 16,1,-6.628239,-50.933073,-17.815340,-17375,-1604,-2026
1754830496828,0x064,6,01 BC 21 9B C8 16,1,-6.628239,-50.933073,-17.815340,-17375,-1604,-2026
1754830496834,0x064,6,01 BC 21 9B C8 16,1,-6.628239,-50.933073,-17.815340,-17375,-1604,-2026
1754830496839,0x064,6,01 BC 21 9B C8 16,1,-6.628239,-50.933073,-17.815340,-17375,-1604,-2026
1754830496844,0x064,6,01 C3 81 9D 68 25,1,-5.908002,-50.107474,-17.683439,-15487,-1578,-2011
1754830496853,0x064,6,01 C3 81 9D 68 25,1,-5.908002,-50.107474,-17.683439,-15487,-1578,-2011
1754830496855,0x064,6,01 C3 81 9D 68 25,1,-5.908002,-50.107474,-17.683439,-15487,-1578,-2011
1754830496861,0x064,6,01 C3 81 9D 68 25,1,-5.908002,-50.107474,-17.683439,-15487,-1578,-2011
1754830496866,0x064,6,01 C3 81 9D 68 25,1,-5.908002,-50.107474,-17.683439,-15487,-1578,-2011
1754830496874,0x064,6,01 C3 81 9D 68 25,1,-5.908002,-50.107474,-17.683439,-15487,-1578,-2011
1754830496890,0x064,6,01 C3 81 9D 68 25,1,-5.908002,-50.107474,-17.683439,-15487,-1578,-2011
1754830496901,0x064,6,01 C3 81 9D 68 25,1,-5.908002,-50.107474,-17.683439,-15487,-1578,-2011
1754830496902,0x064,6,01 C3 81 9D 68 25,1,-5.908002,-50.107474,-17.683439,-15487,-1578,-2011
1754830496902,0x064,6,01 C3 81 9D 68 25,1,-5.908002,-50.107474,-17.683439,-15487,-1578,-2011
1754830496917,0x064,6,01 C3 81 9D 68 25,1,-5.908002,-50.107474,-17.683439,-15487,-1578,-2011
1754830496926,0x064,6,01 C3 81 9D 68 25,1,-5.908002,-50.107474,-17.683439,-15487,-1578,-2011
1754830496927,0x064,6,01 C3 81 9D 68 25,1,-5.908002,-50.107474,-17.683439,-15487,-1578,-2011
1754830496934,0x064,6,01 C3 81 9D 68 25,1,-5.908002,-50.107474,-17.683439,-15487,-1578,-2011
1754830496939,0x064,6,01 C3 81 9D 68 25,1,-5.908002,-50.107474,-17.683439,-15487,-1578,-2011
1754830496943,0x064,6,01 CB 6F 9F D7 C9,1,-5.133595,-48.869077,17.525159,-13457,-1539,1993
1754830496950,0x064,6,01 CB 6F 9F D7 C9,1,-5.133595,-48.869077,17.525159,-13457,-1539,1993
1754830496958,0x064,6,01 CB 6F 9F D7 C9,1,-5.133595,-48.869077,17.525159,-13457,-1539,1993
1754830496962,0x064,6,01 CB 6F 9F D7 C9,1,-5.133595,-48.869077,17.525159,-13457,-1539,1993
1754830496968,0x064,6,01 CB 6F 9F D7 C9,1,-5.133595,-48.869077,17.525159,-13457,-1539,1993
1754830496974,0x064,6,01 CB 6F 9F D7 C9,1,-5.133595,-48.869077,17.525159,-13457,-1539,1993
1754830496985,0x064,6,01 CB 6F 9F D7 C9,1,-5.133595,-48.869077,17.525159,-13457,-1539,1993
1754830496997,0x064,6,01 CB 6F 9F D7 C9,1,-5.133595,-48.869077,17.525159,-13457,-1539,1993
1754830496998,0x064,6,01 CB 6F 9F D7 C9,1,-5.133595,-48.869077,17.525159,-13457,-1539,1993
1754830496999,0x064,6,01 CB 6F 9F D7 C9,1,-5.133595,-48.869077,17.525159,-13457,-1539,1993
1754830497008,0x064,6,01 CB 6F 9F D7 C9,1,-5.133595,-48.869077,17.525159,-13457,-1539,1993
1754830497010,0x064,6,01 CB 6F 9F D7 C9,1,-5.133595,-48.869077,17.525159,-13457,-1539,1993
1754830497017,0x064,6,01 CB 6F 9F D7 C9,1,-5.133595,-48.869077,17.525159,-13457,-1539,1993
1754830497021,0x064,6,01 CB 6F 9F D7 C9,1,-5.133595,-48.869077,17.525159,-13457,-1539,1993
1754830497033,0x064,6,01 CB 6F 9F D7 C9,1,-5.133595,-48.869077,17.525159,-13457,-1539,1993
1754830497040,0x064,6,01 CB 6F 9F D7 C9,1,-5.133595,-48.869077,17.525159,-13457,-1539,1993
1754830497049,0x064,6,01 D3 F6 A1 28 5A,1,-4.300821,-48.202247,-17.217391,-11274,-1518,-1958
1754830497052,0x064,6,01 D3 F6 A1 28 5A,1,-4.300821,-48.202247,-17.217391,-11274,-1518,-1958
1754830497059,0x064,6,01 D3 F6 A1 28 5A,1,-4.300821,-48.202247,-17.217391,-11274,-1518,-1958
1754830497071,0x064,6,01 D3 F6 A1 28 5A,1,-4.300821,-48.202247,-17.217391,-11274,-1518,-1958
1754830497078,0x064,6,01 D3 F6 A1 28 5A,1,-4.300821,-48.202247,-17.217391,-11274,-1518,-1958
1754830497078,0x064,6,01 D3 F6 A1 28 5A,1,-4.300821,-48.202247,-17.217391,-11274,-1518,-1958
1754830497086,0x064,6,01 D3 F6 A1 28 5A,1,-4.300821,-48.202247,-17.217391,-11274,-1518,-1958
1754830497090,0x064,6,01 D3 F6 A1 28 5A,1,-4.300821,-48.202247,-17.217391,-11274,-1518,-1958
1754830497096,0x064,6,01 D3 F6 A1 28 5A,1,-4.300821,-48.202247,-17.217391,-11274,-1518,-1958
1754830497101,0x064,6,01 D3 F6 A1 28 5A,1,-4.300821,-48.202247,-17.217391,-11274,-1518,-1958
1754830497108,0x064,6,01 D3 F6 A1 28 5A,1,-4.300821,-48.202247,-17.217391,-11274,-1518,-1958
1754830497112,0x064,6,01 D3 F6 A1 28 5A,1,-4.300821,-48.202247,-17.217391,-11274,-1518,-1958
1754830497117,0x064,6,01 D3 F6 A1 28 5A,1,-4.300821,-48.202247,-17.217391,-11274,-1518,-1958
1754830497123,0x064,6,01 D3 F6 A1 28 5A,1,-4.300821,-48.202247,-17.217391,-11274,-1518,-1958
1754830497128,0x064,6,01 D3 F6 A1 28 5A,1,-4.300821,-48.202247,-17.217391,-11274,-1518,-1958
1754830497133,0x064,6,01 D3 F6 A1 28 5A,1,-4.300821,-48.202247,-17.217391,-11274,-1518,-1958
1754830497150,0x064,6,01 DC FB A3 78 11,1,-3.419980,-47.027357,-17.859306,-8965,-1481,-2031
1754830497160,0x064,6,01 DC FB A3 78 11,1,-3.419980,-47.027357,-17.859306,-8965,-1481,-2031
1754830497160,0x064,6,01 DC FB A3 78 11,1,-3.419980,-47.027357,-17.859306,-8965,-1481,-2031
1754830497161,0x064,6,01 DC FB A3 78 11,1,-3.419980,-47.027357,-17.859306,-8965,-1481,-2031
1754830497170,0x064,6,01 DC FB A3 78 11,1,-3.419980,-47.027357,-17.859306,-8965,-1481,-2031
1754830497181,0x064,6,01 DC FB A3 78 11,1,-3.419980,-47.027357,-17.859306,-8965,-1481,-2031
1754830497190,0x064,6,01 DC FB A3 78 11,1,-3.419980,-47.027357,-17.859306,-8965,-1481,-2031
1754830497205,0x064,6,01 DC FB A3 78 11,1,-3.419980,-47.027357,-17.859306,-8965,-1481,-2031
1754830497226,0x064,6,01 DC FB A3 78 11,1,-3.419980,-47.027357,-17.859306,-8965,-1481,-2031
1754830497235,0x064,6,01 DC FB A3 78 11,1,-3.419980,-47.027357,-17.859306,-8965,-1481,-2031
1754830497235,0x064,6,01 DC FB A3 78 11,1,-3.419980,-47.027357,-17.859306,-8965,-1481,-2031
1754830497237,0x064,6,01 DC FB A3 78 11,1,-3.419980,-47.027357,-17.859306,-8965,-1481,-2031
1754830497242,0x064,6,01 E6 8B A5 98 72,1,-2.486114,-45.947728,-17.006351,-6517,-1447,-1934
1754830497248,0x064,6,01 E6 8B A5 98 72,1,-2.486114,-45.947728,-17.006351,-6517,-1447,-1934
1754830497254,0x064,6,01 E6 8B A5 98 72,1,-2.486114,-45.947728,-17.006351,-6517,-1447,-1934
1754830497262,0x064,6,01 E6 8B A5 98 72,1,-2.486114,-45.947728,-17.006351,-6517,-1447,-1934
1754830497267,0x064,6,01 E6 8B A5 98 72,1,-2.486114,-45.947728,-17.006351,-6517,-1447,-1934
1754830497281,0x064,6,01 E6 8B A5 98 72,1,-2.486114,-45.947728,-17.006351,-6517,-1447,-1934
1754830497291,0x064,6,01 E6 8B A5 98 72,1,-2.486114,-45.947728,-17.006351,-6517,-1447,-1934
1754830497296,0x064,6,01 E6 8B A5 98 72,1,-2.486114,-45.947728,-17.006351,-6517,-1447,-1934
1754830497301,0x064,6,01 E6 8B A5 98 72,1,-2.486114,-45.947728,-17.006351,-6517,-1447,-1934
1754830497308,0x064,6,01 E6 8B A5 98 72,1,-2.486114,-45.947728,-17.006351,-6517,-1447,-1934
1754830497315,0x064,6,01 E6 8B A5 98 72,1,-2.486114,-45.947728,-17.006351,-6517,-1447,-1934
1754830497325,0x064,6,01 E6 8B A5 98 72,1,-2.486114,-45.947728,-17.006351,-6517,-1447,-1934
1754830497329,0x064,6,01 E6 8B A5 98 72,1,-2.486114,-45.947728,-17.006351,-6517,-1447,-1934
1754830497335,0x064,6,01 E6 8B A5 98 72,1,-2.486114,-45.947728,-17.006351,-6517,-1447,-1934
1754830497340,0x064,6,01 E6 8B A5 98 72,1,-2.486114,-45.947728,-17.006351,-6517,-1447,-1934
1754830497346,0x064,6,01 F0 7E A7 98 10,1,-1.514481,-44.931607,-17.868100,-3970,-1415,-2032
1754830497355,0x064,6,01 F0 7E A7 98 10,1,-1.514481,-44.931607,-17.868100,-3970,-1415,-2032
1754830497358,0x064,6,01 F0 7E A7 98 10,1,-1.514481,-44.931607,-17.868100,-3970,-1415,-2032
1754830497362,0x064,6,01 F0 7E A7 98 10,1,-1.514481,-44.931607,-17.868100,-3970,-1415,-2032
1754830497367,0x064,6,01 F0 7E A7 98 10,1,-1.514481,-44.931607,-17.868100,-3970,-1415,-2032
1754830497372,0x064,6,01 F0 7E A7 98 10,1,-1.514481,-44.931607,-17.868100,-3970,-1415,-2032
1754830497377,0x064,6,01 F0 7E A7 98 10,1,-1.514481,-44.931607,-17.868100,-3970,-1415,-2032
1754830497383,0x064,6,01 F0 7E A7 98 10,1,-1.514481,-44.931607,-17.868100,-3970,-1415,-2032
1754830497389,0x064,6,01 F0 7E A7 98 10,1,-1.514481,-44.931607,-17.868100,-3970,-1415,-2032
1754830497394,0x064,6,01 F0 7E A7 98 10,1,-1.514481,-44.931607,-17.868100,-3970,-1415,-2032
1754830497400,0x064,6,01 F0 7E A7 98 10,1,-1.514481,-44.931607,-17.868100,-3970,-1415,-2032
1754830497405,0x064,6,01 F0 7E A7 98 10,1,-1.514481,-44.931607,-17.868100,-3970,-1415,-2032
1754830497413,0x064,6,01 F0 7E A7 98 10,1,-1.514481,-44.931607,-17.868100,-3970,-1415,-2032
1754830497417,0x064,6,01 F0 7E A7 98 10,1,-1.514481,-44.931607,-17.868100,-3970,-1415,-2032
1754830497420,0x064,6,01 F0 7E A7 98 10,1,-1.514481,-44.931607,-17.868100,-3970,-1415,-2032
1754830497426,0x064,6,01 F0 7E A7 98 10,1,-1.514481,-44.931607,-17.868100,-3970,-1415,-2032
1754830497431,0x064,6,01 F0 7E A7 98 10,1,-1.514481,-44.931607,-17.868100,-3970,-1415,-2032
1754830497438,0x064,6,01 F0 7E A7 98 10,1,-1.514481,-44.931607,-17.868100,-3970,-1415,-2032
1754830497444,0x064,6,01 FA FC A8 F8 4B,1,-0.489822,-44.233024,-17.349292,-1284,-1393,-1973
1754830497449,0x064,6,01 FA FC A8 F8 4B,1,-0.489822,-44.233024,-17.349292,-1284,-1393,-1973
1754830497454,0x064,6,01 FA FC A8 F8 4B,1,-0.489822,-44.233024,-17.349292,-1284,-1393,-1973
1754830497463,0x064,6,01 FA FC A8 F8 4B,1,-0.489822,-44.233024,-17.349292,-1284,-1393,-1973
1754830497467,0x064,6,01 FA FC A8 F8 4B,1,-0.489822,-44.233024,-17.349292,-1284,-1393,-1973
1754830497472,0x064,6,01 FA FC A8 F8 4B,1,-0.489822,-44.233024,-17.349292,-1284,-1393,-1973
1754830497480,0x064,6,01 FA FC A8 F8 4B,1,-0.489822,-44.233024,-17.349292,-1284,-1393,-1973
1754830497482,0x064,6,01 FA FC A8 F8 4B,1,-0.489822,-44.233024,-17.349292,-1284,-1393,-1973
1754830497493,0x064,6,01 FA FC A8 F8 4B,1,-0.489822,-44.233024,-17.349292,-1284,-1393,-1973
1754830497495,0x064,6,01 FA FC A8 F8 4B,1,-0.489822,-44.233024,-17.349292,-1284,-1393,-1973
1754830497514,0x064,6,01 FA FC A8 F8 4B,1,-0.489822,-44.233024,-17.349292,-1284,-1393,-1973
1754830497514,0x064,6,01 FA FC A8 F8 4B,1,-0.489822,-44.233024,-17.349292,-1284,-1393,-1973
1754830497517,0x064,6,01 FA FC A8 F8 4B,1,-0.489822,-44.233024,-17.349292,-1284,-1393,-1973
1754830497534,0x064,6,01 FA FC A8 F8 4B,1,-0.489822,-44.233024,-17.349292,-1284,-1393,-1973
1754830497534,0x064,6,01 FA FC A8 F8 4B,1,-0.489822,-44.233024,-17.349292,-1284,-1393,-1973
1754830497538,0x064,6,01 FA FC A8 F8 4B,1,-0.489822,-44.233024,-17.349292,-1284,-1393,-1973
1754830497545,0x064,6,01 FF FF AB F8 24,1,-0.000381,-42.708842,-17.692233,-1,-1345,-2012
1754830497549,0x064,6,01 FF FF AB F8 24,1,-0.000381,-42.708842,-17.692233,-1,-1345,-2012
1754830497557,0x064,6,01 FF FF AB F8 24,1,-0.000381,-42.708842,-17.692233,-1,-1345,-2012
1754830497561,0x064,6,01 FF FF AB F8 24,1,-0.000381,-42.708842,-17.692233,-1,-1345,-2012
1754830497567,0x064,6,01 FF FF AB F8 24,1,-0.000381,-42.708842,-17.692233,-1,-1345,-2012
1754830497572,0x064,6,01 FF FF AB F8 24,1,-0.000381,-42.708842,-17.692233,-1,-1345,-2012
1754830497579,0x064,6,01 FF FF AB F8 24,1,-0.000381,-42.708842,-17.692233,-1,-1345,-2012
1754830497583,0x064,6,01 FF FF AB F8 24,1,-0.000381,-42.708842,-17.692233,-1,-1345,-2012
1754830497592,0x064,6,01 FF FF AB F8 24,1,-0.000381,-42.708842,-17.692233,-1,-1345,-2012
1754830497596,0x064,6,01 FF FF AB F8 24,1,-0.000381,-42.708842,-17.692233,-1,-1345,-2012
1754830497606,0x064,6,01 FF FF AB F8 24,1,-0.000381,-42.708842,-17.692233,-1,-1345,-2012
1754830497607,0x064,6,01 FF FF AB F8 24,1,-0.000381,-42.708842,-17.692233,-1,-1345,-2012
1754830497612,0x064,6,01 FF FF AB F8 24,1,-0.000381,-42.708842,-17.692233,-1,-1345,-2012
1754830497618,0x064,6,01 FF FF AB F8 24,1,-0.000381,-42.708842,-17.692233,-1,-1345,-2012
1754830497623,0x064,6,01 FF FF AB F8 24,1,-0.000381,-42.708842,-17.692233,-1,-1345,-2012
1754830497629,0x064,6,01 FF FF AB F8 24,1,-0.000381,-42.708842,-17.692233,-1,-1345,-2012
1754830497637,0x064,6,01 FF FF AB F8 24,1,-0.000381,-42.708842,-17.692233,-1,-1345,-2012
1754830497639,0x064,6,01 FF FF AB F8 24,1,-0.000381,-42.708842,-17.692233,-1,-1345,-2012
1754830497646,0x064,6,01 FF FF AC 48 6C,1,-0.000381,-42.550073,-17.059111,-1,-1340,-1940
1754830497651,0x064,6,01 FF FF AC 48 6C,1,-0.000381,-42.550073,-17.059111,-1,-1340,-1940
1754830497656,0x064,6,01 FF FF AC 48 6C,1,-0.000381,-42.550073,-17.059111,-1,-1340,-1940
1754830497665,0x064,6,01 FF FF AC 48 6C,1,-0.000381,-42.550073,-17.059111,-1,-1340,-1940
1754830497667,0x064,6,01 FF FF AC 48 6C,1,-0.000381,-42.550073,-17.059111,-1,-1340,-1940
1754830497673,0x064,6,01 FF FF AC 48 6C,1,-0.000381,-42.550073,-17.059111,-1,-1340,-1940
1754830497680,0x064,6,01 FF FF AC 48 6C,1,-0.000381,-42.550073,-17.059111,-1,-1340,-1940
1754830497685,0x064,6,01 FF FF AC 48 6C,1,-0.000381,-42.550073,-17.059111,-1,-1340,-1940
1754830497691,0x064,6,01 FF FF AC 48 6C,1,-0.000381,-42.550073,-17.059111,-1,-1340,-1940
1754830497696,0x064,6,01 FF FF AC 48 6C,1,-0.000381,-42.550073,-17.059111,-1,-1340,-1940
1754830497702,0x064,6,01 FF FF AC 48 6C,1,-0.000381,-42.550073,-17.059111,-1,-1340,-1940
1754830497707,0x064,6,01 FF FF AC 48 6C,1,-0.000381,-42.550073,-17.059111,-1,-1340,-1940
1754830497712,0x064,6,01 FF FF AC 48 6C,1,-0.000381,-42.550073,-17.059111,-1,-1340,-1940
1754830497732,0x064,6,01 FF FF AC 48 6C,1,-0.000381,-42.550073,-17.059111,-1,-1340,-1940
1754830497733,0x064,6,01 FF FF AC 48 6C,1,-0.000381,-42.550073,-17.059111,-1,-1340,-1940
1754830497734,0x064,6,01 FF FF AC 48 6C,1,-0.000381,-42.550073,-17.059111,-1,-1340,-1940
1754830497740,0x064,6,01 FF FF AC 48 6C,1,-0.000381,-42.550073,-17.059111,-1,-1340,-1940
1754830497744,0x064,6,01 FF FF AD F8 4B,1,-0.000381,-41.692721,-17.349292,-1,-1313,-1973
1754830497752,0x064,6,01 FF FF AD F8 4B,1,-0.000381,-41.692721,-17.349292,-1,-1313,-1973
1754830497755,0x064,6,01 FF FF AD F8 4B,1,-0.000381,-41.692721,-17.349292,-1,-1313,-1973
1754830497773,0x064,6,01 FF FF AD F8 4B,1,-0.000381,-41.692721,-17.349292,-1,-1313,-1973
1754830497780,0x064,6,01 FF FF AD F8 4B,1,-0.000381,-41.692721,-17.349292,-1,-1313,-1973
1754830497788,0x064,6,01 FF FF AD F8 4B,1,-0.000381,-41.692721,-17.349292,-1,-1313,-1973
1754830497810,0x064,6,01 FF FF AD F8 4B,1,-0.000381,-41.692721,-17.349292,-1,-1313,-1973
1754830497834,0x064,6,01 FF FF AD F8 4B,1,-0.000381,-41.692721,-17.349292,-1,-1313,-1973
1754830497834,0x064,6,01 FF FF AD F8 4B,1,-0.000381,-41.692721,-17.349292,-1,-1313,-1973
1754830497834,0x064,6,01 FF FF AD F8 4B,1,-0.000381,-41.692721,-17.349292,-1,-1313,-1973
1754830497834,0x064,6,01 FF FF AD F8 4B,1,-0.000381,-41.692721,-17.349292,-1,-1313,-1973
1754830497835,0x064,6,01 FF FF AD F8 4B,1,-0.000381,-41.692721,-17.349292,-1,-1313,-1973
1754830497837,0x064,6,01 FF FF AD F8 4B,1,-0.000381,-41.692721,-17.349292,-1,-1313,-1973
1754830497844,0x064,6,01 FF FF AF 98 32,1,-0.000381,-40.867123,-17.569126,-1,-1287,-1998
1754830497847,0x064,6,01 FF FF AF 98 32,1,-0.000381,-40.867123,-17.569126,-1,-1287,-1998
1754830497857,0x064,6,01 FF FF AF 98 32,1,-0.000381,-40.867123,-17.569126,-1,-1287,-1998
1754830497860,0x064,6,01 FF FF AF 98 32,1,-0.000381,-40.867123,-17.569126,-1,-1287,-1998
1754830497866,0x064,6,01 FF FF AF 98 32,1,-0.000381,-40.867123,-17.569126,-1,-1287,-1998
1754830497872,0x064,6,01 FF FF AF 98 32,1,-0.000381,-40.867123,-17.569126,-1,-1287,-1998
1754830497880,0x064,6,01 FF FF AF 98 32,1,-0.000381,-40.867123,-17.569126,-1,-1287,-1998
1754830497888,0x064,6,01 FF FF AF 98 32,1,-0.000381,-40.867123,-17.569126,-1,-1287,-1998
1754830497889,0x064,6,01 FF FF AF 98 32,1,-0.000381,-40.867123,-17.569126,-1,-1287,-1998
1754830497900,0x064,6,01 FF FF AF 98 32,1,-0.000381,-40.867123,-17.569126,-1,-1287,-1998
1754830497901,0x064,6,01 FF FF AF 98 32,1,-0.000381,-40.867123,-17.569126,-1,-1287,-1998
1754830497907,0x064,6,01 FF FF AF 98 32,1,-0.000381,-40.867123,-17.569126,-1,-1287,-1998
1754830497918,0x064,6,01 FF FF AF 98 32,1,-0.000381,-40.867123,-17.569126,-1,-1287,-1998
1754830497930,0x064,6,01 FF FF AF 98 32,1,-0.000381,-40.867123,-17.569126,-1,-1287,-1998
1754830497938,0x064,6,01 FF FF AF 98 32,1,-0.000381,-40.867123,-17.569126,-1,-1287,-1998
1754830497953,0x064,6,01 FF FF AF 98 32,1,-0.000381,-40.867123,-17.569126,-1,-1287,-1998
1754830497962,0x064,6,01 FF FF B1 68 7D,1,-0.000381,-39.946263,-16.909624,-1,-1258,-1923
1754830497962,0x064,6,01 FF FF B1 68 7D,1,-0.000381,-39.946263,-16.909624,-1,-1258,-1923
1754830497962,0x064,6,01 FF FF B1 68 7D,1,-0.000381,-39.946263,-16.909624,-1,-1258,-1923
1754830497967,0x064,6,01 FF FF B1 68 7D,1,-0.000381,-39.946263,-16.909624,-1,-1258,-1923
1754830497972,0x064,6,01 FF FF B1 68 7D,1,-0.000381,-39.946263,-16.909624,-1,-1258,-1923
1754830497977,0x064,6,01 FF FF B1 68 7D,1,-0.000381,-39.946263,-16.909624,-1,-1258,-1923
1754830497983,0x064,6,01 FF FF B1 68 7D,1,-0.000381,-39.946263,-16.909624,-1,-1258,-1923
1754830497988,0x064,6,01 FF FF B1 68 7D,1,-0.000381,-39.946263,-16.909624,-1,-1258,-1923
1754830497995,0x064,6,01 FF FF B1 68 7D,1,-0.000381,-39.946263,-16.909624,-1,-1258,-1923
1754830497999,0x064,6,01 FF FF B1 68 7D,1,-0.000381,-39.946263,-16.909624,-1,-1258,-1923
1754830498009,0x064,6,01 FF FF B1 68 7D,1,-0.000381,-39.946263,-16.909624,-1,-1258,-1923
1754830498013,0x064,6,01 FF FF B1 68 7D,1,-0.000381,-39.946263,-16.909624,-1,-1258,-1923
1754830498017,0x064,6,01 FF FF B1 68 7D,1,-0.000381,-39.946263,-16.909624,-1,-1258,-1923
1754830498024,0x064,6,01 FF FF B1 68 7D,1,-0.000381,-39.946263,-16.909624,-1,-1258,-1923
1754830498028,0x064,6,01 FF FF B1 68 7D,1,-0.000381,-39.946263,-16.909624,-1,-1258,-1923
1754830498033,0x064,6,01 FF FF B1 68 7D,1,-0.000381,-39.946263,-16.909624,-1,-1258,-1923
1754830498039,0x064,6,01 FF FF B1 68 7D,1,-0.000381,-39.946263,-16.909624,-1,-1258,-1923
1754830498053,0x064,6,01 FF FF B2 97 F4,1,-0.000381,-39.342941,17.903273,-1,-1239,2036
1754830498063,0x064,6,01 FF FF B2 97 F4,1,-0.000381,-39.342941,17.903273,-1,-1239,2036
1754830498070,0x064,6,01 FF FF B2 97 F4,1,-0.000381,-39.342941,17.903273,-1,-1239,2036
1754830498070,0x064,6,01 FF FF B2 97 F4,1,-0.000381,-39.342941,17.903273,-1,-1239,2036
1754830498079,0x064,6,01 FF FF B2 97 F4,1,-0.000381,-39.342941,17.903273,-1,-1239,2036
1754830498105,0x064,6,01 FF FF B2 97 F4,1,-0.000381,-39.342941,17.903273,-1,-1239,2036
1754830498105,0x064,6,01 FF FF B2 97 F4,1,-0.000381,-39.342941,17.903273,-1,-1239,2036
1754830498105,0x064,6,01 FF FF B2 97 F4,1,-0.000381,-39.342941,17.903273,-1,-1239,2036
1754830498106,0x064,6,01 FF FF B2 97 F4,1,-0.000381,-39.342941,17.903273,-1,-1239,2036
1754830498111,0x064,6,01 FF FF B2 97 F4,1,-0.000381,-39.342941,17.903273,-1,-1239,2036
1754830498117,0x064,6,01 FF FF B2 97 F4,1,-0.000381,-39.342941,17.903273,-1,-1239,2036
1754830498122,0x064,6,01 FF FF B2 97 F4,1,-0.000381,-39.342941,17.903273,-1,-1239,2036
1754830498136,0x064,6,01 FF FF B2 97 F4,1,-0.000381,-39.342941,17.903273,-1,-1239,2036
1754830498140,0x064,6,01 FF FF B2 97 F4,1,-0.000381,-39.342941,17.903273,-1,-1239,2036
1754830498150,0x064,6,01 FF FF B2 97 F4,1,-0.000381,-39.342941,17.903273,-1,-1239,2036
1754830498151,0x064,6,01 FF FF B3 87 EC,1,-0.000381,-38.866634,17.832926,-1,-1224,2028
1754830498156,0x064,6,01 FF FF B3 87 EC,1,-0.000381,-38.866634,17.832926,-1,-1224,2028
1754830498162,0x064,6,01 FF FF B3 87 EC,1,-0.000381,-38.866634,17.832926,-1,-1224,2028
1754830498172,0x064,6,01 FF FF B3 87 EC,1,-0.000381,-38.866634,17.832926,-1,-1224,2028
1754830498175,0x064,6,01 FF FF B3 87 EC,1,-0.000381,-38.866634,17.832926,-1,-1224,2028
1754830498181,0x064,6,01 FF FF B3 87 EC,1,-0.000381,-38.866634,17.832926,-1,-1224,2028
1754830498186,0x064,6,01 FF FF B3 87 EC,1,-0.000381,-38.866634,17.832926,-1,-1224,2028
1754830498192,0x064,6,01 FF FF B3 87 EC,1,-0.000381,-38.866634,17.832926,-1,-1224,2028
1754830498197,0x064,6,01 FF FF B3 87 EC,1,-0.000381,-38.866634,17.832926,-1,-1224,2028
1754830498206,0x064,6,01 FF FF B3 87 EC,1,-0.000381,-38.866634,17.832926,-1,-1224,2028
1754830498212,0x064,6,01 FF FF B3 87 EC,1,-0.000381,-38.866634,17.832926,-1,-1224,2028
1754830498230,0x064,6,01 FF FF B3 87 EC,1,-0.000381,-38.866634,17.832926,-1,-1224,2028
1754830498231,0x064,6,01 FF FF B3 87 EC,1,-0.000381,-38.866634,17.832926,-1,-1224,2028
1754830498236,0x064,6,01 FF FF B3 87 EC,1,-0.000381,-38.866634,17.832926,-1,-1224,2028
1754830498242,0x064,6,01 FF FF B4 17 CE,1,-0.000381,-38.580850,17.569126,-1,-1215,1998
1754830498250,0x064,6,01 FF FF B4 17 CE,1,-0.000381,-38.580850,17.569126,-1,-1215,1998
1754830498255,0x064,6,01 FF FF B4 17 CE,1,-0.000381,-38.580850,17.569126,-1,-1215,1998
1754830498261,0x064,6,01 FF FF B4 17 CE,1,-0.000381,-38.580850,17.569126,-1,-1215,1998
1754830498266,0x064,6,01 FF FF B4 17 CE,1,-0.000381,-38.580850,17.569126,-1,-1215,1998
1754830498271,0x064,6,01 FF FF B4 17 CE,1,-0.000381,-38.580850,17.569126,-1,-1215,1998
1754830498277,0x064,6,01 FF FF B4 17 CE,1,-0.000381,-38.580850,17.569126,-1,-1215,1998
1754830498296,0x064,6,01 FF FF B4 17 CE,1,-0.000381,-38.580850,17.569126,-1,-1215,1998
1754830498303,0x064,6,01 FF FF B4 17 CE,1,-0.000381,-38.580850,17.569126,-1,-1215,1998
1754830498305,0x064,6,01 FF FF B4 17 CE,1,-0.000381,-38.580850,17.569126,-1,-1215,1998
1754830498314,0x064,6,01 FF FF B4 17 CE,1,-0.000381,-38.580850,17.569126,-1,-1215,1998
1754830498317,0x064,6,01 FF FF B4 17 CE,1,-0.000381,-38.580850,17.569126,-1,-1215,1998
1754830498323,0x064,6,01 FF FF B4 17 CE,1,-0.000381,-38.580850,17.569126,-1,-1215,1998
1754830498328,0x064,6,01 FF FF B4 17 CE,1,-0.000381,-38.580850,17.569126,-1,-1215,1998
1754830498333,0x064,6,01 FF FF B4 17 CE,1,-0.000381,-38.580850,17.569126,-1,-1215,1998
1754830498339,0x064,6,01 FF FF B4 17 CE,1,-0.000381,-38.580850,17.569126,-1,-1215,1998
1754830498344,0x064,6,01 FF FF B3 A8 1F,1,-0.000381,-38.803127,-17.736199,-1,-1222,-2017
1754830498351,0x064,6,01 FF FF B3 A8 1F,1,-0.000381,-38.803127,-17.736199,-1,-1222,-2017
1754830498356,0x064,6,01 FF FF B3 A8 1F,1,-0.000381,-38.803127,-17.736199,-1,-1222,-2017
1754830498361,0x064,6,01 FF FF B3 A8 1F,1,-0.000381,-38.803127,-17.736199,-1,-1222,-2017
1754830498367,0x064,6,01 FF FF B3 A8 1F,1,-0.000381,-38.803127,-17.736199,-1,-1222,-2017
1754830498378,0x064,6,01 FF FF B3 A8 1F,1,-0.000381,-38.803127,-17.736199,-1,-1222,-2017
1754830498384,0x064,6,01 FF FF B3 A8 1F,1,-0.000381,-38.803127,-17.736199,-1,-1222,-2017
1754830498392,0x064,6,01 FF FF B3 A8 1F,1,-0.000381,-38.803127,-17.736199,-1,-1222,-2017
1754830498394,0x064,6,01 FF FF B3 A8 1F,1,-0.000381,-38.803127,-17.736199,-1,-1222,-2017
1754830498399,0x064,6,01 FF FF B3 A8 1F,1,-0.000381,-38.803127,-17.736199,-1,-1222,-2017
1754830498405,0x064,6,01 FF FF B3 A8 1F,1,-0.000381,-38.803127,-17.736199,-1,-1222,-2017
1754830498417,0x064,6,01 FF FF B3 A8 1F,1,-0.000381,-38.803127,-17.736199,-1,-1222,-2017
1754830498418,0x064,6,01 FF FF B3 A8 1F,1,-0.000381,-38.803127,-17.736199,-1,-1222,-2017
1754830498424,0x064,6,01 FF FF B3 A8 1F,1,-0.000381,-38.803127,-17.736199,-1,-1222,-2017
1754830498434,0x064,6,01 FF FF B3 A8 1F,1,-0.000381,-38.803127,-17.736199,-1,-1222,-2017
1754830498437,0x064,6,01 FF FF B3 A8 1F,1,-0.000381,-38.803127,-17.736199,-1,-1222,-2017
1754830498442,0x064,6,01 FF FF B3 A8 1F,1,-0.000381,-38.803127,-17.736199,-1,-1222,-2017
1754830498448,0x064,6,01 FF FF B5 E8 33,1,-0.000381,-37.659990,-17.560332,-1,-1186,-1997
1754830498459,0x064,6,01 FF FF B5 E8 33,1,-0.000381,-37.659990,-17.560332,-1,-1186,-1997
1754830498460,0x064,6,01 FF FF B5 E8 33,1,-0.000381,-37.659990,-17.560332,-1,-1186,-1997
1754830498465,0x064,6,01 FF FF B5 E8 33,1,-0.000381,-37.659990,-17.560332,-1,-1186,-1997
1754830498470,0x064,6,01 FF FF B5 E8 33,1,-0.000381,-37.659990,-17.560332,-1,-1186,-1997
1754830498476,0x064,6,01 FF FF B5 E8 33,1,-0.000381,-37.659990,-17.560332,-1,-1186,-1997
1754830498482,0x064,6,01 FF FF B5 E8 33,1,-0.000381,-37.659990,-17.560332,-1,-1186,-1997
1754830498487,0x064,6,01 FF FF B5 E8 33,1,-0.000381,-37.659990,-17.560332,-1,-1186,-1997
1754830498494,0x064,6,01 FF FF B5 E8 33,1,-0.000381,-37.659990,-17.560332,-1,-1186,-1997
1754830498500,0x064,6,01 FF FF B5 E8 33,1,-0.000381,-37.659990,-17.560332,-1,-1186,-1997
1754830498504,0x064,6,01 FF FF B5 E8 33,1,-0.000381,-37.659990,-17.560332,-1,-1186,-1997
1754830498510,0x064,6,01 FF FF B5 E8 33,1,-0.000381,-37.659990,-17.560332,-1,-1186,-1997
1754830498515,0x064,6,01 FF FF B5 E8 33,1,-0.000381,-37.659990,-17.560332,-1,-1186,-1997
1754830498520,0x064,6,01 FF FF B5 E8 33,1,-0.000381,-37.659990,-17.560332,-1,-1186,-1997
1754830498526,0x064,6,01 FF FF B5 E8 33,1,-0.000381,-37.659990,-17.560332,-1,-1186,-1997
1754830498532,0x064,6,01 FF FF B5 E8 33,1,-0.000381,-37.659990,-17.560332,-1,-1186,-1997
1754830498537,0x064,6,01 FF FF B5 E8 33,1,-0.000381,-37.659990,-17.560332,-1,-1186,-1997
1754830498542,0x064,6,01 FF FF B7 08 7B,1,-0.000381,-37.088422,-16.927211,-1,-1168,-1925
1754830498547,0x064,6,01 FF FF B7 08 7B,1,-0.000381,-37.088422,-16.927211,-1,-1168,-1925
1754830498553,0x064,6,01 FF FF B7 08 7B,1,-0.000381,-37.088422,-16.927211,-1,-1168,-1925
1754830498559,0x064,6,01 FF FF B7 08 7B,1,-0.000381,-37.088422,-16.927211,-1,-1168,-1925
1754830498568,0x064,6,01 FF FF B7 08 7B,1,-0.000381,-37.088422,-16.927211,-1,-1168,-1925
1754830498577,0x064,6,01 FF FF B7 08 7B,1,-0.000381,-37.088422,-16.927211,-1,-1168,-1925
1754830498581,0x064,6,01 FF FF B7 08 7B,1,-0.000381,-37.088422,-16.927211,-1,-1168,-1925
1754830498591,0x064,6,01 FF FF B7 08 7B,1,-0.000381,-37.088422,-16.927211,-1,-1168,-1925
1754830498594,0x064,6,01 FF FF B7 08 7B,1,-0.000381,-37.088422,-16.927211,-1,-1168,-1925
1754830498600,0x064,6,01 FF FF B7 08 7B,1,-0.000381,-37.088422,-16.927211,-1,-1168,-1925
1754830498601,0x064,6,01 FF FF B7 08 7B,1,-0.000381,-37.088422,-16.927211,-1,-1168,-1925
1754830498607,0x064,6,01 FF FF B7 08 7B,1,-0.000381,-37.088422,-16.927211,-1,-1168,-1925
1754830498611,0x064,6,01 FF FF B7 08 7B,1,-0.000381,-37.088422,-16.927211,-1,-1168,-1925
1754830498617,0x064,6,01 FF FF B7 08 7B,1,-0.000381,-37.088422,-16.927211,-1,-1168,-1925
1754830498623,0x064,6,01 FF FF B7 08 7B,1,-0.000381,-37.088422,-16.927211,-1,-1168,-1925
1754830498628,0x064,6,01 FF FF B7 08 7B,1,-0.000381,-37.088422,-16.927211,-1,-1168,-1925
1754830498634,0x064,6,01 FF FF B7 08 7B,1,-0.000381,-37.088422,-16.927211,-1,-1168,-1925
1754830498640,0x064,6,01 FF FF B7 08 7B,1,-0.000381,-37.088422,-16.927211,-1,-1168,-1925
1754830498645,0x064,6,01 FF FF B6 98 24,1,-0.000381,-37.310699,-17.692233,-1,-1175,-2012
1754830498650,0x064,6,01 FF FF B6 98 24,1,-0.000381,-37.310699,-17.692233,-1,-1175,-2012
1754830498656,0x064,6,01 FF FF B6 98 24,1,-0.000381,-37.310699,-17.692233,-1,-1175,-2012
1754830498662,0x064,6,01 FF FF B6 98 24,1,-0.000381,-37.310699,-17.692233,-1,-1175,-2012
1754830498666,0x064,6,01 FF FF B6 98 24,1,-0.000381,-37.310699,-17.692233,-1,-1175,-2012
1754830498672,0x064,6,01 FF FF B6 98 24,1,-0.000381,-37.310699,-17.692233,-1,-1175,-2012
1754830498677,0x064,6,01 FF FF B6 98 24,1,-0.000381,-37.310699,-17.692233,-1,-1175,-2012
1754830498683,0x064,6,01 FF FF B6 98 24,1,-0.000381,-37.310699,-17.692233,-1,-1175,-2012
1754830498689,0x064,6,01 FF FF B6 98 24,1,-0.000381,-37.310699,-17.692233,-1,-1175,-2012
1754830498708,0x064,6,01 FF FF B6 98 24,1,-0.000381,-37.310699,-17.692233,-1,-1175,-2012
1754830498714,0x064,6,01 FF FF B6 98 24,1,-0.000381,-37.310699,-17.692233,-1,-1175,-2012
1754830498716,0x064,6,01 FF FF B6 98 24,1,-0.000381,-37.310699,-17.692233,-1,-1175,-2012
1754830498724,0x064,6,01 FF FF B6 98 24,1,-0.000381,-37.310699,-17.692233,-1,-1175,-2012
1754830498734,0x064,6,01 FF FF B6 98 24,1,-0.000381,-37.310699,-17.692233,-1,-1175,-2012
1754830498738,0x064,6,01 FF FF B6 98 24,1,-0.000381,-37.310699,-17.692233,-1,-1175,-2012
1754830498744,0x064,6,01 FF FF B6 98 24,1,-0.000381,-37.310699,-17.692233,-1,-1175,-2012
1754830498746,0x064,6,01 FF FF B7 08 2E,1,-0.000381,-37.088422,-17.604299,-1,-1168,-2002
1754830498752,0x064,6,01 FF FF B7 08 2E,1,-0.000381,-37.088422,-17.604299,-1,-1168,-2002
1754830498757,0x064,6,01 FF FF B7 08 2E,1,-0.000381,-37.088422,-17.604299,-1,-1168,-2002
1754830498764,0x064,6,01 FF FF B7 08 2E,1,-0.000381,-37.088422,-17.604299,-1,-1168,-2002
1754830498770,0x064,6,01 FF FF B7 08 2E,1,-0.000381,-37.088422,-17.604299,-1,-1168,-2002
1754830498777,0x064,6,01 FF FF B7 08 2E,1,-0.000381,-37.088422,-17.604299,-1,-1168,-2002
1754830498781,0x064,6,01 FF FF B7 08 2E,1,-0.000381,-37.088422,-17.604299,-1,-1168,-2002
1754830498787,0x064,6,01 FF FF B7 08 2E,1,-0.000381,-37.088422,-17.604299,-1,-1168,-2002
1754830498792,0x064,6,01 FF FF B7 08 2E,1,-0.000381,-37.088422,-17.604299,-1,-1168,-2002
1754830498811,0x064,6,01 FF FF B7 08 2E,1,-0.000381,-37.088422,-17.604299,-1,-1168,-2002
1754830498829,0x064,6,01 FF FF B7 08 2E,1,-0.000381,-37.088422,-17.604299,-1,-1168,-2002
1754830498842,0x064,6,01 FF FF B7 08 2E,1,-0.000381,-37.088422,-17.604299,-1,-1168,-2002
1754830498854,0x064,6,01 FF FF B7 08 2E,1,-0.000381,-37.088422,-17.604299,-1,-1168,-2002
1754830498854,0x064,6,01 FF FF B8 08 25,1,-0.000381,-36.580362,-17.683439,-1,-1152,-2011
1754830498855,0x064,6,01 FF FF B8 08 25,1,-0.000381,-36.580362,-17.683439,-1,-1152,-2011
1754830498860,0x064,6,01 FF FF B8 08 25,1,-0.000381,-36.580362,-17.683439,-1,-1152,-2011
1754830498866,0x064,6,01 FF FF B8 08 25,1,-0.000381,-36.580362,-17.683439,-1,-1152,-2011
1754830498870,0x064,6,01 FF FF B8 08 25,1,-0.000381,-36.580362,-17.683439,-1,-1152,-2011
1754830498877,0x064,6,01 FF FF B8 08 25,1,-0.000381,-36.580362,-17.683439,-1,-1152,-2011
1754830498880,0x064,6,01 FF FF B8 08 25,1,-0.000381,-36.580362,-17.683439,-1,-1152,-2011
1754830498886,0x064,6,01 FF FF B8 08 25,1,-0.000381,-36.580362,-17.683439,-1,-1152,-2011
1754830498893,0x064,6,01 FF FF B8 08 25,1,-0.000381,-36.580362,-17.683439,-1,-1152,-2011
1754830498898,0x064,6,01 FF FF B8 08 25,1,-0.000381,-36.580362,-17.683439,-1,-1152,-2011
1754830498905,0x064,6,01 FF FF B8 08 25,1,-0.000381,-36.580362,-17.683439,-1,-1152,-2011
1754830498909,0x064,6,01 FF FF B8 08 25,1,-0.000381,-36.580362,-17.683439,-1,-1152,-2011
1754830498914,0x064,6,01 FF FF B8 08 25,1,-0.000381,-36.580362,-17.683439,-1,-1152,-2011
1754830498919,0x064,6,01 FF FF B8 08 25,1,-0.000381,-36.580362,-17.683439,-1,-1152,-2011
1754830498925,0x064,6,01 FF FF B8 08 25,1,-0.000381,-36.580362,-17.683439,-1,-1152,-2011
1754830498932,0x064,6,01 FF FF B8 08 25,1,-0.000381,-36.580362,-17.683439,-1,-1152,-2011
1754830498946,0x064,6,01 FF FF B8 08 25,1,-0.000381,-36.580362,-17.683439,-1,-1152,-2011
1754830498953,0x064,6,01 FF FF B9 18 3C,1,-0.000381,-36.040547,-17.481192,-1,-1135,-1988
1754830498969,0x064,6,01 FF FF B9 18 3C,1,-0.000381,-36.040547,-17.481192,-1,-1135,-1988
1754830498974,0x064,6,01 FF FF B9 18 3C,1,-0.000381,-36.040547,-17.481192,-1,-1135,-1988
1754830498975,0x064,6,01 FF FF B9 18 3C,1,-0.000381,-36.040547,-17.481192,-1,-1135,-1988
1754830499005,0x064,6,01 FF FF B9 18 3C,1,-0.000381,-36.040547,-17.481192,-1,-1135,-1988
1754830499011,0x064,6,01 FF FF B9 18 3C,1,-0.000381,-36.040547,-17.481192,-1,-1135,-1988
1754830499023,0x064,6,01 FF FF B9 18 3C,1,-0.000381,-36.040547,-17.481192,-1,-1135,-1988
1754830499041,0x064,6,01 FF FF B9 18 3C,1,-0.000381,-36.040547,-17.481192,-1,-1135,-1988
1754830499042,0x064,6,01 FF FF B9 18 3C,1,-0.000381,-36.040547,-17.481192,-1,-1135,-1988
1754830499042,0x064,6,01 FF FF B9 18 3C,1,-0.000381,-36.040547,-17.481192,-1,-1135,-1988
1754830499042,0x064,6,01 FF FF B9 18 3C,1,-0.000381,-36.040547,-17.481192,-1,-1135,-1988
1754830499042,0x064,6,01 FF FF B9 18 3C,1,-0.000381,-36.040547,-17.481192,-1,-1135,-1988
1754830499043,0x064,6,01 FF FF B9 18 3C,1,-0.000381,-36.040547,-17.481192,-1,-1135,-1988
1754830499059,0x064,6,01 FF FF B8 88 01,1,-0.000381,-36.326331,-18.000000,-1,-1144,-2047
1754830499060,0x064,6,01 FF FF B8 88 01,1,-0.000381,-36.326331,-18.000000,-1,-1144,-2047
1754830499064,0x064,6,01 FF FF B8 88 01,1,-0.000381,-36.326331,-18.000000,-1,-1144,-2047
1754830499070,0x064,6,01 FF FF B8 88 01,1,-0.000381,-36.326331,-18.000000,-1,-1144,-2047
1754830499077,0x064,6,01 FF FF B8 88 01,1,-0.000381,-36.326331,-18.000000,-1,-1144,-2047
1754830499088,0x064,6,01 FF FF B8 88 01,1,-0.000381,-36.326331,-18.000000,-1,-1144,-2047
1754830499113,0x064,6,01 FF FF B8 88 01,1,-0.000381,-36.326331,-18.000000,-1,-1144,-2047
1754830499122,0x064,6,01 FF FF B8 88 01,1,-0.000381,-36.326331,-18.000000,-1,-1144,-2047
1754830499134,0x064,6,01 FF FF B8 88 01,1,-0.000381,-36.326331,-18.000000,-1,-1144,-2047
1754830499146,0x064,6,01 FF FF B8 88 01,1,-0.000381,-36.326331,-18.000000,-1,-1144,-2047
1754830499154,0x064,6,01 FF FF B8 88 01,1,-0.000381,-36.326331,-18.000000,-1,-1144,-2047
1754830499163,0x064,6,01 FF FF B8 88 01,1,-0.000381,-36.326331,-18.000000,-1,-1144,-2047
1754830499166,0x064,6,01 FF FF B8 88 01,1,-0.000381,-36.326331,-18.000000,-1,-1144,-2047
1754830499188,0x064,6,01 FF FF B8 88 01,1,-0.000381,-36.326331,-18.000000,-1,-1144,-2047
1754830499190,0x064,6,01 FF FF B8 17 A7,1,-0.000381,-36.548608,17.226185,-1,-1151,1959
1754830499220,0x064,6,01 FF FF B8 17 A7,1,-0.000381,-36.548608,17.226185,-1,-1151,1959
1754830499220,0x064,6,01 FF FF B8 17 A7,1,-0.000381,-36.548608,17.226185,-1,-1151,1959
1754830499221,0x064,6,01 FF FF B8 17 A7,1,-0.000381,-36.548608,17.226185,-1,-1151,1959
1754830499221,0x064,6,01 FF FF B8 17 A7,1,-0.000381,-36.548608,17.226185,-1,-1151,1959
1754830499221,0x064,6,01 FF FF B8 17 A7,1,-0.000381,-36.548608,17.226185,-1,-1151,1959
1754830499224,0x064,6,01 FF FF B8 17 A7,1,-0.000381,-36.548608,17.226185,-1,-1151,1959
1754830499225,0x064,6,01 FF FF B8 17 A7,1,-0.000381,-36.548608,17.226185,-1,-1151,1959
1754830499225,0x064,6,01 FF FF B8 17 A7,1,-0.000381,-36.548608,17.226185,-1,-1151,1959
1754830499225,0x064,6,01 FF FF B8 17 A7,1,-0.000381,-36.548608,17.226185,-1,-1151,1959
1754830499244,0x064,6,01 FF FF B8 17 A7,1,-0.000381,-36.548608,17.226185,-1,-1151,1959
1754830499251,0x064,6,01 FF FF B8 17 A7,1,-0.000381,-36.548608,17.226185,-1,-1151,1959
1754830499251,0x064,6,01 FF FF B9 A8 03,1,-0.000381,-35.754763,-17.982413,-1,-1126,-2045
1754830499256,0x064,6,01 FF FF B9 A8 03,1,-0.000381,-35.754763,-17.982413,-1,-1126,-2045
1754830499262,0x064,6,01 FF FF B9 A8 03,1,-0.000381,-35.754763,-17.982413,-1,-1126,-2045
1754830499267,0x064,6,01 FF FF B9 A8 03,1,-0.000381,-35.754763,-17.982413,-1,-1126,-2045
1754830499274,0x064,6,01 FF FF B9 A8 03,1,-0.000381,-35.754763,-17.982413,-1,-1126,-2045
1754830499283,0x064,6,01 FF FF B9 A8 03,1,-0.000381,-35.754763,-17.982413,-1,-1126,-2045
1754830499295,0x064,6,01 FF FF B9 A8 03,1,-0.000381,-35.754763,-17.982413,-1,-1126,-2045
1754830499299,0x064,6,01 FF FF B9 A8 03,1,-0.000381,-35.754763,-17.982413,-1,-1126,-2045
1754830499304,0x064,6,01 FF FF B9 A8 03,1,-0.000381,-35.754763,-17.982413,-1,-1126,-2045
1754830499309,0x064,6,01 FF FF B9 A8 03,1,-0.000381,-35.754763,-17.982413,-1,-1126,-2045
1754830499315,0x064,6,01 FF FF B9 A8 03,1,-0.000381,-35.754763,-17.982413,-1,-1126,-2045
1754830499320,0x064,6,01 FF FF B9 A8 03,1,-0.000381,-35.754763,-17.982413,-1,-1126,-2045
1754830499334,0x064,6,01 FF FF B9 A8 03,1,-0.000381,-35.754763,-17.982413,-1,-1126,-2045
1754830499351,0x064,6,01 FF FF B9 A8 03,1,-0.000381,-35.754763,-17.982413,-1,-1126,-2045
1754830499356,0x064,6,01 FF FF B9 A8 03,1,-0.000381,-35.754763,-17.982413,-1,-1126,-2045
1754830499358,0x064,6,01 FF FF B8 88 56,1,-0.000381,-36.326331,-17.252565,-1,-1144,-1962
1754830499362,0x064,6,01 FF FF B8 88 56,1,-0.000381,-36.326331,-17.252565,-1,-1144,-1962
1754830499365,0x064,6,01 FF FF B8 88 56,1,-0.000381,-36.326331,-17.252565,-1,-1144,-1962
1754830499370,0x064,6,01 FF FF B8 88 56,1,-0.000381,-36.326331,-17.252565,-1,-1144,-1962
1754830499381,0x064,6,01 FF FF B8 88 56,1,-0.000381,-36.326331,-17.252565,-1,-1144,-1962
1754830499382,0x064,6,01 FF FF B8 88 56,1,-0.000381,-36.326331,-17.252565,-1,-1144,-1962
1754830499387,0x064,6,01 FF FF B8 88 56,1,-0.000381,-36.326331,-17.252565,-1,-1144,-1962
1754830499396,0x064,6,01 FF FF B8 88 56,1,-0.000381,-36.326331,-17.252565,-1,-1144,-1962
1754830499400,0x064,6,01 FF FF B8 88 56,1,-0.000381,-36.326331,-17.252565,-1,-1144,-1962
1754830499407,0x064,6,01 FF FF B8 88 56,1,-0.000381,-36.326331,-17.252565,-1,-1144,-1962
1754830499411,0x064,6,01 FF FF B8 88 56,1,-0.000381,-36.326331,-17.252565,-1,-1144,-1962
1754830499427,0x064,6,01 FF FF B8 88 56,1,-0.000381,-36.326331,-17.252565,-1,-1144,-1962
1754830499427,0x064,6,01 FF FF B8 88 56,1,-0.000381,-36.326331,-17.252565,-1,-1144,-1962
1754830499430,0x064,6,01 FF FF B8 88 56,1,-0.000381,-36.326331,-17.252565,-1,-1144,-1962
1754830499443,0x064,6,01 FF FF B8 88 56,1,-0.000381,-36.326331,-17.252565,-1,-1144,-1962
1754830499448,0x064,6,01 FF FF B9 57 C4,1,-0.000381,-35.913532,17.481192,-1,-1131,1988
1754830499454,0x064,6,01 FF FF B9 57 C4,1,-0.000381,-35.913532,17.481192,-1,-1131,1988
1754830499468,0x064,6,01 FF FF B9 57 C4,1,-0.000381,-35.913532,17.481192,-1,-1131,1988
1754830499478,0x064,6,01 FF FF B9 57 C4,1,-0.000381,-35.913532,17.481192,-1,-1131,1988
1754830499480,0x064,6,01 FF FF B9 57 C4,1,-0.000381,-35.913532,17.481192,-1,-1131,1988
1754830499486,0x064,6,01 FF FF B9 57 C4,1,-0.000381,-35.913532,17.481192,-1,-1131,1988
1754830499499,0x064,6,01 FF FF B9 57 C4,1,-0.000381,-35.913532,17.481192,-1,-1131,1988
1754830499507,0x064,6,01 FF FF B9 57 C4,1,-0.000381,-35.913532,17.481192,-1,-1131,1988
1754830499517,0x064,6,01 FF FF B9 57 C4,1,-0.000381,-35.913532,17.481192,-1,-1131,1988
1754830499530,0x064,6,01 FF FF B9 57 C4,1,-0.000381,-35.913532,17.481192,-1,-1131,1988
1754830499545,0x064,6,01 FF FF B9 57 C4,1,-0.000381,-35.913532,17.481192,-1,-1131,1988
1754830499549,0x064,6,01 FF FF B9 57 C4,1,-0.000381,-35.913532,17.481192,-1,-1131,1988
1754830499550,0x064,6,01 FF FF B9 57 C4,1,-0.000381,-35.913532,17.481192,-1,-1131,1988
1754830499550,0x064,6,01 FF FF B6 A7 EA,1,-0.000381,-37.278945,17.815340,-1,-1174,2026
1754830499558,0x064,6,01 FF FF B6 A7 EA,1,-0.000381,-37.278945,17.815340,-1,-1174,2026
1754830499564,0x064,6,01 FF FF B6 A7 EA,1,-0.000381,-37.278945,17.815340,-1,-1174,2026
1754830499567,0x064,6,01 FF FF B6 A7 EA,1,-0.000381,-37.278945,17.815340,-1,-1174,2026
1754830499572,0x064,6,01 FF FF B6 A7 EA,1,-0.000381,-37.278945,17.815340,-1,-1174,2026
1754830499580,0x064,6,01 FF FF B6 A7 EA,1,-0.000381,-37.278945,17.815340,-1,-1174,2026
1754830499583,0x064,6,01 FF FF B6 A7 EA,1,-0.000381,-37.278945,17.815340,-1,-1174,2026
1754830499588,0x064,6,01 FF FF B6 A7 EA,1,-0.000381,-37.278945,17.815340,-1,-1174,2026
1754830499593,0x064,6,01 FF FF B6 A7 EA,1,-0.000381,-37.278945,17.815340,-1,-1174,2026
1754830499609,0x064,6,01 FF FF B6 A7 EA,1,-0.000381,-37.278945,17.815340,-1,-1174,2026
1754830499609,0x064,6,01 FF FF B6 A7 EA,1,-0.000381,-37.278945,17.815340,-1,-1174,2026
1754830499617,0x064,6,01 FF FF B6 A7 EA,1,-0.000381,-37.278945,17.815340,-1,-1174,2026
1754830499625,0x064,6,01 FF FF B6 A7 EA,1,-0.000381,-37.278945,17.815340,-1,-1174,2026
1754830499628,0x064,6,01 FF FF B6 A7 EA,1,-0.000381,-37.278945,17.815340,-1,-1174,2026
1754830499634,0x064,6,01 FF FF B6 A7 EA,1,-0.000381,-37.278945,17.815340,-1,-1174,2026
1754830499642,0x064,6,01 FF FF B6 A7 EA,1,-0.000381,-37.278945,17.815340,-1,-1174,2026
1754830499646,0x064,6,01 FF FF B8 A7 ED,1,-0.000381,-36.262824,17.841720,-1,-1142,2029
1754830499654,0x064,6,01 FF FF B8 A7 ED,1,-0.000381,-36.262824,17.841720,-1,-1142,2029
1754830499656,0x064,6,01 FF FF B8 A7 ED,1,-0.000381,-36.262824,17.841720,-1,-1142,2029
1754830499661,0x064,6,01 FF FF B8 A7 ED,1,-0.000381,-36.262824,17.841720,-1,-1142,2029
1754830499667,0x064,6,01 FF FF B8 A7 ED,1,-0.000381,-36.262824,17.841720,-1,-1142,2029
1754830499673,0x064,6,01 FF FF B8 A7 ED,1,-0.000381,-36.262824,17.841720,-1,-1142,2029
1754830499679,0x064,6,01 FF FF B8 A7 ED,1,-0.000381,-36.262824,17.841720,-1,-1142,2029
1754830499684,0x064,6,01 FF FF B8 A7 ED,1,-0.000381,-36.262824,17.841720,-1,-1142,2029
1754830499689,0x064,6,01 FF FF B8 A7 ED,1,-0.000381,-36.262824,17.841720,-1,-1142,2029
1754830499706,0x064,6,01 FF FF B8 A7 ED,1,-0.000381,-36.262824,17.841720,-1,-1142,2029
1754830499707,0x064,6,01 FF FF B8 A7 ED,1,-0.000381,-36.262824,17.841720,-1,-1142,2029
1754830499711,0x064,6,01 FF FF B8 A7 ED,1,-0.000381,-36.262824,17.841720,-1,-1142,2029
1754830499716,0x064,6,01 FF FF B8 A7 ED,1,-0.000381,-36.262824,17.841720,-1,-1142,2029
1754830499725,0x064,6,01 FF FF B8 A7 ED,1,-0.000381,-36.262824,17.841720,-1,-1142,2029
1754830499731,0x064,6,01 FF FF B8 A7 ED,1,-0.000381,-36.262824,17.841720,-1,-1142,2029
1754830499738,0x064,6,01 FF FF B8 A7 ED,1,-0.000381,-36.262824,17.841720,-1,-1142,2029
1754830499743,0x064,6,01 FF FF B8 A7 ED,1,-0.000381,-36.262824,17.841720,-1,-1142,2029
1754830499751,0x064,6,01 FF FF B6 B8 51,1,-0.000381,-37.247191,-17.296532,-1,-1173,-1967
1754830499753,0x064,6,01 FF FF B6 B8 51,1,-0.000381,-37.247191,-17.296532,-1,-1173,-1967
1754830499767,0x064,6,01 FF FF B6 B8 51,1,-0.000381,-37.247191,-17.296532,-1,-1173,-1967
1754830499769,0x064,6,01 FF FF B6 B8 51,1,-0.000381,-37.247191,-17.296532,-1,-1173,-1967
1754830499771,0x064,6,01 FF FF B6 B8 51,1,-0.000381,-37.247191,-17.296532,-1,-1173,-1967
1754830499779,0x064,6,01 FF FF B6 B8 51,1,-0.000381,-37.247191,-17.296532,-1,-1173,-1967
1754830499783,0x064,6,01 FF FF B6 B8 51,1,-0.000381,-37.247191,-17.296532,-1,-1173,-1967
1754830499791,0x064,6,01 FF FF B6 B8 51,1,-0.000381,-37.247191,-17.296532,-1,-1173,-1967
1754830499795,0x064,6,01 FF FF B6 B8 51,1,-0.000381,-37.247191,-17.296532,-1,-1173,-1967
1754830499801,0x064,6,01 FF FF B6 B8 51,1,-0.000381,-37.247191,-17.296532,-1,-1173,-1967
1754830499804,0x064,6,01 FF FF B6 B8 51,1,-0.000381,-37.247191,-17.296532,-1,-1173,-1967
1754830499815,0x064,6,01 FF FF B6 B8 51,1,-0.000381,-37.247191,-17.296532,-1,-1173,-1967
1754830499816,0x064,6,01 FF FF B6 B8 51,1,-0.000381,-37.247191,-17.296532,-1,-1173,-1967
1754830499828,0x064,6,01 FF FF B6 B8 51,1,-0.000381,-37.247191,-17.296532,-1,-1173,-1967
1754830499829,0x064,6,01 FF FF B6 B8 51,1,-0.000381,-37.247191,-17.296532,-1,-1173,-1967
1754830499835,0x064,6,01 FF FF B6 B8 51,1,-0.000381,-37.247191,-17.296532,-1,-1173,-1967
1754830499840,0x064,6,01 FF FF B6 B8 51,1,-0.000381,-37.247191,-17.296532,-1,-1173,-1967
1754830499851,0x064,6,01 FF FF B7 D8 31,1,-0.000381,-36.675623,-17.577919,-1,-1155,-1999
1754830499876,0x064,6,01 FF FF B7 D8 31,1,-0.000381,-36.675623,-17.577919,-1,-1155,-1999
1754830499884,0x064,6,01 FF FF B7 D8 31,1,-0.000381,-36.675623,-17.577919,-1,-1155,-1999
1754830499891,0x064,6,01 FF FF B7 D8 31,1,-0.000381,-36.675623,-17.577919,-1,-1155,-1999
1754830499897,0x064,6,01 FF FF B7 D8 31,1,-0.000381,-36.675623,-17.577919,-1,-1155,-1999
1754830499914,0x064,6,01 FF FF B7 D8 31,1,-0.000381,-36.675623,-17.577919,-1,-1155,-1999
1754830499914,0x064,6,01 FF FF B7 D8 31,1,-0.000381,-36.675623,-17.577919,-1,-1155,-1999
1754830499914,0x064,6,01 FF FF B7 D8 31,1,-0.000381,-36.675623,-17.577919,-1,-1155,-1999
1754830499914,0x064,6,01 FF FF B7 D8 31,1,-0.000381,-36.675623,-17.577919,-1,-1155,-1999
1754830499916,0x064,6,01 FF FF B7 D8 31,1,-0.000381,-36.675623,-17.577919,-1,-1155,-1999
1754830499925,0x064,6,01 FF FF B7 D8 31,1,-0.000381,-36.675623,-17.577919,-1,-1155,-1999
1754830499958,0x064,6,01 FF FF B7 D8 31,1,-0.000381,-36.675623,-17.577919,-1,-1155,-1999
1754830499959,0x064,6,01 FF FF B7 D8 31,1,-0.000381,-36.675623,-17.577919,-1,-1155,-1999
1754830499959,0x064,6,01 FF FF B5 F8 44,1,-0.000381,-37.628236,-17.410845,-1,-1185,-1980
1754830499963,0x064,6,01 FF FF B5 F8 44,1,-0.000381,-37.628236,-17.410845,-1,-1185,-1980
1754830499968,0x064,6,01 FF FF B5 F8 44,1,-0.000381,-37.628236,-17.410845,-1,-1185,-1980
1754830499973,0x064,6,01 FF FF B5 F8 44,1,-0.000381,-37.628236,-17.410845,-1,-1185,-1980
1754830499978,0x064,6,01 FF FF B5 F8 44,1,-0.000381,-37.628236,-17.410845,-1,-1185,-1980
1754830499989,0x064,6,01 FF FF B5 F8 44,1,-0.000381,-37.628236,-17.410845,-1,-1185,-1980
1754830499994,0x064,6,01 FF FF B5 F8 44,1,-0.000381,-37.628236,-17.410845,-1,-1185,-1980
1754830500008,0x064,6,01 FF FF B5 F8 44,1,-0.000381,-37.628236,-17.410845,-1,-1185,-1980
1754830500027,0x064,6,01 FF FF B5 F8 44,1,-0.000381,-37.628236,-17.410845,-1,-1185,-1980
1754830500028,0x064,6,01 FF FF B5 F8 44,1,-0.000381,-37.628236,-17.410845,-1,-1185,-1980
1754830500029,0x064,6,01 FF FF B5 F8 44,1,-0.000381,-37.628236,-17.410845,-1,-1185,-1980
1754830500035,0x064,6,01 FF FF B5 F8 44,1,-0.000381,-37.628236,-17.410845,-1,-1185,-1980
1754830500045,0x064,6,01 FF FF B5 F8 44,1,-0.000381,-37.628236,-17.410845,-1,-1185,-1980
1754830500049,0x064,6,01 FF FF B6 68 27,1,-0.000381,-37.405960,-17.665852,-1,-1178,-2009
1754830500053,0x064,6,01 FF FF B6 68 27,1,-0.000381,-37.405960,-17.665852,-1,-1178,-2009
1754830500059,0x064,6,01 FF FF B6 68 27,1,-0.000381,-37.405960,-17.665852,-1,-1178,-2009
1754830500063,0x064,6,01 FF FF B6 68 27,1,-0.000381,-37.405960,-17.665852,-1,-1178,-2009
1754830500071,0x064,6,01 FF FF B6 68 27,1,-0.000381,-37.405960,-17.665852,-1,-1178,-2009
1754830500076,0x064,6,01 FF FF B6 68 27,1,-0.000381,-37.405960,-17.665852,-1,-1178,-2009
1754830500080,0x064,6,01 FF FF B6 68 27,1,-0.000381,-37.405960,-17.665852,-1,-1178,-2009
1754830500094,0x064,6,01 FF FF B6 68 27,1,-0.000381,-37.405960,-17.665852,-1,-1178,-2009
1754830500094,0x064,6,01 FF FF B6 68 27,1,-0.000381,-37.405960,-17.665852,-1,-1178,-2009
1754830500100,0x064,6,01 FF FF B6 68 27,1,-0.000381,-37.405960,-17.665852,-1,-1178,-2009
1754830500107,0x064,6,01 FF FF B6 68 27,1,-0.000381,-37.405960,-17.665852,-1,-1178,-2009
1754830500112,0x064,6,01 FF FF B6 68 27,1,-0.000381,-37.405960,-17.665852,-1,-1178,-2009
1754830500117,0x064,6,01 FF FF B6 68 27,1,-0.000381,-37.405960,-17.665852,-1,-1178,-2009
1754830500126,0x064,6,01 FF FF B6 68 27,1,-0.000381,-37.405960,-17.665852,-1,-1178,-2009
1754830500129,0x064,6,01 FF FF B6 68 27,1,-0.000381,-37.405960,-17.665852,-1,-1178,-2009
1754830500133,0x064,6,01 FF FF B6 68 27,1,-0.000381,-37.405960,-17.665852,-1,-1178,-2009
1754830500139,0x064,6,01 FF FF B6 68 27,1,-0.000381,-37.405960,-17.665852,-1,-1178,-2009
1754830500150,0x064,6,01 FF FF B6 17 A2,1,-0.000381,-37.564729,17.182218,-1,-1183,1954
1754830500161,0x064,6,01 FF FF B6 17 A2,1,-0.000381,-37.564729,17.182218,-1,-1183,1954
1754830500162,0x064,6,01 FF FF B6 17 A2,1,-0.000381,-37.564729,17.182218,-1,-1183,1954
1754830500173,0x064,6,01 FF FF B6 17 A2,1,-0.000381,-37.564729,17.182218,-1,-1183,1954
1754830500176,0x064,6,01 FF FF B6 17 A2,1,-0.000381,-37.564729,17.182218,-1,-1183,1954
1754830500186,0x064,6,01 FF FF B6 17 A2,1,-0.000381,-37.564729,17.182218,-1,-1183,1954
1754830512979,0x064,6,01 FF FF 80 08 03,1,12.500000,0.015873,0.030769,-1,-2048,-2045
1754830512980,0x064,6,01 FF FF 80 08 03,1,12.500000,0.015873,0.030769,-1,-2048,-2045
1754830512980,0x064,6,01 FF FF 80 08 38,1,12.500000,0.015873,0.496703,-1,-2048,-1992
1754830512984,0x064,6,01 FF FF 80 08 38,1,12.500000,0.015873,0.496703,-1,-2048,-1992
1754830512990,0x064,6,01 FF FF 80 08 38,1,12.500000,0.015873,0.496703,-1,-2048,-1992
1754830512997,0x064,6,01 FF FF 80 08 38,1,12.500000,0.015873,0.496703,-1,-2048,-1992
1754830513002,0x064,6,01 FF FF 80 08 38,1,12.500000,0.015873,0.496703,-1,-2048,-1992
1754830513010,0x064,6,01 FF FF 80 08 38,1,12.500000,0.015873,0.496703,-1,-2048,-1992
1754830513012,0x064,6,01 FF FF 80 08 38,1,12.500000,0.015873,0.496703,-1,-2048,-1992
1754830513020,0x064,6,01 FF FF 80 08 38,1,12.500000,0.015873,0.496703,-1,-2048,-1992
1754830513024,0x064,6,01 FF FF 80 08 38,1,12.500000,0.015873,0.496703,-1,-2048,-1992
1754830513030,0x064,6,01 FF FF 80 08 38,1,12.500000,0.015873,0.496703,-1,-2048,-1992
1754830513036,0x064,6,01 FF FF 80 08 38,1,12.500000,0.015873,0.496703,-1,-2048,-1992
1754830513042,0x064,6,01 FF FF 80 08 38,1,12.500000,0.015873,0.496703,-1,-2048,-1992
1754830513051,0x064,6,01 FF FF 80 08 38,1,12.500000,0.015873,0.496703,-1,-2048,-1992
1754830513054,0x064,6,01 FF FF 80 08 38,1,12.500000,0.015873,0.496703,-1,-2048,-1992
1754830513059,0x064,6,01 FF FF 80 08 3D,1,12.500000,0.015873,0.540659,-1,-2048,-1987
1754830513065,0x064,6,01 FF FF 80 08 3D,1,12.500000,0.015873,0.540659,-1,-2048,-1987
1754830513081,0x064,6,01 FF FF 80 08 3D,1,12.500000,0.015873,0.540659,-1,-2048,-1987
1754830513091,0x064,6,01 FF FF 80 08 3D,1,12.500000,0.015873,0.540659,-1,-2048,-1987
1754830513096,0x064,6,01 FF FF 80 08 3D,1,12.500000,0.015873,0.540659,-1,-2048,-1987
1754830513096,0x064,6,01 FF FF 80 08 3D,1,12.500000,0.015873,0.540659,-1,-2048,-1987
1754830513099,0x064,6,01 FF FF 80 08 3D,1,12.500000,0.015873,0.540659,-1,-2048,-1987
1754830513103,0x064,6,01 FF FF 80 08 3D,1,12.500000,0.015873,0.540659,-1,-2048,-1987
1754830513108,0x064,6,01 FF FF 80 08 3D,1,12.500000,0.015873,0.540659,-1,-2048,-1987
1754830513113,0x064,6,01 FF FF 80 08 3D,1,12.500000,0.015873,0.540659,-1,-2048,-1987
1754830513118,0x064,6,01 FF FF 80 08 3D,1,12.500000,0.015873,0.540659,-1,-2048,-1987
1754830513128,0x064,6,01 FF FF 80 08 3D,1,12.500000,0.015873,0.540659,-1,-2048,-1987
1754830513133,0x064,6,01 FF FF 80 08 3D,1,12.500000,0.015873,0.540659,-1,-2048,-1987
1754830513141,0x064,6,01 FF FF 80 08 3D,1,12.500000,0.015873,0.540659,-1,-2048,-1987
1754830513141,0x064,6,01 FF FF 80 08 3D,1,12.500000,0.015873,0.540659,-1,-2048,-1987
1754830513167,0x064,6,01 FF FF 80 08 3D,1,12.500000,0.015873,0.540659,-1,-2048,-1987
1754830513172,0x064,6,01 FF FF 80 08 3D,1,12.500000,0.015873,0.540659,-1,-2048,-1987
1754830513176,0x064,6,01 FF FF 80 08 43,1,12.500000,0.015873,0.593407,-1,-2048,-1981
1754830513187,0x064,6,01 FF FF 80 08 43,1,12.500000,0.015873,0.593407,-1,-2048,-1981
1754830513189,0x064,6,01 FF FF 80 08 43,1,12.500000,0.015873,0.593407,-1,-2048,-1981
1754830513192,0x064,6,01 FF FF 80 08 43,1,12.500000,0.015873,0.593407,-1,-2048,-1981
1754830513210,0x064,6,01 FF FF 80 08 43,1,12.500000,0.015873,0.593407,-1,-2048,-1981
1754830513221,0x064,6,01 FF FF 80 08 43,1,12.500000,0.015873,0.593407,-1,-2048,-1981
1754830513223,0x064,6,01 FF FF 80 08 43,1,12.500000,0.015873,0.593407,-1,-2048,-1981
1754830513227,0x064,6,01 FF FF 80 08 43,1,12.500000,0.015873,0.593407,-1,-2048,-1981
1754830513248,0x064,6,01 FF FF 80 08 43,1,12.500000,0.015873,0.593407,-1,-2048,-1981
1754830513255,0x064,6,01 FF FF 80 08 43,1,12.500000,0.015873,0.593407,-1,-2048,-1981
1754830513273,0x064,6,01 FF FF 80 08 43,1,12.500000,0.015873,0.593407,-1,-2048,-1981
1754830513276,0x064,6,01 FF FF 80 08 43,1,12.500000,0.015873,0.593407,-1,-2048,-1981
1754830513280,0x064,6,01 FF FF 80 08 43,1,12.500000,0.015873,0.593407,-1,-2048,-1981
1754830513280,0x064,6,01 FF FF 80 08 21,1,12.500000,0.015873,0.294505,-1,-2048,-2015
1754830513280,0x064,6,01 FF FF 80 08 21,1,12.500000,0.015873,0.294505,-1,-2048,-2015
1754830513291,0x064,6,01 FF FF 80 08 21,1,12.500000,0.015873,0.294505,-1,-2048,-2015
1754830513298,0x064,6,01 FF FF 80 08 21,1,12.500000,0.015873,0.294505,-1,-2048,-2015
1754830513299,0x064,6,01 FF FF 80 08 21,1,12.500000,0.015873,0.294505,-1,-2048,-2015
1754830513305,0x064,6,01 FF FF 80 08 21,1,12.500000,0.015873,0.294505,-1,-2048,-2015
1754830513313,0x064,6,01 FF FF 80 08 21,1,12.500000,0.015873,0.294505,-1,-2048,-2015
1754830513316,0x064,6,01 FF FF 80 08 21,1,12.500000,0.015873,0.294505,-1,-2048,-2015
1754830513321,0x064,6,01 FF FF 80 08 21,1,12.500000,0.015873,0.294505,-1,-2048,-2015
1754830513330,0x064,6,01 FF FF 80 08 21,1,12.500000,0.015873,0.294505,-1,-2048,-2015
1754830513334,0x064,6,01 FF FF 80 08 21,1,12.500000,0.015873,0.294505,-1,-2048,-2015
1754830513342,0x064,6,01 FF FF 80 08 21,1,12.500000,0.015873,0.294505,-1,-2048,-2015
1754830513346,0x064,6,01 FF FF 80 08 21,1,12.500000,0.015873,0.294505,-1,-2048,-2015
1754830513352,0x064,6,01 FF FF 80 08 21,1,12.500000,0.015873,0.294505,-1,-2048,-2015
1754830513357,0x064,6,01 FF FF 80 08 21,1,12.500000,0.015873,0.294505,-1,-2048,-2015
1754830513364,0x064,6,01 FF FF 80 07 E9,1,12.500000,0.015873,-0.197802,-1,-2048,2025
1754830513367,0x064,6,01 FF FF 80 07 E9,1,12.500000,0.015873,-0.197802,-1,-2048,2025
1754830513373,0x064,6,01 FF FF 80 07 E9,1,12.500000,0.015873,-0.197802,-1,-2048,2025
1754830513381,0x064,6,01 FF FF 80 07 E9,1,12.500000,0.015873,-0.197802,-1,-2048,2025
1754830513387,0x064,6,01 FF FF 80 07 E9,1,12.500000,0.015873,-0.197802,-1,-2048,2025
1754830513411,0x064,6,01 FF FF 80 07 E9,1,12.500000,0.015873,-0.197802,-1,-2048,2025
1754830513418,0x064,6,01 FF FF 80 07 E9,1,12.500000,0.015873,-0.197802,-1,-2048,2025
1754830513420,0x064,6,01 FF FF 80 07 E9,1,12.500000,0.015873,-0.197802,-1,-2048,2025
1754830513423,0x064,6,01 FF FF 80 07 E9,1,12.500000,0.015873,-0.197802,-1,-2048,2025
1754830513431,0x064,6,01 FF FF 80 07 E9,1,12.500000,0.015873,-0.197802,-1,-2048,2025
1754830513433,0x064,6,01 FF FF 80 07 E9,1,12.500000,0.015873,-0.197802,-1,-2048,2025
1754830513439,0x064,6,01 FF FF 80 07 E9,1,12.500000,0.015873,-0.197802,-1,-2048,2025
1754830513444,0x064,6,01 FF FF 80 07 E9,1,12.500000,0.015873,-0.197802,-1,-2048,2025
1754830513449,0x064,6,01 FF FF 80 07 E9,1,12.500000,0.015873,-0.197802,-1,-2048,2025
1754830513454,0x064,6,01 FF FF 80 07 E9,1,12.500000,0.015873,-0.197802,-1,-2048,2025
1754830513461,0x064,6,01 FF FF 80 38 14,1,12.500000,0.111111,0.180220,-1,-2045,-2028
1754830513474,0x064,6,01 FF FF 80 38 14,1,12.500000,0.111111,0.180220,-1,-2045,-2028
1754830513485,0x064,6,01 FF FF 80 38 14,1,12.500000,0.111111,0.180220,-1,-2045,-2028
1754830513493,0x064,6,01 FF FF 80 38 14,1,12.500000,0.111111,0.180220,-1,-2045,-2028
1754830513493,0x064,6,01 FF FF 80 38 14,1,12.500000,0.111111,0.180220,-1,-2045,-2028
1754830513498,0x064,6,01 FF FF 80 38 14,1,12.500000,0.111111,0.180220,-1,-2045,-2028
1754830513503,0x064,6,01 FF FF 80 38 14,1,12.500000,0.111111,0.180220,-1,-2045,-2028
1754830513508,0x064,6,01 FF FF 80 38 14,1,12.500000,0.111111,0.180220,-1,-2045,-2028
1754830513515,0x064,6,01 FF FF 80 38 14,1,12.500000,0.111111,0.180220,-1,-2045,-2028
1754830513521,0x064,6,01 FF FF 80 38 14,1,12.500000,0.111111,0.180220,-1,-2045,-2028
1754830513525,0x064,6,01 FF FF 80 38 14,1,12.500000,0.111111,0.180220,-1,-2045,-2028
1754830513531,0x064,6,01 FF FF 80 38 14,1,12.500000,0.111111,0.180220,-1,-2045,-2028
1754830513536,0x064,6,01 FF FF 80 38 14,1,12.500000,0.111111,0.180220,-1,-2045,-2028
1754830513541,0x064,6,01 FF FF 80 38 14,1,12.500000,0.111111,0.180220,-1,-2045,-2028
1754830513554,0x064,6,01 FF FF 80 38 14,1,12.500000,0.111111,0.180220,-1,-2045,-2028
1754830513556,0x064,6,01 FF FF 80 38 14,1,12.500000,0.111111,0.180220,-1,-2045,-2028
1754830513560,0x064,6,01 FF FF 80 87 D6,1,12.500000,0.269841,-0.364835,-1,-2040,2006
1754830513566,0x064,6,01 FF FF 80 87 D6,1,12.500000,0.269841,-0.364835,-1,-2040,2006
1754830513572,0x064,6,01 FF FF 80 87 D6,1,12.500000,0.269841,-0.364835,-1,-2040,2006
1754830513576,0x064,6,01 FF FF 80 87 D6,1,12.500000,0.269841,-0.364835,-1,-2040,2006
1754830513582,0x064,6,01 FF FF 80 87 D6,1,12.500000,0.269841,-0.364835,-1,-2040,2006
1754830513587,0x064,6,01 FF FF 80 87 D6,1,12.500000,0.269841,-0.364835,-1,-2040,2006
1754830513612,0x064,6,01 FF FF 80 87 D6,1,12.500000,0.269841,-0.364835,-1,-2040,2006
1754830513613,0x064,6,01 FF FF 80 87 D6,1,12.500000,0.269841,-0.364835,-1,-2040,2006
1754830513615,0x064,6,01 FF FF 80 87 D6,1,12.500000,0.269841,-0.364835,-1,-2040,2006
1754830513623,0x064,6,01 FF FF 80 87 D6,1,12.500000,0.269841,-0.364835,-1,-2040,2006
1754830513624,0x064,6,01 FF FF 80 87 D6,1,12.500000,0.269841,-0.364835,-1,-2040,2006
1754830513637,0x064,6,01 FF FF 80 87 D6,1,12.500000,0.269841,-0.364835,-1,-2040,2006
1754830513638,0x064,6,01 FF FF 80 87 D6,1,12.500000,0.269841,-0.364835,-1,-2040,2006
1754830513642,0x064,6,01 FF FF 80 87 D6,1,12.500000,0.269841,-0.364835,-1,-2040,2006
1754830513650,0x064,6,01 FF FF 80 87 D6,1,12.500000,0.269841,-0.364835,-1,-2040,2006
1754830513655,0x064,6,01 FF FF 80 87 D6,1,12.500000,0.269841,-0.364835,-1,-2040,2006
1754830513659,0x064,6,01 FF FF 81 08 16,1,12.500000,0.523810,0.197802,-1,-2032,-2026
1754830513665,0x064,6,01 FF FF 81 08 16,1,12.500000,0.523810,0.197802,-1,-2032,-2026
1754830513675,0x064,6,01 FF FF 81 08 16,1,12.500000,0.523810,0.197802,-1,-2032,-2026
1754830513680,0x064,6,01 FF FF 81 08 16,1,12.500000,0.523810,0.197802,-1,-2032,-2026
1754830513689,0x064,6,01 FF FF 81 08 16,1,12.500000,0.523810,0.197802,-1,-2032,-2026
1754830513702,0x064,6,01 FF FF 81 08 16,1,12.500000,0.523810,0.197802,-1,-2032,-2026
1754830513705,0x064,6,01 FF FF 81 08 16,1,12.500000,0.523810,0.197802,-1,-2032,-2026
1754830513714,0x064,6,01 FF FF 81 08 16,1,12.500000,0.523810,0.197802,-1,-2032,-2026
1754830513715,0x064,6,01 FF FF 81 08 16,1,12.500000,0.523810,0.197802,-1,-2032,-2026
1754830513720,0x064,6,01 FF FF 81 08 16,1,12.500000,0.523810,0.197802,-1,-2032,-2026
1754830513726,0x064,6,01 FF FF 81 08 16,1,12.500000,0.523810,0.197802,-1,-2032,-2026
1754830513737,0x064,6,01 FF FF 81 08 16,1,12.500000,0.523810,0.197802,-1,-2032,-2026
1754830513743,0x064,6,01 FF FF 81 08 16,1,12.500000,0.523810,0.197802,-1,-2032,-2026
1754830513750,0x064,6,01 FF FF 81 08 16,1,12.500000,0.523810,0.197802,-1,-2032,-2026
1754830513758,0x064,6,01 FF FF 81 08 16,1,12.500000,0.523810,0.197802,-1,-2032,-2026
1754830513762,0x064,6,01 FF FF 81 A7 D7,1,12.500000,0.841270,-0.356044,-1,-2022,2007
1754830513776,0x064,6,01 FF FF 81 A7 D7,1,12.500000,0.841270,-0.356044,-1,-2022,2007
1754830513778,0x064,6,01 FF FF 81 A7 D7,1,12.500000,0.841270,-0.356044,-1,-2022,2007
1754830513786,0x064,6,01 FF FF 81 A7 D7,1,12.500000,0.841270,-0.356044,-1,-2022,2007
1754830513792,0x064,6,01 FF FF 81 A7 D7,1,12.500000,0.841270,-0.356044,-1,-2022,2007
1754830513797,0x064,6,01 FF FF 81 A7 D7,1,12.500000,0.841270,-0.356044,-1,-2022,2007
1754830513802,0x064,6,01 FF FF 81 A7 D7,1,12.500000,0.841270,-0.356044,-1,-2022,2007
1754830513807,0x064,6,01 FF FF 81 A7 D7,1,12.500000,0.841270,-0.356044,-1,-2022,2007
1754830513826,0x064,6,01 FF FF 81 A7 D7,1,12.500000,0.841270,-0.356044,-1,-2022,2007
1754830513832,0x064,6,01 FF FF 81 A7 D7,1,12.500000,0.841270,-0.356044,-1,-2022,2007
1754830513849,0x064,6,01 FF FF 81 A7 D7,1,12.500000,0.841270,-0.356044,-1,-2022,2007
1754830513850,0x064,6,01 FF FF 81 A7 D7,1,12.500000,0.841270,-0.356044,-1,-2022,2007
1754830513850,0x064,6,01 FF FF 81 A7 D7,1,12.500000,0.841270,-0.356044,-1,-2022,2007
1754830513856,0x064,6,01 FF FF 81 A7 D7,1,12.500000,0.841270,-0.356044,-1,-2022,2007
1754830513857,0x064,6,01 FF FF 81 A7 D7,1,12.500000,0.841270,-0.356044,-1,-2022,2007
1754830513864,0x064,6,01 FF FF 81 D7 C5,1,12.500000,0.936508,-0.514286,-1,-2019,1989
1754830513870,0x064,6,01 FF FF 81 D7 C5,1,12.500000,0.936508,-0.514286,-1,-2019,1989
1754830513874,0x064,6,01 FF FF 81 D7 C5,1,12.500000,0.936508,-0.514286,-1,-2019,1989
1754830513880,0x064,6,01 FF FF 81 D7 C5,1,12.500000,0.936508,-0.514286,-1,-2019,1989
1754830513894,0x064,6,01 FF FF 81 D7 C5,1,12.500000,0.936508,-0.514286,-1,-2019,1989
1754830513911,0x064,6,01 FF FF 81 D7 C5,1,12.500000,0.936508,-0.514286,-1,-2019,1989
1754830513916,0x064,6,01 FF FF 81 D7 C5,1,12.500000,0.936508,-0.514286,-1,-2019,1989
1754830513922,0x064,6,01 FF FF 81 D7 C5,1,12.500000,0.936508,-0.514286,-1,-2019,1989
1754830513922,0x064,6,01 FF FF 81 D7 C5,1,12.500000,0.936508,-0.514286,-1,-2019,1989
1754830513923,0x064,6,01 FF FF 81 D7 C5,1,12.500000,0.936508,-0.514286,-1,-2019,1989
1754830513928,0x064,6,01 FF FF 81 D7 C5,1,12.500000,0.936508,-0.514286,-1,-2019,1989
1754830513933,0x064,6,01 FF FF 81 D7 C5,1,12.500000,0.936508,-0.514286,-1,-2019,1989
1754830513940,0x064,6,01 FF FF 81 D7 C5,1,12.500000,0.936508,-0.514286,-1,-2019,1989
1754830513944,0x064,6,01 FF FF 81 D7 C5,1,12.500000,0.936508,-0.514286,-1,-2019,1989
1754830513950,0x064,6,01 FF FF 81 D7 C5,1,12.500000,0.936508,-0.514286,-1,-2019,1989
1754830513956,0x064,6,01 FF FF 81 D7 C5,1,12.500000,0.936508,-0.514286,-1,-2019,1989
1754830513972,0x064,6,01 FF FF 82 A8 0C,1,12.500000,1.349206,0.109890,-1,-2006,-2036
1754830513982,0x064,6,01 FF FF 82 A8 0C,1,12.500000,1.349206,0.109890,-1,-2006,-2036
1754830513985,0x064,6,01 FF FF 82 A8 0C,1,12.500000,1.349206,0.109890,-1,-2006,-2036
1754830513990,0x064,6,01 FF FF 82 A8 0C,1,12.500000,1.349206,0.109890,-1,-2006,-2036
1754830514007,0x064,6,01 FF FF 82 A8 0C,1,12.500000,1.349206,0.109890,-1,-2006,-2036
1754830514009,0x064,6,01 FF FF 82 A8 0C,1,12.500000,1.349206,0.109890,-1,-2006,-2036
1754830514010,0x064,6,01 FF FF 82 A8 0C,1,12.500000,1.349206,0.109890,-1,-2006,-2036
1754830514016,0x064,6,01 FF FF 82 A8 0C,1,12.500000,1.349206,0.109890,-1,-2006,-2036
1754830514020,0x064,6,01 FF FF 82 A8 0C,1,12.500000,1.349206,0.109890,-1,-2006,-2036
1754830514024,0x064,6,01 FF FF 82 A8 0C,1,12.500000,1.349206,0.109890,-1,-2006,-2036
1754830514030,0x064,6,01 FF FF 82 A8 0C,1,12.500000,1.349206,0.109890,-1,-2006,-2036
1754830514035,0x064,6,01 FF FF 82 A8 0C,1,12.500000,1.349206,0.109890,-1,-2006,-2036
1754830514040,0x064,6,01 FF FF 82 A8 0C,1,12.500000,1.349206,0.109890,-1,-2006,-2036
1754830514045,0x064,6,01 FF FF 82 A8 0C,1,12.500000,1.349206,0.109890,-1,-2006,-2036
1754830514050,0x064,6,01 FF FF 82 A8 0C,1,12.500000,1.349206,0.109890,-1,-2006,-2036
1754830514056,0x064,6,01 FF FF 82 A8 0C,1,12.500000,1.349206,0.109890,-1,-2006,-2036
1754830514065,0x064,6,01 FF FF 83 67 D3,1,12.500000,1.730159,-0.391209,-1,-1994,2003
1754830514067,0x064,6,01 FF FF 83 67 D3,1,12.500000,1.730159,-0.391209,-1,-1994,2003
1754830514081,0x064,6,01 FF FF 83 67 D3,1,12.500000,1.730159,-0.391209,-1,-1994,2003
1754830514093,0x064,6,01 FF FF 83 67 D3,1,12.500000,1.730159,-0.391209,-1,-1994,2003
1754830514097,0x064,6,01 FF FF 83 67 D3,1,12.500000,1.730159,-0.391209,-1,-1994,2003
1754830514103,0x064,6,01 FF FF 83 67 D3,1,12.500000,1.730159,-0.391209,-1,-1994,2003
1754830514109,0x064,6,01 FF FF 83 67 D3,1,12.500000,1.730159,-0.391209,-1,-1994,2003
1754830514113,0x064,6,01 FF FF 83 67 D3,1,12.500000,1.730159,-0.391209,-1,-1994,2003
1754830514116,0x064,6,01 FF FF 83 67 D3,1,12.500000,1.730159,-0.391209,-1,-1994,2003
1754830514124,0x064,6,01 FF FF 83 67 D3,1,12.500000,1.730159,-0.391209,-1,-1994,2003
1754830514126,0x064,6,01 FF FF 83 67 D3,1,12.500000,1.730159,-0.391209,-1,-1994,2003
1754830514141,0x064,6,01 FF FF 83 67 D3,1,12.500000,1.730159,-0.391209,-1,-1994,2003
1754830514142,0x064,6,01 FF FF 83 67 D3,1,12.500000,1.730159,-0.391209,-1,-1994,2003
1754830514148,0x064,6,01 FF FF 83 67 D3,1,12.500000,1.730159,-0.391209,-1,-1994,2003
1754830514153,0x064,6,01 FF FF 83 67 D3,1,12.500000,1.730159,-0.391209,-1,-1994,2003
1754830514160,0x064,6,01 FF FF 84 48 27,1,12.500000,2.174603,0.347253,-1,-1980,-2009
1754830514166,0x064,6,01 FF FF 84 48 27,1,12.500000,2.174603,0.347253,-1,-1980,-2009
1754830514177,0x064,6,01 FF FF 84 48 27,1,12.500000,2.174603,0.347253,-1,-1980,-2009
1754830514181,0x064,6,01 FF FF 84 48 27,1,12.500000,2.174603,0.347253,-1,-1980,-2009
1754830514189,0x064,6,01 FF FF 84 48 27,1,12.500000,2.174603,0.347253,-1,-1980,-2009
1754830514194,0x064,6,01 FF FF 84 48 27,1,12.500000,2.174603,0.347253,-1,-1980,-2009
1754830514208,0x064,6,01 FF FF 84 48 27,1,12.500000,2.174603,0.347253,-1,-1980,-2009
1754830514209,0x064,6,01 FF FF 84 48 27,1,12.500000,2.174603,0.347253,-1,-1980,-2009
1754830514211,0x064,6,01 FF FF 84 48 27,1,12.500000,2.174603,0.347253,-1,-1980,-2009
1754830514217,0x064,6,01 FF FF 84 48 27,1,12.500000,2.174603,0.347253,-1,-1980,-2009
1754830514228,0x064,6,01 FF FF 84 48 27,1,12.500000,2.174603,0.347253,-1,-1980,-2009
1754830514232,0x064,6,01 FF FF 84 48 27,1,12.500000,2.174603,0.347253,-1,-1980,-2009
1754830514235,0x064,6,01 FF FF 84 48 27,1,12.500000,2.174603,0.347253,-1,-1980,-2009
1754830514251,0x064,6,01 FF FF 84 48 27,1,12.500000,2.174603,0.347253,-1,-1980,-2009
1754830514252,0x064,6,01 FF FF 84 48 27,1,12.500000,2.174603,0.347253,-1,-1980,-2009
1754830514252,0x064,6,01 FF FF 84 48 27,1,12.500000,2.174603,0.347253,-1,-1980,-2009
1754830514257,0x064,6,01 FF FF 84 48 27,1,12.500000,2.174603,0.347253,-1,-1980,-2009
1754830514267,0x064,6,01 FF FF 85 07 E5,1,12.500000,2.555556,-0.232967,-1,-1968,2021
1754830514269,0x064,6,01 FF FF 85 07 E5,1,12.500000,2.555556,-0.232967,-1,-1968,2021
1754830514275,0x064,6,01 FF FF 85 07 E5,1,12.500000,2.555556,-0.232967,-1,-1968,2021
1754830514280,0x064,6,01 FF FF 85 07 E5,1,12.500000,2.555556,-0.232967,-1,-1968,2021
1754830514292,0x064,6,01 FF FF 85 07 E5,1,12.500000,2.555556,-0.232967,-1,-1968,2021
1754830514297,0x064,6,01 FF FF 85 07 E5,1,12.500000,2.555556,-0.232967,-1,-1968,2021
1754830514299,0x064,6,01 FF FF 85 07 E5,1,12.500000,2.555556,-0.232967,-1,-1968,2021
1754830514309,0x064,6,01 FF FF 85 07 E5,1,12.500000,2.555556,-0.232967,-1,-1968,2021
1754830514313,0x064,6,01 FF FF 85 07 E5,1,12.500000,2.555556,-0.232967,-1,-1968,2021
1754830514318,0x064,6,01 FF FF 85 07 E5,1,12.500000,2.555556,-0.232967,-1,-1968,2021
1754830514324,0x064,6,01 FF FF 85 07 E5,1,12.500000,2.555556,-0.232967,-1,-1968,2021
1754830514329,0x064,6,01 FF FF 85 07 E5,1,12.500000,2.555556,-0.232967,-1,-1968,2021
1754830514335,0x064,6,01 FF FF 85 07 E5,1,12.500000,2.555556,-0.232967,-1,-1968,2021
1754830514340,0x064,6,01 FF FF 85 07 E5,1,12.500000,2.555556,-0.232967,-1,-1968,2021
1754830514350,0x064,6,01 FF FF 85 07 E5,1,12.500000,2.555556,-0.232967,-1,-1968,2021
1754830514351,0x064,6,01 FF FF 85 07 E5,1,12.500000,2.555556,-0.232967,-1,-1968,2021
1754830514360,0x064,6,01 FF FF 85 07 E5,1,12.500000,2.555556,-0.232967,-1,-1968,2021
1754830514372,0x064,6,01 FF FF 86 37 A3,1,12.500000,3.158730,-0.813187,-1,-1949,1955
1754830514381,0x064,6,01 FF FF 86 37 A3,1,12.500000,3.158730,-0.813187,-1,-1949,1955
1754830514391,0x064,6,01 FF FF 86 37 A3,1,12.500000,3.158730,-0.813187,-1,-1949,1955
1754830514403,0x064,6,01 FF FF 86 37 A3,1,12.500000,3.158730,-0.813187,-1,-1949,1955
1754830514411,0x064,6,01 FF FF 86 37 A3,1,12.500000,3.158730,-0.813187,-1,-1949,1955
1754830514431,0x064,6,01 FF FF 86 37 A3,1,12.500000,3.158730,-0.813187,-1,-1949,1955
1754830514431,0x064,6,01 FF FF 86 37 A3,1,12.500000,3.158730,-0.813187,-1,-1949,1955
1754830514432,0x064,6,01 FF FF 86 37 A3,1,12.500000,3.158730,-0.813187,-1,-1949,1955
1754830514432,0x064,6,01 FF FF 86 37 A3,1,12.500000,3.158730,-0.813187,-1,-1949,1955
1754830514432,0x064,6,01 FF FF 86 37 A3,1,12.500000,3.158730,-0.813187,-1,-1949,1955
1754830514440,0x064,6,01 FF FF 86 37 A3,1,12.500000,3.158730,-0.813187,-1,-1949,1955
1754830514443,0x064,6,01 FF FF 86 37 A3,1,12.500000,3.158730,-0.813187,-1,-1949,1955
1754830514448,0x064,6,01 FF FF 86 37 A3,1,12.500000,3.158730,-0.813187,-1,-1949,1955
1754830514461,0x064,6,01 FF FF 86 37 A3,1,12.500000,3.158730,-0.813187,-1,-1949,1955
1754830514467,0x064,6,01 FF FF 87 07 F4,1,12.500000,3.571429,-0.101099,-1,-1936,2036
1754830514477,0x064,6,01 FF FF 87 07 F4,1,12.500000,3.571429,-0.101099,-1,-1936,2036
1754830514480,0x064,6,01 FF FF 87 07 F4,1,12.500000,3.571429,-0.101099,-1,-1936,2036
1754830514481,0x064,6,01 FF FF 87 07 F4,1,12.500000,3.571429,-0.101099,-1,-1936,2036
1754830514487,0x064,6,01 FF FF 87 07 F4,1,12.500000,3.571429,-0.101099,-1,-1936,2036
1754830514495,0x064,6,01 FF FF 87 07 F4,1,12.500000,3.571429,-0.101099,-1,-1936,2036
1754830514512,0x064,6,01 FF FF 87 07 F4,1,12.500000,3.571429,-0.101099,-1,-1936,2036
1754830514517,0x064,6,01 FF FF 87 07 F4,1,12.500000,3.571429,-0.101099,-1,-1936,2036
1754830514527,0x064,6,01 FF FF 87 07 F4,1,12.500000,3.571429,-0.101099,-1,-1936,2036
1754830514536,0x064,6,01 FF FF 87 07 F4,1,12.500000,3.571429,-0.101099,-1,-1936,2036
1754830514538,0x064,6,01 FF FF 87 07 F4,1,12.500000,3.571429,-0.101099,-1,-1936,2036
1754830514538,0x064,6,01 FF FF 87 07 F4,1,12.500000,3.571429,-0.101099,-1,-1936,2036
1754830514544,0x064,6,01 FF FF 87 07 F4,1,12.500000,3.571429,-0.101099,-1,-1936,2036
1754830514559,0x064,6,01 FF FF 87 07 F4,1,12.500000,3.571429,-0.101099,-1,-1936,2036
1754830514561,0x064,6,01 FF FF 87 07 F4,1,12.500000,3.571429,-0.101099,-1,-1936,2036
1754830514574,0x064,6,01 FF FF 88 57 E0,1,12.500000,4.238095,-0.276923,-1,-1915,2016
1754830514575,0x064,6,01 FF FF 88 57 E0,1,12.500000,4.238095,-0.276923,-1,-1915,2016
1754830514576,0x064,6,01 FF FF 88 57 E0,1,12.500000,4.238095,-0.276923,-1,-1915,2016
1754830514582,0x064,6,01 FF FF 88 57 E0,1,12.500000,4.238095,-0.276923,-1,-1915,2016
1754830514589,0x064,6,01 FF FF 88 57 E0,1,12.500000,4.238095,-0.276923,-1,-1915,2016
1754830514593,0x064,6,01 FF FF 88 57 E0,1,12.500000,4.238095,-0.276923,-1,-1915,2016
1754830514598,0x064,6,01 FF FF 88 57 E0,1,12.500000,4.238095,-0.276923,-1,-1915,2016
1754830514603,0x064,6,01 FF FF 88 57 E0,1,12.500000,4.238095,-0.276923,-1,-1915,2016
1754830514615,0x064,6,01 FF FF 88 57 E0,1,12.500000,4.238095,-0.276923,-1,-1915,2016
1754830514617,0x064,6,01 FF FF 88 57 E0,1,12.500000,4.238095,-0.276923,-1,-1915,2016
1754830514623,0x064,6,01 FF FF 88 57 E0,1,12.500000,4.238095,-0.276923,-1,-1915,2016
1754830514638,0x064,6,01 FF FF 88 57 E0,1,12.500000,4.238095,-0.276923,-1,-1915,2016
1754830514643,0x064,6,01 FF FF 88 57 E0,1,12.500000,4.238095,-0.276923,-1,-1915,2016
1754830514648,0x064,6,01 FF FF 88 57 E0,1,12.500000,4.238095,-0.276923,-1,-1915,2016
1754830514651,0x064,6,01 FF FF 88 57 E0,1,12.500000,4.238095,-0.276923,-1,-1915,2016
1754830514655,0x064,6,01 FF FF 88 57 E0,1,12.500000,4.238095,-0.276923,-1,-1915,2016
1754830514660,0x064,6,01 FF FF 88 A8 00,1,12.500000,4.396825,0.004396,-1,-1910,-2048
1754830514666,0x064,6,01 FF FF 88 A8 00,1,12.500000,4.396825,0.004396,-1,-1910,-2048
1754830514676,0x064,6,01 FF FF 88 A8 00,1,12.500000,4.396825,0.004396,-1,-1910,-2048
1754830514681,0x064,6,01 FF FF 88 A8 00,1,12.500000,4.396825,0.004396,-1,-1910,-2048
1754830514694,0x064,6,01 FF FF 88 A8 00,1,12.500000,4.396825,0.004396,-1,-1910,-2048
1754830514699,0x064,6,01 FF FF 88 A8 00,1,12.500000,4.396825,0.004396,-1,-1910,-2048
1754830514700,0x064,6,01 FF FF 88 A8 00,1,12.500000,4.396825,0.004396,-1,-1910,-2048
1754830514705,0x064,6,01 FF FF 88 A8 00,1,12.500000,4.396825,0.004396,-1,-1910,-2048
1754830514711,0x064,6,01 FF FF 88 A8 00,1,12.500000,4.396825,0.004396,-1,-1910,-2048
1754830514716,0x064,6,01 FF FF 88 A8 00,1,12.500000,4.396825,0.004396,-1,-1910,-2048
1754830514721,0x064,6,01 FF FF 88 A8 00,1,12.500000,4.396825,0.004396,-1,-1910,-2048
1754830514727,0x064,6,01 FF FF 88 A8 00,1,12.500000,4.396825,0.004396,-1,-1910,-2048
1754830514732,0x064,6,01 FF FF 88 A8 00,1,12.500000,4.396825,0.004396,-1,-1910,-2048
1754830514745,0x064,6,01 FF FF 88 A8 00,1,12.500000,4.396825,0.004396,-1,-1910,-2048
1754830514748,0x064,6,01 FF FF 88 A8 00,1,12.500000,4.396825,0.004396,-1,-1910,-2048
1754830514760,0x064,6,01 FF FF 88 A8 00,1,12.500000,4.396825,0.004396,-1,-1910,-2048
1754830514764,0x064,6,01 FF FF 8A 28 18,1,12.500000,5.158730,0.215385,-1,-1886,-2024
1754830514766,0x064,6,01 FF FF 8A 28 18,1,12.500000,5.158730,0.215385,-1,-1886,-2024
1754830514772,0x064,6,01 FF FF 8A 28 18,1,12.500000,5.158730,0.215385,-1,-1886,-2024
1754830514776,0x064,6,01 FF FF 8A 28 18,1,12.500000,5.158730,0.215385,-1,-1886,-2024
1754830514786,0x064,6,01 FF FF 8A 28 18,1,12.500000,5.158730,0.215385,-1,-1886,-2024
1754830514791,0x064,6,01 FF FF 8A 28 18,1,12.500000,5.158730,0.215385,-1,-1886,-2024
1754830514793,0x064,6,01 FF FF 8A 28 18,1,12.500000,5.158730,0.215385,-1,-1886,-2024
1754830514800,0x064,6,01 FF FF 8A 28 18,1,12.500000,5.158730,0.215385,-1,-1886,-2024
1754830514805,0x064,6,01 FF FF 8A 28 18,1,12.500000,5.158730,0.215385,-1,-1886,-2024
1754830514811,0x064,6,01 FF FF 8A 28 18,1,12.500000,5.158730,0.215385,-1,-1886,-2024
1754830514823,0x064,6,01 FF FF 8A 28 18,1,12.500000,5.158730,0.215385,-1,-1886,-2024
1754830514829,0x064,6,01 FF FF 8A 28 18,1,12.500000,5.158730,0.215385,-1,-1886,-2024
1754830514840,0x064,6,01 FF FF 8A 28 18,1,12.500000,5.158730,0.215385,-1,-1886,-2024
1754830514848,0x064,6,01 FF FF 8A 28 18,1,12.500000,5.158730,0.215385,-1,-1886,-2024
1754830514850,0x064,6,01 FF FF 8A 28 18,1,12.500000,5.158730,0.215385,-1,-1886,-2024
1754830514857,0x064,6,01 FF FF 8A 28 18,1,12.500000,5.158730,0.215385,-1,-1886,-2024
1754830514864,0x064,6,01 FF FF 8B 58 06,1,12.500000,5.761905,0.057143,-1,-1867,-2042
1754830514883,0x064,6,01 FF FF 8B 58 06,1,12.500000,5.761905,0.057143,-1,-1867,-2042
1754830514884,0x064,6,01 FF FF 8B 58 06,1,12.500000,5.761905,0.057143,-1,-1867,-2042
1754830514886,0x064,6,01 FF FF 8B 58 06,1,12.500000,5.761905,0.057143,-1,-1867,-2042
1754830514892,0x064,6,01 FF FF 8B 58 06,1,12.500000,5.761905,0.057143,-1,-1867,-2042
1754830514900,0x064,6,01 FF FF 8B 58 06,1,12.500000,5.761905,0.057143,-1,-1867,-2042
1754830514903,0x064,6,01 FF FF 8B 58 06,1,12.500000,5.761905,0.057143,-1,-1867,-2042
1754830514908,0x064,6,01 FF FF 8B 58 06,1,12.500000,5.761905,0.057143,-1,-1867,-2042
1754830514915,0x064,6,01 FF FF 8B 58 06,1,12.500000,5.761905,0.057143,-1,-1867,-2042
1754830514920,0x064,6,01 FF FF 8B 58 06,1,12.500000,5.761905,0.057143,-1,-1867,-2042
1754830514925,0x064,6,01 FF FF 8B 58 06,1,12.500000,5.761905,0.057143,-1,-1867,-2042
1754830514931,0x064,6,01 FF FF 8B 58 06,1,12.500000,5.761905,0.057143,-1,-1867,-2042
1754830514936,0x064,6,01 FF FF 8B 58 06,1,12.500000,5.761905,0.057143,-1,-1867,-2042
1754830514943,0x064,6,01 FF FF 8B 58 06,1,12.500000,5.761905,0.057143,-1,-1867,-2042
1754830514946,0x064,6,01 FF FF 8B 58 06,1,12.500000,5.761905,0.057143,-1,-1867,-2042
1754830514952,0x064,6,01 FF FF 8B 58 06,1,12.500000,5.761905,0.057143,-1,-1867,-2042
1754830514959,0x064,6,01 FF FF 8B 58 06,1,12.500000,5.761905,0.057143,-1,-1867,-2042
1754830514962,0x064,6,01 FF FF 8C 28 65,1,12.500000,6.174603,0.892308,-1,-1854,-1947
1754830514969,0x064,6,01 FF FF 8C 28 65,1,12.500000,6.174603,0.892308,-1,-1854,-1947
1754830514978,0x064,6,01 FF FF 8C 28 65,1,12.500000,6.174603,0.892308,-1,-1854,-1947
1754830514985,0x064,6,01 FF FF 8C 28 65,1,12.500000,6.174603,0.892308,-1,-1854,-1947
1754830514985,0x064,6,01 FF FF 8C 28 65,1,12.500000,6.174603,0.892308,-1,-1854,-1947
1754830514991,0x064,6,01 FF FF 8C 28 65,1,12.500000,6.174603,0.892308,-1,-1854,-1947
1754830514999,0x064,6,01 FF FF 8C 28 65,1,12.500000,6.174603,0.892308,-1,-1854,-1947
1754830515002,0x064,6,01 FF FF 8C 28 65,1,12.500000,6.174603,0.892308,-1,-1854,-1947
1754830515007,0x064,6,01 FF FF 8C 28 65,1,12.500000,6.174603,0.892308,-1,-1854,-1947
1754830515013,0x064,6,01 FF FF 8C 28 65,1,12.500000,6.174603,0.892308,-1,-1854,-1947
1754830515023,0x064,6,01 FF FF 8C 28 65,1,12.500000,6.174603,0.892308,-1,-1854,-1947
1754830515024,0x064,6,01 FF FF 8C 28 65,1,12.500000,6.174603,0.892308,-1,-1854,-1947
1754830515030,0x064,6,01 FF FF 8C 28 65,1,12.500000,6.174603,0.892308,-1,-1854,-1947
1754830515039,0x064,6,01 FF FF 8C 28 65,1,12.500000,6.174603,0.892308,-1,-1854,-1947
1754830515056,0x064,6,01 FF FF 8C 28 65,1,12.500000,6.174603,0.892308,-1,-1854,-1947
1754830515059,0x064,6,01 FF FF 8C 28 65,1,12.500000,6.174603,0.892308,-1,-1854,-1947
1754830515063,0x064,6,01 FF FF 8C 28 65,1,12.500000,6.174603,0.892308,-1,-1854,-1947
1754830515067,0x064,6,01 FF FF 8C C7 E2,1,12.500000,6.492063,-0.259341,-1,-1844,2018
1754830515077,0x064,6,01 FF FF 8C C7 E2,1,12.500000,6.492063,-0.259341,-1,-1844,2018
1754830515078,0x064,6,01 FF FF 8C C7 E2,1,12.500000,6.492063,-0.259341,-1,-1844,2018
1754830515083,0x064,6,01 FF FF 8C C7 E2,1,12.500000,6.492063,-0.259341,-1,-1844,2018
1754830515089,0x064,6,01 FF FF 8C C7 E2,1,12.500000,6.492063,-0.259341,-1,-1844,2018
1754830515094,0x064,6,01 FF FF 8C C7 E2,1,12.500000,6.492063,-0.259341,-1,-1844,2018
1754830515110,0x064,6,01 FF FF 8C C7 E2,1,12.500000,6.492063,-0.259341,-1,-1844,2018
1754830515110,0x064,6,01 FF FF 8C C7 E2,1,12.500000,6.492063,-0.259341,-1,-1844,2018
1754830515122,0x064,6,01 FF FF 8C C7 E2,1,12.500000,6.492063,-0.259341,-1,-1844,2018
1754830515123,0x064,6,01 FF FF 8C C7 E2,1,12.500000,6.492063,-0.259341,-1,-1844,2018
1754830515127,0x064,6,01 FF FF 8C C7 E2,1,12.500000,6.492063,-0.259341,-1,-1844,2018
1754830515145,0x064,6,01 FF FF 8C C7 E2,1,12.500000,6.492063,-0.259341,-1,-1844,2018
1754830515152,0x064,6,01 FF FF 8C C7 E2,1,12.500000,6.492063,-0.259341,-1,-1844,2018
1754830515152,0x064,6,01 FF FF 8C C7 E2,1,12.500000,6.492063,-0.259341,-1,-1844,2018
1754830515160,0x064,6,01 FF FF 8C C7 E2,1,12.500000,6.492063,-0.259341,-1,-1844,2018
1754830515166,0x064,6,01 FF FF 8D 98 6D,1,12.500000,6.904762,0.962637,-1,-1831,-1939
1754830515171,0x064,6,01 FF FF 8D 98 6D,1,12.500000,6.904762,0.962637,-1,-1831,-1939
1754830515172,0x064,6,01 FF FF 8D 98 6D,1,12.500000,6.904762,0.962637,-1,-1831,-1939
1754830515181,0x064,6,01 FF FF 8D 98 6D,1,12.500000,6.904762,0.962637,-1,-1831,-1939
1754830515186,0x064,6,01 FF FF 8D 98 6D,1,12.500000,6.904762,0.962637,-1,-1831,-1939
1754830515192,0x064,6,01 FF FF 8D 98 6D,1,12.500000,6.904762,0.962637,-1,-1831,-1939
1754830515199,0x064,6,01 FF FF 8D 98 6D,1,12.500000,6.904762,0.962637,-1,-1831,-1939
1754830515209,0x064,6,01 FF FF 8D 98 6D,1,12.500000,6.904762,0.962637,-1,-1831,-1939
1754830515212,0x064,6,01 FF FF 8D 98 6D,1,12.500000,6.904762,0.962637,-1,-1831,-1939
1754830515218,0x064,6,01 FF FF 8D 98 6D,1,12.500000,6.904762,0.962637,-1,-1831,-1939
1754830515227,0x064,6,01 FF FF 8D 98 6D,1,12.500000,6.904762,0.962637,-1,-1831,-1939
1754830515230,0x064,6,01 FF FF 8D 98 6D,1,12.500000,6.904762,0.962637,-1,-1831,-1939
1754830515235,0x064,6,01 FF FF 8D 98 6D,1,12.500000,6.904762,0.962637,-1,-1831,-1939
1754830515244,0x064,6,01 FF FF 8D 98 6D,1,12.500000,6.904762,0.962637,-1,-1831,-1939
1754830515248,0x064,6,01 FF FF 8D 98 6D,1,12.500000,6.904762,0.962637,-1,-1831,-1939
1754830515251,0x064,6,01 FF FF 8D 98 6D,1,12.500000,6.904762,0.962637,-1,-1831,-1939
1754830515256,0x064,6,01 FF FF 8D 98 6D,1,12.500000,6.904762,0.962637,-1,-1831,-1939
1754830515262,0x064,6,01 FF FF 8E 18 4B,1,12.500000,7.158730,0.663736,-1,-1823,-1973
1754830515267,0x064,6,01 FF FF 8E 18 4B,1,12.500000,7.158730,0.663736,-1,-1823,-1973
1754830515273,0x064,6,01 FF FF 8E 18 4B,1,12.500000,7.158730,0.663736,-1,-1823,-1973
1754830515282,0x064,6,01 FF FF 8E 18 4B,1,12.500000,7.158730,0.663736,-1,-1823,-1973
1754830515292,0x064,6,01 FF FF 8E 18 4B,1,12.500000,7.158730,0.663736,-1,-1823,-1973
1754830515292,0x064,6,01 FF FF 8E 18 4B,1,12.500000,7.158730,0.663736,-1,-1823,-1973
1754830515298,0x064,6,01 FF FF 8E 18 4B,1,12.500000,7.158730,0.663736,-1,-1823,-1973
1754830515310,0x064,6,01 FF FF 8E 18 4B,1,12.500000,7.158730,0.663736,-1,-1823,-1973
1754830515315,0x064,6,01 FF FF 8E 18 4B,1,12.500000,7.158730,0.663736,-1,-1823,-1973
1754830515321,0x064,6,01 FF FF 8E 18 4B,1,12.500000,7.158730,0.663736,-1,-1823,-1973
1754830515327,0x064,6,01 FF FF 8E 18 4B,1,12.500000,7.158730,0.663736,-1,-1823,-1973
1754830515331,0x064,6,01 FF FF 8E 18 4B,1,12.500000,7.158730,0.663736,-1,-1823,-1973
1754830515335,0x064,6,01 FF FF 8E 18 4B,1,12.500000,7.158730,0.663736,-1,-1823,-1973
1754830515340,0x064,6,01 FF FF 8E 18 4B,1,12.500000,7.158730,0.663736,-1,-1823,-1973
1754830515351,0x064,6,01 FF FF 8E 18 4B,1,12.500000,7.158730,0.663736,-1,-1823,-1973
1754830515352,0x064,6,01 FF FF 8E 18 4B,1,12.500000,7.158730,0.663736,-1,-1823,-1973
1754830515358,0x064,6,01 FF FF 8E 18 4B,1,12.500000,7.158730,0.663736,-1,-1823,-1973
1754830515367,0x064,6,01 FF FF 8E 58 18,1,12.500000,7.285714,0.215385,-1,-1819,-2024
1754830515370,0x064,6,01 FF FF 8E 58 18,1,12.500000,7.285714,0.215385,-1,-1819,-2024
1754830515375,0x064,6,01 FF FF 8E 58 18,1,12.500000,7.285714,0.215385,-1,-1819,-2024
1754830515394,0x064,6,01 FF FF 8E 58 18,1,12.500000,7.285714,0.215385,-1,-1819,-2024
1754830515394,0x064,6,01 FF FF 8E 58 18,1,12.500000,7.285714,0.215385,-1,-1819,-2024
1754830515395,0x064,6,01 FF FF 8E 58 18,1,12.500000,7.285714,0.215385,-1,-1819,-2024
1754830515412,0x064,6,01 FF FF 8E 58 18,1,12.500000,7.285714,0.215385,-1,-1819,-2024
1754830515417,0x064,6,01 FF FF 8E 58 18,1,12.500000,7.285714,0.215385,-1,-1819,-2024
1754830515432,0x064,6,01 FF FF 8E 58 18,1,12.500000,7.285714,0.215385,-1,-1819,-2024
1754830515437,0x064,6,01 FF FF 8E 58 18,1,12.500000,7.285714,0.215385,-1,-1819,-2024
1754830515439,0x064,6,01 FF FF 8E 58 18,1,12.500000,7.285714,0.215385,-1,-1819,-2024
1754830515446,0x064,6,01 FF FF 8E 58 18,1,12.500000,7.285714,0.215385,-1,-1819,-2024
1754830515449,0x064,6,01 FF FF 8E 58 18,1,12.500000,7.285714,0.215385,-1,-1819,-2024
1754830515467,0x064,6,01 FF FF 8E 58 18,1,12.500000,7.285714,0.215385,-1,-1819,-2024
1754830515473,0x064,6,01 FF FF 8F 68 27,1,12.500000,7.825397,0.347253,-1,-1802,-2009
1754830515483,0x064,6,01 FF FF 8F 68 27,1,12.500000,7.825397,0.347253,-1,-1802,-2009
1754830515486,0x064,6,01 FF FF 8F 68 27,1,12.500000,7.825397,0.347253,-1,-1802,-2009
1754830515490,0x064,6,01 FF FF 8F 68 27,1,12.500000,7.825397,0.347253,-1,-1802,-2009
1754830515499,0x064,6,01 FF FF 8F 68 27,1,12.500000,7.825397,0.347253,-1,-1802,-2009
1754830515499,0x064,6,01 FF FF 8F 68 27,1,12.500000,7.825397,0.347253,-1,-1802,-2009
1754830515500,0x064,6,01 FF FF 8F 68 27,1,12.500000,7.825397,0.347253,-1,-1802,-2009
1754830515510,0x064,6,01 FF FF 8F 68 27,1,12.500000,7.825397,0.347253,-1,-1802,-2009
1754830515511,0x064,6,01 FF FF 8F 68 27,1,12.500000,7.825397,0.347253,-1,-1802,-2009
1754830515517,0x064,6,01 FF FF 8F 68 27,1,12.500000,7.825397,0.347253,-1,-1802,-2009
1754830515523,0x064,6,01 FF FF 8F 68 27,1,12.500000,7.825397,0.347253,-1,-1802,-2009
1754830515531,0x064,6,01 FF FF 8F 68 27,1,12.500000,7.825397,0.347253,-1,-1802,-2009
1754830515538,0x064,6,01 FF FF 8F 68 27,1,12.500000,7.825397,0.347253,-1,-1802,-2009
1754830515546,0x064,6,01 FF FF 8F 68 27,1,12.500000,7.825397,0.347253,-1,-1802,-2009
1754830515551,0x064,6,01 FF FF 8F 68 27,1,12.500000,7.825397,0.347253,-1,-1802,-2009
1754830515561,0x064,6,01 FF FF 8F 68 27,1,12.500000,7.825397,0.347253,-1,-1802,-2009
1754830515580,0x064,6,01 FF FF 8F 58 1E,1,12.500000,7.793651,0.268132,-1,-1803,-2018
1754830515582,0x064,6,01 FF FF 8F 58 1E,1,12.500000,7.793651,0.268132,-1,-1803,-2018
1754830515582,0x064,6,01 FF FF 8F 58 1E,1,12.500000,7.793651,0.268132,-1,-1803,-2018
1754830515582,0x064,6,01 FF FF 8F 58 1E,1,12.500000,7.793651,0.268132,-1,-1803,-2018
1754830515589,0x064,6,01 FF FF 8F 58 1E,1,12.500000,7.793651,0.268132,-1,-1803,-2018
1754830515592,0x064,6,01 FF FF 8F 58 1E,1,12.500000,7.793651,0.268132,-1,-1803,-2018
1754830515597,0x064,6,01 FF FF 8F 58 1E,1,12.500000,7.793651,0.268132,-1,-1803,-2018
1754830515603,0x064,6,01 FF FF 8F 58 1E,1,12.500000,7.793651,0.268132,-1,-1803,-2018
1754830515608,0x064,6,01 FF FF 8F 58 1E,1,12.500000,7.793651,0.268132,-1,-1803,-2018
1754830515616,0x064,6,01 FF FF 8F 58 1E,1,12.500000,7.793651,0.268132,-1,-1803,-2018
1754830515618,0x064,6,01 FF FF 8F 58 1E,1,12.500000,7.793651,0.268132,-1,-1803,-2018
1754830515625,0x064,6,01 FF FF 8F 58 1E,1,12.500000,7.793651,0.268132,-1,-1803,-2018
1754830515631,0x064,6,01 FF FF 8F 58 1E,1,12.500000,7.793651,0.268132,-1,-1803,-2018
1754830515636,0x064,6,01 FF FF 8F 58 1E,1,12.500000,7.793651,0.268132,-1,-1803,-2018
1754830515643,0x064,6,01 FF FF 8F 58 1E,1,12.500000,7.793651,0.268132,-1,-1803,-2018
1754830515648,0x064,6,01 FF FF 8F 58 1E,1,12.500000,7.793651,0.268132,-1,-1803,-2018
1754830515655,0x064,6,01 FF FF 8F 58 1E,1,12.500000,7.793651,0.268132,-1,-1803,-2018
1754830515660,0x064,6,01 FF FF 8F 68 8B,1,12.500000,7.825397,1.226374,-1,-1802,-1909
1754830515666,0x064,6,01 FF FF 8F 68 8B,1,12.500000,7.825397,1.226374,-1,-1802,-1909
1754830515676,0x064,6,01 FF FF 8F 68 8B,1,12.500000,7.825397,1.226374,-1,-1802,-1909
1754830515678,0x064,6,01 FF FF 8F 68 8B,1,12.500000,7.825397,1.226374,-1,-1802,-1909
1754830515692,0x064,6,01 FF FF 8F 68 8B,1,12.500000,7.825397,1.226374,-1,-1802,-1909
1754830515692,0x064,6,01 FF FF 8F 68 8B,1,12.500000,7.825397,1.226374,-1,-1802,-1909
1754830515694,0x064,6,01 FF FF 8F 68 8B,1,12.500000,7.825397,1.226374,-1,-1802,-1909
1754830515709,0x064,6,01 FF FF 8F 68 8B,1,12.500000,7.825397,1.226374,-1,-1802,-1909
1754830515710,0x064,6,01 FF FF 8F 68 8B,1,12.500000,7.825397,1.226374,-1,-1802,-1909
1754830515714,0x064,6,01 FF FF 8F 68 8B,1,12.500000,7.825397,1.226374,-1,-1802,-1909
1754830515721,0x064,6,01 FF FF 8F 68 8B,1,12.500000,7.825397,1.226374,-1,-1802,-1909
1754830515726,0x064,6,01 FF FF 8F 68 8B,1,12.500000,7.825397,1.226374,-1,-1802,-1909
1754830515747,0x064,6,01 FF FF 8F 68 8B,1,12.500000,7.825397,1.226374,-1,-1802,-1909
1754830515748,0x064,6,01 FF FF 8F 68 8B,1,12.500000,7.825397,1.226374,-1,-1802,-1909
1754830515755,0x064,6,01 FF FF 8F 68 8B,1,12.500000,7.825397,1.226374,-1,-1802,-1909
1754830515757,0x064,6,01 FF FF 8F 68 8B,1,12.500000,7.825397,1.226374,-1,-1802,-1909
1754830515764,0x064,6,01 FF FF 90 78 3F,1,12.500000,8.365079,0.558242,-1,-1785,-1985
1754830515767,0x064,6,01 FF FF 90 78 3F,1,12.500000,8.365079,0.558242,-1,-1785,-1985
1754830515773,0x064,6,01 FF FF 90 78 3F,1,12.500000,8.365079,0.558242,-1,-1785,-1985
1754830515789,0x064,6,01 FF FF 90 78 3F,1,12.500000,8.365079,0.558242,-1,-1785,-1985
1754830515798,0x064,6,01 FF FF 90 78 3F,1,12.500000,8.365079,0.558242,-1,-1785,-1985
1754830515807,0x064,6,01 FF FF 90 78 3F,1,12.500000,8.365079,0.558242,-1,-1785,-1985
1754830515812,0x064,6,01 FF FF 90 78 3F,1,12.500000,8.365079,0.558242,-1,-1785,-1985
1754830515826,0x064,6,01 FF FF 90 78 3F,1,12.500000,8.365079,0.558242,-1,-1785,-1985
1754830515834,0x064,6,01 FF FF 90 78 3F,1,12.500000,8.365079,0.558242,-1,-1785,-1985
1754830515836,0x064,6,01 FF FF 90 78 3F,1,12.500000,8.365079,0.558242,-1,-1785,-1985
1754830515840,0x064,6,01 FF FF 90 78 3F,1,12.500000,8.365079,0.558242,-1,-1785,-1985
1754830515845,0x064,6,01 FF FF 90 78 3F,1,12.500000,8.365079,0.558242,-1,-1785,-1985
1754830515851,0x064,6,01 FF FF 90 78 3F,1,12.500000,8.365079,0.558242,-1,-1785,-1985
1754830515857,0x064,6,01 FF FF 90 78 3F,1,12.500000,8.365079,0.558242,-1,-1785,-1985
1754830515864,0x064,6,01 FF FF 93 18 1C,1,12.500000,9.698413,0.250549,-1,-1743,-2020
1754830515868,0x064,6,01 FF FF 93 18 1C,1,12.500000,9.698413,0.250549,-1,-1743,-2020
1754830515873,0x064,6,01 FF FF 93 18 1C,1,12.500000,9.698413,0.250549,-1,-1743,-2020
1754830515879,0x064,6,01 FF FF 93 18 1C,1,12.500000,9.698413,0.250549,-1,-1743,-2020
1754830515884,0x064,6,01 FF FF 93 18 1C,1,12.500000,9.698413,0.250549,-1,-1743,-2020
1754830515893,0x064,6,01 FF FF 93 18 1C,1,12.500000,9.698413,0.250549,-1,-1743,-2020
1754830515899,0x064,6,01 FF FF 93 18 1C,1,12.500000,9.698413,0.250549,-1,-1743,-2020
1754830515904,0x064,6,01 FF FF 93 18 1C,1,12.500000,9.698413,0.250549,-1,-1743,-2020
1754830515913,0x064,6,01 FF FF 93 18 1C,1,12.500000,9.698413,0.250549,-1,-1743,-2020
1754830515927,0x064,6,01 FF FF 93 18 1C,1,12.500000,9.698413,0.250549,-1,-1743,-2020
1754830515948,0x064,6,01 FF FF 93 18 1C,1,12.500000,9.698413,0.250549,-1,-1743,-2020
1754830515950,0x064,6,01 FF FF 93 18 1C,1,12.500000,9.698413,0.250549,-1,-1743,-2020
1754830515957,0x064,6,01 FF FF 93 18 1C,1,12.500000,9.698413,0.250549,-1,-1743,-2020
1754830515962,0x064,6,01 FF FF 93 18 1C,1,12.500000,9.698413,0.250549,-1,-1743,-2020
1754830515965,0x064,6,01 FF FF 93 F8 23,1,12.500000,10.142857,0.312088,-1,-1729,-2013
1754830515972,0x064,6,01 FF FF 93 F8 23,1,12.500000,10.142857,0.312088,-1,-1729,-2013
1754830515977,0x064,6,01 FF FF 93 F8 23,1,12.500000,10.142857,0.312088,-1,-1729,-2013
1754830515980,0x064,6,01 FF FF 93 F8 23,1,12.500000,10.142857,0.312088,-1,-1729,-2013
1754830515986,0x064,6,01 FF FF 93 F8 23,1,12.500000,10.142857,0.312088,-1,-1729,-2013
1754830515991,0x064,6,01 FF FF 93 F8 23,1,12.500000,10.142857,0.312088,-1,-1729,-2013
1754830515996,0x064,6,01 FF FF 93 F8 23,1,12.500000,10.142857,0.312088,-1,-1729,-2013
1754830516001,0x064,6,01 FF FF 93 F8 23,1,12.500000,10.142857,0.312088,-1,-1729,-2013
1754830516008,0x064,6,01 FF FF 93 F8 23,1,12.500000,10.142857,0.312088,-1,-1729,-2013
1754830516018,0x064,6,01 FF FF 93 F8 23,1,12.500000,10.142857,0.312088,-1,-1729,-2013
1754830516030,0x064,6,01 FF FF 93 F8 23,1,12.500000,10.142857,0.312088,-1,-1729,-2013
1754830516040,0x064,6,01 FF FF 93 F8 23,1,12.500000,10.142857,0.312088,-1,-1729,-2013
1754830516046,0x064,6,01 FF FF 93 F8 23,1,12.500000,10.142857,0.312088,-1,-1729,-2013
1754830516053,0x064,6,01 FF FF 93 F8 23,1,12.500000,10.142857,0.312088,-1,-1729,-2013
1754830516057,0x064,6,01 FF FF 93 F8 23,1,12.500000,10.142857,0.312088,-1,-1729,-2013
1754830516063,0x064,6,01 FF FF 94 A8 36,1,12.500000,10.492063,0.479121,-1,-1718,-1994
1754830516068,0x064,6,01 FF FF 94 A8 36,1,12.500000,10.492063,0.479121,-1,-1718,-1994
1754830516074,0x064,6,01 FF FF 94 A8 36,1,12.500000,10.492063,0.479121,-1,-1718,-1994
1754830516079,0x064,6,01 FF FF 94 A8 36,1,12.500000,10.492063,0.479121,-1,-1718,-1994
1754830516085,0x064,6,01 FF FF 94 A8 36,1,12.500000,10.492063,0.479121,-1,-1718,-1994
1754830516105,0x064,6,01 FF FF 94 A8 36,1,12.500000,10.492063,0.479121,-1,-1718,-1994
1754830516113,0x064,6,01 FF FF 94 A8 36,1,12.500000,10.492063,0.479121,-1,-1718,-1994
1754830516115,0x064,6,01 FF FF 94 A8 36,1,12.500000,10.492063,0.479121,-1,-1718,-1994
1754830516124,0x064,6,01 FF FF 94 A8 36,1,12.500000,10.492063,0.479121,-1,-1718,-1994
1754830516126,0x064,6,01 FF FF 94 A8 36,1,12.500000,10.492063,0.479121,-1,-1718,-1994
1754830516132,0x064,6,01 FF FF 94 A8 36,1,12.500000,10.492063,0.479121,-1,-1718,-1994
1754830516140,0x064,6,01 FF FF 94 A8 36,1,12.500000,10.492063,0.479121,-1,-1718,-1994
1754830516148,0x064,6,01 FF FF 94 A8 36,1,12.500000,10.492063,0.479121,-1,-1718,-1994
1754830516155,0x064,6,01 FF FF 94 A8 36,1,12.500000,10.492063,0.479121,-1,-1718,-1994
1754830516158,0x064,6,01 FF FF 94 A8 36,1,12.500000,10.492063,0.479121,-1,-1718,-1994
1754830516170,0x064,6,01 FF FF 96 18 7D,1,12.500000,11.222222,1.103297,-1,-1695,-1923
1754830516171,0x064,6,01 FF FF 96 18 7D,1,12.500000,11.222222,1.103297,-1,-1695,-1923
1754830516176,0x064,6,01 FF FF 96 18 7D,1,12.500000,11.222222,1.103297,-1,-1695,-1923
1754830516181,0x064,6,01 FF FF 96 18 7D,1,12.500000,11.222222,1.103297,-1,-1695,-1923
1754830516191,0x064,6,01 FF FF 96 18 7D,1,12.500000,11.222222,1.103297,-1,-1695,-1923
1754830516195,0x064,6,01 FF FF 96 18 7D,1,12.500000,11.222222,1.103297,-1,-1695,-1923
1754830516200,0x064,6,01 FF FF 96 18 7D,1,12.500000,11.222222,1.103297,-1,-1695,-1923
1754830516208,0x064,6,01 FF FF 96 18 7D,1,12.500000,11.222222,1.103297,-1,-1695,-1923
1754830516212,0x064,6,01 FF FF 96 18 7D,1,12.500000,11.222222,1.103297,-1,-1695,-1923
1754830516218,0x064,6,01 FF FF 96 18 7D,1,12.500000,11.222222,1.103297,-1,-1695,-1923
1754830516224,0x064,6,01 FF FF 96 18 7D,1,12.500000,11.222222,1.103297,-1,-1695,-1923
1754830516228,0x064,6,01 FF FF 96 18 7D,1,12.500000,11.222222,1.103297,-1,-1695,-1923
1754830516235,0x064,6,01 FF FF 96 18 7D,1,12.500000,11.222222,1.103297,-1,-1695,-1923
1754830516240,0x064,6,01 FF FF 96 18 7D,1,12.500000,11.222222,1.103297,-1,-1695,-1923
1754830516245,0x064,6,01 FF FF 96 18 7D,1,12.500000,11.222222,1.103297,-1,-1695,-1923
1754830516259,0x064,6,01 FF FF 96 18 7D,1,12.500000,11.222222,1.103297,-1,-1695,-1923
1754830516272,0x064,6,01 FF FF 96 18 7D,1,12.500000,11.222222,1.103297,-1,-1695,-1923
1754830516273,0x064,6,01 FF FF 96 18 49,1,12.500000,11.222222,0.646154,-1,-1695,-1975
1754830516273,0x064,6,01 FF FF 96 18 49,1,12.500000,11.222222,0.646154,-1,-1695,-1975
1754830516280,0x064,6,01 FF FF 96 18 49,1,12.500000,11.222222,0.646154,-1,-1695,-1975
1754830516285,0x064,6,01 FF FF 96 18 49,1,12.500000,11.222222,0.646154,-1,-1695,-1975
1754830516292,0x064,6,01 FF FF 96 18 49,1,12.500000,11.222222,0.646154,-1,-1695,-1975
1754830516297,0x064,6,01 FF FF 96 18 49,1,12.500000,11.222222,0.646154,-1,-1695,-1975
1754830516306,0x064,6,01 FF FF 96 18 49,1,12.500000,11.222222,0.646154,-1,-1695,-1975
1754830516307,0x064,6,01 FF FF 96 18 49,1,12.500000,11.222222,0.646154,-1,-1695,-1975
1754830516313,0x064,6,01 FF FF 96 18 49,1,12.500000,11.222222,0.646154,-1,-1695,-1975
1754830516322,0x064,6,01 FF FF 96 18 49,1,12.500000,11.222222,0.646154,-1,-1695,-1975
1754830516325,0x064,6,01 FF FF 96 18 49,1,12.500000,11.222222,0.646154,-1,-1695,-1975
1754830516333,0x064,6,01 FF FF 96 18 49,1,12.500000,11.222222,0.646154,-1,-1695,-1975
1754830516342,0x064,6,01 FF FF 96 18 49,1,12.500000,11.222222,0.646154,-1,-1695,-1975
1754830516343,0x064,6,01 FF FF 96 18 49,1,12.500000,11.222222,0.646154,-1,-1695,-1975
1754830516348,0x064,6,01 FF FF 96 18 49,1,12.500000,11.222222,0.646154,-1,-1695,-1975
1754830516354,0x064,6,01 FF FF 96 18 49,1,12.500000,11.222222,0.646154,-1,-1695,-1975
1754830516370,0x064,6,01 FF FF 96 18 49,1,12.500000,11.222222,0.646154,-1,-1695,-1975
1754830516370,0x064,6,01 FF FF 97 58 60,1,12.500000,11.857143,0.848352,-1,-1675,-1952
1754830516372,0x064,6,01 FF FF 97 58 60,1,12.500000,11.857143,0.848352,-1,-1675,-1952
1754830516378,0x064,6,01 FF FF 97 58 60,1,12.500000,11.857143,0.848352,-1,-1675,-1952
1754830516382,0x064,6,01 FF FF 97 58 60,1,12.500000,11.857143,0.848352,-1,-1675,-1952
1754830516398,0x064,6,01 FF FF 97 58 60,1,12.500000,11.857143,0.848352,-1,-1675,-1952
1754830516401,0x064,6,01 FF FF 97 58 60,1,12.500000,11.857143,0.848352,-1,-1675,-1952
1754830516409,0x064,6,01 FF FF 97 58 60,1,12.500000,11.857143,0.848352,-1,-1675,-1952
1754830516416,0x064,6,01 FF FF 97 58 60,1,12.500000,11.857143,0.848352,-1,-1675,-1952
1754830516420,0x064,6,01 FF FF 97 58 60,1,12.500000,11.857143,0.848352,-1,-1675,-1952
1754830516424,0x064,6,01 FF FF 97 58 60,1,12.500000,11.857143,0.848352,-1,-1675,-1952
1754830516430,0x064,6,01 FF FF 97 58 60,1,12.500000,11.857143,0.848352,-1,-1675,-1952
1754830516435,0x064,6,01 FF FF 97 58 60,1,12.500000,11.857143,0.848352,-1,-1675,-1952
1754830516440,0x064,6,01 FF FF 97 58 60,1,12.500000,11.857143,0.848352,-1,-1675,-1952
1754830516447,0x064,6,01 FF FF 97 58 60,1,12.500000,11.857143,0.848352,-1,-1675,-1952
1754830516455,0x064,6,01 FF FF 97 58 60,1,12.500000,11.857143,0.848352,-1,-1675,-1952
1754830516469,0x064,6,01 FF FF 97 58 60,1,12.500000,11.857143,0.848352,-1,-1675,-1952
1754830516473,0x064,6,01 FF FF 97 B7 F5,1,12.500000,12.047619,-0.092308,-1,-1669,2037
1754830516477,0x064,6,01 FF FF 97 B7 F5,1,12.500000,12.047619,-0.092308,-1,-1669,2037
1754830516483,0x064,6,01 FF FF 97 B7 F5,1,12.500000,12.047619,-0.092308,-1,-1669,2037
1754830516486,0x064,6,01 FF FF 97 B7 F5,1,12.500000,12.047619,-0.092308,-1,-1669,2037
1754830516491,0x064,6,01 FF FF 97 B7 F5,1,12.500000,12.047619,-0.092308,-1,-1669,2037
1754830516496,0x064,6,01 FF FF 97 B7 F5,1,12.500000,12.047619,-0.092308,-1,-1669,2037
1754830516502,0x064,6,01 FF FF 97 B7 F5,1,12.500000,12.047619,-0.092308,-1,-1669,2037
1754830516507,0x064,6,01 FF FF 97 B7 F5,1,12.500000,12.047619,-0.092308,-1,-1669,2037
1754830516512,0x064,6,01 FF FF 97 B7 F5,1,12.500000,12.047619,-0.092308,-1,-1669,2037
1754830516518,0x064,6,01 FF FF 97 B7 F5,1,12.500000,12.047619,-0.092308,-1,-1669,2037
1754830516525,0x064,6,01 FF FF 97 B7 F5,1,12.500000,12.047619,-0.092308,-1,-1669,2037
1754830516530,0x064,6,01 FF FF 97 B7 F5,1,12.500000,12.047619,-0.092308,-1,-1669,2037
1754830516537,0x064,6,01 FF FF 97 B7 F5,1,12.500000,12.047619,-0.092308,-1,-1669,2037
1754830516545,0x064,6,01 FF FF 97 B7 F5,1,12.500000,12.047619,-0.092308,-1,-1669,2037
1754830516547,0x064,6,01 FF FF 97 B7 F5,1,12.500000,12.047619,-0.092308,-1,-1669,2037
1754830516552,0x064,6,01 FF FF 97 B7 F5,1,12.500000,12.047619,-0.092308,-1,-1669,2037
1754830516561,0x064,6,01 FF FF 97 B7 F5,1,12.500000,12.047619,-0.092308,-1,-1669,2037
1754830516566,0x064,6,01 FF FF 98 78 79,1,12.500000,12.428571,1.068132,-1,-1657,-1927
1754830516569,0x064,6,01 FF FF 98 78 79,1,12.500000,12.428571,1.068132,-1,-1657,-1927
1754830516574,0x064,6,01 FF FF 98 78 79,1,12.500000,12.428571,1.068132,-1,-1657,-1927
1754830516579,0x064,6,01 FF FF 98 78 79,1,12.500000,12.428571,1.068132,-1,-1657,-1927
1754830516585,0x064,6,01 FF FF 98 78 79,1,12.500000,12.428571,1.068132,-1,-1657,-1927
1754830516591,0x064,6,01 FF FF 98 78 79,1,12.500000,12.428571,1.068132,-1,-1657,-1927
1754830516597,0x064,6,01 FF FF 98 78 79,1,12.500000,12.428571,1.068132,-1,-1657,-1927
1754830516603,0x064,6,01 FF FF 98 78 79,1,12.500000,12.428571,1.068132,-1,-1657,-1927
1754830516608,0x064,6,01 FF FF 98 78 79,1,12.500000,12.428571,1.068132,-1,-1657,-1927
1754830516613,0x064,6,01 FF FF 98 78 79,1,12.500000,12.428571,1.068132,-1,-1657,-1927
1754830516619,0x064,6,01 FF FF 98 78 79,1,12.500000,12.428571,1.068132,-1,-1657,-1927
1754830516625,0x064,6,01 FF FF 98 78 79,1,12.500000,12.428571,1.068132,-1,-1657,-1927
1754830516631,0x064,6,01 FF FF 98 78 79,1,12.500000,12.428571,1.068132,-1,-1657,-1927
1754830516643,0x064,6,01 FF FF 98 78 79,1,12.500000,12.428571,1.068132,-1,-1657,-1927
1754830516645,0x064,6,01 FF FF 98 78 79,1,12.500000,12.428571,1.068132,-1,-1657,-1927
1754830516649,0x064,6,01 FF FF 98 78 79,1,12.500000,12.428571,1.068132,-1,-1657,-1927
1754830516658,0x064,6,01 FF FF 98 78 79,1,12.500000,12.428571,1.068132,-1,-1657,-1927
1754830516659,0x064,6,01 FF FF 98 78 79,1,12.500000,12.428571,1.068132,-1,-1657,-1927
1754830516667,0x064,6,01 FF FF 99 E8 AF,1,12.500000,13.158730,1.542857,-1,-1634,-1873
1754830516671,0x064,6,01 FF FF 99 E8 AF,1,12.500000,13.158730,1.542857,-1,-1634,-1873
1754830516675,0x064,6,01 FF FF 99 E8 AF,1,12.500000,13.158730,1.542857,-1,-1634,-1873
1754830516681,0x064,6,01 FF FF 99 E8 AF,1,12.500000,13.158730,1.542857,-1,-1634,-1873
1754830516686,0x064,6,01 FF FF 99 E8 AF,1,12.500000,13.158730,1.542857,-1,-1634,-1873
1754830516691,0x064,6,01 FF FF 99 E8 AF,1,12.500000,13.158730,1.542857,-1,-1634,-1873
1754830516702,0x064,6,01 FF FF 99 E8 AF,1,12.500000,13.158730,1.542857,-1,-1634,-1873
1754830516703,0x064,6,01 FF FF 99 E8 AF,1,12.500000,13.158730,1.542857,-1,-1634,-1873
1754830516708,0x064,6,01 FF FF 99 E8 AF,1,12.500000,13.158730,1.542857,-1,-1634,-1873
1754830516716,0x064,6,01 FF FF 99 E8 AF,1,12.500000,13.158730,1.542857,-1,-1634,-1873
1754830516728,0x064,6,01 FF FF 99 E8 AF,1,12.500000,13.158730,1.542857,-1,-1634,-1873
1754830516754,0x064,6,01 FF FF 99 E8 AF,1,12.500000,13.158730,1.542857,-1,-1634,-1873
1754830516760,0x064,6,01 FF FF 99 E8 AF,1,12.500000,13.158730,1.542857,-1,-1634,-1873
1754830516761,0x064,6,01 FF FF 99 E8 AF,1,12.500000,13.158730,1.542857,-1,-1634,-1873
1754830516768,0x064,6,01 FF FF 99 E8 AF,1,12.500000,13.158730,1.542857,-1,-1634,-1873
1754830516777,0x064,6,01 FF FF 9C 58 6D,1,12.500000,14.396825,0.962637,-1,-1595,-1939
1754830516781,0x064,6,01 FF FF 9C 58 6D,1,12.500000,14.396825,0.962637,-1,-1595,-1939
1754830516784,0x064,6,01 FF FF 9C 58 6D,1,12.500000,14.396825,0.962637,-1,-1595,-1939
1754830516788,0x064,6,01 FF FF 9C 58 6D,1,12.500000,14.396825,0.962637,-1,-1595,-1939
1754830516796,0x064,6,01 FF FF 9C 58 6D,1,12.500000,14.396825,0.962637,-1,-1595,-1939
1754830516798,0x064,6,01 FF FF 9C 58 6D,1,12.500000,14.396825,0.962637,-1,-1595,-1939
1754830516804,0x064,6,01 FF FF 9C 58 6D,1,12.500000,14.396825,0.962637,-1,-1595,-1939
1754830516809,0x064,6,01 FF FF 9C 58 6D,1,12.500000,14.396825,0.962637,-1,-1595,-1939
1754830516814,0x064,6,01 FF FF 9C 58 6D,1,12.500000,14.396825,0.962637,-1,-1595,-1939
1754830516828,0x064,6,01 FF FF 9C 58 6D,1,12.500000,14.396825,0.962637,-1,-1595,-1939
1754830516831,0x064,6,01 FF FF 9C 58 6D,1,12.500000,14.396825,0.962637,-1,-1595,-1939
1754830516844,0x064,6,01 FF FF 9C 58 6D,1,12.500000,14.396825,0.962637,-1,-1595,-1939
1754830516850,0x064,6,01 FF FF 9C 58 6D,1,12.500000,14.396825,0.962637,-1,-1595,-1939
1754830516856,0x064,6,01 FF FF 9C 58 6D,1,12.500000,14.396825,0.962637,-1,-1595,-1939
1754830516882,0x064,6,01 FF FF 9C 58 6D,1,12.500000,14.396825,0.962637,-1,-1595,-1939
1754830516887,0x064,6,01 FF FF 9F 38 51,1,12.500000,15.857143,0.716484,-1,-1549,-1967
1754830516887,0x064,6,01 FF FF 9F 38 51,1,12.500000,15.857143,0.716484,-1,-1549,-1967
1754830516888,0x064,6,01 FF FF 9F 38 51,1,12.500000,15.857143,0.716484,-1,-1549,-1967
1754830516889,0x064,6,01 FF FF 9F 38 51,1,12.500000,15.857143,0.716484,-1,-1549,-1967
1754830516894,0x064,6,01 FF FF 9F 38 51,1,12.500000,15.857143,0.716484,-1,-1549,-1967
1754830516903,0x064,6,01 FF FF 9F 38 51,1,12.500000,15.857143,0.716484,-1,-1549,-1967
1754830516904,0x064,6,01 FF FF 9F 38 51,1,12.500000,15.857143,0.716484,-1,-1549,-1967
1754830516912,0x064,6,01 FF FF 9F 38 51,1,12.500000,15.857143,0.716484,-1,-1549,-1967
1754830516916,0x064,6,01 FF FF 9F 38 51,1,12.500000,15.857143,0.716484,-1,-1549,-1967
1754830516930,0x064,6,01 FF FF 9F 38 51,1,12.500000,15.857143,0.716484,-1,-1549,-1967
1754830516936,0x064,6,01 FF FF 9F 38 51,1,12.500000,15.857143,0.716484,-1,-1549,-1967
1754830516951,0x064,6,01 FF FF 9F 38 51,1,12.500000,15.857143,0.716484,-1,-1549,-1967
1754830516968,0x064,6,01 FF FF 9F 38 51,1,12.500000,15.857143,0.716484,-1,-1549,-1967
1754830516976,0x064,6,01 FF FF A0 A8 2C,1,12.500000,16.587302,0.391209,-1,-1526,-2004
1754830516983,0x064,6,01 FF FF A0 A8 2C,1,12.500000,16.587302,0.391209,-1,-1526,-2004
1754830516997,0x064,6,01 FF FF A0 A8 2C,1,12.500000,16.587302,0.391209,-1,-1526,-2004
1754830516997,0x064,6,01 FF FF A0 A8 2C,1,12.500000,16.587302,0.391209,-1,-1526,-2004
1754830517005,0x064,6,01 FF FF A0 A8 2C,1,12.500000,16.587302,0.391209,-1,-1526,-2004
1754830517027,0x064,6,01 FF FF A0 A8 2C,1,12.500000,16.587302,0.391209,-1,-1526,-2004
1754830517029,0x064,6,01 FF FF A0 A8 2C,1,12.500000,16.587302,0.391209,-1,-1526,-2004
1754830517055,0x064,6,01 FF FF A0 A8 2C,1,12.500000,16.587302,0.391209,-1,-1526,-2004
1754830517058,0x064,6,01 FF FF A0 A8 2C,1,12.500000,16.587302,0.391209,-1,-1526,-2004
1754830517063,0x064,6,01 FF FF A0 A8 2C,1,12.500000,16.587302,0.391209,-1,-1526,-2004
1754830517065,0x064,6,01 FF FF A0 A8 2C,1,12.500000,16.587302,0.391209,-1,-1526,-2004
1754830517079,0x064,6,01 FF FF A0 A8 2C,1,12.500000,16.587302,0.391209,-1,-1526,-2004
1754830517084,0x064,6,01 FF FF A2 48 0B,1,12.500000,17.412698,0.101099,-1,-1500,-2037
1754830517085,0x064,6,01 FF FF A2 48 0B,1,12.500000,17.412698,0.101099,-1,-1500,-2037
1754830517085,0x064,6,01 FF FF A2 48 0B,1,12.500000,17.412698,0.101099,-1,-1500,-2037
1754830517086,0x064,6,01 FF FF A2 48 0B,1,12.500000,17.412698,0.101099,-1,-1500,-2037
1754830517091,0x064,6,01 FF FF A2 48 0B,1,12.500000,17.412698,0.101099,-1,-1500,-2037
1754830517104,0x064,6,01 FF FF A2 48 0B,1,12.500000,17.412698,0.101099,-1,-1500,-2037
1754830517105,0x064,6,01 FF FF A2 48 0B,1,12.500000,17.412698,0.101099,-1,-1500,-2037
1754830517115,0x064,6,01 FF FF A2 48 0B,1,12.500000,17.412698,0.101099,-1,-1500,-2037
1754830517117,0x064,6,01 FF FF A2 48 0B,1,12.500000,17.412698,0.101099,-1,-1500,-2037
1754830517122,0x064,6,01 FF FF A2 48 0B,1,12.500000,17.412698,0.101099,-1,-1500,-2037
1754830517127,0x064,6,01 FF FF A2 48 0B,1,12.500000,17.412698,0.101099,-1,-1500,-2037
1754830517132,0x064,6,01 FF FF A2 48 0B,1,12.500000,17.412698,0.101099,-1,-1500,-2037
1754830517138,0x064,6,01 FF FF A2 48 0B,1,12.500000,17.412698,0.101099,-1,-1500,-2037
1754830517143,0x064,6,01 FF FF A2 48 0B,1,12.500000,17.412698,0.101099,-1,-1500,-2037
1754830517149,0x064,6,01 FF FF A2 48 0B,1,12.500000,17.412698,0.101099,-1,-1500,-2037
1754830517154,0x064,6,01 FF FF A2 48 0B,1,12.500000,17.412698,0.101099,-1,-1500,-2037
1754830517162,0x064,6,01 FF FF A2 48 0B,1,12.500000,17.412698,0.101099,-1,-1500,-2037
1754830517165,0x064,6,01 FF FF A3 D8 4A,1,12.500000,18.206349,0.654945,-1,-1475,-1974
1754830517171,0x064,6,01 FF FF A3 D8 4A,1,12.500000,18.206349,0.654945,-1,-1475,-1974
1754830517177,0x064,6,01 FF FF A3 D8 4A,1,12.500000,18.206349,0.654945,-1,-1475,-1974
1754830517187,0x064,6,01 FF FF A3 D8 4A,1,12.500000,18.206349,0.654945,-1,-1475,-1974
1754830517195,0x064,6,01 FF FF A3 D8 4A,1,12.500000,18.206349,0.654945,-1,-1475,-1974
1754830517207,0x064,6,01 FF FF A3 D8 4A,1,12.500000,18.206349,0.654945,-1,-1475,-1974
1754830517242,0x064,6,01 FF FF A3 D8 4A,1,12.500000,18.206349,0.654945,-1,-1475,-1974
1754830517249,0x064,6,01 FF FF A3 D8 4A,1,12.500000,18.206349,0.654945,-1,-1475,-1974
1754830517251,0x064,6,01 FF FF A3 D8 4A,1,12.500000,18.206349,0.654945,-1,-1475,-1974
1754830517259,0x064,6,01 FF FF A3 D8 4A,1,12.500000,18.206349,0.654945,-1,-1475,-1974
1754830517270,0x064,6,01 FF FF A3 D8 4A,1,12.500000,18.206349,0.654945,-1,-1475,-1974
1754830517275,0x064,6,01 FF FF A3 D8 4A,1,12.500000,18.206349,0.654945,-1,-1475,-1974
1754830517278,0x064,6,01 FF FF A3 D8 4A,1,12.500000,18.206349,0.654945,-1,-1475,-1974
1754830517278,0x064,6,01 FF FF A5 C7 EB,1,12.500000,19.190476,-0.180220,-1,-1444,2027
1754830517286,0x064,6,01 FF FF A5 C7 EB,1,12.500000,19.190476,-0.180220,-1,-1444,2027
1754830517291,0x064,6,01 FF FF A5 C7 EB,1,12.500000,19.190476,-0.180220,-1,-1444,2027
1754830517296,0x064,6,01 FF FF A5 C7 EB,1,12.500000,19.190476,-0.180220,-1,-1444,2027
1754830517302,0x064,6,01 FF FF A5 C7 EB,1,12.500000,19.190476,-0.180220,-1,-1444,2027
1754830517309,0x064,6,01 FF FF A5 C7 EB,1,12.500000,19.190476,-0.180220,-1,-1444,2027
1754830517316,0x064,6,01 FF FF A5 C7 EB,1,12.500000,19.190476,-0.180220,-1,-1444,2027
1754830517318,0x064,6,01 FF FF A5 C7 EB,1,12.500000,19.190476,-0.180220,-1,-1444,2027
1754830517324,0x064,6,01 FF FF A5 C7 EB,1,12.500000,19.190476,-0.180220,-1,-1444,2027
1754830517343,0x064,6,01 FF FF A5 C7 EB,1,12.500000,19.190476,-0.180220,-1,-1444,2027
1754830517369,0x064,6,01 FF FF A5 C7 EB,1,12.500000,19.190476,-0.180220,-1,-1444,2027
1754830517381,0x064,6,01 FF FF A5 C7 EB,1,12.500000,19.190476,-0.180220,-1,-1444,2027
1754830517381,0x064,6,01 FF FF A6 88 1A,1,12.500000,19.571429,0.232967,-1,-1432,-2022
1754830517381,0x064,6,01 FF FF A6 88 1A,1,12.500000,19.571429,0.232967,-1,-1432,-2022
1754830517381,0x064,6,01 FF FF A6 88 1A,1,12.500000,19.571429,0.232967,-1,-1432,-2022
1754830517384,0x064,6,01 FF FF A6 88 1A,1,12.500000,19.571429,0.232967,-1,-1432,-2022
1754830517398,0x064,6,01 FF FF A6 88 1A,1,12.500000,19.571429,0.232967,-1,-1432,-2022
1754830517410,0x064,6,01 FF FF A6 88 1A,1,12.500000,19.571429,0.232967,-1,-1432,-2022
1754830517410,0x064,6,01 FF FF A6 88 1A,1,12.500000,19.571429,0.232967,-1,-1432,-2022
1754830517413,0x064,6,01 FF FF A6 88 1A,1,12.500000,19.571429,0.232967,-1,-1432,-2022
1754830517421,0x064,6,01 FF FF A6 88 1A,1,12.500000,19.571429,0.232967,-1,-1432,-2022
1754830517430,0x064,6,01 FF FF A6 88 1A,1,12.500000,19.571429,0.232967,-1,-1432,-2022
1754830517435,0x064,6,01 FF FF A6 88 1A,1,12.500000,19.571429,0.232967,-1,-1432,-2022
1754830517444,0x064,6,01 FF FF A6 88 1A,1,12.500000,19.571429,0.232967,-1,-1432,-2022
1754830517477,0x064,6,01 FF FF A6 88 1A,1,12.500000,19.571429,0.232967,-1,-1432,-2022
1754830517483,0x064,6,01 FF FF A6 88 1A,1,12.500000,19.571429,0.232967,-1,-1432,-2022
1754830517486,0x064,6,01 FF FF A6 88 1A,1,12.500000,19.571429,0.232967,-1,-1432,-2022
1754830517492,0x064,6,01 FF FF A8 58 4D,1,12.500000,20.492063,0.681319,-1,-1403,-1971
1754830517497,0x064,6,01 FF FF A8 58 4D,1,12.500000,20.492063,0.681319,-1,-1403,-1971
1754830517497,0x064,6,01 FF FF A8 58 4D,1,12.500000,20.492063,0.681319,-1,-1403,-1971
1754830517500,0x064,6,01 FF FF A8 58 4D,1,12.500000,20.492063,0.681319,-1,-1403,-1971
1754830517514,0x064,6,01 FF FF A8 58 4D,1,12.500000,20.492063,0.681319,-1,-1403,-1971
1754830517529,0x064,6,01 FF FF A8 58 4D,1,12.500000,20.492063,0.681319,-1,-1403,-1971
1754830517529,0x064,6,01 FF FF A8 58 4D,1,12.500000,20.492063,0.681319,-1,-1403,-1971
1754830517532,0x064,6,01 FF FF A8 58 4D,1,12.500000,20.492063,0.681319,-1,-1403,-1971
1754830517545,0x064,6,01 FF FF A8 58 4D,1,12.500000,20.492063,0.681319,-1,-1403,-1971
1754830517549,0x064,6,01 FF FF A8 58 4D,1,12.500000,20.492063,0.681319,-1,-1403,-1971
1754830517549,0x064,6,01 FF FF A8 58 4D,1,12.500000,20.492063,0.681319,-1,-1403,-1971
1754830517554,0x064,6,01 FF FF A8 58 4D,1,12.500000,20.492063,0.681319,-1,-1403,-1971
1754830517559,0x064,6,01 FF FF A8 58 4D,1,12.500000,20.492063,0.681319,-1,-1403,-1971
1754830517563,0x064,6,01 FF FF AA C8 15,1,12.500000,21.730159,0.189011,-1,-1364,-2027
1754830517568,0x064,6,01 FF FF AA C8 15,1,12.500000,21.730159,0.189011,-1,-1364,-2027
1754830517574,0x064,6,01 FF FF AA C8 15,1,12.500000,21.730159,0.189011,-1,-1364,-2027
1754830517579,0x064,6,01 FF FF AA C8 15,1,12.500000,21.730159,0.189011,-1,-1364,-2027
1754830517585,0x064,6,01 FF FF AA C8 15,1,12.500000,21.730159,0.189011,-1,-1364,-2027
1754830517590,0x064,6,01 FF FF AA C8 15,1,12.500000,21.730159,0.189011,-1,-1364,-2027
1754830517596,0x064,6,01 FF FF AA C8 15,1,12.500000,21.730159,0.189011,-1,-1364,-2027
1754830517602,0x064,6,01 FF FF AA C8 15,1,12.500000,21.730159,0.189011,-1,-1364,-2027
1754830517607,0x064,6,01 FF FF AA C8 15,1,12.500000,21.730159,0.189011,-1,-1364,-2027
1754830517622,0x064,6,01 FF FF AA C8 15,1,12.500000,21.730159,0.189011,-1,-1364,-2027
1754830517622,0x064,6,01 FF FF AA C8 15,1,12.500000,21.730159,0.189011,-1,-1364,-2027
1754830517627,0x064,6,01 FF FF AA C8 15,1,12.500000,21.730159,0.189011,-1,-1364,-2027
1754830517633,0x064,6,01 FF FF AA C8 15,1,12.500000,21.730159,0.189011,-1,-1364,-2027
1754830517638,0x064,6,01 FF FF AA C8 15,1,12.500000,21.730159,0.189011,-1,-1364,-2027
1754830517644,0x064,6,01 FF FF AA C8 15,1,12.500000,21.730159,0.189011,-1,-1364,-2027
1754830517652,0x064,6,01 FF FF AA C8 15,1,12.500000,21.730159,0.189011,-1,-1364,-2027
1754830517675,0x064,6,01 FF FF AA C8 15,1,12.500000,21.730159,0.189011,-1,-1364,-2027
1754830517680,0x064,6,01 FF FF AA 48 2E,1,12.500000,21.476190,0.408791,-1,-1372,-2002
1754830517722,0x064,6,01 FF FF AA 48 2E,1,12.500000,21.476190,0.408791,-1,-1372,-2002
1754830517737,0x064,6,01 FF FF AA 48 2E,1,12.500000,21.476190,0.408791,-1,-1372,-2002
1754830517742,0x064,6,01 FF FF AA 48 2E,1,12.500000,21.476190,0.408791,-1,-1372,-2002
1754830517755,0x064,6,01 FF FF AA 48 2E,1,12.500000,21.476190,0.408791,-1,-1372,-2002
1754830517762,0x064,6,01 FF FF AA 48 2E,1,12.500000,21.476190,0.408791,-1,-1372,-2002
1754830517790,0x064,6,01 FF FF AA 48 2E,1,12.500000,21.476190,0.408791,-1,-1372,-2002
1754830517802,0x064,6,01 FF FF AA 48 2E,1,12.500000,21.476190,0.408791,-1,-1372,-2002
1754830517809,0x064,6,01 FF FF AA 48 2E,1,12.500000,21.476190,0.408791,-1,-1372,-2002
1754830517812,0x064,6,01 FF FF AA 48 2E,1,12.500000,21.476190,0.408791,-1,-1372,-2002
1754830517813,0x064,6,01 FF FF AD 87 EE,1,12.500000,23.126984,-0.153846,-1,-1320,2030
1754830517816,0x064,6,01 FF FF AD 87 EE,1,12.500000,23.126984,-0.153846,-1,-1320,2030
1754830517818,0x064,6,01 FF FF AD 87 EE,1,12.500000,23.126984,-0.153846,-1,-1320,2030
1754830517822,0x064,6,01 FF FF AD 87 EE,1,12.500000,23.126984,-0.153846,-1,-1320,2030
1754830517828,0x064,6,01 FF FF AD 87 EE,1,12.500000,23.126984,-0.153846,-1,-1320,2030
1754830517831,0x064,6,01 FF FF AD 87 EE,1,12.500000,23.126984,-0.153846,-1,-1320,2030
1754830517839,0x064,6,01 FF FF AD 87 EE,1,12.500000,23.126984,-0.153846,-1,-1320,2030
1754830517850,0x064,6,01 FF FF AD 87 EE,1,12.500000,23.126984,-0.153846,-1,-1320,2030
1754830517861,0x064,6,01 FF FF AD 87 EE,1,12.500000,23.126984,-0.153846,-1,-1320,2030
1754830517862,0x064,6,01 FF FF AD 87 EE,1,12.500000,23.126984,-0.153846,-1,-1320,2030
1754830517866,0x064,6,01 FF FF AD 87 EE,1,12.500000,23.126984,-0.153846,-1,-1320,2030
1754830517870,0x064,6,01 FF FF AD 87 EE,1,12.500000,23.126984,-0.153846,-1,-1320,2030
1754830517877,0x064,6,01 FF FF AD 38 19,1,12.500000,22.968254,0.224176,-1,-1325,-2023
1754830517887,0x064,6,01 FF FF AD 38 19,1,12.500000,22.968254,0.224176,-1,-1325,-2023
1754830517892,0x064,6,01 FF FF AD 38 19,1,12.500000,22.968254,0.224176,-1,-1325,-2023
1754830517901,0x064,6,01 FF FF AD 38 19,1,12.500000,22.968254,0.224176,-1,-1325,-2023
1754830517910,0x064,6,01 FF FF AD 38 19,1,12.500000,22.968254,0.224176,-1,-1325,-2023
1754830517914,0x064,6,01 FF FF AD 38 19,1,12.500000,22.968254,0.224176,-1,-1325,-2023
1754830517937,0x064,6,01 FF FF AD 38 19,1,12.500000,22.968254,0.224176,-1,-1325,-2023
1754830517940,0x064,6,01 FF FF AD 38 19,1,12.500000,22.968254,0.224176,-1,-1325,-2023
1754830517948,0x064,6,01 FF FF AD 38 19,1,12.500000,22.968254,0.224176,-1,-1325,-2023
1754830517948,0x064,6,01 FF FF AD 38 19,1,12.500000,22.968254,0.224176,-1,-1325,-2023
1754830517948,0x064,6,01 FF FF AD 38 19,1,12.500000,22.968254,0.224176,-1,-1325,-2023
1754830517956,0x064,6,01 FF FF AD 38 19,1,12.500000,22.968254,0.224176,-1,-1325,-2023
1754830517973,0x064,6,01 FF FF AD 38 19,1,12.500000,22.968254,0.224176,-1,-1325,-2023
1754830517979,0x064,6,01 FF FF AD F7 CF,1,12.500000,23.349206,-0.426374,-1,-1313,1999
1754830517979,0x064,6,01 FF FF AD F7 CF,1,12.500000,23.349206,-0.426374,-1,-1313,1999
1754830517981,0x064,6,01 FF FF AD F7 CF,1,12.500000,23.349206,-0.426374,-1,-1313,1999
1754830518001,0x064,6,01 FF FF AD F7 CF,1,12.500000,23.349206,-0.426374,-1,-1313,1999
1754830518026,0x064,6,01 FF FF AD F7 CF,1,12.500000,23.349206,-0.426374,-1,-1313,1999
1754830518032,0x064,6,01 FF FF AD F7 CF,1,12.500000,23.349206,-0.426374,-1,-1313,1999
1754830518036,0x064,6,01 FF FF AD F7 CF,1,12.500000,23.349206,-0.426374,-1,-1313,1999
1754830518041,0x064,6,01 FF FF AD F7 CF,1,12.500000,23.349206,-0.426374,-1,-1313,1999
1754830518045,0x064,6,01 FF FF AD F7 CF,1,12.500000,23.349206,-0.426374,-1,-1313,1999
1754830518045,0x064,6,01 FF FF AD F7 CF,1,12.500000,23.349206,-0.426374,-1,-1313,1999
1754830518049,0x064,6,01 FF FF AD F7 CF,1,12.500000,23.349206,-0.426374,-1,-1313,1999
1754830518052,0x064,6,01 FF FF AD F7 CF,1,12.500000,23.349206,-0.426374,-1,-1313,1999
1754830518057,0x064,6,01 FF FF AD F7 CF,1,12.500000,23.349206,-0.426374,-1,-1313,1999
1754830518064,0x064,6,01 FF FF AF A7 FA,1,12.500000,24.206349,-0.048352,-1,-1286,2042
1754830518084,0x064,6,01 FF FF AF A7 FA,1,12.500000,24.206349,-0.048352,-1,-1286,2042
1754830518090,0x064,6,01 FF FF AF A7 FA,1,12.500000,24.206349,-0.048352,-1,-1286,2042
1754830518091,0x064,6,01 FF FF AF A7 FA,1,12.500000,24.206349,-0.048352,-1,-1286,2042
1754830518091,0x064,6,01 FF FF AF A7 FA,1,12.500000,24.206349,-0.048352,-1,-1286,2042
1754830518097,0x064,6,01 FF FF AF A7 FA,1,12.500000,24.206349,-0.048352,-1,-1286,2042
1754830518103,0x064,6,01 FF FF AF A7 FA,1,12.500000,24.206349,-0.048352,-1,-1286,2042
1754830518108,0x064,6,01 FF FF AF A7 FA,1,12.500000,24.206349,-0.048352,-1,-1286,2042
1754830518118,0x064,6,01 FF FF AF A7 FA,1,12.500000,24.206349,-0.048352,-1,-1286,2042
1754830518121,0x064,6,01 FF FF AF A7 FA,1,12.500000,24.206349,-0.048352,-1,-1286,2042
1754830518126,0x064,6,01 FF FF AF A7 FA,1,12.500000,24.206349,-0.048352,-1,-1286,2042
1754830518131,0x064,6,01 FF FF AF A7 FA,1,12.500000,24.206349,-0.048352,-1,-1286,2042
1754830518136,0x064,6,01 FF FF AF A7 FA,1,12.500000,24.206349,-0.048352,-1,-1286,2042
1754830518146,0x064,6,01 FF FF AF A7 FA,1,12.500000,24.206349,-0.048352,-1,-1286,2042
1754830518149,0x064,6,01 FF FF AF A7 FA,1,12.500000,24.206349,-0.048352,-1,-1286,2042
1754830518160,0x064,6,01 FF FF AF A7 FA,1,12.500000,24.206349,-0.048352,-1,-1286,2042
1754830518177,0x064,6,01 FF FF B0 C8 3D,1,12.500000,24.777778,0.540659,-1,-1268,-1987
1754830518177,0x064,6,01 FF FF B0 C8 3D,1,12.500000,24.777778,0.540659,-1,-1268,-1987
1754830518182,0x064,6,01 FF FF B0 C8 3D,1,12.500000,24.777778,0.540659,-1,-1268,-1987
1754830518195,0x064,6,01 FF FF B0 C8 3D,1,12.500000,24.777778,0.540659,-1,-1268,-1987
1754830518195,0x064,6,01 FF FF B0 C8 3D,1,12.500000,24.777778,0.540659,-1,-1268,-1987
1754830518201,0x064,6,01 FF FF B0 C8 3D,1,12.500000,24.777778,0.540659,-1,-1268,-1987
1754830518206,0x064,6,01 FF FF B0 C8 3D,1,12.500000,24.777778,0.540659,-1,-1268,-1987
1754830518213,0x064,6,01 FF FF B0 C8 3D,1,12.500000,24.777778,0.540659,-1,-1268,-1987
1754830518217,0x064,6,01 FF FF B0 C8 3D,1,12.500000,24.777778,0.540659,-1,-1268,-1987
1754830518224,0x064,6,01 FF FF B0 C8 3D,1,12.500000,24.777778,0.540659,-1,-1268,-1987
1754830518229,0x064,6,01 FF FF B0 C8 3D,1,12.500000,24.777778,0.540659,-1,-1268,-1987
1754830518235,0x064,6,01 FF FF B0 C8 3D,1,12.500000,24.777778,0.540659,-1,-1268,-1987
1754830518251,0x064,6,01 FF FF B0 C8 3D,1,12.500000,24.777778,0.540659,-1,-1268,-1987
1754830518270,0x064,6,01 FF FF B0 C8 3D,1,12.500000,24.777778,0.540659,-1,-1268,-1987
1754830518276,0x064,6,01 FF FF B0 C8 3D,1,12.500000,24.777778,0.540659,-1,-1268,-1987
1754830518278,0x064,6,01 FF FF B0 C8 3D,1,12.500000,24.777778,0.540659,-1,-1268,-1987
1754830518286,0x064,6,01 FF FF B1 98 0A,1,12.500000,25.190476,0.092308,-1,-1255,-2038
1754830518311,0x064,6,01 FF FF B1 98 0A,1,12.500000,25.190476,0.092308,-1,-1255,-2038
1754830518325,0x064,6,01 FF FF B1 98 0A,1,12.500000,25.190476,0.092308,-1,-1255,-2038
1754830518329,0x064,6,01 FF FF B1 98 0A,1,12.500000,25.190476,0.092308,-1,-1255,-2038
1754830518331,0x064,6,01 FF FF B1 98 0A,1,12.500000,25.190476,0.092308,-1,-1255,-2038
1754830518336,0x064,6,01 FF FF B1 98 0A,1,12.500000,25.190476,0.092308,-1,-1255,-2038
1754830518342,0x064,6,01 FF FF B1 98 0A,1,12.500000,25.190476,0.092308,-1,-1255,-2038
1754830518343,0x064,6,01 FF FF B1 98 0A,1,12.500000,25.190476,0.092308,-1,-1255,-2038
1754830518349,0x064,6,01 FF FF B1 98 0A,1,12.500000,25.190476,0.092308,-1,-1255,-2038
1754830518354,0x064,6,01 FF FF B1 98 0A,1,12.500000,25.190476,0.092308,-1,-1255,-2038
1754830518359,0x064,6,01 FF FF B1 98 0A,1,12.500000,25.190476,0.092308,-1,-1255,-2038
1754830518372,0x064,6,01 FF FF B2 27 B2,1,12.500000,25.476190,-0.681319,-1,-1246,1970
1754830518380,0x064,6,01 FF FF B2 27 B2,1,12.500000,25.476190,-0.681319,-1,-1246,1970
1754830518381,0x064,6,01 FF FF B2 27 B2,1,12.500000,25.476190,-0.681319,-1,-1246,1970
1754830518386,0x064,6,01 FF FF B2 27 B2,1,12.500000,25.476190,-0.681319,-1,-1246,1970
1754830518391,0x064,6,01 FF FF B2 27 B2,1,12.500000,25.476190,-0.681319,-1,-1246,1970
1754830518397,0x064,6,01 FF FF B2 27 B2,1,12.500000,25.476190,-0.681319,-1,-1246,1970
1754830518403,0x064,6,01 FF FF B2 27 B2,1,12.500000,25.476190,-0.681319,-1,-1246,1970
1754830518409,0x064,6,01 FF FF B2 27 B2,1,12.500000,25.476190,-0.681319,-1,-1246,1970
1754830518415,0x064,6,01 FF FF B2 27 B2,1,12.500000,25.476190,-0.681319,-1,-1246,1970
1754830518420,0x064,6,01 FF FF B2 27 B2,1,12.500000,25.476190,-0.681319,-1,-1246,1970
1754830518427,0x064,6,01 FF FF B2 27 B2,1,12.500000,25.476190,-0.681319,-1,-1246,1970
1754830518433,0x064,6,01 FF FF B2 27 B2,1,12.500000,25.476190,-0.681319,-1,-1246,1970
1754830518439,0x064,6,01 FF FF B2 27 B2,1,12.500000,25.476190,-0.681319,-1,-1246,1970
1754830518448,0x064,6,01 FF FF B2 27 B2,1,12.500000,25.476190,-0.681319,-1,-1246,1970
1754830518450,0x064,6,01 FF FF B2 27 B2,1,12.500000,25.476190,-0.681319,-1,-1246,1970
1754830518467,0x064,6,01 FF FF B2 27 B2,1,12.500000,25.476190,-0.681319,-1,-1246,1970
1754830518468,0x064,6,01 FF FF B3 38 3A,1,12.500000,26.015873,0.514286,-1,-1229,-1990
1754830518480,0x064,6,01 FF FF B3 38 3A,1,12.500000,26.015873,0.514286,-1,-1229,-1990
1754830518490,0x064,6,01 FF FF B3 38 3A,1,12.500000,26.015873,0.514286,-1,-1229,-1990
1754830518491,0x064,6,01 FF FF B3 38 3A,1,12.500000,26.015873,0.514286,-1,-1229,-1990
1754830518507,0x064,6,01 FF FF B3 38 3A,1,12.500000,26.015873,0.514286,-1,-1229,-1990
1754830518522,0x064,6,01 FF FF B3 38 3A,1,12.500000,26.015873,0.514286,-1,-1229,-1990
1754830518522,0x064,6,01 FF FF B3 38 3A,1,12.500000,26.015873,0.514286,-1,-1229,-1990
1754830518523,0x064,6,01 FF FF B3 38 3A,1,12.500000,26.015873,0.514286,-1,-1229,-1990
1754830518526,0x064,6,01 FF FF B3 38 3A,1,12.500000,26.015873,0.514286,-1,-1229,-1990
1754830518532,0x064,6,01 FF FF B3 38 3A,1,12.500000,26.015873,0.514286,-1,-1229,-1990
1754830518537,0x064,6,01 FF FF B3 38 3A,1,12.500000,26.015873,0.514286,-1,-1229,-1990
1754830518542,0x064,6,01 FF FF B3 38 3A,1,12.500000,26.015873,0.514286,-1,-1229,-1990
1754830518547,0x064,6,01 FF FF B3 38 3A,1,12.500000,26.015873,0.514286,-1,-1229,-1990
1754830518554,0x064,6,01 FF FF B3 38 3A,1,12.500000,26.015873,0.514286,-1,-1229,-1990
1754830518558,0x064,6,01 FF FF B3 38 3A,1,12.500000,26.015873,0.514286,-1,-1229,-1990
1754830518564,0x064,6,01 FF FF B3 88 26,1,12.500000,26.174603,0.338462,-1,-1224,-2010
1754830518569,0x064,6,01 FF FF B3 88 26,1,12.500000,26.174603,0.338462,-1,-1224,-2010
1754830518575,0x064,6,01 FF FF B3 88 26,1,12.500000,26.174603,0.338462,-1,-1224,-2010
1754830518580,0x064,6,01 FF FF B3 88 26,1,12.500000,26.174603,0.338462,-1,-1224,-2010
1754830518586,0x064,6,01 FF FF B3 88 26,1,12.500000,26.174603,0.338462,-1,-1224,-2010
1754830518591,0x064,6,01 FF FF B3 88 26,1,12.500000,26.174603,0.338462,-1,-1224,-2010
1754830518600,0x064,6,01 FF FF B3 88 26,1,12.500000,26.174603,0.338462,-1,-1224,-2010
1754830518605,0x064,6,01 FF FF B3 88 26,1,12.500000,26.174603,0.338462,-1,-1224,-2010
1754830518611,0x064,6,01 FF FF B3 88 26,1,12.500000,26.174603,0.338462,-1,-1224,-2010
1754830518621,0x064,6,01 FF FF B3 88 26,1,12.500000,26.174603,0.338462,-1,-1224,-2010
1754830518624,0x064,6,01 FF FF B3 88 26,1,12.500000,26.174603,0.338462,-1,-1224,-2010
1754830518627,0x064,6,01 FF FF B3 88 26,1,12.500000,26.174603,0.338462,-1,-1224,-2010
1754830518633,0x064,6,01 FF FF B3 88 26,1,12.500000,26.174603,0.338462,-1,-1224,-2010
1754830518639,0x064,6,01 FF FF B3 88 26,1,12.500000,26.174603,0.338462,-1,-1224,-2010
1754830518644,0x064,6,01 FF FF B3 88 26,1,12.500000,26.174603,0.338462,-1,-1224,-2010
1754830518649,0x064,6,01 FF FF B3 88 26,1,12.500000,26.174603,0.338462,-1,-1224,-2010
1754830518655,0x064,6,01 FF FF B3 88 26,1,12.500000,26.174603,0.338462,-1,-1224,-2010
1754830518660,0x064,6,01 FF FF B3 88 26,1,12.500000,26.174603,0.338462,-1,-1224,-2010
1754830518665,0x064,6,01 FF FF B2 D8 0E,1,12.500000,25.825397,0.127473,-1,-1235,-2034
1754830518670,0x064,6,01 FF FF B2 D8 0E,1,12.500000,25.825397,0.127473,-1,-1235,-2034
1754830518678,0x064,6,01 FF FF B2 D8 0E,1,12.500000,25.825397,0.127473,-1,-1235,-2034
1754830518682,0x064,6,01 FF FF B2 D8 0E,1,12.500000,25.825397,0.127473,-1,-1235,-2034
1754830518687,0x064,6,01 FF FF B2 D8 0E,1,12.500000,25.825397,0.127473,-1,-1235,-2034
1754830518693,0x064,6,01 FF FF B2 D8 0E,1,12.500000,25.825397,0.127473,-1,-1235,-2034
1754830518703,0x064,6,01 FF FF B2 D8 0E,1,12.500000,25.825397,0.127473,-1,-1235,-2034
1754830518703,0x064,6,01 FF FF B2 D8 0E,1,12.500000,25.825397,0.127473,-1,-1235,-2034
1754830518711,0x064,6,01 FF FF B2 D8 0E,1,12.500000,25.825397,0.127473,-1,-1235,-2034
1754830518724,0x064,6,01 FF FF B2 D8 0E,1,12.500000,25.825397,0.127473,-1,-1235,-2034
1754830518731,0x064,6,01 FF FF B2 D8 0E,1,12.500000,25.825397,0.127473,-1,-1235,-2034
1754830518757,0x064,6,01 FF FF B2 D8 0E,1,12.500000,25.825397,0.127473,-1,-1235,-2034
1754830518780,0x064,6,01 FF FF B2 D8 0E,1,12.500000,25.825397,0.127473,-1,-1235,-2034
1754830518781,0x064,6,01 FF FF B2 D8 0E,1,12.500000,25.825397,0.127473,-1,-1235,-2034
1754830518785,0x064,6,01 FF FF B2 D8 0E,1,12.500000,25.825397,0.127473,-1,-1235,-2034
1754830518788,0x064,6,01 FF FF B3 68 3C,1,12.500000,26.111111,0.531868,-1,-1226,-1988
1754830518791,0x064,6,01 FF FF B3 68 3C,1,12.500000,26.111111,0.531868,-1,-1226,-1988
1754830518796,0x064,6,01 FF FF B3 68 3C,1,12.500000,26.111111,0.531868,-1,-1226,-1988
1754830518808,0x064,6,01 FF FF B3 68 3C,1,12.500000,26.111111,0.531868,-1,-1226,-1988
1754830518814,0x064,6,01 FF FF B3 68 3C,1,12.500000,26.111111,0.531868,-1,-1226,-1988
1754830518826,0x064,6,01 FF FF B3 68 3C,1,12.500000,26.111111,0.531868,-1,-1226,-1988
1754830518842,0x064,6,01 FF FF B3 68 3C,1,12.500000,26.111111,0.531868,-1,-1226,-1988
1754830518842,0x064,6,01 FF FF B3 68 3C,1,12.500000,26.111111,0.531868,-1,-1226,-1988
1754830518843,0x064,6,01 FF FF B3 68 3C,1,12.500000,26.111111,0.531868,-1,-1226,-1988
1754830518849,0x064,6,01 FF FF B3 68 3C,1,12.500000,26.111111,0.531868,-1,-1226,-1988
1754830518856,0x064,6,01 FF FF B3 68 3C,1,12.500000,26.111111,0.531868,-1,-1226,-1988
1754830518872,0x064,6,01 FF FF B3 37 DD,1,12.500000,26.015873,-0.303297,-1,-1229,2013
1754830521872,0x064,6,01 FF FF 80 08 21,1,12.500000,0.015873,0.294505,-1,-2048,-2015
1754830521873,0x064,6,01 FF FF 80 08 21,1,12.500000,0.015873,0.294505,-1,-2048,-2015
1754830521873,0x064,6,01 FF FF 80 07 AD,1,12.500000,0.015873,-0.725275,-1,-2048,1965
1754830521879,0x064,6,01 FF FF 80 07 AD,1,12.500000,0.015873,-0.725275,-1,-2048,1965
1754830521885,0x064,6,01 FF FF 80 07 AD,1,12.500000,0.015873,-0.725275,-1,-2048,1965
1754830521894,0x064,6,01 FF FF 80 07 AD,1,12.500000,0.015873,-0.725275,-1,-2048,1965
1754830521897,0x064,6,01 FF FF 80 07 AD,1,12.500000,0.015873,-0.725275,-1,-2048,1965
1754830521903,0x064,6,01 FF FF 80 07 AD,1,12.500000,0.015873,-0.725275,-1,-2048,1965
1754830521911,0x064,6,01 FF FF 80 07 AD,1,12.500000,0.015873,-0.725275,-1,-2048,1965
1754830521918,0x064,6,01 FF FF 80 07 AD,1,12.500000,0.015873,-0.725275,-1,-2048,1965
1754830521923,0x064,6,01 FF FF 80 07 AD,1,12.500000,0.015873,-0.725275,-1,-2048,1965
1754830521928,0x064,6,01 FF FF 80 07 AD,1,12.500000,0.015873,-0.725275,-1,-2048,1965
1754830521933,0x064,6,01 FF FF 80 07 AD,1,12.500000,0.015873,-0.725275,-1,-2048,1965
1754830521939,0x064,6,01 FF FF 80 07 AD,1,12.500000,0.015873,-0.725275,-1,-2048,1965
1754830521949,0x064,6,01 FF FF 80 07 AD,1,12.500000,0.015873,-0.725275,-1,-2048,1965
1754830521950,0x064,6,01 FF FF 80 07 AD,1,12.500000,0.015873,-0.725275,-1,-2048,1965
1754830521955,0x064,6,01 FF FF 80 07 AD,1,12.500000,0.015873,-0.725275,-1,-2048,1965
1754830521960,0x064,6,01 FF FF 80 07 AD,1,12.500000,0.015873,-0.725275,-1,-2048,1965
1754830521966,0x064,6,01 FF FF 80 07 AD,1,12.500000,0.015873,-0.725275,-1,-2048,1965
1754830521974,0x064,6,01 FF FF 80 07 D8,1,12.500000,0.015873,-0.347253,-1,-2048,2008
1754830521978,0x064,6,01 FF FF 80 07 D8,1,12.500000,0.015873,-0.347253,-1,-2048,2008
1754830521983,0x064,6,01 FF FF 80 07 D8,1,12.500000,0.015873,-0.347253,-1,-2048,2008
1754830521989,0x064,6,01 FF FF 80 07 D8,1,12.500000,0.015873,-0.347253,-1,-2048,2008
1754830521995,0x064,6,01 FF FF 80 07 D8,1,12.500000,0.015873,-0.347253,-1,-2048,2008
1754830522003,0x064,6,01 FF FF 80 07 D8,1,12.500000,0.015873,-0.347253,-1,-2048,2008
1754830522007,0x064,6,01 FF FF 80 07 D8,1,12.500000,0.015873,-0.347253,-1,-2048,2008
1754830522017,0x064,6,01 FF FF 80 07 D8,1,12.500000,0.015873,-0.347253,-1,-2048,2008
1754830522022,0x064,6,01 FF FF 80 07 D8,1,12.500000,0.015873,-0.347253,-1,-2048,2008
1754830522033,0x064,6,01 FF FF 80 07 D8,1,12.500000,0.015873,-0.347253,-1,-2048,2008
1754830522038,0x064,6,01 FF FF 80 07 D8,1,12.500000,0.015873,-0.347253,-1,-2048,2008
1754830522064,0x064,6,01 FF FF 80 07 D8,1,12.500000,0.015873,-0.347253,-1,-2048,2008
1754830522071,0x064,6,01 FF FF 80 07 D8,1,12.500000,0.015873,-0.347253,-1,-2048,2008
1754830522078,0x064,6,01 FF FF 80 07 D8,1,12.500000,0.015873,-0.347253,-1,-2048,2008
1754830522084,0x064,6,01 FF FF 80 07 CB,1,12.500000,0.015873,-0.461538,-1,-2048,1995
1754830522084,0x064,6,01 FF FF 80 07 CB,1,12.500000,0.015873,-0.461538,-1,-2048,1995
1754830522085,0x064,6,01 FF FF 80 07 CB,1,12.500000,0.015873,-0.461538,-1,-2048,1995
1754830522094,0x064,6,01 FF FF 80 07 CB,1,12.500000,0.015873,-0.461538,-1,-2048,1995
1754830522095,0x064,6,01 FF FF 80 07 CB,1,12.500000,0.015873,-0.461538,-1,-2048,1995
1754830522101,0x064,6,01 FF FF 80 07 CB,1,12.500000,0.015873,-0.461538,-1,-2048,1995
1754830522106,0x064,6,01 FF FF 80 07 CB,1,12.500000,0.015873,-0.461538,-1,-2048,1995
1754830522113,0x064,6,01 FF FF 80 07 CB,1,12.500000,0.015873,-0.461538,-1,-2048,1995
1754830522117,0x064,6,01 FF FF 80 07 CB,1,12.500000,0.015873,-0.461538,-1,-2048,1995
1754830522123,0x064,6,01 FF FF 80 07 CB,1,12.500000,0.015873,-0.461538,-1,-2048,1995
1754830522128,0x064,6,01 FF FF 80 07 CB,1,12.500000,0.015873,-0.461538,-1,-2048,1995
1754830522136,0x064,6,01 FF FF 80 07 CB,1,12.500000,0.015873,-0.461538,-1,-2048,1995
1754830522156,0x064,6,01 FF FF 80 07 CB,1,12.500000,0.015873,-0.461538,-1,-2048,1995
1754830522160,0x064,6,01 FF FF 80 07 CB,1,12.500000,0.015873,-0.461538,-1,-2048,1995
1754830522160,0x064,6,01 FF FF 80 07 CB,1,12.500000,0.015873,-0.461538,-1,-2048,1995
1754830522162,0x064,6,01 FF FF 80 07 CB,1,12.500000,0.015873,-0.461538,-1,-2048,1995
1754830522168,0x064,6,01 FF FF 80 07 9E,1,12.500000,0.015873,-0.857143,-1,-2048,1950
1754830522174,0x064,6,01 FF FF 80 07 9E,1,12.500000,0.015873,-0.857143,-1,-2048,1950
1754830522179,0x064,6,01 FF FF 80 07 9E,1,12.500000,0.015873,-0.857143,-1,-2048,1950
1754830522187,0x064,6,01 FF FF 80 07 9E,1,12.500000,0.015873,-0.857143,-1,-2048,1950
1754830522192,0x064,6,01 FF FF 80 07 9E,1,12.500000,0.015873,-0.857143,-1,-2048,1950
1754830522200,0x064,6,01 FF FF 80 07 9E,1,12.500000,0.015873,-0.857143,-1,-2048,1950
1754830522205,0x064,6,01 FF FF 80 07 9E,1,12.500000,0.015873,-0.857143,-1,-2048,1950
1754830522209,0x064,6,01 FF FF 80 07 9E,1,12.500000,0.015873,-0.857143,-1,-2048,1950
1754830522221,0x064,6,01 FF FF 80 07 9E,1,12.500000,0.015873,-0.857143,-1,-2048,1950
1754830522235,0x064,6,01 FF FF 80 07 9E,1,12.500000,0.015873,-0.857143,-1,-2048,1950
1754830522235,0x064,6,01 FF FF 80 07 9E,1,12.500000,0.015873,-0.857143,-1,-2048,1950
1754830522251,0x064,6,01 FF FF 80 07 9E,1,12.500000,0.015873,-0.857143,-1,-2048,1950
1754830522258,0x064,6,01 FF FF 80 07 9E,1,12.500000,0.015873,-0.857143,-1,-2048,1950
1754830522258,0x064,6,01 FF FF 80 07 9E,1,12.500000,0.015873,-0.857143,-1,-2048,1950
1754830522261,0x064,6,01 FF FF 80 07 9E,1,12.500000,0.015873,-0.857143,-1,-2048,1950
1754830522272,0x064,6,01 FF FF 80 07 9E,1,12.500000,0.015873,-0.857143,-1,-2048,1950
1754830522281,0x064,6,01 FF FF 80 07 B0,1,12.500000,0.015873,-0.698901,-1,-2048,1968
1754830522284,0x064,6,01 FF FF 80 07 B0,1,12.500000,0.015873,-0.698901,-1,-2048,1968
1754830522288,0x064,6,01 FF FF 80 07 B0,1,12.500000,0.015873,-0.698901,-1,-2048,1968
1754830522294,0x064,6,01 FF FF 80 07 B0,1,12.500000,0.015873,-0.698901,-1,-2048,1968
1754830522306,0x064,6,01 FF FF 80 07 B0,1,12.500000,0.015873,-0.698901,-1,-2048,1968
1754830522313,0x064,6,01 FF FF 80 07 B0,1,12.500000,0.015873,-0.698901,-1,-2048,1968
1754830522314,0x064,6,01 FF FF 80 07 B0,1,12.500000,0.015873,-0.698901,-1,-2048,1968
1754830522324,0x064,6,01 FF FF 80 07 B0,1,12.500000,0.015873,-0.698901,-1,-2048,1968
1754830522326,0x064,6,01 FF FF 80 07 B0,1,12.500000,0.015873,-0.698901,-1,-2048,1968
1754830522331,0x064,6,01 FF FF 80 07 B0,1,12.500000,0.015873,-0.698901,-1,-2048,1968
1754830522336,0x064,6,01 FF FF 80 07 B0,1,12.500000,0.015873,-0.698901,-1,-2048,1968
1754830522341,0x064,6,01 FF FF 80 07 B0,1,12.500000,0.015873,-0.698901,-1,-2048,1968
1754830522347,0x064,6,01 FF FF 80 07 B0,1,12.500000,0.015873,-0.698901,-1,-2048,1968
1754830522353,0x064,6,01 FF FF 80 07 B0,1,12.500000,0.015873,-0.698901,-1,-2048,1968
1754830522357,0x064,6,01 FF FF 80 07 B0,1,12.500000,0.015873,-0.698901,-1,-2048,1968
1754830522364,0x064,6,01 FF FF 80 07 B0,1,12.500000,0.015873,-0.698901,-1,-2048,1968
1754830522371,0x064,6,01 FF FF 80 37 CB,1,12.500000,0.111111,-0.461538,-1,-2045,1995
1754830522375,0x064,6,01 FF FF 80 37 CB,1,12.500000,0.111111,-0.461538,-1,-2045,1995
1754830522387,0x064,6,01 FF FF 80 37 CB,1,12.500000,0.111111,-0.461538,-1,-2045,1995
1754830522397,0x064,6,01 FF FF 80 37 CB,1,12.500000,0.111111,-0.461538,-1,-2045,1995
1754830522407,0x064,6,01 FF FF 80 37 CB,1,12.500000,0.111111,-0.461538,-1,-2045,1995
1754830522414,0x064,6,01 FF FF 80 37 CB,1,12.500000,0.111111,-0.461538,-1,-2045,1995
1754830522415,0x064,6,01 FF FF 80 37 CB,1,12.500000,0.111111,-0.461538,-1,-2045,1995
1754830522420,0x064,6,01 FF FF 80 37 CB,1,12.500000,0.111111,-0.461538,-1,-2045,1995
1754830522425,0x064,6,01 FF FF 80 37 CB,1,12.500000,0.111111,-0.461538,-1,-2045,1995
1754830522431,0x064,6,01 FF FF 80 37 CB,1,12.500000,0.111111,-0.461538,-1,-2045,1995
1754830522437,0x064,6,01 FF FF 80 37 CB,1,12.500000,0.111111,-0.461538,-1,-2045,1995
1754830522442,0x064,6,01 FF FF 80 37 CB,1,12.500000,0.111111,-0.461538,-1,-2045,1995
1754830522449,0x064,6,01 FF FF 80 37 CB,1,12.500000,0.111111,-0.461538,-1,-2045,1995
1754830522456,0x064,6,01 FF FF 80 37 CB,1,12.500000,0.111111,-0.461538,-1,-2045,1995
1754830522461,0x064,6,01 FF FF 80 37 CB,1,12.500000,0.111111,-0.461538,-1,-2045,1995
1754830522466,0x064,6,01 FF FF 80 37 CB,1,12.500000,0.111111,-0.461538,-1,-2045,1995
1754830522471,0x064,6,01 FF FF 80 28 49,1,12.500000,0.079365,0.646154,-1,-2046,-1975
1754830522477,0x064,6,01 FF FF 80 28 49,1,12.500000,0.079365,0.646154,-1,-2046,-1975
1754830522481,0x064,6,01 FF FF 80 28 49,1,12.500000,0.079365,0.646154,-1,-2046,-1975
1754830522487,0x064,6,01 FF FF 80 28 49,1,12.500000,0.079365,0.646154,-1,-2046,-1975
1754830522492,0x064,6,01 FF FF 80 28 49,1,12.500000,0.079365,0.646154,-1,-2046,-1975
1754830522497,0x064,6,01 FF FF 80 28 49,1,12.500000,0.079365,0.646154,-1,-2046,-1975
1754830522503,0x064,6,01 FF FF 80 28 49,1,12.500000,0.079365,0.646154,-1,-2046,-1975
1754830522508,0x064,6,01 FF FF 80 28 49,1,12.500000,0.079365,0.646154,-1,-2046,-1975
1754830522515,0x064,6,01 FF FF 80 28 49,1,12.500000,0.079365,0.646154,-1,-2046,-1975
1754830522521,0x064,6,01 FF FF 80 28 49,1,12.500000,0.079365,0.646154,-1,-2046,-1975
1754830522531,0x064,6,01 FF FF 80 28 49,1,12.500000,0.079365,0.646154,-1,-2046,-1975
1754830522535,0x064,6,01 FF FF 80 28 49,1,12.500000,0.079365,0.646154,-1,-2046,-1975
1754830522541,0x064,6,01 FF FF 80 28 49,1,12.500000,0.079365,0.646154,-1,-2046,-1975
1754830522550,0x064,6,01 FF FF 80 28 49,1,12.500000,0.079365,0.646154,-1,-2046,-1975
1754830522554,0x064,6,01 FF FF 80 28 49,1,12.500000,0.079365,0.646154,-1,-2046,-1975
1754830522556,0x064,6,01 FF FF 80 28 49,1,12.500000,0.079365,0.646154,-1,-2046,-1975
1754830522570,0x064,6,01 FF FF 80 28 49,1,12.500000,0.079365,0.646154,-1,-2046,-1975
1754830522574,0x064,6,01 FF FF 80 08 11,1,12.500000,0.015873,0.153846,-1,-2048,-2031
1754830522576,0x064,6,01 FF FF 80 08 11,1,12.500000,0.015873,0.153846,-1,-2048,-2031
1754830522582,0x064,6,01 FF FF 80 08 11,1,12.500000,0.015873,0.153846,-1,-2048,-2031
1754830522587,0x064,6,01 FF FF 80 08 11,1,12.500000,0.015873,0.153846,-1,-2048,-2031
1754830522592,0x064,6,01 FF FF 80 08 11,1,12.500000,0.015873,0.153846,-1,-2048,-2031
1754830522598,0x064,6,01 FF FF 80 08 11,1,12.500000,0.015873,0.153846,-1,-2048,-2031
1754830522603,0x064,6,01 FF FF 80 08 11,1,12.500000,0.015873,0.153846,-1,-2048,-2031
1754830522609,0x064,6,01 FF FF 80 08 11,1,12.500000,0.015873,0.153846,-1,-2048,-2031
1754830522616,0x064,6,01 FF FF 80 08 11,1,12.500000,0.015873,0.153846,-1,-2048,-2031
1754830522622,0x064,6,01 FF FF 80 08 11,1,12.500000,0.015873,0.153846,-1,-2048,-2031
1754830522627,0x064,6,01 FF FF 80 08 11,1,12.500000,0.015873,0.153846,-1,-2048,-2031
1754830522633,0x064,6,01 FF FF 80 08 11,1,12.500000,0.015873,0.153846,-1,-2048,-2031
1754830522638,0x064,6,01 FF FF 80 08 11,1,12.500000,0.015873,0.153846,-1,-2048,-2031
1754830522648,0x064,6,01 FF FF 80 08 11,1,12.500000,0.015873,0.153846,-1,-2048,-2031
1754830522650,0x064,6,01 FF FF 80 08 11,1,12.500000,0.015873,0.153846,-1,-2048,-2031
1754830522656,0x064,6,01 FF FF 80 08 11,1,12.500000,0.015873,0.153846,-1,-2048,-2031
1754830522667,0x064,6,01 FF FF 80 08 11,1,12.500000,0.015873,0.153846,-1,-2048,-2031
1754830522672,0x064,6,01 FF FF 80 07 FD,1,12.500000,0.015873,-0.021978,-1,-2048,2045
1754830522678,0x064,6,01 FF FF 80 07 FD,1,12.500000,0.015873,-0.021978,-1,-2048,2045
1754830522689,0x064,6,01 FF FF 80 07 FD,1,12.500000,0.015873,-0.021978,-1,-2048,2045
1754830522689,0x064,6,01 FF FF 80 07 FD,1,12.500000,0.015873,-0.021978,-1,-2048,2045
1754830522695,0x064,6,01 FF FF 80 07 FD,1,12.500000,0.015873,-0.021978,-1,-2048,2045
1754830522701,0x064,6,01 FF FF 80 07 FD,1,12.500000,0.015873,-0.021978,-1,-2048,2045
1754830522713,0x064,6,01 FF FF 80 07 FD,1,12.500000,0.015873,-0.021978,-1,-2048,2045
1754830522725,0x064,6,01 FF FF 80 07 FD,1,12.500000,0.015873,-0.021978,-1,-2048,2045
1754830522735,0x064,6,01 FF FF 80 07 FD,1,12.500000,0.015873,-0.021978,-1,-2048,2045
1754830522741,0x064,6,01 FF FF 80 07 FD,1,12.500000,0.015873,-0.021978,-1,-2048,2045
1754830522752,0x064,6,01 FF FF 80 07 FD,1,12.500000,0.015873,-0.021978,-1,-2048,2045
1754830522757,0x064,6,01 FF FF 80 07 FD,1,12.500000,0.015873,-0.021978,-1,-2048,2045
1754830522759,0x064,6,01 FF FF 80 07 FD,1,12.500000,0.015873,-0.021978,-1,-2048,2045
1754830522767,0x064,6,01 FF FF 80 07 FD,1,12.500000,0.015873,-0.021978,-1,-2048,2045
1754830522775,0x064,6,01 FF FF 80 08 30,1,12.500000,0.015873,0.426374,-1,-2048,-2000
1754830522784,0x064,6,01 FF FF 80 08 30,1,12.500000,0.015873,0.426374,-1,-2048,-2000
1754830522785,0x064,6,01 FF FF 80 08 30,1,12.500000,0.015873,0.426374,-1,-2048,-2000
1754830522790,0x064,6,01 FF FF 80 08 30,1,12.500000,0.015873,0.426374,-1,-2048,-2000
1754830522795,0x064,6,01 FF FF 80 08 30,1,12.500000,0.015873,0.426374,-1,-2048,-2000
1754830522810,0x064,6,01 FF FF 80 08 30,1,12.500000,0.015873,0.426374,-1,-2048,-2000
1754830522810,0x064,6,01 FF FF 80 08 30,1,12.500000,0.015873,0.426374,-1,-2048,-2000
1754830522813,0x064,6,01 FF FF 80 08 30,1,12.500000,0.015873,0.426374,-1,-2048,-2000
1754830522819,0x064,6,01 FF FF 80 08 30,1,12.500000,0.015873,0.426374,-1,-2048,-2000
1754830522824,0x064,6,01 FF FF 80 08 30,1,12.500000,0.015873,0.426374,-1,-2048,-2000
1754830522830,0x064,6,01 FF FF 80 08 30,1,12.500000,0.015873,0.426374,-1,-2048,-2000
1754830522835,0x064,6,01 FF FF 80 08 30,1,12.500000,0.015873,0.426374,-1,-2048,-2000
1754830522840,0x064,6,01 FF FF 80 08 30,1,12.500000,0.015873,0.426374,-1,-2048,-2000
1754830522846,0x064,6,01 FF FF 80 08 30,1,12.500000,0.015873,0.426374,-1,-2048,-2000
1754830522852,0x064,6,01 FF FF 80 08 30,1,12.500000,0.015873,0.426374,-1,-2048,-2000
1754830522862,0x064,6,01 FF FF 80 08 30,1,12.500000,0.015873,0.426374,-1,-2048,-2000
1754830522862,0x064,6,01 FF FF 80 08 30,1,12.500000,0.015873,0.426374,-1,-2048,-2000
1754830522868,0x064,6,01 FF FF 80 08 30,1,12.500000,0.015873,0.426374,-1,-2048,-2000
1754830522874,0x064,6,01 FF FF 80 07 FA,1,12.500000,0.015873,-0.048352,-1,-2048,2042
1754830522879,0x064,6,01 FF FF 80 07 FA,1,12.500000,0.015873,-0.048352,-1,-2048,2042
1754830522885,0x064,6,01 FF FF 80 07 FA,1,12.500000,0.015873,-0.048352,-1,-2048,2042
1754830522891,0x064,6,01 FF FF 80 07 FA,1,12.500000,0.015873,-0.048352,-1,-2048,2042
1754830522894,0x064,6,01 FF FF 80 07 FA,1,12.500000,0.015873,-0.048352,-1,-2048,2042
1754830522903,0x064,6,01 FF FF 80 07 FA,1,12.500000,0.015873,-0.048352,-1,-2048,2042
1754830522908,0x064,6,01 FF FF 80 07 FA,1,12.500000,0.015873,-0.048352,-1,-2048,2042
1754830522912,0x064,6,01 FF FF 80 07 FA,1,12.500000,0.015873,-0.048352,-1,-2048,2042
1754830522918,0x064,6,01 FF FF 80 07 FA,1,12.500000,0.015873,-0.048352,-1,-2048,2042
1754830522928,0x064,6,01 FF FF 80 07 FA,1,12.500000,0.015873,-0.048352,-1,-2048,2042
1754830522933,0x064,6,01 FF FF 80 07 FA,1,12.500000,0.015873,-0.048352,-1,-2048,2042
1754830522934,0x064,6,01 FF FF 80 07 FA,1,12.500000,0.015873,-0.048352,-1,-2048,2042
1754830522940,0x064,6,01 FF FF 80 07 FA,1,12.500000,0.015873,-0.048352,-1,-2048,2042
1754830522953,0x064,6,01 FF FF 80 07 FA,1,12.500000,0.015873,-0.048352,-1,-2048,2042
1754830522963,0x064,6,01 FF FF 80 07 FA,1,12.500000,0.015873,-0.048352,-1,-2048,2042
1754830522965,0x064,6,01 FF FF 80 07 FA,1,12.500000,0.015873,-0.048352,-1,-2048,2042
1754830522968,0x064,6,01 FF FF 80 07 FA,1,12.500000,0.015873,-0.048352,-1,-2048,2042
1754830522973,0x064,6,01 FF FF 80 28 35,1,12.500000,0.079365,0.470330,-1,-2046,-1995
1754830522978,0x064,6,01 FF FF 80 28 35,1,12.500000,0.079365,0.470330,-1,-2046,-1995
1754830522983,0x064,6,01 FF FF 80 28 35,1,12.500000,0.079365,0.470330,-1,-2046,-1995
1754830522989,0x064,6,01 FF FF 80 28 35,1,12.500000,0.079365,0.470330,-1,-2046,-1995
1754830522994,0x064,6,01 FF FF 80 28 35,1,12.500000,0.079365,0.470330,-1,-2046,-1995
1754830523006,0x064,6,01 FF FF 80 28 35,1,12.500000,0.079365,0.470330,-1,-2046,-1995
1754830523010,0x064,6,01 FF FF 80 28 35,1,12.500000,0.079365,0.470330,-1,-2046,-1995
1754830523012,0x064,6,01 FF FF 80 28 35,1,12.500000,0.079365,0.470330,-1,-2046,-1995
1754830523018,0x064,6,01 FF FF 80 28 35,1,12.500000,0.079365,0.470330,-1,-2046,-1995
1754830523023,0x064,6,01 FF FF 80 28 35,1,12.500000,0.079365,0.470330,-1,-2046,-1995
1754830523031,0x064,6,01 FF FF 80 28 35,1,12.500000,0.079365,0.470330,-1,-2046,-1995
1754830523037,0x064,6,01 FF FF 80 28 35,1,12.500000,0.079365,0.470330,-1,-2046,-1995
1754830523045,0x064,6,01 FF FF 80 28 35,1,12.500000,0.079365,0.470330,-1,-2046,-1995
1754830523047,0x064,6,01 FF FF 80 28 35,1,12.500000,0.079365,0.470330,-1,-2046,-1995
1754830523053,0x064,6,01 FF FF 80 28 35,1,12.500000,0.079365,0.470330,-1,-2046,-1995
1754830523058,0x064,6,01 FF FF 80 28 35,1,12.500000,0.079365,0.470330,-1,-2046,-1995
1754830523063,0x064,6,01 FF FF 80 28 35,1,12.500000,0.079365,0.470330,-1,-2046,-1995
1754830523069,0x064,6,01 FF FF 81 18 1B,1,12.500000,0.555556,0.241758,-1,-2031,-2021
1754830523075,0x064,6,01 FF FF 81 18 1B,1,12.500000,0.555556,0.241758,-1,-2031,-2021
1754830523083,0x064,6,01 FF FF 81 18 1B,1,12.500000,0.555556,0.241758,-1,-2031,-2021
1754830523093,0x064,6,01 FF FF 81 18 1B,1,12.500000,0.555556,0.241758,-1,-2031,-2021
1754830523096,0x064,6,01 FF FF 81 18 1B,1,12.500000,0.555556,0.241758,-1,-2031,-2021
1754830523101,0x064,6,01 FF FF 81 18 1B,1,12.500000,0.555556,0.241758,-1,-2031,-2021
1754830523112,0x064,6,01 FF FF 81 18 1B,1,12.500000,0.555556,0.241758,-1,-2031,-2021
1754830523115,0x064,6,01 FF FF 81 18 1B,1,12.500000,0.555556,0.241758,-1,-2031,-2021
1754830523119,0x064,6,01 FF FF 81 18 1B,1,12.500000,0.555556,0.241758,-1,-2031,-2021
1754830523126,0x064,6,01 FF FF 81 18 1B,1,12.500000,0.555556,0.241758,-1,-2031,-2021
1754830523131,0x064,6,01 FF FF 81 18 1B,1,12.500000,0.555556,0.241758,-1,-2031,-2021
1754830523147,0x064,6,01 FF FF 81 18 1B,1,12.500000,0.555556,0.241758,-1,-2031,-2021
1754830523162,0x064,6,01 FF FF 81 18 1B,1,12.500000,0.555556,0.241758,-1,-2031,-2021
1754830523163,0x064,6,01 FF FF 81 18 1B,1,12.500000,0.555556,0.241758,-1,-2031,-2021
1754830523175,0x064,6,01 FF FF 81 18 1B,1,12.500000,0.555556,0.241758,-1,-2031,-2021
1754830523175,0x064,6,01 FF FF 81 77 F4,1,12.500000,0.746032,-0.101099,-1,-2025,2036
1754830523186,0x064,6,01 FF FF 81 77 F4,1,12.500000,0.746032,-0.101099,-1,-2025,2036
1754830523187,0x064,6,01 FF FF 81 77 F4,1,12.500000,0.746032,-0.101099,-1,-2025,2036
1754830523195,0x064,6,01 FF FF 81 77 F4,1,12.500000,0.746032,-0.101099,-1,-2025,2036
1754830523197,0x064,6,01 FF FF 81 77 F4,1,12.500000,0.746032,-0.101099,-1,-2025,2036
1754830523208,0x064,6,01 FF FF 81 77 F4,1,12.500000,0.746032,-0.101099,-1,-2025,2036
1754830523209,0x064,6,01 FF FF 81 77 F4,1,12.500000,0.746032,-0.101099,-1,-2025,2036
1754830523221,0x064,6,01 FF FF 81 77 F4,1,12.500000,0.746032,-0.101099,-1,-2025,2036
1754830523223,0x064,6,01 FF FF 81 77 F4,1,12.500000,0.746032,-0.101099,-1,-2025,2036
1754830523228,0x064,6,01 FF FF 81 77 F4,1,12.500000,0.746032,-0.101099,-1,-2025,2036
1754830523234,0x064,6,01 FF FF 81 77 F4,1,12.500000,0.746032,-0.101099,-1,-2025,2036
1754830523247,0x064,6,01 FF FF 81 77 F4,1,12.500000,0.746032,-0.101099,-1,-2025,2036
1754830523259,0x064,6,01 FF FF 81 77 F4,1,12.500000,0.746032,-0.101099,-1,-2025,2036
1754830523261,0x064,6,01 FF FF 81 77 F4,1,12.500000,0.746032,-0.101099,-1,-2025,2036
1754830523269,0x064,6,01 FF FF 81 77 F4,1,12.500000,0.746032,-0.101099,-1,-2025,2036
1754830523288,0x064,6,01 FF FF 81 C8 0E,1,12.500000,0.904762,0.127473,-1,-2020,-2034
1754830523295,0x064,6,01 FF FF 81 C8 0E,1,12.500000,0.904762,0.127473,-1,-2020,-2034
1754830523297,0x064,6,01 FF FF 81 C8 0E,1,12.500000,0.904762,0.127473,-1,-2020,-2034
1754830523298,0x064,6,01 FF FF 81 C8 0E,1,12.500000,0.904762,0.127473,-1,-2020,-2034
1754830523301,0x064,6,01 FF FF 81 C8 0E,1,12.500000,0.904762,0.127473,-1,-2020,-2034
1754830523308,0x064,6,01 FF FF 81 C8 0E,1,12.500000,0.904762,0.127473,-1,-2020,-2034
1754830523313,0x064,6,01 FF FF 81 C8 0E,1,12.500000,0.904762,0.127473,-1,-2020,-2034
1754830523318,0x064,6,01 FF FF 81 C8 0E,1,12.500000,0.904762,0.127473,-1,-2020,-2034
1754830523324,0x064,6,01 FF FF 81 C8 0E,1,12.500000,0.904762,0.127473,-1,-2020,-2034
1754830523331,0x064,6,01 FF FF 81 C8 0E,1,12.500000,0.904762,0.127473,-1,-2020,-2034
1754830523335,0x064,6,01 FF FF 81 C8 0E,1,12.500000,0.904762,0.127473,-1,-2020,-2034
1754830523341,0x064,6,01 FF FF 81 C8 0E,1,12.500000,0.904762,0.127473,-1,-2020,-2034
1754830523351,0x064,6,01 FF FF 81 C8 0E,1,12.500000,0.904762,0.127473,-1,-2020,-2034
1754830523363,0x064,6,01 FF FF 81 C8 0E,1,12.500000,0.904762,0.127473,-1,-2020,-2034
1754830523370,0x064,6,01 FF FF 81 C8 0E,1,12.500000,0.904762,0.127473,-1,-2020,-2034
1754830523372,0x064,6,01 FF FF 82 28 5A,1,12.500000,1.095238,0.795604,-1,-2014,-1958
1754830523378,0x064,6,01 FF FF 82 28 5A,1,12.500000,1.095238,0.795604,-1,-2014,-1958
1754830523383,0x064,6,01 FF FF 82 28 5A,1,12.500000,1.095238,0.795604,-1,-2014,-1958
1754830523394,0x064,6,01 FF FF 82 28 5A,1,12.500000,1.095238,0.795604,-1,-2014,-1958
1754830523414,0x064,6,01 FF FF 82 28 5A,1,12.500000,1.095238,0.795604,-1,-2014,-1958
1754830523422,0x064,6,01 FF FF 82 28 5A,1,12.500000,1.095238,0.795604,-1,-2014,-1958
1754830523431,0x064,6,01 FF FF 82 28 5A,1,12.500000,1.095238,0.795604,-1,-2014,-1958
1754830523436,0x064,6,01 FF FF 82 28 5A,1,12.500000,1.095238,0.795604,-1,-2014,-1958
1754830523437,0x064,6,01 FF FF 82 28 5A,1,12.500000,1.095238,0.795604,-1,-2014,-1958
1754830523442,0x064,6,01 FF FF 82 28 5A,1,12.500000,1.095238,0.795604,-1,-2014,-1958
1754830523449,0x064,6,01 FF FF 82 28 5A,1,12.500000,1.095238,0.795604,-1,-2014,-1958
1754830523456,0x064,6,01 FF FF 82 28 5A,1,12.500000,1.095238,0.795604,-1,-2014,-1958
1754830523458,0x064,6,01 FF FF 82 28 5A,1,12.500000,1.095238,0.795604,-1,-2014,-1958
1754830523468,0x064,6,01 FF FF 82 28 5A,1,12.500000,1.095238,0.795604,-1,-2014,-1958
1754830523476,0x064,6,01 FF FF 82 28 65,1,12.500000,1.095238,0.892308,-1,-2014,-1947
1754830523480,0x064,6,01 FF FF 82 28 65,1,12.500000,1.095238,0.892308,-1,-2014,-1947
1754830523489,0x064,6,01 FF FF 82 28 65,1,12.500000,1.095238,0.892308,-1,-2014,-1947
1754830523492,0x064,6,01 FF FF 82 28 65,1,12.500000,1.095238,0.892308,-1,-2014,-1947
1754830523497,0x064,6,01 FF FF 82 28 65,1,12.500000,1.095238,0.892308,-1,-2014,-1947
1754830523509,0x064,6,01 FF FF 82 28 65,1,12.500000,1.095238,0.892308,-1,-2014,-1947
1754830523510,0x064,6,01 FF FF 82 28 65,1,12.500000,1.095238,0.892308,-1,-2014,-1947
1754830523515,0x064,6,01 FF FF 82 28 65,1,12.500000,1.095238,0.892308,-1,-2014,-1947
1754830523521,0x064,6,01 FF FF 82 28 65,1,12.500000,1.095238,0.892308,-1,-2014,-1947
1754830523525,0x064,6,01 FF FF 82 28 65,1,12.500000,1.095238,0.892308,-1,-2014,-1947
1754830523534,0x064,6,01 FF FF 82 28 65,1,12.500000,1.095238,0.892308,-1,-2014,-1947
1754830523537,0x064,6,01 FF FF 82 28 65,1,12.500000,1.095238,0.892308,-1,-2014,-1947
1754830523543,0x064,6,01 FF FF 82 28 65,1,12.500000,1.095238,0.892308,-1,-2014,-1947
1754830523551,0x064,6,01 FF FF 82 28 65,1,12.500000,1.095238,0.892308,-1,-2014,-1947
1754830523554,0x064,6,01 FF FF 82 28 65,1,12.500000,1.095238,0.892308,-1,-2014,-1947
1754830523559,0x064,6,01 FF FF 82 28 65,1,12.500000,1.095238,0.892308,-1,-2014,-1947
1754830523564,0x064,6,01 FF FF 82 28 65,1,12.500000,1.095238,0.892308,-1,-2014,-1947
1754830523571,0x064,6,01 FF FF 82 48 0C,1,12.500000,1.158730,0.109890,-1,-2012,-2036
1754830523581,0x064,6,01 FF FF 82 48 0C,1,12.500000,1.158730,0.109890,-1,-2012,-2036
1754830523593,0x064,6,01 FF FF 82 48 0C,1,12.500000,1.158730,0.109890,-1,-2012,-2036
1754830523604,0x064,6,01 FF FF 82 48 0C,1,12.500000,1.158730,0.109890,-1,-2012,-2036
1754830523606,0x064,6,01 FF FF 82 48 0C,1,12.500000,1.158730,0.109890,-1,-2012,-2036
1754830523615,0x064,6,01 FF FF 82 48 0C,1,12.500000,1.158730,0.109890,-1,-2012,-2036
1754830523615,0x064,6,01 FF FF 82 48 0C,1,12.500000,1.158730,0.109890,-1,-2012,-2036
1754830523628,0x064,6,01 FF FF 82 48 0C,1,12.500000,1.158730,0.109890,-1,-2012,-2036
1754830523639,0x064,6,01 FF FF 82 48 0C,1,12.500000,1.158730,0.109890,-1,-2012,-2036
1754830523642,0x064,6,01 FF FF 82 48 0C,1,12.500000,1.158730,0.109890,-1,-2012,-2036
1754830523645,0x064,6,01 FF FF 82 48 0C,1,12.500000,1.158730,0.109890,-1,-2012,-2036
1754830523658,0x064,6,01 FF FF 82 48 0C,1,12.500000,1.158730,0.109890,-1,-2012,-2036
1754830523661,0x064,6,01 FF FF 82 48 0C,1,12.500000,1.158730,0.109890,-1,-2012,-2036
1754830523670,0x064,6,01 FF FF 82 48 0C,1,12.500000,1.158730,0.109890,-1,-2012,-2036
1754830523677,0x064,6,01 FF FF 82 58 2D,1,12.500000,1.190476,0.400000,-1,-2011,-2003
1754830523680,0x064,6,01 FF FF 82 58 2D,1,12.500000,1.190476,0.400000,-1,-2011,-2003
1754830523682,0x064,6,01 FF FF 82 58 2D,1,12.500000,1.190476,0.400000,-1,-2011,-2003
1754830523688,0x064,6,01 FF FF 82 58 2D,1,12.500000,1.190476,0.400000,-1,-2011,-2003
1754830523695,0x064,6,01 FF FF 82 58 2D,1,12.500000,1.190476,0.400000,-1,-2011,-2003
1754830523698,0x064,6,01 FF FF 82 58 2D,1,12.500000,1.190476,0.400000,-1,-2011,-2003
1754830523708,0x064,6,01 FF FF 82 58 2D,1,12.500000,1.190476,0.400000,-1,-2011,-2003
1754830523710,0x064,6,01 FF FF 82 58 2D,1,12.500000,1.190476,0.400000,-1,-2011,-2003
1754830523725,0x064,6,01 FF FF 82 58 2D,1,12.500000,1.190476,0.400000,-1,-2011,-2003
1754830523738,0x064,6,01 FF FF 82 58 2D,1,12.500000,1.190476,0.400000,-1,-2011,-2003
1754830523739,0x064,6,01 FF FF 82 58 2D,1,12.500000,1.190476,0.400000,-1,-2011,-2003
1754830523740,0x064,6,01 FF FF 82 58 2D,1,12.500000,1.190476,0.400000,-1,-2011,-2003
1754830523745,0x064,6,01 FF FF 82 58 2D,1,12.500000,1.190476,0.400000,-1,-2011,-2003
1754830523754,0x064,6,01 FF FF 82 58 2D,1,12.500000,1.190476,0.400000,-1,-2011,-2003
1754830523762,0x064,6,01 FF FF 82 58 2D,1,12.500000,1.190476,0.400000,-1,-2011,-2003
1754830523771,0x064,6,01 FF FF 82 58 2D,1,12.500000,1.190476,0.400000,-1,-2011,-2003
1754830523775,0x064,6,01 FF FF 82 77 E7,1,12.500000,1.253968,-0.215385,-1,-2009,2023
1754830523777,0x064,6,01 FF FF 82 77 E7,1,12.500000,1.253968,-0.215385,-1,-2009,2023
1754830523782,0x064,6,01 FF FF 82 77 E7,1,12.500000,1.253968,-0.215385,-1,-2009,2023
1754830523787,0x064,6,01 FF FF 82 77 E7,1,12.500000,1.253968,-0.215385,-1,-2009,2023
1754830523799,0x064,6,01 FF FF 82 77 E7,1,12.500000,1.253968,-0.215385,-1,-2009,2023
1754830523800,0x064,6,01 FF FF 82 77 E7,1,12.500000,1.253968,-0.215385,-1,-2009,2023
1754830523832,0x064,6,01 FF FF 82 77 E7,1,12.500000,1.253968,-0.215385,-1,-2009,2023
1754830523836,0x064,6,01 FF FF 82 77 E7,1,12.500000,1.253968,-0.215385,-1,-2009,2023
1754830523850,0x064,6,01 FF FF 82 77 E7,1,12.500000,1.253968,-0.215385,-1,-2009,2023
1754830523865,0x064,6,01 FF FF 82 77 E7,1,12.500000,1.253968,-0.215385,-1,-2009,2023
1754830523867,0x064,6,01 FF FF 82 77 E7,1,12.500000,1.253968,-0.215385,-1,-2009,2023
1754830523867,0x064,6,01 FF FF 82 77 E7,1,12.500000,1.253968,-0.215385,-1,-2009,2023
1754830523867,0x064,6,01 FF FF 82 77 E7,1,12.500000,1.253968,-0.215385,-1,-2009,2023
1754830523868,0x064,6,01 FF FF 82 77 E7,1,12.500000,1.253968,-0.215385,-1,-2009,2023
1754830523868,0x064,6,01 FF FF 82 77 E7,1,12.500000,1.253968,-0.215385,-1,-2009,2023
1754830523883,0x064,6,01 FF FF 82 38 60,1,12.500000,1.126984,0.848352,-1,-2013,-1952
1754830523890,0x064,6,01 FF FF 82 38 60,1,12.500000,1.126984,0.848352,-1,-2013,-1952
1754830523902,0x064,6,01 FF FF 82 38 60,1,12.500000,1.126984,0.848352,-1,-2013,-1952
1754830523914,0x064,6,01 FF FF 82 38 60,1,12.500000,1.126984,0.848352,-1,-2013,-1952
1754830523915,0x064,6,01 FF FF 82 38 60,1,12.500000,1.126984,0.848352,-1,-2013,-1952
1754830523915,0x064,6,01 FF FF 82 38 60,1,12.500000,1.126984,0.848352,-1,-2013,-1952
1754830523918,0x064,6,01 FF FF 82 38 60,1,12.500000,1.126984,0.848352,-1,-2013,-1952
1754830523926,0x064,6,01 FF FF 82 38 60,1,12.500000,1.126984,0.848352,-1,-2013,-1952
1754830523930,0x064,6,01 FF FF 82 38 60,1,12.500000,1.126984,0.848352,-1,-2013,-1952
1754830523935,0x064,6,01 FF FF 82 38 60,1,12.500000,1.126984,0.848352,-1,-2013,-1952
1754830523940,0x064,6,01 FF FF 82 38 60,1,12.500000,1.126984,0.848352,-1,-2013,-1952
1754830523946,0x064,6,01 FF FF 82 38 60,1,12.500000,1.126984,0.848352,-1,-2013,-1952
1754830523956,0x064,6,01 FF FF 82 38 60,1,12.500000,1.126984,0.848352,-1,-2013,-1952
1754830523959,0x064,6,01 FF FF 82 38 60,1,12.500000,1.126984,0.848352,-1,-2013,-1952
1754830523962,0x064,6,01 FF FF 82 38 60,1,12.500000,1.126984,0.848352,-1,-2013,-1952
1754830523972,0x064,6,01 FF FF 82 38 60,1,12.500000,1.126984,0.848352,-1,-2013,-1952
1754830523973,0x064,6,01 FF FF 81 B8 2C,1,12.500000,0.873016,0.391209,-1,-2021,-2004
1754830523979,0x064,6,01 FF FF 81 B8 2C,1,12.500000,0.873016,0.391209,-1,-2021,-2004
1754830523984,0x064,6,01 FF FF 81 B8 2C,1,12.500000,0.873016,0.391209,-1,-2021,-2004
1754830524003,0x064,6,01 FF FF 81 B8 2C,1,12.500000,0.873016,0.391209,-1,-2021,-2004
1754830524004,0x064,6,01 FF FF 81 B8 2C,1,12.500000,0.873016,0.391209,-1,-2021,-2004
1754830524005,0x064,6,01 FF FF 81 B8 2C,1,12.500000,0.873016,0.391209,-1,-2021,-2004
1754830524017,0x064,6,01 FF FF 81 B8 2C,1,12.500000,0.873016,0.391209,-1,-2021,-2004
1754830524031,0x064,6,01 FF FF 81 B8 2C,1,12.500000,0.873016,0.391209,-1,-2021,-2004
1754830524037,0x064,6,01 FF FF 81 B8 2C,1,12.500000,0.873016,0.391209,-1,-2021,-2004
1754830524037,0x064,6,01 FF FF 81 B8 2C,1,12.500000,0.873016,0.391209,-1,-2021,-2004
1754830524042,0x064,6,01 FF FF 81 B8 2C,1,12.500000,0.873016,0.391209,-1,-2021,-2004
1754830524044,0x064,6,01 FF FF 81 B8 2C,1,12.500000,0.873016,0.391209,-1,-2021,-2004
1754830524056,0x064,6,01 FF FF 81 B8 2C,1,12.500000,0.873016,0.391209,-1,-2021,-2004
1754830524056,0x064,6,01 FF FF 81 B8 2C,1,12.500000,0.873016,0.391209,-1,-2021,-2004
1754830524062,0x064,6,01 FF FF 81 B8 2C,1,12.500000,0.873016,0.391209,-1,-2021,-2004
1754830524069,0x064,6,01 FF FF 81 B8 2C,1,12.500000,0.873016,0.391209,-1,-2021,-2004
1754830524074,0x064,6,01 FF FF 81 78 19,1,12.500000,0.746032,0.224176,-1,-2025,-2023
1754830524086,0x064,6,01 FF FF 81 78 19,1,12.500000,0.746032,0.224176,-1,-2025,-2023
1754830524089,0x064,6,01 FF FF 81 78 19,1,12.500000,0.746032,0.224176,-1,-2025,-2023
1754830524090,0x064,6,01 FF FF 81 78 19,1,12.500000,0.746032,0.224176,-1,-2025,-2023
1754830524096,0x064,6,01 FF FF 81 78 19,1,12.500000,0.746032,0.224176,-1,-2025,-2023
1754830524101,0x064,6,01 FF FF 81 78 19,1,12.500000,0.746032,0.224176,-1,-2025,-2023
1754830524107,0x064,6,01 FF FF 81 78 19,1,12.500000,0.746032,0.224176,-1,-2025,-2023
1754830524112,0x064,6,01 FF FF 81 78 19,1,12.500000,0.746032,0.224176,-1,-2025,-2023
1754830524117,0x064,6,01 FF FF 81 78 19,1,12.500000,0.746032,0.224176,-1,-2025,-2023
1754830524123,0x064,6,01 FF FF 81 78 19,1,12.500000,0.746032,0.224176,-1,-2025,-2023
1754830524128,0x064,6,01 FF FF 81 78 19,1,12.500000,0.746032,0.224176,-1,-2025,-2023
1754830524137,0x064,6,01 FF FF 81 78 19,1,12.500000,0.746032,0.224176,-1,-2025,-2023
1754830524143,0x064,6,01 FF FF 81 78 19,1,12.500000,0.746032,0.224176,-1,-2025,-2023
1754830524150,0x064,6,01 FF FF 81 78 19,1,12.500000,0.746032,0.224176,-1,-2025,-2023
1754830524156,0x064,6,01 FF FF 81 78 19,1,12.500000,0.746032,0.224176,-1,-2025,-2023
1754830524159,0x064,6,01 FF FF 81 78 19,1,12.500000,0.746032,0.224176,-1,-2025,-2023
1754830524165,0x064,6,01 FF FF 81 78 19,1,12.500000,0.746032,0.224176,-1,-2025,-2023
1754830524170,0x064,6,01 FF FF 81 48 71,1,12.500000,0.650794,0.997802,-1,-2028,-1935
1754830524177,0x064,6,01 FF FF 81 48 71,1,12.500000,0.650794,0.997802,-1,-2028,-1935
1754830524181,0x064,6,01 FF FF 81 48 71,1,12.500000,0.650794,0.997802,-1,-2028,-1935
1754830524186,0x064,6,01 FF FF 81 48 71,1,12.500000,0.650794,0.997802,-1,-2028,-1935
1754830524192,0x064,6,01 FF FF 81 48 71,1,12.500000,0.650794,0.997802,-1,-2028,-1935
1754830524203,0x064,6,01 FF FF 81 48 71,1,12.500000,0.650794,0.997802,-1,-2028,-1935
1754830524203,0x064,6,01 FF FF 81 48 71,1,12.500000,0.650794,0.997802,-1,-2028,-1935
1754830524209,0x064,6,01 FF FF 81 48 71,1,12.500000,0.650794,0.997802,-1,-2028,-1935
1754830524227,0x064,6,01 FF FF 81 48 71,1,12.500000,0.650794,0.997802,-1,-2028,-1935
1754830524230,0x064,6,01 FF FF 81 48 71,1,12.500000,0.650794,0.997802,-1,-2028,-1935
1754830524230,0x064,6,01 FF FF 81 48 71,1,12.500000,0.650794,0.997802,-1,-2028,-1935
1754830524239,0x064,6,01 FF FF 81 48 71,1,12.500000,0.650794,0.997802,-1,-2028,-1935
1754830524242,0x064,6,01 FF FF 81 48 71,1,12.500000,0.650794,0.997802,-1,-2028,-1935
1754830524247,0x064,6,01 FF FF 81 48 71,1,12.500000,0.650794,0.997802,-1,-2028,-1935
1754830524253,0x064,6,01 FF FF 81 48 71,1,12.500000,0.650794,0.997802,-1,-2028,-1935
1754830524262,0x064,6,01 FF FF 81 48 71,1,12.500000,0.650794,0.997802,-1,-2028,-1935
1754830524267,0x064,6,01 FF FF 81 48 71,1,12.500000,0.650794,0.997802,-1,-2028,-1935
1754830524273,0x064,6,01 FF FF 81 08 5E,1,12.500000,0.523810,0.830769,-1,-2032,-1954
1754830524279,0x064,6,01 FF FF 81 08 5E,1,12.500000,0.523810,0.830769,-1,-2032,-1954
1754830524284,0x064,6,01 FF FF 81 08 5E,1,12.500000,0.523810,0.830769,-1,-2032,-1954
1754830524289,0x064,6,01 FF FF 81 08 5E,1,12.500000,0.523810,0.830769,-1,-2032,-1954
1754830524295,0x064,6,01 FF FF 81 08 5E,1,12.500000,0.523810,0.830769,-1,-2032,-1954
1754830524307,0x064,6,01 FF FF 81 08 5E,1,12.500000,0.523810,0.830769,-1,-2032,-1954
1754830524314,0x064,6,01 FF FF 81 08 5E,1,12.500000,0.523810,0.830769,-1,-2032,-1954
1754830524315,0x064,6,01 FF FF 81 08 5E,1,12.500000,0.523810,0.830769,-1,-2032,-1954
1754830524335,0x064,6,01 FF FF 81 08 5E,1,12.500000,0.523810,0.830769,-1,-2032,-1954
1754830524337,0x064,6,01 FF FF 81 08 5E,1,12.500000,0.523810,0.830769,-1,-2032,-1954
1754830524342,0x064,6,01 FF FF 81 08 5E,1,12.500000,0.523810,0.830769,-1,-2032,-1954
1754830524347,0x064,6,01 FF FF 81 08 5E,1,12.500000,0.523810,0.830769,-1,-2032,-1954
1754830524361,0x064,6,01 FF FF 81 08 5E,1,12.500000,0.523810,0.830769,-1,-2032,-1954
1754830524366,0x064,6,01 FF FF 81 08 5E,1,12.500000,0.523810,0.830769,-1,-2032,-1954
1754830524370,0x064,6,01 FF FF 81 08 5E,1,12.500000,0.523810,0.830769,-1,-2032,-1954
1754830524373,0x064,6,01 FF FF 81 18 2E,1,12.500000,0.555556,0.408791,-1,-2031,-2002
1754830524383,0x064,6,01 FF FF 81 18 2E,1,12.500000,0.555556,0.408791,-1,-2031,-2002
1754830524388,0x064,6,01 FF FF 81 18 2E,1,12.500000,0.555556,0.408791,-1,-2031,-2002
1754830524396,0x064,6,01 FF FF 81 18 2E,1,12.500000,0.555556,0.408791,-1,-2031,-2002
1754830524408,0x064,6,01 FF FF 81 18 2E,1,12.500000,0.555556,0.408791,-1,-2031,-2002
1754830524409,0x064,6,01 FF FF 81 18 2E,1,12.500000,0.555556,0.408791,-1,-2031,-2002
1754830524433,0x064,6,01 FF FF 81 18 2E,1,12.500000,0.555556,0.408791,-1,-2031,-2002
1754830524434,0x064,6,01 FF FF 81 18 2E,1,12.500000,0.555556,0.408791,-1,-2031,-2002
1754830524434,0x064,6,01 FF FF 81 18 2E,1,12.500000,0.555556,0.408791,-1,-2031,-2002
1754830524450,0x064,6,01 FF FF 81 18 2E,1,12.500000,0.555556,0.408791,-1,-2031,-2002
1754830524461,0x064,6,01 FF FF 81 18 2E,1,12.500000,0.555556,0.408791,-1,-2031,-2002
1754830524461,0x064,6,01 FF FF 81 18 2E,1,12.500000,0.555556,0.408791,-1,-2031,-2002
1754830524462,0x064,6,01 FF FF 81 18 2E,1,12.500000,0.555556,0.408791,-1,-2031,-2002
1754830524468,0x064,6,01 FF FF 81 18 2E,1,12.500000,0.555556,0.408791,-1,-2031,-2002
1754830524473,0x064,6,01 FF FF 80 E8 18,1,12.500000,0.460317,0.215385,-1,-2034,-2024
1754830524480,0x064,6,01 FF FF 80 E8 18,1,12.500000,0.460317,0.215385,-1,-2034,-2024
1754830524484,0x064,6,01 FF FF 80 E8 18,1,12.500000,0.460317,0.215385,-1,-2034,-2024
1754830524489,0x064,6,01 FF FF 80 E8 18,1,12.500000,0.460317,0.215385,-1,-2034,-2024
1754830524495,0x064,6,01 FF FF 80 E8 18,1,12.500000,0.460317,0.215385,-1,-2034,-2024
1754830524505,0x064,6,01 FF FF 80 E8 18,1,12.500000,0.460317,0.215385,-1,-2034,-2024
1754830524513,0x064,6,01 FF FF 80 E8 18,1,12.500000,0.460317,0.215385,-1,-2034,-2024
1754830524516,0x064,6,01 FF FF 80 E8 18,1,12.500000,0.460317,0.215385,-1,-2034,-2024
1754830524520,0x064,6,01 FF FF 80 E8 18,1,12.500000,0.460317,0.215385,-1,-2034,-2024
1754830524526,0x064,6,01 FF FF 80 E8 18,1,12.500000,0.460317,0.215385,-1,-2034,-2024
1754830524530,0x064,6,01 FF FF 80 E8 18,1,12.500000,0.460317,0.215385,-1,-2034,-2024
1754830524536,0x064,6,01 FF FF 80 E8 18,1,12.500000,0.460317,0.215385,-1,-2034,-2024
1754830524542,0x064,6,01 FF FF 80 E8 18,1,12.500000,0.460317,0.215385,-1,-2034,-2024
1754830524549,0x064,6,01 FF FF 80 E8 18,1,12.500000,0.460317,0.215385,-1,-2034,-2024
1754830524556,0x064,6,01 FF FF 80 E8 18,1,12.500000,0.460317,0.215385,-1,-2034,-2024
1754830524570,0x064,6,01 FF FF 80 E8 18,1,12.500000,0.460317,0.215385,-1,-2034,-2024
1754830524577,0x064,6,01 FF FF 81 08 10,1,12.500000,0.523810,0.145055,-1,-2032,-2032
1754830524588,0x064,6,01 FF FF 81 08 10,1,12.500000,0.523810,0.145055,-1,-2032,-2032
1754830524595,0x064,6,01 FF FF 81 08 10,1,12.500000,0.523810,0.145055,-1,-2032,-2032
1754830524605,0x064,6,01 FF FF 81 08 10,1,12.500000,0.523810,0.145055,-1,-2032,-2032
1754830524619,0x064,6,01 FF FF 81 08 10,1,12.500000,0.523810,0.145055,-1,-2032,-2032
1754830524622,0x064,6,01 FF FF 81 08 10,1,12.500000,0.523810,0.145055,-1,-2032,-2032
1754830524629,0x064,6,01 FF FF 81 08 10,1,12.500000,0.523810,0.145055,-1,-2032,-2032
1754830524631,0x064,6,01 FF FF 81 08 10,1,12.500000,0.523810,0.145055,-1,-2032,-2032
1754830524636,0x064,6,01 FF FF 81 08 10,1,12.500000,0.523810,0.145055,-1,-2032,-2032
1754830524642,0x064,6,01 FF FF 81 08 10,1,12.500000,0.523810,0.145055,-1,-2032,-2032
1754830524647,0x064,6,01 FF FF 81 08 10,1,12.500000,0.523810,0.145055,-1,-2032,-2032
1754830524653,0x064,6,01 FF FF 81 08 10,1,12.500000,0.523810,0.145055,-1,-2032,-2032
1754830524659,0x064,6,01 FF FF 81 08 10,1,12.500000,0.523810,0.145055,-1,-2032,-2032
1754830524664,0x064,6,01 FF FF 81 08 10,1,12.500000,0.523810,0.145055,-1,-2032,-2032
1754830524669,0x064,6,01 FF FF 81 08 10,1,12.500000,0.523810,0.145055,-1,-2032,-2032
1754830524675,0x064,6,01 FF FF 80 E7 FC,1,12.500000,0.460317,-0.030769,-1,-2034,2044
1754830524687,0x064,6,01 FF FF 80 E7 FC,1,12.500000,0.460317,-0.030769,-1,-2034,2044
1754830524704,0x064,6,01 FF FF 80 E7 FC,1,12.500000,0.460317,-0.030769,-1,-2034,2044
1754830524707,0x064,6,01 FF FF 80 E7 FC,1,12.500000,0.460317,-0.030769,-1,-2034,2044
1754830524708,0x064,6,01 FF FF 80 E7 FC,1,12.500000,0.460317,-0.030769,-1,-2034,2044
1754830524708,0x064,6,01 FF FF 80 E7 FC,1,12.500000,0.460317,-0.030769,-1,-2034,2044
1754830524714,0x064,6,01 FF FF 80 E7 FC,1,12.500000,0.460317,-0.030769,-1,-2034,2044
1754830524723,0x064,6,01 FF FF 80 E7 FC,1,12.500000,0.460317,-0.030769,-1,-2034,2044
1754830524727,0x064,6,01 FF FF 80 E7 FC,1,12.500000,0.460317,-0.030769,-1,-2034,2044
1754830524733,0x064,6,01 FF FF 80 E7 FC,1,12.500000,0.460317,-0.030769,-1,-2034,2044
1754830524739,0x064,6,01 FF FF 80 E7 FC,1,12.500000,0.460317,-0.030769,-1,-2034,2044
1754830524744,0x064,6,01 FF FF 80 E7 FC,1,12.500000,0.460317,-0.030769,-1,-2034,2044
1754830524750,0x064,6,01 FF FF 80 E7 FC,1,12.500000,0.460317,-0.030769,-1,-2034,2044
1754830524757,0x064,6,01 FF FF 80 E7 FC,1,12.500000,0.460317,-0.030769,-1,-2034,2044
1754830524766,0x064,6,01 FF FF 80 E7 FC,1,12.500000,0.460317,-0.030769,-1,-2034,2044
1754830524772,0x064,6,01 FF FF 80 E7 FC,1,12.500000,0.460317,-0.030769,-1,-2034,2044
1754830524777,0x064,6,01 FF FF 80 78 65,1,12.500000,0.238095,0.892308,-1,-2041,-1947
1754830524780,0x064,6,01 FF FF 80 78 65,1,12.500000,0.238095,0.892308,-1,-2041,-1947
1754830524786,0x064,6,01 FF FF 80 78 65,1,12.500000,0.238095,0.892308,-1,-2041,-1947
1754830524794,0x064,6,01 FF FF 80 78 65,1,12.500000,0.238095,0.892308,-1,-2041,-1947
1754830524806,0x064,6,01 FF FF 80 78 65,1,12.500000,0.238095,0.892308,-1,-2041,-1947
1754830524806,0x064,6,01 FF FF 80 78 65,1,12.500000,0.238095,0.892308,-1,-2041,-1947
1754830524814,0x064,6,01 FF FF 80 78 65,1,12.500000,0.238095,0.892308,-1,-2041,-1947
1754830524819,0x064,6,01 FF FF 80 78 65,1,12.500000,0.238095,0.892308,-1,-2041,-1947
1754830524826,0x064,6,01 FF FF 80 78 65,1,12.500000,0.238095,0.892308,-1,-2041,-1947
1754830524831,0x064,6,01 FF FF 80 78 65,1,12.500000,0.238095,0.892308,-1,-2041,-1947
1754830524846,0x064,6,01 FF FF 80 78 65,1,12.500000,0.238095,0.892308,-1,-2041,-1947
1754830524850,0x064,6,01 FF FF 80 78 65,1,12.500000,0.238095,0.892308,-1,-2041,-1947
1754830524852,0x064,6,01 FF FF 80 78 65,1,12.500000,0.238095,0.892308,-1,-2041,-1947
1754830524859,0x064,6,01 FF FF 80 78 65,1,12.500000,0.238095,0.892308,-1,-2041,-1947
1754830524865,0x064,6,01 FF FF 80 78 65,1,12.500000,0.238095,0.892308,-1,-2041,-1947
1754830524870,0x064,6,01 FF FF 80 A8 26,1,12.500000,0.333333,0.338462,-1,-2038,-2010
1754830524876,0x064,6,01 FF FF 80 A8 26,1,12.500000,0.333333,0.338462,-1,-2038,-2010
1754830524881,0x064,6,01 FF FF 80 A8 26,1,12.500000,0.333333,0.338462,-1,-2038,-2010
1754830524895,0x064,6,01 FF FF 80 A8 26,1,12.500000,0.333333,0.338462,-1,-2038,-2010
1754830524902,0x064,6,01 FF FF 80 A8 26,1,12.500000,0.333333,0.338462,-1,-2038,-2010
1754830524917,0x064,6,01 FF FF 80 A8 26,1,12.500000,0.333333,0.338462,-1,-2038,-2010
1754830524917,0x064,6,01 FF FF 80 A8 26,1,12.500000,0.333333,0.338462,-1,-2038,-2010
1754830524919,0x064,6,01 FF FF 80 A8 26,1,12.500000,0.333333,0.338462,-1,-2038,-2010
1754830524934,0x064,6,01 FF FF 80 A8 26,1,12.500000,0.333333,0.338462,-1,-2038,-2010
1754830524939,0x064,6,01 FF FF 80 A8 26,1,12.500000,0.333333,0.338462,-1,-2038,-2010
1754830524948,0x064,6,01 FF FF 80 A8 26,1,12.500000,0.333333,0.338462,-1,-2038,-2010
1754830524949,0x064,6,01 FF FF 80 A8 26,1,12.500000,0.333333,0.338462,-1,-2038,-2010
1754830524959,0x064,6,01 FF FF 80 A8 26,1,12.500000,0.333333,0.338462,-1,-2038,-2010
1754830524966,0x064,6,01 FF FF 80 A8 26,1,12.500000,0.333333,0.338462,-1,-2038,-2010
1754830524970,0x064,6,01 FF FF 80 A8 26,1,12.500000,0.333333,0.338462,-1,-2038,-2010
1754830524974,0x064,6,01 FF FF 80 98 9F,1,12.500000,0.301587,1.402198,-1,-2039,-1889
1754830524982,0x064,6,01 FF FF 80 98 9F,1,12.500000,0.301587,1.402198,-1,-2039,-1889
1754830524987,0x064,6,01 FF FF 80 98 9F,1,12.500000,0.301587,1.402198,-1,-2039,-1889
1754830524992,0x064,6,01 FF FF 80 98 9F,1,12.500000,0.301587,1.402198,-1,-2039,-1889
1754830524997,0x064,6,01 FF FF 80 98 9F,1,12.500000,0.301587,1.402198,-1,-2039,-1889
1754830525002,0x064,6,01 FF FF 80 98 9F,1,12.500000,0.301587,1.402198,-1,-2039,-1889
1754830525008,0x064,6,01 FF FF 80 98 9F,1,12.500000,0.301587,1.402198,-1,-2039,-1889
1754830525013,0x064,6,01 FF FF 80 98 9F,1,12.500000,0.301587,1.402198,-1,-2039,-1889
1754830525019,0x064,6,01 FF FF 80 98 9F,1,12.500000,0.301587,1.402198,-1,-2039,-1889
1754830525028,0x064,6,01 FF FF 80 98 9F,1,12.500000,0.301587,1.402198,-1,-2039,-1889
1754830525030,0x064,6,01 FF FF 80 98 9F,1,12.500000,0.301587,1.402198,-1,-2039,-1889
1754830525036,0x064,6,01 FF FF 80 98 9F,1,12.500000,0.301587,1.402198,-1,-2039,-1889
1754830525041,0x064,6,01 FF FF 80 98 9F,1,12.500000,0.301587,1.402198,-1,-2039,-1889
1754830525054,0x064,6,01 FF FF 80 98 9F,1,12.500000,0.301587,1.402198,-1,-2039,-1889
1754830525068,0x064,6,01 FF FF 80 98 9F,1,12.500000,0.301587,1.402198,-1,-2039,-1889
1754830525074,0x064,6,01 FF FF 80 98 9F,1,12.500000,0.301587,1.402198,-1,-2039,-1889
1754830525076,0x064,6,01 FF FF 80 08 8D,1,12.500000,0.015873,1.243956,-1,-2048,-1907
1754830525080,0x064,6,01 FF FF 80 08 8D,1,12.500000,0.015873,1.243956,-1,-2048,-1907
1754830525083,0x064,6,01 FF FF 80 08 8D,1,12.500000,0.015873,1.243956,-1,-2048,-1907
1754830525094,0x064,6,01 FF FF 80 08 8D,1,12.500000,0.015873,1.243956,-1,-2048,-1907
1754830525099,0x064,6,01 FF FF 80 08 8D,1,12.500000,0.015873,1.243956,-1,-2048,-1907
1754830525102,0x064,6,01 FF FF 80 08 8D,1,12.500000,0.015873,1.243956,-1,-2048,-1907
1754830525110,0x064,6,01 FF FF 80 08 8D,1,12.500000,0.015873,1.243956,-1,-2048,-1907
1754830525112,0x064,6,01 FF FF 80 08 8D,1,12.500000,0.015873,1.243956,-1,-2048,-1907
1754830525123,0x064,6,01 FF FF 80 08 8D,1,12.500000,0.015873,1.243956,-1,-2048,-1907
1754830525126,0x064,6,01 FF FF 80 08 8D,1,12.500000,0.015873,1.243956,-1,-2048,-1907
1754830525138,0x064,6,01 FF FF 80 08 8D,1,12.500000,0.015873,1.243956,-1,-2048,-1907
1754830525142,0x064,6,01 FF FF 80 08 8D,1,12.500000,0.015873,1.243956,-1,-2048,-1907
1754830525146,0x064,6,01 FF FF 80 08 8D,1,12.500000,0.015873,1.243956,-1,-2048,-1907
1754830525156,0x064,6,01 FF FF 80 08 8D,1,12.500000,0.015873,1.243956,-1,-2048,-1907
1754830525159,0x064,6,01 FF FF 80 08 8D,1,12.500000,0.015873,1.243956,-1,-2048,-1907
1754830525164,0x064,6,01 FF FF 80 08 8D,1,12.500000,0.015873,1.243956,-1,-2048,-1907
1754830525172,0x064,6,01 FF FF 80 08 8D,1,12.500000,0.015873,1.243956,-1,-2048,-1907
1754830525185,0x064,6,01 FF FF 80 08 86,1,12.500000,0.015873,1.182418,-1,-2048,-1914
1754830525194,0x064,6,01 FF FF 80 08 86,1,12.500000,0.015873,1.182418,-1,-2048,-1914
1754830525199,0x064,6,01 FF FF 80 08 86,1,12.500000,0.015873,1.182418,-1,-2048,-1914
1754830525202,0x064,6,01 FF FF 80 08 86,1,12.500000,0.015873,1.182418,-1,-2048,-1914
1754830525210,0x064,6,01 FF FF 80 08 86,1,12.500000,0.015873,1.182418,-1,-2048,-1914
1754830525213,0x064,6,01 FF FF 80 08 86,1,12.500000,0.015873,1.182418,-1,-2048,-1914
1754830525224,0x064,6,01 FF FF 80 08 86,1,12.500000,0.015873,1.182418,-1,-2048,-1914
1754830525227,0x064,6,01 FF FF 80 08 86,1,12.500000,0.015873,1.182418,-1,-2048,-1914
1754830525234,0x064,6,01 FF FF 80 08 86,1,12.500000,0.015873,1.182418,-1,-2048,-1914
1754830525239,0x064,6,01 FF FF 80 08 86,1,12.500000,0.015873,1.182418,-1,-2048,-1914
1754830525257,0x064,6,01 FF FF 80 08 86,1,12.500000,0.015873,1.182418,-1,-2048,-1914
1754830525258,0x064,6,01 FF FF 80 08 86,1,12.500000,0.015873,1.182418,-1,-2048,-1914
1754830525261,0x064,6,01 FF FF 80 08 86,1,12.500000,0.015873,1.182418,-1,-2048,-1914
1754830525266,0x064,6,01 FF FF 80 08 86,1,12.500000,0.015873,1.182418,-1,-2048,-1914
1754830525273,0x064,6,01 FF FF 80 08 9A,1,12.500000,0.015873,1.358242,-1,-2048,-1894
1754830525283,0x064,6,01 FF FF 80 08 9A,1,12.500000,0.015873,1.358242,-1,-2048,-1894
1754830525283,0x064,6,01 FF FF 80 08 9A,1,12.500000,0.015873,1.358242,-1,-2048,-1894
1754830525293,0x064,6,01 FF FF 80 08 9A,1,12.500000,0.015873,1.358242,-1,-2048,-1894
1754830525300,0x064,6,01 FF FF 80 08 9A,1,12.500000,0.015873,1.358242,-1,-2048,-1894
1754830525309,0x064,6,01 FF FF 80 08 9A,1,12.500000,0.015873,1.358242,-1,-2048,-1894
1754830525322,0x064,6,01 FF FF 80 08 9A,1,12.500000,0.015873,1.358242,-1,-2048,-1894
1754830525329,0x064,6,01 FF FF 80 08 9A,1,12.500000,0.015873,1.358242,-1,-2048,-1894
1754830525336,0x064,6,01 FF FF 80 08 9A,1,12.500000,0.015873,1.358242,-1,-2048,-1894
1754830525336,0x064,6,01 FF FF 80 08 9A,1,12.500000,0.015873,1.358242,-1,-2048,-1894
1754830525342,0x064,6,01 FF FF 80 08 9A,1,12.500000,0.015873,1.358242,-1,-2048,-1894
1754830525347,0x064,6,01 FF FF 80 08 9A,1,12.500000,0.015873,1.358242,-1,-2048,-1894
1754830525361,0x064,6,01 FF FF 80 08 9A,1,12.500000,0.015873,1.358242,-1,-2048,-1894
1754830525361,0x064,6,01 FF FF 80 08 9A,1,12.500000,0.015873,1.358242,-1,-2048,-1894
1754830525367,0x064,6,01 FF FF 80 08 9A,1,12.500000,0.015873,1.358242,-1,-2048,-1894
1754830525375,0x064,6,01 FF FF 80 07 C6,1,12.500000,0.015873,-0.505495,-1,-2048,1990
1754830525379,0x064,6,01 FF FF 80 07 C6,1,12.500000,0.015873,-0.505495,-1,-2048,1990
1754830525384,0x064,6,01 FF FF 80 07 C6,1,12.500000,0.015873,-0.505495,-1,-2048,1990
1754830525390,0x064,6,01 FF FF 80 07 C6,1,12.500000,0.015873,-0.505495,-1,-2048,1990
1754830525396,0x064,6,01 FF FF 80 07 C6,1,12.500000,0.015873,-0.505495,-1,-2048,1990
1754830525401,0x064,6,01 FF FF 80 07 C6,1,12.500000,0.015873,-0.505495,-1,-2048,1990
1754830525406,0x064,6,01 FF FF 80 07 C6,1,12.500000,0.015873,-0.505495,-1,-2048,1990
1754830525414,0x064,6,01 FF FF 80 07 C6,1,12.500000,0.015873,-0.505495,-1,-2048,1990
1754830525418,0x064,6,01 FF FF 80 07 C6,1,12.500000,0.015873,-0.505495,-1,-2048,1990
1754830525426,0x064,6,01 FF FF 80 07 C6,1,12.500000,0.015873,-0.505495,-1,-2048,1990
1754830525428,0x064,6,01 FF FF 80 07 C6,1,12.500000,0.015873,-0.505495,-1,-2048,1990
1754830525435,0x064,6,01 FF FF 80 07 C6,1,12.500000,0.015873,-0.505495,-1,-2048,1990
1754830525439,0x064,6,01 FF FF 80 07 C6,1,12.500000,0.015873,-0.505495,-1,-2048,1990
1754830525445,0x064,6,01 FF FF 80 07 C6,1,12.500000,0.015873,-0.505495,-1,-2048,1990
1754830525450,0x064,6,01 FF FF 80 07 C6,1,12.500000,0.015873,-0.505495,-1,-2048,1990
1754830525460,0x064,6,01 FF FF 80 07 C6,1,12.500000,0.015873,-0.505495,-1,-2048,1990
1754830525462,0x064,6,01 FF FF 80 07 C6,1,12.500000,0.015873,-0.505495,-1,-2048,1990
1754830525480,0x064,6,01 FF FF 80 07 C6,1,12.500000,0.015873,-0.505495,-1,-2048,1990
1754830525489,0x064,6,01 FF FF 80 08 85,1,12.500000,0.015873,1.173626,-1,-2048,-1915
1754830525499,0x064,6,01 FF FF 80 08 85,1,12.500000,0.015873,1.173626,-1,-2048,-1915
1754830525506,0x064,6,01 FF FF 80 08 85,1,12.500000,0.015873,1.173626,-1,-2048,-1915
1754830525525,0x064,6,01 FF FF 80 08 85,1,12.500000,0.015873,1.173626,-1,-2048,-1915
1754830525529,0x064,6,01 FF FF 80 08 85,1,12.500000,0.015873,1.173626,-1,-2048,-1915
1754830525531,0x064,6,01 FF FF 80 08 85,1,12.500000,0.015873,1.173626,-1,-2048,-1915
1754830525538,0x064,6,01 FF FF 80 08 85,1,12.500000,0.015873,1.173626,-1,-2048,-1915
1754830525543,0x064,6,01 FF FF 80 08 85,1,12.500000,0.015873,1.173626,-1,-2048,-1915
1754830525550,0x064,6,01 FF FF 80 08 85,1,12.500000,0.015873,1.173626,-1,-2048,-1915
1754830525562,0x064,6,01 FF FF 80 08 85,1,12.500000,0.015873,1.173626,-1,-2048,-1915
1754830525566,0x064,6,01 FF FF 80 08 85,1,12.500000,0.015873,1.173626,-1,-2048,-1915
1754830525568,0x064,6,01 FF FF 80 08 85,1,12.500000,0.015873,1.173626,-1,-2048,-1915
1754830525586,0x064,6,01 FF FF 80 07 DD,1,12.500000,0.015873,-0.303297,-1,-2048,2013
1754830525587,0x064,6,01 FF FF 80 07 DD,1,12.500000,0.015873,-0.303297,-1,-2048,2013
1754830525591,0x064,6,01 FF FF 80 07 DD,1,12.500000,0.015873,-0.303297,-1,-2048,2013
1754830525595,0x064,6,01 FF FF 80 07 DD,1,12.500000,0.015873,-0.303297,-1,-2048,2013
1754830525602,0x064,6,01 FF FF 80 07 DD,1,12.500000,0.015873,-0.303297,-1,-2048,2013
1754830525608,0x064,6,01 FF FF 80 07 DD,1,12.500000,0.015873,-0.303297,-1,-2048,2013
1754830525615,0x064,6,01 FF FF 80 07 DD,1,12.500000,0.015873,-0.303297,-1,-2048,2013
1754830525625,0x064,6,01 FF FF 80 07 DD,1,12.500000,0.015873,-0.303297,-1,-2048,2013
1754830525629,0x064,6,01 FF FF 80 07 DD,1,12.500000,0.015873,-0.303297,-1,-2048,2013
1754830525638,0x064,6,01 FF FF 80 07 DD,1,12.500000,0.015873,-0.303297,-1,-2048,2013
1754830525641,0x064,6,01 FF FF 80 07 DD,1,12.500000,0.015873,-0.303297,-1,-2048,2013
1754830525647,0x064,6,01 FF FF 80 07 DD,1,12.500000,0.015873,-0.303297,-1,-2048,2013
1754830525661,0x064,6,01 FF FF 80 07 DD,1,12.500000,0.015873,-0.303297,-1,-2048,2013
1754830525668,0x064,6,01 FF FF 80 07 DD,1,12.500000,0.015873,-0.303297,-1,-2048,2013
1754830525672,0x064,6,01 FF FF 80 07 DD,1,12.500000,0.015873,-0.303297,-1,-2048,2013
1754830525690,0x064,6,01 FF FF 80 08 7D,1,12.500000,0.015873,1.103297,-1,-2048,-1923
1754830525697,0x064,6,01 FF FF 80 08 7D,1,12.500000,0.015873,1.103297,-1,-2048,-1923
1754830525697,0x064,6,01 FF FF 80 08 7D,1,12.500000,0.015873,1.103297,-1,-2048,-1923
1754830525701,0x064,6,01 FF FF 80 08 7D,1,12.500000,0.015873,1.103297,-1,-2048,-1923
1754830525705,0x064,6,01 FF FF 80 08 7D,1,12.500000,0.015873,1.103297,-1,-2048,-1923
1754830525710,0x064,6,01 FF FF 80 08 7D,1,12.500000,0.015873,1.103297,-1,-2048,-1923
1754830525717,0x064,6,01 FF FF 80 08 7D,1,12.500000,0.015873,1.103297,-1,-2048,-1923
1754830525721,0x064,6,01 FF FF 80 08 7D,1,12.500000,0.015873,1.103297,-1,-2048,-1923
1754830525730,0x064,6,01 FF FF 80 08 7D,1,12.500000,0.015873,1.103297,-1,-2048,-1923
1754830525732,0x064,6,01 FF FF 80 08 7D,1,12.500000,0.015873,1.103297,-1,-2048,-1923
1754830525739,0x064,6,01 FF FF 80 08 7D,1,12.500000,0.015873,1.103297,-1,-2048,-1923
1754830525748,0x064,6,01 FF FF 80 08 7D,1,12.500000,0.015873,1.103297,-1,-2048,-1923
1754830525749,0x064,6,01 FF FF 80 08 7D,1,12.500000,0.015873,1.103297,-1,-2048,-1923
1754830525761,0x064,6,01 FF FF 80 08 7D,1,12.500000,0.015873,1.103297,-1,-2048,-1923
1754830525766,0x064,6,01 FF FF 80 08 7D,1,12.500000,0.015873,1.103297,-1,-2048,-1923
1754830525776,0x064,6,01 FF FF 80 08 90,1,12.500000,0.015873,1.270330,-1,-2048,-1904
1754830525779,0x064,6,01 FF FF 80 08 90,1,12.500000,0.015873,1.270330,-1,-2048,-1904
1754830525785,0x064,6,01 FF FF 80 08 90,1,12.500000,0.015873,1.270330,-1,-2048,-1904
1754830525800,0x064,6,01 FF FF 80 08 90,1,12.500000,0.015873,1.270330,-1,-2048,-1904
1754830525803,0x064,6,01 FF FF 80 08 90,1,12.500000,0.015873,1.270330,-1,-2048,-1904
1754830525810,0x064,6,01 FF FF 80 08 90,1,12.500000,0.015873,1.270330,-1,-2048,-1904
1754830525810,0x064,6,01 FF FF 80 08 90,1,12.500000,0.015873,1.270330,-1,-2048,-1904
1754830525816,0x064,6,01 FF FF 80 08 90,1,12.500000,0.015873,1.270330,-1,-2048,-1904
1754830525826,0x064,6,01 FF FF 80 08 90,1,12.500000,0.015873,1.270330,-1,-2048,-1904
1754830525829,0x064,6,01 FF FF 80 08 90,1,12.500000,0.015873,1.270330,-1,-2048,-1904
1754830525834,0x064,6,01 FF FF 80 08 90,1,12.500000,0.015873,1.270330,-1,-2048,-1904
1754830525839,0x064,6,01 FF FF 80 08 90,1,12.500000,0.015873,1.270330,-1,-2048,-1904
1754830525847,0x064,6,01 FF FF 80 08 90,1,12.500000,0.015873,1.270330,-1,-2048,-1904
1754830525851,0x064,6,01 FF FF 80 08 90,1,12.500000,0.015873,1.270330,-1,-2048,-1904
1754830525864,0x064,6,01 FF FF 80 08 90,1,12.500000,0.015873,1.270330,-1,-2048,-1904
1754830525867,0x064,6,01 FF FF 80 08 90,1,12.500000,0.015873,1.270330,-1,-2048,-1904
1754830525869,0x064,6,01 FF FF 80 08 90,1,12.500000,0.015873,1.270330,-1,-2048,-1904
1754830525874,0x064,6,01 FF FF 80 08 52,1,12.500000,0.015873,0.725275,-1,-2048,-1966
1754830525885,0x064,6,01 FF FF 80 08 52,1,12.500000,0.015873,0.725275,-1,-2048,-1966
1754830525888,0x064,6,01 FF FF 80 08 52,1,12.500000,0.015873,0.725275,-1,-2048,-1966
1754830525897,0x064,6,01 FF FF 80 08 52,1,12.500000,0.015873,0.725275,-1,-2048,-1966
1754830525899,0x064,6,01 FF FF 80 08 52,1,12.500000,0.015873,0.725275,-1,-2048,-1966
1754830525905,0x064,6,01 FF FF 80 08 52,1,12.500000,0.015873,0.725275,-1,-2048,-1966
1754830525910,0x064,6,01 FF FF 80 08 52,1,12.500000,0.015873,0.725275,-1,-2048,-1966
1754830525916,0x064,6,01 FF FF 80 08 52,1,12.500000,0.015873,0.725275,-1,-2048,-1966
1754830525925,0x064,6,01 FF FF 80 08 52,1,12.500000,0.015873,0.725275,-1,-2048,-1966
1754830525926,0x064,6,01 FF FF 80 08 52,1,12.500000,0.015873,0.725275,-1,-2048,-1966
1754830525931,0x064,6,01 FF FF 80 08 52,1,12.500000,0.015873,0.725275,-1,-2048,-1966
1754830525937,0x064,6,01 FF FF 80 08 52,1,12.500000,0.015873,0.725275,-1,-2048,-1966
1754830525950,0x064,6,01 FF FF 80 08 52,1,12.500000,0.015873,0.725275,-1,-2048,-1966
1754830525958,0x064,6,01 FF FF 80 08 52,1,12.500000,0.015873,0.725275,-1,-2048,-1966
1754830525971,0x064,6,01 FF FF 80 08 52,1,12.500000,0.015873,0.725275,-1,-2048,-1966
1754830525972,0x064,6,01 FF FF 80 08 52,1,12.500000,0.015873,0.725275,-1,-2048,-1966
1754830525973,0x064,6,01 FF FF 80 08 61,1,12.500000,0.015873,0.857143,-1,-2048,-1951
1754830525978,0x064,6,01 FF FF 80 08 61,1,12.500000,0.015873,0.857143,-1,-2048,-1951
1754830525984,0x064,6,01 FF FF 80 08 61,1,12.500000,0.015873,0.857143,-1,-2048,-1951
1754830525991,0x064,6,01 FF FF 80 08 61,1,12.500000,0.015873,0.857143,-1,-2048,-1951
1754830525999,0x064,6,01 FF FF 80 08 61,1,12.500000,0.015873,0.857143,-1,-2048,-1951
1754830526004,0x064,6,01 FF FF 80 08 61,1,12.500000,0.015873,0.857143,-1,-2048,-1951
1754830526011,0x064,6,01 FF FF 80 08 61,1,12.500000,0.015873,0.857143,-1,-2048,-1951
1754830526012,0x064,6,01 FF FF 80 08 61,1,12.500000,0.015873,0.857143,-1,-2048,-1951
1754830526023,0x064,6,01 FF FF 80 08 61,1,12.500000,0.015873,0.857143,-1,-2048,-1951
1754830526040,0x064,6,01 FF FF 80 08 61,1,12.500000,0.015873,0.857143,-1,-2048,-1951
1754830526055,0x064,6,01 FF FF 80 08 61,1,12.500000,0.015873,0.857143,-1,-2048,-1951
1754830526073,0x064,6,01 FF FF 80 08 61,1,12.500000,0.015873,0.857143,-1,-2048,-1951
1754830526074,0x064,6,01 FF FF 80 08 61,1,12.500000,0.015873,0.857143,-1,-2048,-1951
1754830526074,0x064,6,01 FF FF 80 08 61,1,12.500000,0.015873,0.857143,-1,-2048,-1951
1754830526074,0x064,6,01 FF FF 80 08 61,1,12.500000,0.015873,0.857143,-1,-2048,-1951
1754830526075,0x064,6,01 FF FF 80 08 61,1,12.500000,0.015873,0.857143,-1,-2048,-1951
1754830526075,0x064,6,01 FF FF 80 07 A9,1,12.500000,0.015873,-0.760440,-1,-2048,1961
1754830526080,0x064,6,01 FF FF 80 07 A9,1,12.500000,0.015873,-0.760440,-1,-2048,1961
1754830526088,0x064,6,01 FF FF 80 07 A9,1,12.500000,0.015873,-0.760440,-1,-2048,1961
1754830526091,0x064,6,01 FF FF 80 07 A9,1,12.500000,0.015873,-0.760440,-1,-2048,1961
1754830526096,0x064,6,01 FF FF 80 07 A9,1,12.500000,0.015873,-0.760440,-1,-2048,1961
1754830526105,0x064,6,01 FF FF 80 07 A9,1,12.500000,0.015873,-0.760440,-1,-2048,1961
1754830526109,0x064,6,01 FF FF 80 07 A9,1,12.500000,0.015873,-0.760440,-1,-2048,1961
1754830526112,0x064,6,01 FF FF 80 07 A9,1,12.500000,0.015873,-0.760440,-1,-2048,1961
1754830526118,0x064,6,01 FF FF 80 07 A9,1,12.500000,0.015873,-0.760440,-1,-2048,1961
1754830526124,0x064,6,01 FF FF 80 07 A9,1,12.500000,0.015873,-0.760440,-1,-2048,1961
1754830526131,0x064,6,01 FF FF 80 07 A9,1,12.500000,0.015873,-0.760440,-1,-2048,1961
1754830526141,0x064,6,01 FF FF 80 07 A9,1,12.500000,0.015873,-0.760440,-1,-2048,1961
1754830526157,0x064,6,01 FF FF 80 07 A9,1,12.500000,0.015873,-0.760440,-1,-2048,1961
1754830526158,0x064,6,01 FF FF 80 07 A9,1,12.500000,0.015873,-0.760440,-1,-2048,1961
1754830526158,0x064,6,01 FF FF 80 07 A9,1,12.500000,0.015873,-0.760440,-1,-2048,1961
1754830526174,0x064,6,01 FF FF 80 07 A9,1,12.500000,0.015873,-0.760440,-1,-2048,1961
1754830526179,0x064,6,01 FF FF 80 08 44,1,12.500000,0.015873,0.602198,-1,-2048,-1980
1754830526183,0x064,6,01 FF FF 80 08 44,1,12.500000,0.015873,0.602198,-1,-2048,-1980
1754830526193,0x064,6,01 FF FF 80 08 44,1,12.500000,0.015873,0.602198,-1,-2048,-1980
1754830526196,0x064,6,01 FF FF 80 08 44,1,12.500000,0.015873,0.602198,-1,-2048,-1980
1754830526202,0x064,6,01 FF FF 80 08 44,1,12.500000,0.015873,0.602198,-1,-2048,-1980
1754830526217,0x064,6,01 FF FF 80 08 44,1,12.500000,0.015873,0.602198,-1,-2048,-1980
1754830526218,0x064,6,01 FF FF 80 08 44,1,12.500000,0.015873,0.602198,-1,-2048,-1980
1754830526219,0x064,6,01 FF FF 80 08 44,1,12.500000,0.015873,0.602198,-1,-2048,-1980
1754830526224,0x064,6,01 FF FF 80 08 44,1,12.500000,0.015873,0.602198,-1,-2048,-1980
1754830526235,0x064,6,01 FF FF 80 08 44,1,12.500000,0.015873,0.602198,-1,-2048,-1980
1754830526239,0x064,6,01 FF FF 80 08 44,1,12.500000,0.015873,0.602198,-1,-2048,-1980
1754830526244,0x064,6,01 FF FF 80 08 44,1,12.500000,0.015873,0.602198,-1,-2048,-1980
1754830526250,0x064,6,01 FF FF 80 08 44,1,12.500000,0.015873,0.602198,-1,-2048,-1980
1754830526255,0x064,6,01 FF FF 80 08 44,1,12.500000,0.015873,0.602198,-1,-2048,-1980
1754830526268,0x064,6,01 FF FF 80 08 44,1,12.500000,0.015873,0.602198,-1,-2048,-1980
1754830526282,0x064,6,01 FF FF 80 08 44,1,12.500000,0.015873,0.602198,-1,-2048,-1980
1754830526285,0x064,6,01 FF FF 80 08 7B,1,12.500000,0.015873,1.085714,-1,-2048,-1925
1754830526288,0x064,6,01 FF FF 80 08 7B,1,12.500000,0.015873,1.085714,-1,-2048,-1925
1754830526294,0x064,6,01 FF FF 80 08 7B,1,12.500000,0.015873,1.085714,-1,-2048,-1925
1754830526300,0x064,6,01 FF FF 80 08 7B,1,12.500000,0.015873,1.085714,-1,-2048,-1925
1754830526306,0x064,6,01 FF FF 80 08 7B,1,12.500000,0.015873,1.085714,-1,-2048,-1925
1754830526311,0x064,6,01 FF FF 80 08 7B,1,12.500000,0.015873,1.085714,-1,-2048,-1925
1754830526316,0x064,6,01 FF FF 80 08 7B,1,12.500000,0.015873,1.085714,-1,-2048,-1925
1754830526327,0x064,6,01 FF FF 80 08 7B,1,12.500000,0.015873,1.085714,-1,-2048,-1925
1754830526354,0x064,6,01 FF FF 80 08 7B,1,12.500000,0.015873,1.085714,-1,-2048,-1925
1754830526356,0x064,6,01 FF FF 80 08 7B,1,12.500000,0.015873,1.085714,-1,-2048,-1925
1754830526362,0x064,6,01 FF FF 80 08 7B,1,12.500000,0.015873,1.085714,-1,-2048,-1925
1754830526364,0x064,6,01 FF FF 80 08 7B,1,12.500000,0.015873,1.085714,-1,-2048,-1925
1754830526371,0x064,6,01 FF FF 80 08 7B,1,12.500000,0.015873,1.085714,-1,-2048,-1925
1754830526374,0x064,6,01 FF FF 80 08 2B,1,12.500000,0.015873,0.382418,-1,-2048,-2005
1754830526385,0x064,6,01 FF FF 80 08 2B,1,12.500000,0.015873,0.382418,-1,-2048,-2005
1754830526393,0x064,6,01 FF FF 80 08 2B,1,12.500000,0.015873,0.382418,-1,-2048,-2005
1754830526406,0x064,6,01 FF FF 80 08 2B,1,12.500000,0.015873,0.382418,-1,-2048,-2005
1754830526407,0x064,6,01 FF FF 80 08 2B,1,12.500000,0.015873,0.382418,-1,-2048,-2005
1754830526407,0x064,6,01 FF FF 80 08 2B,1,12.500000,0.015873,0.382418,-1,-2048,-2005
1754830526413,0x064,6,01 FF FF 80 08 2B,1,12.500000,0.015873,0.382418,-1,-2048,-2005
1754830526419,0x064,6,01 FF FF 80 08 2B,1,12.500000,0.015873,0.382418,-1,-2048,-2005
1754830526425,0x064,6,01 FF FF 80 08 2B,1,12.500000,0.015873,0.382418,-1,-2048,-2005
1754830526431,0x064,6,01 FF FF 80 08 2B,1,12.500000,0.015873,0.382418,-1,-2048,-2005
1754830526436,0x064,6,01 FF FF 80 08 2B,1,12.500000,0.015873,0.382418,-1,-2048,-2005
1754830526442,0x064,6,01 FF FF 80 08 2B,1,12.500000,0.015873,0.382418,-1,-2048,-2005
1754830526448,0x064,6,01 FF FF 80 08 2B,1,12.500000,0.015873,0.382418,-1,-2048,-2005
1754830526454,0x064,6,01 FF FF 80 08 2B,1,12.500000,0.015873,0.382418,-1,-2048,-2005
1754830526458,0x064,6,01 FF FF 80 08 2B,1,12.500000,0.015873,0.382418,-1,-2048,-2005
1754830526465,0x064,6,01 FF FF 80 08 2B,1,12.500000,0.015873,0.382418,-1,-2048,-2005
1754830526471,0x064,6,01 FF FF 80 08 2B,1,12.500000,0.015873,0.382418,-1,-2048,-2005
1754830526480,0x064,6,01 FF FF 80 08 65,1,12.500000,0.015873,0.892308,-1,-2048,-1947
1754830526485,0x064,6,01 FF FF 80 08 65,1,12.500000,0.015873,0.892308,-1,-2048,-1947
1754830526499,0x064,6,01 FF FF 80 08 65,1,12.500000,0.015873,0.892308,-1,-2048,-1947
1754830526505,0x064,6,01 FF FF 80 08 65,1,12.500000,0.015873,0.892308,-1,-2048,-1947
1754830526512,0x064,6,01 FF FF 80 08 65,1,12.500000,0.015873,0.892308,-1,-2048,-1947
1754830526516,0x064,6,01 FF FF 80 08 65,1,12.500000,0.015873,0.892308,-1,-2048,-1947
1754830526524,0x064,6,01 FF FF 80 08 65,1,12.500000,0.015873,0.892308,-1,-2048,-1947
1754830526526,0x064,6,01 FF FF 80 08 65,1,12.500000,0.015873,0.892308,-1,-2048,-1947
1754830526539,0x064,6,01 FF FF 80 08 65,1,12.500000,0.015873,0.892308,-1,-2048,-1947
1754830526541,0x064,6,01 FF FF 80 08 65,1,12.500000,0.015873,0.892308,-1,-2048,-1947
1754830526547,0x064,6,01 FF FF 80 08 65,1,12.500000,0.015873,0.892308,-1,-2048,-1947
1754830526555,0x064,6,01 FF FF 80 08 65,1,12.500000,0.015873,0.892308,-1,-2048,-1947
1754830526562,0x064,6,01 FF FF 80 08 65,1,12.500000,0.015873,0.892308,-1,-2048,-1947
1754830526579,0x064,6,01 FF FF 80 08 65,1,12.500000,0.015873,0.892308,-1,-2048,-1947
1754830526608,0x064,6,01 FF FF 80 08 24,1,12.500000,0.015873,0.320879,-1,-2048,-2012
1754830526615,0x064,6,01 FF FF 80 08 24,1,12.500000,0.015873,0.320879,-1,-2048,-2012
1754830526615,0x064,6,01 FF FF 80 08 24,1,12.500000,0.015873,0.320879,-1,-2048,-2012
1754830526616,0x064,6,01 FF FF 80 08 24,1,12.500000,0.015873,0.320879,-1,-2048,-2012
1754830526616,0x064,6,01 FF FF 80 08 24,1,12.500000,0.015873,0.320879,-1,-2048,-2012
1754830526617,0x064,6,01 FF FF 80 08 24,1,12.500000,0.015873,0.320879,-1,-2048,-2012
1754830526617,0x064,6,01 FF FF 80 08 24,1,12.500000,0.015873,0.320879,-1,-2048,-2012
1754830526621,0x064,6,01 FF FF 80 08 24,1,12.500000,0.015873,0.320879,-1,-2048,-2012
1754830526646,0x064,6,01 FF FF 80 08 24,1,12.500000,0.015873,0.320879,-1,-2048,-2012
1754830526650,0x064,6,01 FF FF 80 08 24,1,12.500000,0.015873,0.320879,-1,-2048,-2012
1754830526650,0x064,6,01 FF FF 80 08 24,1,12.500000,0.015873,0.320879,-1,-2048,-2012
1754830526653,0x064,6,01 FF FF 80 08 24,1,12.500000,0.015873,0.320879,-1,-2048,-2012
1754830526658,0x064,6,01 FF FF 80 08 24,1,12.500000,0.015873,0.320879,-1,-2048,-2012
1754830526663,0x064,6,01 FF FF 80 08 24,1,12.500000,0.015873,0.320879,-1,-2048,-2012
1754830526670,0x064,6,01 FF FF 80 08 24,1,12.500000,0.015873,0.320879,-1,-2048,-2012
1754830526672,0x064,6,01 FF FF 80 08 24,1,12.500000,0.015873,0.320879,-1,-2048,-2012
1754830526677,0x064,6,01 FF FF 80 08 36,1,12.500000,0.015873,0.479121,-1,-2048,-1994
1754830526685,0x064,6,01 FF FF 80 08 36,1,12.500000,0.015873,0.479121,-1,-2048,-1994
1754830526687,0x064,6,01 FF FF 80 08 36,1,12.500000,0.015873,0.479121,-1,-2048,-1994
1754830526697,0x064,6,01 FF FF 80 08 36,1,12.500000,0.015873,0.479121,-1,-2048,-1994
1754830526702,0x064,6,01 FF FF 80 08 36,1,12.500000,0.015873,0.479121,-1,-2048,-1994
1754830526718,0x064,6,01 FF FF 80 08 36,1,12.500000,0.015873,0.479121,-1,-2048,-1994
1754830526728,0x064,6,01 FF FF 80 08 36,1,12.500000,0.015873,0.479121,-1,-2048,-1994
1754830526731,0x064,6,01 FF FF 80 08 36,1,12.500000,0.015873,0.479121,-1,-2048,-1994
1754830526732,0x064,6,01 FF FF 80 08 36,1,12.500000,0.015873,0.479121,-1,-2048,-1994
1754830526734,0x064,6,01 FF FF 80 08 36,1,12.500000,0.015873,0.479121,-1,-2048,-1994
1754830526739,0x064,6,01 FF FF 80 08 36,1,12.500000,0.015873,0.479121,-1,-2048,-1994
1754830526745,0x064,6,01 FF FF 80 08 36,1,12.500000,0.015873,0.479121,-1,-2048,-1994
1754830526762,0x064,6,01 FF FF 80 08 36,1,12.500000,0.015873,0.479121,-1,-2048,-1994
1754830526766,0x064,6,01 FF FF 80 08 36,1,12.500000,0.015873,0.479121,-1,-2048,-1994
1754830526774,0x064,6,01 FF FF 80 08 36,1,12.500000,0.015873,0.479121,-1,-2048,-1994
1754830526798,0x064,6,01 FF FF 80 08 43,1,12.500000,0.015873,0.593407,-1,-2048,-1981
1754830526799,0x064,6,01 FF FF 80 08 43,1,12.500000,0.015873,0.593407,-1,-2048,-1981
1754830526799,0x064,6,01 FF FF 80 08 43,1,12.500000,0.015873,0.593407,-1,-2048,-1981
1754830526799,0x064,6,01 FF FF 80 08 43,1,12.500000,0.015873,0.593407,-1,-2048,-1981
1754830526803,0x064,6,01 FF FF 80 08 43,1,12.500000,0.015873,0.593407,-1,-2048,-1981
1754830526815,0x064,6,01 FF FF 80 08 43,1,12.500000,0.015873,0.593407,-1,-2048,-1981
1754830526818,0x064,6,01 FF FF 80 08 43,1,12.500000,0.015873,0.593407,-1,-2048,-1981
1754830526823,0x064,6,01 FF FF 80 08 43,1,12.500000,0.015873,0.593407,-1,-2048,-1981
1754830526829,0x064,6,01 FF FF 80 08 43,1,12.500000,0.015873,0.593407,-1,-2048,-1981
1754830526834,0x064,6,01 FF FF 80 08 43,1,12.500000,0.015873,0.593407,-1,-2048,-1981
1754830526842,0x064,6,01 FF FF 80 08 43,1,12.500000,0.015873,0.593407,-1,-2048,-1981
1754830526846,0x064,6,01 FF FF 80 08 43,1,12.500000,0.015873,0.593407,-1,-2048,-1981
1754830526855,0x064,6,01 FF FF 80 08 43,1,12.500000,0.015873,0.593407,-1,-2048,-1981
1754830526855,0x064,6,01 FF FF 80 08 43,1,12.500000,0.015873,0.593407,-1,-2048,-1981
1754830526861,0x064,6,01 FF FF 80 08 43,1,12.500000,0.015873,0.593407,-1,-2048,-1981
1754830526866,0x064,6,01 FF FF 80 08 43,1,12.500000,0.015873,0.593407,-1,-2048,-1981
1754830526872,0x064,6,01 FF FF 80 08 43,1,12.500000,0.015873,0.593407,-1,-2048,-1981
1754830526877,0x064,6,01 FF FF 80 08 84,1,12.500000,0.015873,1.164835,-1,-2048,-1916
1754830526883,0x064,6,01 FF FF 80 08 84,1,12.500000,0.015873,1.164835,-1,-2048,-1916
1754830526887,0x064,6,01 FF FF 80 08 84,1,12.500000,0.015873,1.164835,-1,-2048,-1916
1754830526893,0x064,6,01 FF FF 80 08 84,1,12.500000,0.015873,1.164835,-1,-2048,-1916
1754830526905,0x064,6,01 FF FF 80 08 84,1,12.500000,0.015873,1.164835,-1,-2048,-1916
1754830526907,0x064,6,01 FF FF 80 08 84,1,12.500000,0.015873,1.164835,-1,-2048,-1916
1754830526912,0x064,6,01 FF FF 80 08 84,1,12.500000,0.015873,1.164835,-1,-2048,-1916
1754830526924,0x064,6,01 FF FF 80 08 84,1,12.500000,0.015873,1.164835,-1,-2048,-1916
1754830526933,0x064,6,01 FF FF 80 08 84,1,12.500000,0.015873,1.164835,-1,-2048,-1916
1754830526934,0x064,6,01 FF FF 80 08 84,1,12.500000,0.015873,1.164835,-1,-2048,-1916
1754830526940,0x064,6,01 FF FF 80 08 84,1,12.500000,0.015873,1.164835,-1,-2048,-1916
1754830526948,0x064,6,01 FF FF 80 08 84,1,12.500000,0.015873,1.164835,-1,-2048,-1916
1754830526951,0x064,6,01 FF FF 80 08 84,1,12.500000,0.015873,1.164835,-1,-2048,-1916
1754830526966,0x064,6,01 FF FF 80 08 84,1,12.500000,0.015873,1.164835,-1,-2048,-1916
1754830526983,0x064,6,01 FF FF 80 08 84,1,12.500000,0.015873,1.164835,-1,-2048,-1916
1754830526987,0x064,6,01 FF FF 80 08 84,1,12.500000,0.015873,1.164835,-1,-2048,-1916
1754830526988,0x064,6,01 FF FF 80 07 D4,1,12.500000,0.015873,-0.382418,-1,-2048,2004
1754830526989,0x064,6,01 FF FF 80 07 D4,1,12.500000,0.015873,-0.382418,-1,-2048,2004
1754830526995,0x064,6,01 FF FF 80 07 D4,1,12.500000,0.015873,-0.382418,-1,-2048,2004
1754830527008,0x064,6,01 FF FF 80 07 D4,1,12.500000,0.015873,-0.382418,-1,-2048,2004
1754830527039,0x064,6,01 FF FF 80 07 D4,1,12.500000,0.015873,-0.382418,-1,-2048,2004
1754830527040,0x064,6,01 FF FF 80 07 D4,1,12.500000,0.015873,-0.382418,-1,-2048,2004
1754830527049,0x064,6,01 FF FF 80 07 D4,1,12.500000,0.015873,-0.382418,-1,-2048,2004
1754830527051,0x064,6,01 FF FF 80 07 D4,1,12.500000,0.015873,-0.382418,-1,-2048,2004
1754830527058,0x064,6,01 FF FF 80 07 D4,1,12.500000,0.015873,-0.382418,-1,-2048,2004
1754830527063,0x064,6,01 FF FF 80 07 D4,1,12.500000,0.015873,-0.382418,-1,-2048,2004
1754830527068,0x064,6,01 FF FF 80 07 D4,1,12.500000,0.015873,-0.382418,-1,-2048,2004
1754830527078,0x064,6,01 FF FF 80 08 06,1,12.500000,0.015873,0.057143,-1,-2048,-2042
1754830527081,0x064,6,01 FF FF 80 08 06,1,12.500000,0.015873,0.057143,-1,-2048,-2042
1754830527101,0x064,6,01 FF FF 80 08 06,1,12.500000,0.015873,0.057143,-1,-2048,-2042
1754830527107,0x064,6,01 FF FF 80 08 06,1,12.500000,0.015873,0.057143,-1,-2048,-2042
1754830527115,0x064,6,01 FF FF 80 08 06,1,12.500000,0.015873,0.057143,-1,-2048,-2042
1754830527124,0x064,6,01 FF FF 80 08 06,1,12.500000,0.015873,0.057143,-1,-2048,-2042
1754830527124,0x064,6,01 FF FF 80 08 06,1,12.500000,0.015873,0.057143,-1,-2048,-2042
1754830527125,0x064,6,01 FF FF 80 08 06,1,12.500000,0.015873,0.057143,-1,-2048,-2042
1754830527140,0x064,6,01 FF FF 80 08 06,1,12.500000,0.015873,0.057143,-1,-2048,-2042
1754830527140,0x064,6,01 FF FF 80 08 06,1,12.500000,0.015873,0.057143,-1,-2048,-2042
1754830527143,0x064,6,01 FF FF 80 08 06,1,12.500000,0.015873,0.057143,-1,-2048,-2042
1754830527152,0x064,6,01 FF FF 80 08 06,1,12.500000,0.015873,0.057143,-1,-2048,-2042
1754830527155,0x064,6,01 FF FF 80 08 06,1,12.500000,0.015873,0.057143,-1,-2048,-2042
1754830527164,0x064,6,01 FF FF 80 08 06,1,12.500000,0.015873,0.057143,-1,-2048,-2042
1754830527169,0x064,6,01 FF FF 80 08 06,1,12.500000,0.015873,0.057143,-1,-2048,-2042
1754830527174,0x064,6,01 FF FF 7F C8 1E,1,12.500000,-0.111111,0.268132,-1,2044,-2018
1754830527179,0x064,6,01 FF FF 7F C8 1E,1,12.500000,-0.111111,0.268132,-1,2044,-2018
1754830527184,0x064,6,01 FF FF 7F C8 1E,1,12.500000,-0.111111,0.268132,-1,2044,-2018
1754830527190,0x064,6,01 FF FF 7F C8 1E,1,12.500000,-0.111111,0.268132,-1,2044,-2018
1754830527195,0x064,6,01 FF FF 7F C8 1E,1,12.500000,-0.111111,0.268132,-1,2044,-2018
1754830527205,0x064,6,01 FF FF 7F C8 1E,1,12.500000,-0.111111,0.268132,-1,2044,-2018
1754830527217,0x064,6,01 FF FF 7F C8 1E,1,12.500000,-0.111111,0.268132,-1,2044,-2018
1754830527225,0x064,6,01 FF FF 7F C8 1E,1,12.500000,-0.111111,0.268132,-1,2044,-2018
1754830527238,0x064,6,01 FF FF 7F C8 1E,1,12.500000,-0.111111,0.268132,-1,2044,-2018
1754830527243,0x064,6,01 FF FF 7F C8 1E,1,12.500000,-0.111111,0.268132,-1,2044,-2018
1754830527250,0x064,6,01 FF FF 7F C8 1E,1,12.500000,-0.111111,0.268132,-1,2044,-2018
1754830527255,0x064,6,01 FF FF 7F C8 1E,1,12.500000,-0.111111,0.268132,-1,2044,-2018
1754830527256,0x064,6,01 FF FF 7F C8 1E,1,12.500000,-0.111111,0.268132,-1,2044,-2018
1754830527264,0x064,6,01 FF FF 7F C8 1E,1,12.500000,-0.111111,0.268132,-1,2044,-2018
1754830527267,0x064,6,01 FF FF 7F C8 1E,1,12.500000,-0.111111,0.268132,-1,2044,-2018
1754830527273,0x064,6,01 FF FF 7F C8 1D,1,12.500000,-0.111111,0.259341,-1,2044,-2019
1754830527278,0x064,6,01 FF FF 7F C8 1D,1,12.500000,-0.111111,0.259341,-1,2044,-2019
1754830527283,0x064,6,01 FF FF 7F C8 1D,1,12.500000,-0.111111,0.259341,-1,2044,-2019
1754830527290,0x064,6,01 FF FF 7F C8 1D,1,12.500000,-0.111111,0.259341,-1,2044,-2019
1754830527302,0x064,6,01 FF FF 7F C8 1D,1,12.500000,-0.111111,0.259341,-1,2044,-2019
1754830527303,0x064,6,01 FF FF 7F C8 1D,1,12.500000,-0.111111,0.259341,-1,2044,-2019
1754830527311,0x064,6,01 FF FF 7F C8 1D,1,12.500000,-0.111111,0.259341,-1,2044,-2019
1754830527315,0x064,6,01 FF FF 7F C8 1D,1,12.500000,-0.111111,0.259341,-1,2044,-2019
1754830527319,0x064,6,01 FF FF 7F C8 1D,1,12.500000,-0.111111,0.259341,-1,2044,-2019
1754830527337,0x064,6,01 FF FF 7F C8 1D,1,12.500000,-0.111111,0.259341,-1,2044,-2019
1754830527343,0x064,6,01 FF FF 7F C8 1D,1,12.500000,-0.111111,0.259341,-1,2044,-2019
1754830527349,0x064,6,01 FF FF 7F C8 1D,1,12.500000,-0.111111,0.259341,-1,2044,-2019
1754830527354,0x064,6,01 FF FF 7F C8 1D,1,12.500000,-0.111111,0.259341,-1,2044,-2019
1754830527362,0x064,6,01 FF FF 7F C8 1D,1,12.500000,-0.111111,0.259341,-1,2044,-2019
1754830527364,0x064,6,01 FF FF 7F C8 1D,1,12.500000,-0.111111,0.259341,-1,2044,-2019
1754830527376,0x064,6,01 FF FF 7F C8 1D,1,12.500000,-0.111111,0.259341,-1,2044,-2019
1754830527378,0x064,6,01 FF FF 7F 78 28,1,12.500000,-0.269841,0.356044,-1,2039,-2008
1754830527380,0x064,6,01 FF FF 7F 78 28,1,12.500000,-0.269841,0.356044,-1,2039,-2008
1754830527392,0x064,6,01 FF FF 7F 78 28,1,12.500000,-0.269841,0.356044,-1,2039,-2008
1754830527393,0x064,6,01 FF FF 7F 78 28,1,12.500000,-0.269841,0.356044,-1,2039,-2008
1754830527400,0x064,6,01 FF FF 7F 78 28,1,12.500000,-0.269841,0.356044,-1,2039,-2008
1754830527405,0x064,6,01 FF FF 7F 78 28,1,12.500000,-0.269841,0.356044,-1,2039,-2008
1754830527410,0x064,6,01 FF FF 7F 78 28,1,12.500000,-0.269841,0.356044,-1,2039,-2008
1754830527415,0x064,6,01 FF FF 7F 78 28,1,12.500000,-0.269841,0.356044,-1,2039,-2008
1754830527425,0x064,6,01 FF FF 7F 78 28,1,12.500000,-0.269841,0.356044,-1,2039,-2008
1754830527438,0x064,6,01 FF FF 7F 78 28,1,12.500000,-0.269841,0.356044,-1,2039,-2008
1754830527443,0x064,6,01 FF FF 7F 78 28,1,12.500000,-0.269841,0.356044,-1,2039,-2008
1754830527454,0x064,6,01 FF FF 7F 78 28,1,12.500000,-0.269841,0.356044,-1,2039,-2008
1754830527461,0x064,6,01 FF FF 7F 78 28,1,12.500000,-0.269841,0.356044,-1,2039,-2008
1754830527468,0x064,6,01 FF FF 7F 78 28,1,12.500000,-0.269841,0.356044,-1,2039,-2008
1754830527487,0x064,6,01 FF FF 7F 78 28,1,12.500000,-0.269841,0.356044,-1,2039,-2008
1754830527487,0x064,6,01 FF FF 7F 88 64,1,12.500000,-0.238095,0.883516,-1,2040,-1948
1754830527487,0x064,6,01 FF FF 7F 88 64,1,12.500000,-0.238095,0.883516,-1,2040,-1948
1754830527488,0x064,6,01 FF FF 7F 88 64,1,12.500000,-0.238095,0.883516,-1,2040,-1948
1754830527494,0x064,6,01 FF FF 7F 88 64,1,12.500000,-0.238095,0.883516,-1,2040,-1948
1754830527501,0x064,6,01 FF FF 7F 88 64,1,12.500000,-0.238095,0.883516,-1,2040,-1948
1754830527505,0x064,6,01 FF FF 7F 88 64,1,12.500000,-0.238095,0.883516,-1,2040,-1948
1754830527510,0x064,6,01 FF FF 7F 88 64,1,12.500000,-0.238095,0.883516,-1,2040,-1948
1754830527524,0x064,6,01 FF FF 7F 88 64,1,12.500000,-0.238095,0.883516,-1,2040,-1948
1754830527525,0x064,6,01 FF FF 7F 88 64,1,12.500000,-0.238095,0.883516,-1,2040,-1948
1754830527530,0x064,6,01 FF FF 7F 88 64,1,12.500000,-0.238095,0.883516,-1,2040,-1948
1754830527536,0x064,6,01 FF FF 7F 88 64,1,12.500000,-0.238095,0.883516,-1,2040,-1948
1754830527541,0x064,6,01 FF FF 7F 88 64,1,12.500000,-0.238095,0.883516,-1,2040,-1948
1754830527546,0x064,6,01 FF FF 7F 88 64,1,12.500000,-0.238095,0.883516,-1,2040,-1948
1754830527559,0x064,6,01 FF FF 7F 88 64,1,12.500000,-0.238095,0.883516,-1,2040,-1948
1754830527565,0x064,6,01 FF FF 7F 88 64,1,12.500000,-0.238095,0.883516,-1,2040,-1948
1754830527571,0x064,6,01 FF FF 7F 88 64,1,12.500000,-0.238095,0.883516,-1,2040,-1948
1754830527581,0x064,6,01 FF FF 7F 37 B3,1,12.500000,-0.396825,-0.672527,-1,2035,1971
1754830527594,0x064,6,01 FF FF 7F 37 B3,1,12.500000,-0.396825,-0.672527,-1,2035,1971
1754830527594,0x064,6,01 FF FF 7F 37 B3,1,12.500000,-0.396825,-0.672527,-1,2035,1971
1754830527596,0x064,6,01 FF FF 7F 37 B3,1,12.500000,-0.396825,-0.672527,-1,2035,1971
1754830527601,0x064,6,01 FF FF 7F 37 B3,1,12.500000,-0.396825,-0.672527,-1,2035,1971
1754830527608,0x064,6,01 FF FF 7F 37 B3,1,12.500000,-0.396825,-0.672527,-1,2035,1971
1754830527613,0x064,6,01 FF FF 7F 37 B3,1,12.500000,-0.396825,-0.672527,-1,2035,1971
1754830527623,0x064,6,01 FF FF 7F 37 B3,1,12.500000,-0.396825,-0.672527,-1,2035,1971
1754830527628,0x064,6,01 FF FF 7F 37 B3,1,12.500000,-0.396825,-0.672527,-1,2035,1971
1754830527632,0x064,6,01 FF FF 7F 37 B3,1,12.500000,-0.396825,-0.672527,-1,2035,1971
1754830527637,0x064,6,01 FF FF 7F 37 B3,1,12.500000,-0.396825,-0.672527,-1,2035,1971
1754830527646,0x064,6,01 FF FF 7F 37 B3,1,12.500000,-0.396825,-0.672527,-1,2035,1971
1754830527650,0x064,6,01 FF FF 7F 37 B3,1,12.500000,-0.396825,-0.672527,-1,2035,1971
1754830527653,0x064,6,01 FF FF 7F 37 B3,1,12.500000,-0.396825,-0.672527,-1,2035,1971
1754830527659,0x064,6,01 FF FF 7F 37 B3,1,12.500000,-0.396825,-0.672527,-1,2035,1971
1754830527668,0x064,6,01 FF FF 7F 37 B3,1,12.500000,-0.396825,-0.672527,-1,2035,1971
1754830527675,0x064,6,01 FF FF 7F 37 B3,1,12.500000,-0.396825,-0.672527,-1,2035,1971
1754830527678,0x064,6,01 FF FF 7F 38 04,1,12.500000,-0.396825,0.039560,-1,2035,-2044
1754830527682,0x064,6,01 FF FF 7F 38 04,1,12.500000,-0.396825,0.039560,-1,2035,-2044
1754830527687,0x064,6,01 FF FF 7F 38 04,1,12.500000,-0.396825,0.039560,-1,2035,-2044
1754830527693,0x064,6,01 FF FF 7F 38 04,1,12.500000,-0.396825,0.039560,-1,2035,-2044
1754830527698,0x064,6,01 FF FF 7F 38 04,1,12.500000,-0.396825,0.039560,-1,2035,-2044
1754830527703,0x064,6,01 FF FF 7F 38 04,1,12.500000,-0.396825,0.039560,-1,2035,-2044
1754830527716,0x064,6,01 FF FF 7F 38 04,1,12.500000,-0.396825,0.039560,-1,2035,-2044
1754830527729,0x064,6,01 FF FF 7F 38 04,1,12.500000,-0.396825,0.039560,-1,2035,-2044
1754830527732,0x064,6,01 FF FF 7F 38 04,1,12.500000,-0.396825,0.039560,-1,2035,-2044
1754830527733,0x064,6,01 FF FF 7F 38 04,1,12.500000,-0.396825,0.039560,-1,2035,-2044
1754830527735,0x064,6,01 FF FF 7F 38 04,1,12.500000,-0.396825,0.039560,-1,2035,-2044
1754830527742,0x064,6,01 FF FF 7F 38 04,1,12.500000,-0.396825,0.039560,-1,2035,-2044
1754830527749,0x064,6,01 FF FF 7F 38 04,1,12.500000,-0.396825,0.039560,-1,2035,-2044
1754830527753,0x064,6,01 FF FF 7F 38 04,1,12.500000,-0.396825,0.039560,-1,2035,-2044
1754830527760,0x064,6,01 FF FF 7F 38 04,1,12.500000,-0.396825,0.039560,-1,2035,-2044
1754830527793,0x064,6,01 FF FF 7F 38 04,1,12.500000,-0.396825,0.039560,-1,2035,-2044
1754830527793,0x064,6,01 FF FF 80 08 41,1,12.500000,0.015873,0.575824,-1,-2048,-1983
1754830527793,0x064,6,01 FF FF 80 08 41,1,12.500000,0.015873,0.575824,-1,-2048,-1983
1754830527793,0x064,6,01 FF FF 80 08 41,1,12.500000,0.015873,0.575824,-1,-2048,-1983
1754830527794,0x064,6,01 FF FF 80 08 41,1,12.500000,0.015873,0.575824,-1,-2048,-1983
1754830527797,0x064,6,01 FF FF 80 08 41,1,12.500000,0.015873,0.575824,-1,-2048,-1983
1754830527808,0x064,6,01 FF FF 80 08 41,1,12.500000,0.015873,0.575824,-1,-2048,-1983
1754830527810,0x064,6,01 FF FF 80 08 41,1,12.500000,0.015873,0.575824,-1,-2048,-1983
1754830527813,0x064,6,01 FF FF 80 08 41,1,12.500000,0.015873,0.575824,-1,-2048,-1983
1754830527823,0x064,6,01 FF FF 80 08 41,1,12.500000,0.015873,0.575824,-1,-2048,-1983
1754830527829,0x064,6,01 FF FF 80 08 41,1,12.500000,0.015873,0.575824,-1,-2048,-1983
1754830527830,0x064,6,01 FF FF 80 08 41,1,12.500000,0.015873,0.575824,-1,-2048,-1983
1754830527837,0x064,6,01 FF FF 80 08 41,1,12.500000,0.015873,0.575824,-1,-2048,-1983
1754830527842,0x064,6,01 FF FF 80 08 41,1,12.500000,0.015873,0.575824,-1,-2048,-1983
1754830527847,0x064,6,01 FF FF 80 08 41,1,12.500000,0.015873,0.575824,-1,-2048,-1983
1754830527853,0x064,6,01 FF FF 80 08 41,1,12.500000,0.015873,0.575824,-1,-2048,-1983
1754830527858,0x064,6,01 FF FF 80 08 41,1,12.500000,0.015873,0.575824,-1,-2048,-1983
1754830527863,0x064,6,01 FF FF 80 08 41,1,12.500000,0.015873,0.575824,-1,-2048,-1983
1754830527874,0x064,6,01 FF FF 80 08 41,1,12.500000,0.015873,0.575824,-1,-2048,-1983
1754830527878,0x064,6,01 FF FF 80 07 E2,1,12.500000,0.015873,-0.259341,-1,-2048,2018
1754830527889,0x064,6,01 FF FF 80 07 E2,1,12.500000,0.015873,-0.259341,-1,-2048,2018
1754830527891,0x064,6,01 FF FF 80 07 E2,1,12.500000,0.015873,-0.259341,-1,-2048,2018
1754830527899,0x064,6,01 FF FF 80 07 E2,1,12.500000,0.015873,-0.259341,-1,-2048,2018
1754830527903,0x064,6,01 FF FF 80 07 E2,1,12.500000,0.015873,-0.259341,-1,-2048,2018
1754830527919,0x064,6,01 FF FF 80 07 E2,1,12.500000,0.015873,-0.259341,-1,-2048,2018
1754830527922,0x064,6,01 FF FF 80 07 E2,1,12.500000,0.015873,-0.259341,-1,-2048,2018
1754830527931,0x064,6,01 FF FF 80 07 E2,1,12.500000,0.015873,-0.259341,-1,-2048,2018
1754830527943,0x064,6,01 FF FF 80 07 E2,1,12.500000,0.015873,-0.259341,-1,-2048,2018
1754830527950,0x064,6,01 FF FF 80 07 E2,1,12.500000,0.015873,-0.259341,-1,-2048,2018
1754830527954,0x064,6,01 FF FF 80 07 E2,1,12.500000,0.015873,-0.259341,-1,-2048,2018
1754830527959,0x064,6,01 FF FF 80 07 E2,1,12.500000,0.015873,-0.259341,-1,-2048,2018
1754830527964,0x064,6,01 FF FF 80 07 E2,1,12.500000,0.015873,-0.259341,-1,-2048,2018
1754830527985,0x064,6,01 FF FF 80 07 CE,1,12.500000,0.015873,-0.435165,-1,-2048,1998
1754830528008,0x064,6,01 FF FF 80 07 CE,1,12.500000,0.015873,-0.435165,-1,-2048,1998
1754830528017,0x064,6,01 FF FF 80 07 CE,1,12.500000,0.015873,-0.435165,-1,-2048,1998
1754830528021,0x064,6,01 FF FF 80 07 CE,1,12.500000,0.015873,-0.435165,-1,-2048,1998
1754830528024,0x064,6,01 FF FF 80 07 CE,1,12.500000,0.015873,-0.435165,-1,-2048,1998
1754830528027,0x064,6,01 FF FF 80 07 CE,1,12.500000,0.015873,-0.435165,-1,-2048,1998
1754830528028,0x064,6,01 FF FF 80 07 CE,1,12.500000,0.015873,-0.435165,-1,-2048,1998
1754830528039,0x064,6,01 FF FF 80 07 CE,1,12.500000,0.015873,-0.435165,-1,-2048,1998
1754830528045,0x064,6,01 FF FF 80 07 CE,1,12.500000,0.015873,-0.435165,-1,-2048,1998
1754830528046,0x064,6,01 FF FF 80 07 CE,1,12.500000,0.015873,-0.435165,-1,-2048,1998
1754830528051,0x064,6,01 FF FF 80 07 CE,1,12.500000,0.015873,-0.435165,-1,-2048,1998
1754830528058,0x064,6,01 FF FF 80 07 CE,1,12.500000,0.015873,-0.435165,-1,-2048,1998
1754830528065,0x064,6,01 FF FF 80 07 CE,1,12.500000,0.015873,-0.435165,-1,-2048,1998
1754830528069,0x064,6,01 FF FF 80 07 CE,1,12.500000,0.015873,-0.435165,-1,-2048,1998
1754830528075,0x064,6,01 FF FF 80 07 DA,1,12.500000,0.015873,-0.329670,-1,-2048,2010
1754830528079,0x064,6,01 FF FF 80 07 DA,1,12.500000,0.015873,-0.329670,-1,-2048,2010
1754830528086,0x064,6,01 FF FF 80 07 DA,1,12.500000,0.015873,-0.329670,-1,-2048,2010
1754830528096,0x064,6,01 FF FF 80 07 DA,1,12.500000,0.015873,-0.329670,-1,-2048,2010
1754830528107,0x064,6,01 FF FF 80 07 DA,1,12.500000,0.015873,-0.329670,-1,-2048,2010
1754830528132,0x064,6,01 FF FF 80 07 DA,1,12.500000,0.015873,-0.329670,-1,-2048,2010
1754830528133,0x064,6,01 FF FF 80 07 DA,1,12.500000,0.015873,-0.329670,-1,-2048,2010
1754830528147,0x064,6,01 FF FF 80 07 DA,1,12.500000,0.015873,-0.329670,-1,-2048,2010
1754830528150,0x064,6,01 FF FF 80 07 DA,1,12.500000,0.015873,-0.329670,-1,-2048,2010
1754830528163,0x064,6,01 FF FF 80 07 DA,1,12.500000,0.015873,-0.329670,-1,-2048,2010
1754830528166,0x064,6,01 FF FF 80 07 DA,1,12.500000,0.015873,-0.329670,-1,-2048,2010
1754830528169,0x064,6,01 FF FF 80 07 DA,1,12.500000,0.015873,-0.329670,-1,-2048,2010
1754830528173,0x064,6,01 FF FF 80 07 DA,1,12.500000,0.015873,-0.329670,-1,-2048,2010
1754830528174,0x064,6,01 FF FF 80 07 DA,1,12.500000,0.015873,-0.329670,-1,-2048,2010
1754830528179,0x064,6,01 FF FF 80 07 D1,1,12.500000,0.015873,-0.408791,-1,-2048,2001
1754830528185,0x064,6,01 FF FF 80 07 D1,1,12.500000,0.015873,-0.408791,-1,-2048,2001
1754830528190,0x064,6,01 FF FF 80 07 D1,1,12.500000,0.015873,-0.408791,-1,-2048,2001
1754830528196,0x064,6,01 FF FF 80 07 D1,1,12.500000,0.015873,-0.408791,-1,-2048,2001
1754830528203,0x064,6,01 FF FF 80 07 D1,1,12.500000,0.015873,-0.408791,-1,-2048,2001
1754830528208,0x064,6,01 FF FF 80 07 D1,1,12.500000,0.015873,-0.408791,-1,-2048,2001
1754830528213,0x064,6,01 FF FF 80 07 D1,1,12.500000,0.015873,-0.408791,-1,-2048,2001
1754830528220,0x064,6,01 FF FF 80 07 D1,1,12.500000,0.015873,-0.408791,-1,-2048,2001
1754830528224,0x064,6,01 FF FF 80 07 D1,1,12.500000,0.015873,-0.408791,-1,-2048,2001
1754830528229,0x064,6,01 FF FF 80 07 D1,1,12.500000,0.015873,-0.408791,-1,-2048,2001
1754830528238,0x064,6,01 FF FF 80 07 D1,1,12.500000,0.015873,-0.408791,-1,-2048,2001
1754830528245,0x064,6,01 FF FF 80 07 D1,1,12.500000,0.015873,-0.408791,-1,-2048,2001
1754830528249,0x064,6,01 FF FF 80 07 D1,1,12.500000,0.015873,-0.408791,-1,-2048,2001
1754830528264,0x064,6,01 FF FF 80 07 D1,1,12.500000,0.015873,-0.408791,-1,-2048,2001
1754830528265,0x064,6,01 FF FF 80 07 D1,1,12.500000,0.015873,-0.408791,-1,-2048,2001
1754830528282,0x064,6,01 FF FF 80 07 D1,1,12.500000,0.015873,-0.408791,-1,-2048,2001
1754830528283,0x064,6,01 FF FF 80 07 D1,1,12.500000,0.015873,-0.408791,-1,-2048,2001
1754830528283,0x064,6,01 FF FF 80 07 E7,1,12.500000,0.015873,-0.215385,-1,-2048,2023
1754830528296,0x064,6,01 FF FF 80 07 E7,1,12.500000,0.015873,-0.215385,-1,-2048,2023
1754830528299,0x064,6,01 FF FF 80 07 E7,1,12.500000,0.015873,-0.215385,-1,-2048,2023
1754830528304,0x064,6,01 FF FF 80 07 E7,1,12.500000,0.015873,-0.215385,-1,-2048,2023
1754830528310,0x064,6,01 FF FF 80 07 E7,1,12.500000,0.015873,-0.215385,-1,-2048,2023
1754830528315,0x064,6,01 FF FF 80 07 E7,1,12.500000,0.015873,-0.215385,-1,-2048,2023
1754830528321,0x064,6,01 FF FF 80 07 E7,1,12.500000,0.015873,-0.215385,-1,-2048,2023
1754830528327,0x064,6,01 FF FF 80 07 E7,1,12.500000,0.015873,-0.215385,-1,-2048,2023
1754830528332,0x064,6,01 FF FF 80 07 E7,1,12.500000,0.015873,-0.215385,-1,-2048,2023
1754830528339,0x064,6,01 FF FF 80 07 E7,1,12.500000,0.015873,-0.215385,-1,-2048,2023
1754830528343,0x064,6,01 FF FF 80 07 E7,1,12.500000,0.015873,-0.215385,-1,-2048,2023
1754830528353,0x064,6,01 FF FF 80 07 E7,1,12.500000,0.015873,-0.215385,-1,-2048,2023
1754830528359,0x064,6,01 FF FF 80 07 E7,1,12.500000,0.015873,-0.215385,-1,-2048,2023
1754830528360,0x064,6,01 FF FF 80 07 E7,1,12.500000,0.015873,-0.215385,-1,-2048,2023
1754830528365,0x064,6,01 FF FF 80 07 E7,1,12.500000,0.015873,-0.215385,-1,-2048,2023
1754830528371,0x064,6,01 FF FF 80 07 E7,1,12.500000,0.015873,-0.215385,-1,-2048,2023
1754830528377,0x064,6,01 FF FF 80 07 E0,1,12.500000,0.015873,-0.276923,-1,-2048,2016
1754830528382,0x064,6,01 FF FF 80 07 E0,1,12.500000,0.015873,-0.276923,-1,-2048,2016
1754830528388,0x064,6,01 FF FF 80 07 E0,1,12.500000,0.015873,-0.276923,-1,-2048,2016
1754830528404,0x064,6,01 FF FF 80 07 E0,1,12.500000,0.015873,-0.276923,-1,-2048,2016
1754830528407,0x064,6,01 FF FF 80 07 E0,1,12.500000,0.015873,-0.276923,-1,-2048,2016
1754830528409,0x064,6,01 FF FF 80 07 E0,1,12.500000,0.015873,-0.276923,-1,-2048,2016
1754830528421,0x064,6,01 FF FF 80 07 E0,1,12.500000,0.015873,-0.276923,-1,-2048,2016
1754830528432,0x064,6,01 FF FF 80 07 E0,1,12.500000,0.015873,-0.276923,-1,-2048,2016
1754830528433,0x064,6,01 FF FF 80 07 E0,1,12.500000,0.015873,-0.276923,-1,-2048,2016
1754830528435,0x064,6,01 FF FF 80 07 E0,1,12.500000,0.015873,-0.276923,-1,-2048,2016
1754830528439,0x064,6,01 FF FF 80 07 E0,1,12.500000,0.015873,-0.276923,-1,-2048,2016
1754830528445,0x064,6,01 FF FF 80 07 E0,1,12.500000,0.015873,-0.276923,-1,-2048,2016
1754830528457,0x064,6,01 FF FF 80 07 E0,1,12.500000,0.015873,-0.276923,-1,-2048,2016
1754830528461,0x064,6,01 FF FF 80 07 E0,1,12.500000,0.015873,-0.276923,-1,-2048,2016
1754830528464,0x064,6,01 FF FF 80 07 E0,1,12.500000,0.015873,-0.276923,-1,-2048,2016
1754830528469,0x064,6,01 FF FF 80 07 E0,1,12.500000,0.015873,-0.276923,-1,-2048,2016
1754830528475,0x064,6,01 FF FF 80 08 26,1,12.500000,0.015873,0.338462,-1,-2048,-2010
1754830528482,0x064,6,01 FF FF 80 08 26,1,12.500000,0.015873,0.338462,-1,-2048,-2010
1754830528488,0x064,6,01 FF FF 80 08 26,1,12.500000,0.015873,0.338462,-1,-2048,-2010
1754830528491,0x064,6,01 FF FF 80 08 26,1,12.500000,0.015873,0.338462,-1,-2048,-2010
1754830528497,0x064,6,01 FF FF 80 08 26,1,12.500000,0.015873,0.338462,-1,-2048,-2010
1754830528507,0x064,6,01 FF FF 80 08 26,1,12.500000,0.015873,0.338462,-1,-2048,-2010
1754830528508,0x064,6,01 FF FF 80 08 26,1,12.500000,0.015873,0.338462,-1,-2048,-2010
1754830528513,0x064,6,01 FF FF 80 08 26,1,12.500000,0.015873,0.338462,-1,-2048,-2010
1754830528520,0x064,6,01 FF FF 80 08 26,1,12.500000,0.015873,0.338462,-1,-2048,-2010
1754830528524,0x064,6,01 FF FF 80 08 26,1,12.500000,0.015873,0.338462,-1,-2048,-2010
1754830528532,0x064,6,01 FF FF 80 08 26,1,12.500000,0.015873,0.338462,-1,-2048,-2010
1754830528538,0x064,6,01 FF FF 80 08 26,1,12.500000,0.015873,0.338462,-1,-2048,-2010
1754830528553,0x064,6,01 FF FF 80 08 26,1,12.500000,0.015873,0.338462,-1,-2048,-2010
1754830528558,0x064,6,01 FF FF 80 08 26,1,12.500000,0.015873,0.338462,-1,-2048,-2010
1754830528563,0x064,6,01 FF FF 80 08 26,1,12.500000,0.015873,0.338462,-1,-2048,-2010
1754830528568,0x064,6,01 FF FF 80 08 26,1,12.500000,0.015873,0.338462,-1,-2048,-2010
1754830528574,0x064,6,01 FF FF 80 08 26,1,12.500000,0.015873,0.338462,-1,-2048,-2010
1754830528579,0x064,6,01 FF FF 80 07 DE,1,12.500000,0.015873,-0.294505,-1,-2048,2014
1754830528593,0x064,6,01 FF FF 80 07 DE,1,12.500000,0.015873,-0.294505,-1,-2048,2014
1754830528597,0x064,6,01 FF FF 80 07 DE,1,12.500000,0.015873,-0.294505,-1,-2048,2014
1754830528605,0x064,6,01 FF FF 80 07 DE,1,12.500000,0.015873,-0.294505,-1,-2048,2014
1754830528606,0x064,6,01 FF FF 80 07 DE,1,12.500000,0.015873,-0.294505,-1,-2048,2014
1754830528612,0x064,6,01 FF FF 80 07 DE,1,12.500000,0.015873,-0.294505,-1,-2048,2014
1754830528617,0x064,6,01 FF FF 80 07 DE,1,12.500000,0.015873,-0.294505,-1,-2048,2014
1754830528627,0x064,6,01 FF FF 80 07 DE,1,12.500000,0.015873,-0.294505,-1,-2048,2014
1754830528633,0x064,6,01 FF FF 80 07 DE,1,12.500000,0.015873,-0.294505,-1,-2048,2014
1754830528636,0x064,6,01 FF FF 80 07 DE,1,12.500000,0.015873,-0.294505,-1,-2048,2014
1754830532822,0x064,6,01 FF FF 80 07 EE,1,12.500000,0.015873,-0.153846,-1,-2048,2030
1754830532823,0x064,6,01 FF FF 80 07 EE,1,12.500000,0.015873,-0.153846,-1,-2048,2030
1754830532824,0x064,6,01 FF FF 80 07 D7,1,12.500000,0.015873,-0.356044,-1,-2048,2007
1754830532828,0x064,6,01 FF FF 80 07 D7,1,12.500000,0.015873,-0.356044,-1,-2048,2007
1754830532833,0x064,6,01 FF FF 80 07 D7,1,12.500000,0.015873,-0.356044,-1,-2048,2007
1754830532842,0x064,6,01 FF FF 80 07 D7,1,12.500000,0.015873,-0.356044,-1,-2048,2007
1754830532844,0x064,6,01 FF FF 80 07 D7,1,12.500000,0.015873,-0.356044,-1,-2048,2007
1754830532849,0x064,6,01 FF FF 80 07 D7,1,12.500000,0.015873,-0.356044,-1,-2048,2007
1754830532855,0x064,6,01 FF FF 80 07 D7,1,12.500000,0.015873,-0.356044,-1,-2048,2007
1754830532865,0x064,6,01 FF FF 80 07 D7,1,12.500000,0.015873,-0.356044,-1,-2048,2007
1754830532869,0x064,6,01 FF FF 80 07 D7,1,12.500000,0.015873,-0.356044,-1,-2048,2007
1754830532875,0x064,6,01 FF FF 80 07 D7,1,12.500000,0.015873,-0.356044,-1,-2048,2007
1754830532879,0x064,6,01 FF FF 80 08 11,1,12.500000,0.015873,0.153846,-1,-2048,-2031
1754830532885,0x064,6,01 FF FF 80 08 11,1,12.500000,0.015873,0.153846,-1,-2048,-2031
1754830532890,0x064,6,01 FF FF 80 08 11,1,12.500000,0.015873,0.153846,-1,-2048,-2031
1754830532896,0x064,6,01 FF FF 80 08 11,1,12.500000,0.015873,0.153846,-1,-2048,-2031
1754830532902,0x064,6,01 FF FF 80 08 11,1,12.500000,0.015873,0.153846,-1,-2048,-2031
1754830532907,0x064,6,01 FF FF 80 08 11,1,12.500000,0.015873,0.153846,-1,-2048,-2031
1754830532913,0x064,6,01 FF FF 80 08 11,1,12.500000,0.015873,0.153846,-1,-2048,-2031
1754830532918,0x064,6,01 FF FF 80 08 11,1,12.500000,0.015873,0.153846,-1,-2048,-2031
1754830532923,0x064,6,01 FF FF 80 08 11,1,12.500000,0.015873,0.153846,-1,-2048,-2031
1754830532928,0x064,6,01 FF FF 80 08 11,1,12.500000,0.015873,0.153846,-1,-2048,-2031
1754830532939,0x064,6,01 FF FF 80 08 11,1,12.500000,0.015873,0.153846,-1,-2048,-2031
1754830532940,0x064,6,01 FF FF 80 08 11,1,12.500000,0.015873,0.153846,-1,-2048,-2031
1754830532955,0x064,6,01 FF FF 80 08 11,1,12.500000,0.015873,0.153846,-1,-2048,-2031
1754830532965,0x064,6,01 FF FF 80 08 11,1,12.500000,0.015873,0.153846,-1,-2048,-2031
1754830532965,0x064,6,01 FF FF 80 08 11,1,12.500000,0.015873,0.153846,-1,-2048,-2031
1754830532967,0x064,6,01 FF FF 80 08 11,1,12.500000,0.015873,0.153846,-1,-2048,-2031
1754830532972,0x064,6,01 FF FF 80 08 11,1,12.500000,0.015873,0.153846,-1,-2048,-2031
1754830532977,0x064,6,01 FF FF 80 08 11,1,12.500000,0.015873,0.153846,-1,-2048,-2031
1754830532982,0x064,6,01 FF FF 80 07 DA,1,12.500000,0.015873,-0.329670,-1,-2048,2010
1754830532988,0x064,6,01 FF FF 80 07 DA,1,12.500000,0.015873,-0.329670,-1,-2048,2010
1754830532994,0x064,6,01 FF FF 80 07 DA,1,12.500000,0.015873,-0.329670,-1,-2048,2010
1754830532999,0x064,6,01 FF FF 80 07 DA,1,12.500000,0.015873,-0.329670,-1,-2048,2010
1754830533004,0x064,6,01 FF FF 80 07 DA,1,12.500000,0.015873,-0.329670,-1,-2048,2010
1754830533009,0x064,6,01 FF FF 80 07 DA,1,12.500000,0.015873,-0.329670,-1,-2048,2010
1754830533015,0x064,6,01 FF FF 80 07 DA,1,12.500000,0.015873,-0.329670,-1,-2048,2010
1754830533020,0x064,6,01 FF FF 80 07 DA,1,12.500000,0.015873,-0.329670,-1,-2048,2010
1754830533030,0x064,6,01 FF FF 80 07 DA,1,12.500000,0.015873,-0.329670,-1,-2048,2010
1754830533035,0x064,6,01 FF FF 80 07 DA,1,12.500000,0.015873,-0.329670,-1,-2048,2010
1754830533037,0x064,6,01 FF FF 80 07 DA,1,12.500000,0.015873,-0.329670,-1,-2048,2010
1754830533042,0x064,6,01 FF FF 80 07 DA,1,12.500000,0.015873,-0.329670,-1,-2048,2010
1754830533048,0x064,6,01 FF FF 80 07 DA,1,12.500000,0.015873,-0.329670,-1,-2048,2010
1754830533053,0x064,6,01 FF FF 80 07 DA,1,12.500000,0.015873,-0.329670,-1,-2048,2010
1754830533064,0x064,6,01 FF FF 80 07 DA,1,12.500000,0.015873,-0.329670,-1,-2048,2010
1754830533065,0x064,6,01 FF FF 80 07 DA,1,12.500000,0.015873,-0.329670,-1,-2048,2010
1754830533070,0x064,6,01 FF FF 80 07 DA,1,12.500000,0.015873,-0.329670,-1,-2048,2010
1754830533076,0x064,6,01 FF FF 80 07 DA,1,12.500000,0.015873,-0.329670,-1,-2048,2010
1754830533081,0x064,6,01 FF FF 80 08 1F,1,12.500000,0.015873,0.276923,-1,-2048,-2017
1754830533086,0x064,6,01 FF FF 80 08 1F,1,12.500000,0.015873,0.276923,-1,-2048,-2017
1754830533091,0x064,6,01 FF FF 80 08 1F,1,12.500000,0.015873,0.276923,-1,-2048,-2017
1754830533102,0x064,6,01 FF FF 80 08 1F,1,12.500000,0.015873,0.276923,-1,-2048,-2017
1754830533109,0x064,6,01 FF FF 80 08 1F,1,12.500000,0.015873,0.276923,-1,-2048,-2017
1754830533112,0x064,6,01 FF FF 80 08 1F,1,12.500000,0.015873,0.276923,-1,-2048,-2017
1754830533122,0x064,6,01 FF FF 80 08 1F,1,12.500000,0.015873,0.276923,-1,-2048,-2017
1754830533127,0x064,6,01 FF FF 80 08 1F,1,12.500000,0.015873,0.276923,-1,-2048,-2017
1754830533133,0x064,6,01 FF FF 80 08 1F,1,12.500000,0.015873,0.276923,-1,-2048,-2017
1754830533137,0x064,6,01 FF FF 80 08 1F,1,12.500000,0.015873,0.276923,-1,-2048,-2017
1754830533142,0x064,6,01 FF FF 80 08 1F,1,12.500000,0.015873,0.276923,-1,-2048,-2017
1754830533149,0x064,6,01 FF FF 80 08 1F,1,12.500000,0.015873,0.276923,-1,-2048,-2017
1754830533153,0x064,6,01 FF FF 80 08 1F,1,12.500000,0.015873,0.276923,-1,-2048,-2017
1754830533163,0x064,6,01 FF FF 80 08 1F,1,12.500000,0.015873,0.276923,-1,-2048,-2017
1754830533165,0x064,6,01 FF FF 80 08 1F,1,12.500000,0.015873,0.276923,-1,-2048,-2017
1754830533171,0x064,6,01 FF FF 80 08 1F,1,12.500000,0.015873,0.276923,-1,-2048,-2017
1754830533176,0x064,6,01 FF FF 80 08 1F,1,12.500000,0.015873,0.276923,-1,-2048,-2017
1754830533181,0x064,6,01 FF FF 80 08 37,1,12.500000,0.015873,0.487912,-1,-2048,-1993
1754830533187,0x064,6,01 FF FF 80 08 37,1,12.500000,0.015873,0.487912,-1,-2048,-1993
1754830533192,0x064,6,01 FF FF 80 08 37,1,12.500000,0.015873,0.487912,-1,-2048,-1993
1754830533206,0x064,6,01 FF FF 80 08 37,1,12.500000,0.015873,0.487912,-1,-2048,-1993
1754830533207,0x064,6,01 FF FF 80 08 37,1,12.500000,0.015873,0.487912,-1,-2048,-1993
1754830533211,0x064,6,01 FF FF 80 08 37,1,12.500000,0.015873,0.487912,-1,-2048,-1993
1754830533220,0x064,6,01 FF FF 80 08 37,1,12.500000,0.015873,0.487912,-1,-2048,-1993
1754830533222,0x064,6,01 FF FF 80 08 37,1,12.500000,0.015873,0.487912,-1,-2048,-1993
1754830533229,0x064,6,01 FF FF 80 08 37,1,12.500000,0.015873,0.487912,-1,-2048,-1993
1754830533239,0x064,6,01 FF FF 80 08 37,1,12.500000,0.015873,0.487912,-1,-2048,-1993
1754830533246,0x064,6,01 FF FF 80 08 37,1,12.500000,0.015873,0.487912,-1,-2048,-1993
1754830533250,0x064,6,01 FF FF 80 08 37,1,12.500000,0.015873,0.487912,-1,-2048,-1993
1754830533256,0x064,6,01 FF FF 80 08 37,1,12.500000,0.015873,0.487912,-1,-2048,-1993
1754830533261,0x064,6,01 FF FF 80 08 37,1,12.500000,0.015873,0.487912,-1,-2048,-1993
1754830533273,0x064,6,01 FF FF 80 08 37,1,12.500000,0.015873,0.487912,-1,-2048,-1993
1754830533275,0x064,6,01 FF FF 80 08 37,1,12.500000,0.015873,0.487912,-1,-2048,-1993
1754830533279,0x064,6,01 FF FF 80 07 D9,1,12.500000,0.015873,-0.338462,-1,-2048,2009
1754830533287,0x064,6,01 FF FF 80 07 D9,1,12.500000,0.015873,-0.338462,-1,-2048,2009
1754830533292,0x064,6,01 FF FF 80 07 D9,1,12.500000,0.015873,-0.338462,-1,-2048,2009
1754830533297,0x064,6,01 FF FF 80 07 D9,1,12.500000,0.015873,-0.338462,-1,-2048,2009
1754830533304,0x064,6,01 FF FF 80 07 D9,1,12.500000,0.015873,-0.338462,-1,-2048,2009
1754830533314,0x064,6,01 FF FF 80 07 D9,1,12.500000,0.015873,-0.338462,-1,-2048,2009
1754830533315,0x064,6,01 FF FF 80 07 D9,1,12.500000,0.015873,-0.338462,-1,-2048,2009
1754830533322,0x064,6,01 FF FF 80 07 D9,1,12.500000,0.015873,-0.338462,-1,-2048,2009
1754830533330,0x064,6,01 FF FF 80 07 D9,1,12.500000,0.015873,-0.338462,-1,-2048,2009
1754830533341,0x064,6,01 FF FF 80 07 D9,1,12.500000,0.015873,-0.338462,-1,-2048,2009
1754830533350,0x064,6,01 FF FF 80 07 D9,1,12.500000,0.015873,-0.338462,-1,-2048,2009
1754830533356,0x064,6,01 FF FF 80 07 D9,1,12.500000,0.015873,-0.338462,-1,-2048,2009
1754830533368,0x064,6,01 FF FF 80 07 D9,1,12.500000,0.015873,-0.338462,-1,-2048,2009
1754830533375,0x064,6,01 FF FF 80 07 D9,1,12.500000,0.015873,-0.338462,-1,-2048,2009
1754830533375,0x064,6,01 FF FF 80 07 D9,1,12.500000,0.015873,-0.338462,-1,-2048,2009
1754830533377,0x064,6,01 FF FF 80 07 D9,1,12.500000,0.015873,-0.338462,-1,-2048,2009
1754830533382,0x064,6,01 FF FF 80 18 18,1,12.500000,0.047619,0.215385,-1,-2047,-2024
1754830533398,0x064,6,01 FF FF 80 18 18,1,12.500000,0.047619,0.215385,-1,-2047,-2024
1754830533405,0x064,6,01 FF FF 80 18 18,1,12.500000,0.047619,0.215385,-1,-2047,-2024
1754830533409,0x064,6,01 FF FF 80 18 18,1,12.500000,0.047619,0.215385,-1,-2047,-2024
1754830533413,0x064,6,01 FF FF 80 18 18,1,12.500000,0.047619,0.215385,-1,-2047,-2024
1754830533416,0x064,6,01 FF FF 80 18 18,1,12.500000,0.047619,0.215385,-1,-2047,-2024
1754830533423,0x064,6,01 FF FF 80 18 18,1,12.500000,0.047619,0.215385,-1,-2047,-2024
1754830533430,0x064,6,01 FF FF 80 18 18,1,12.500000,0.047619,0.215385,-1,-2047,-2024
1754830533434,0x064,6,01 FF FF 80 18 18,1,12.500000,0.047619,0.215385,-1,-2047,-2024
1754830533440,0x064,6,01 FF FF 80 18 18,1,12.500000,0.047619,0.215385,-1,-2047,-2024
1754830533445,0x064,6,01 FF FF 80 18 18,1,12.500000,0.047619,0.215385,-1,-2047,-2024
1754830533456,0x064,6,01 FF FF 80 18 18,1,12.500000,0.047619,0.215385,-1,-2047,-2024
1754830533457,0x064,6,01 FF FF 80 18 18,1,12.500000,0.047619,0.215385,-1,-2047,-2024
1754830533462,0x064,6,01 FF FF 80 18 18,1,12.500000,0.047619,0.215385,-1,-2047,-2024
1754830533469,0x064,6,01 FF FF 80 18 18,1,12.500000,0.047619,0.215385,-1,-2047,-2024
1754830533474,0x064,6,01 FF FF 80 18 18,1,12.500000,0.047619,0.215385,-1,-2047,-2024
1754830533481,0x064,6,01 FF FF 80 38 F1,1,12.500000,0.111111,2.123077,-1,-2045,-1807
1754830533484,0x064,6,01 FF FF 80 38 F1,1,12.500000,0.111111,2.123077,-1,-2045,-1807
1754830533490,0x064,6,01 FF FF 80 38 F1,1,12.500000,0.111111,2.123077,-1,-2045,-1807
1754830533495,0x064,6,01 FF FF 80 38 F1,1,12.500000,0.111111,2.123077,-1,-2045,-1807
1754830533501,0x064,6,01 FF FF 80 38 F1,1,12.500000,0.111111,2.123077,-1,-2045,-1807
1754830533510,0x064,6,01 FF FF 80 38 F1,1,12.500000,0.111111,2.123077,-1,-2045,-1807
1754830533511,0x064,6,01 FF FF 80 38 F1,1,12.500000,0.111111,2.123077,-1,-2045,-1807
1754830533517,0x064,6,01 FF FF 80 38 F1,1,12.500000,0.111111,2.123077,-1,-2045,-1807
1754830533527,0x064,6,01 FF FF 80 38 F1,1,12.500000,0.111111,2.123077,-1,-2045,-1807
1754830533532,0x064,6,01 FF FF 80 38 F1,1,12.500000,0.111111,2.123077,-1,-2045,-1807
1754830533533,0x064,6,01 FF FF 80 38 F1,1,12.500000,0.111111,2.123077,-1,-2045,-1807
1754830533543,0x064,6,01 FF FF 80 38 F1,1,12.500000,0.111111,2.123077,-1,-2045,-1807
1754830533544,0x064,6,01 FF FF 80 38 F1,1,12.500000,0.111111,2.123077,-1,-2045,-1807
1754830533556,0x064,6,01 FF FF 80 38 F1,1,12.500000,0.111111,2.123077,-1,-2045,-1807
1754830533559,0x064,6,01 FF FF 80 38 F1,1,12.500000,0.111111,2.123077,-1,-2045,-1807
1754830533564,0x064,6,01 FF FF 80 38 F1,1,12.500000,0.111111,2.123077,-1,-2045,-1807
1754830533569,0x064,6,01 FF FF 80 38 F1,1,12.500000,0.111111,2.123077,-1,-2045,-1807
1754830533574,0x064,6,01 FF FF 80 38 F1,1,12.500000,0.111111,2.123077,-1,-2045,-1807
1754830533581,0x064,6,01 FF FF 80 98 2E,1,12.500000,0.301587,0.408791,-1,-2039,-2002
1754830533584,0x064,6,01 FF FF 80 98 2E,1,12.500000,0.301587,0.408791,-1,-2039,-2002
1754830533592,0x064,6,01 FF FF 80 98 2E,1,12.500000,0.301587,0.408791,-1,-2039,-2002
1754830533603,0x064,6,01 FF FF 80 98 2E,1,12.500000,0.301587,0.408791,-1,-2039,-2002
1754830533607,0x064,6,01 FF FF 80 98 2E,1,12.500000,0.301587,0.408791,-1,-2039,-2002
1754830533614,0x064,6,01 FF FF 80 98 2E,1,12.500000,0.301587,0.408791,-1,-2039,-2002
1754830533623,0x064,6,01 FF FF 80 98 2E,1,12.500000,0.301587,0.408791,-1,-2039,-2002
1754830533627,0x064,6,01 FF FF 80 98 2E,1,12.500000,0.301587,0.408791,-1,-2039,-2002
1754830533637,0x064,6,01 FF FF 80 98 2E,1,12.500000,0.301587,0.408791,-1,-2039,-2002
1754830533641,0x064,6,01 FF FF 80 98 2E,1,12.500000,0.301587,0.408791,-1,-2039,-2002
1754830533643,0x064,6,01 FF FF 80 98 2E,1,12.500000,0.301587,0.408791,-1,-2039,-2002
1754830533649,0x064,6,01 FF FF 80 98 2E,1,12.500000,0.301587,0.408791,-1,-2039,-2002
1754830533659,0x064,6,01 FF FF 80 98 2E,1,12.500000,0.301587,0.408791,-1,-2039,-2002
1754830533663,0x064,6,01 FF FF 80 98 2E,1,12.500000,0.301587,0.408791,-1,-2039,-2002
1754830533668,0x064,6,01 FF FF 80 98 2E,1,12.500000,0.301587,0.408791,-1,-2039,-2002
1754830533679,0x064,6,01 FF FF 80 98 2E,1,12.500000,0.301587,0.408791,-1,-2039,-2002
1754830533682,0x064,6,01 FF FF 81 18 96,1,12.500000,0.555556,1.323077,-1,-2031,-1898
1754830533686,0x064,6,01 FF FF 81 18 96,1,12.500000,0.555556,1.323077,-1,-2031,-1898
1754830533698,0x064,6,01 FF FF 81 18 96,1,12.500000,0.555556,1.323077,-1,-2031,-1898
1754830533706,0x064,6,01 FF FF 81 18 96,1,12.500000,0.555556,1.323077,-1,-2031,-1898
1754830533719,0x064,6,01 FF FF 81 18 96,1,12.500000,0.555556,1.323077,-1,-2031,-1898
1754830533722,0x064,6,01 FF FF 81 18 96,1,12.500000,0.555556,1.323077,-1,-2031,-1898
1754830533723,0x064,6,01 FF FF 81 18 96,1,12.500000,0.555556,1.323077,-1,-2031,-1898
1754830533725,0x064,6,01 FF FF 81 18 96,1,12.500000,0.555556,1.323077,-1,-2031,-1898
1754830533731,0x064,6,01 FF FF 81 18 96,1,12.500000,0.555556,1.323077,-1,-2031,-1898
1754830533740,0x064,6,01 FF FF 81 18 96,1,12.500000,0.555556,1.323077,-1,-2031,-1898
1754830533745,0x064,6,01 FF FF 81 18 96,1,12.500000,0.555556,1.323077,-1,-2031,-1898
1754830533752,0x064,6,01 FF FF 81 18 96,1,12.500000,0.555556,1.323077,-1,-2031,-1898
1754830533762,0x064,6,01 FF FF 81 18 96,1,12.500000,0.555556,1.323077,-1,-2031,-1898
1754830533764,0x064,6,01 FF FF 81 18 96,1,12.500000,0.555556,1.323077,-1,-2031,-1898
1754830533770,0x064,6,01 FF FF 81 18 96,1,12.500000,0.555556,1.323077,-1,-2031,-1898
1754830533786,0x064,6,01 FF FF 81 18 96,1,12.500000,0.555556,1.323077,-1,-2031,-1898
1754830533790,0x064,6,01 FF FF 81 07 7F,1,12.500000,0.523810,-1.129670,-1,-2032,1919
1754830533791,0x064,6,01 FF FF 81 07 7F,1,12.500000,0.523810,-1.129670,-1,-2032,1919
1754830533797,0x064,6,01 FF FF 81 07 7F,1,12.500000,0.523810,-1.129670,-1,-2032,1919
1754830533803,0x064,6,01 FF FF 81 07 7F,1,12.500000,0.523810,-1.129670,-1,-2032,1919
1754830533809,0x064,6,01 FF FF 81 07 7F,1,12.500000,0.523810,-1.129670,-1,-2032,1919
1754830533840,0x064,6,01 FF FF 81 07 7F,1,12.500000,0.523810,-1.129670,-1,-2032,1919
1754830533840,0x064,6,01 FF FF 81 07 7F,1,12.500000,0.523810,-1.129670,-1,-2032,1919
1754830533840,0x064,6,01 FF FF 81 07 7F,1,12.500000,0.523810,-1.129670,-1,-2032,1919
1754830533841,0x064,6,01 FF FF 81 07 7F,1,12.500000,0.523810,-1.129670,-1,-2032,1919
1754830533852,0x064,6,01 FF FF 81 07 7F,1,12.500000,0.523810,-1.129670,-1,-2032,1919
1754830533874,0x064,6,01 FF FF 81 07 7F,1,12.500000,0.523810,-1.129670,-1,-2032,1919
1754830533877,0x064,6,01 FF FF 81 07 7F,1,12.500000,0.523810,-1.129670,-1,-2032,1919
1754830533877,0x064,6,01 FF FF 81 07 7F,1,12.500000,0.523810,-1.129670,-1,-2032,1919
1754830533882,0x064,6,01 FF FF 81 07 7F,1,12.500000,0.523810,-1.129670,-1,-2032,1919
1754830533909,0x064,6,01 FF FF 80 C8 10,1,12.500000,0.396825,0.145055,-1,-2036,-2032
1754830533918,0x064,6,01 FF FF 80 C8 10,1,12.500000,0.396825,0.145055,-1,-2036,-2032
1754830533928,0x064,6,01 FF FF 80 C8 10,1,12.500000,0.396825,0.145055,-1,-2036,-2032
1754830533932,0x064,6,01 FF FF 80 C8 10,1,12.500000,0.396825,0.145055,-1,-2036,-2032
1754830533932,0x064,6,01 FF FF 80 C8 10,1,12.500000,0.396825,0.145055,-1,-2036,-2032
1754830533932,0x064,6,01 FF FF 80 C8 10,1,12.500000,0.396825,0.145055,-1,-2036,-2032
1754830533939,0x064,6,01 FF FF 80 C8 10,1,12.500000,0.396825,0.145055,-1,-2036,-2032
1754830533944,0x064,6,01 FF FF 80 C8 10,1,12.500000,0.396825,0.145055,-1,-2036,-2032
1754830533947,0x064,6,01 FF FF 80 C8 10,1,12.500000,0.396825,0.145055,-1,-2036,-2032
1754830533957,0x064,6,01 FF FF 80 C8 10,1,12.500000,0.396825,0.145055,-1,-2036,-2032
1754830533962,0x064,6,01 FF FF 80 C8 10,1,12.500000,0.396825,0.145055,-1,-2036,-2032
1754830533965,0x064,6,01 FF FF 80 C8 10,1,12.500000,0.396825,0.145055,-1,-2036,-2032
1754830533971,0x064,6,01 FF FF 80 C8 10,1,12.500000,0.396825,0.145055,-1,-2036,-2032
1754830533976,0x064,6,01 FF FF 80 C8 10,1,12.500000,0.396825,0.145055,-1,-2036,-2032
1754830533988,0x064,6,01 FF FF 80 68 05,1,12.500000,0.206349,0.048352,-1,-2042,-2043
1754830533993,0x064,6,01 FF FF 80 68 05,1,12.500000,0.206349,0.048352,-1,-2042,-2043
1754830533993,0x064,6,01 FF FF 80 68 05,1,12.500000,0.206349,0.048352,-1,-2042,-2043
1754830533999,0x064,6,01 FF FF 80 68 05,1,12.500000,0.206349,0.048352,-1,-2042,-2043
1754830534004,0x064,6,01 FF FF 80 68 05,1,12.500000,0.206349,0.048352,-1,-2042,-2043
1754830534010,0x064,6,01 FF FF 80 68 05,1,12.500000,0.206349,0.048352,-1,-2042,-2043
1754830534015,0x064,6,01 FF FF 80 68 05,1,12.500000,0.206349,0.048352,-1,-2042,-2043
1754830534021,0x064,6,01 FF FF 80 68 05,1,12.500000,0.206349,0.048352,-1,-2042,-2043
1754830534028,0x064,6,01 FF FF 80 68 05,1,12.500000,0.206349,0.048352,-1,-2042,-2043
1754830534036,0x064,6,01 FF FF 80 68 05,1,12.500000,0.206349,0.048352,-1,-2042,-2043
1754830534042,0x064,6,01 FF FF 80 68 05,1,12.500000,0.206349,0.048352,-1,-2042,-2043
1754830534043,0x064,6,01 FF FF 80 68 05,1,12.500000,0.206349,0.048352,-1,-2042,-2043
1754830534049,0x064,6,01 FF FF 80 68 05,1,12.500000,0.206349,0.048352,-1,-2042,-2043
1754830534054,0x064,6,01 FF FF 80 68 05,1,12.500000,0.206349,0.048352,-1,-2042,-2043
1754830534060,0x064,6,01 FF FF 80 68 05,1,12.500000,0.206349,0.048352,-1,-2042,-2043
1754830534066,0x064,6,01 FF FF 80 68 05,1,12.500000,0.206349,0.048352,-1,-2042,-2043
1754830534073,0x064,6,01 FF FF 80 68 05,1,12.500000,0.206349,0.048352,-1,-2042,-2043
1754830534076,0x064,6,01 FF FF 80 68 05,1,12.500000,0.206349,0.048352,-1,-2042,-2043
1754830534082,0x064,6,01 FF FF 80 08 75,1,12.500000,0.015873,1.032967,-1,-2048,-1931
1754830534088,0x064,6,01 FF FF 80 08 75,1,12.500000,0.015873,1.032967,-1,-2048,-1931
1754830534092,0x064,6,01 FF FF 80 08 75,1,12.500000,0.015873,1.032967,-1,-2048,-1931
1754830534099,0x064,6,01 FF FF 80 08 75,1,12.500000,0.015873,1.032967,-1,-2048,-1931
1754830534107,0x064,6,01 FF FF 80 08 75,1,12.500000,0.015873,1.032967,-1,-2048,-1931
1754830534125,0x064,6,01 FF FF 80 08 75,1,12.500000,0.015873,1.032967,-1,-2048,-1931
1754830534139,0x064,6,01 FF FF 80 08 75,1,12.500000,0.015873,1.032967,-1,-2048,-1931
1754830534141,0x064,6,01 FF FF 80 08 75,1,12.500000,0.015873,1.032967,-1,-2048,-1931
1754830534145,0x064,6,01 FF FF 80 08 75,1,12.500000,0.015873,1.032967,-1,-2048,-1931
1754830534146,0x064,6,01 FF FF 80 08 75,1,12.500000,0.015873,1.032967,-1,-2048,-1931
1754830534147,0x064,6,01 FF FF 80 08 75,1,12.500000,0.015873,1.032967,-1,-2048,-1931
1754830534150,0x064,6,01 FF FF 80 08 75,1,12.500000,0.015873,1.032967,-1,-2048,-1931
1754830534156,0x064,6,01 FF FF 80 08 75,1,12.500000,0.015873,1.032967,-1,-2048,-1931
1754830534170,0x064,6,01 FF FF 80 08 75,1,12.500000,0.015873,1.032967,-1,-2048,-1931
1754830534171,0x064,6,01 FF FF 80 08 75,1,12.500000,0.015873,1.032967,-1,-2048,-1931
1754830534173,0x064,6,01 FF FF 80 08 75,1,12.500000,0.015873,1.032967,-1,-2048,-1931
1754830534180,0x064,6,01 FF FF 80 37 F1,1,12.500000,0.111111,-0.127473,-1,-2045,2033
1754830534188,0x064,6,01 FF FF 80 37 F1,1,12.500000,0.111111,-0.127473,-1,-2045,2033
1754830534191,0x064,6,01 FF FF 80 37 F1,1,12.500000,0.111111,-0.127473,-1,-2045,2033
1754830534197,0x064,6,01 FF FF 80 37 F1,1,12.500000,0.111111,-0.127473,-1,-2045,2033
1754830534210,0x064,6,01 FF FF 80 37 F1,1,12.500000,0.111111,-0.127473,-1,-2045,2033
1754830534211,0x064,6,01 FF FF 80 37 F1,1,12.500000,0.111111,-0.127473,-1,-2045,2033
1754830534214,0x064,6,01 FF FF 80 37 F1,1,12.500000,0.111111,-0.127473,-1,-2045,2033
1754830534222,0x064,6,01 FF FF 80 37 F1,1,12.500000,0.111111,-0.127473,-1,-2045,2033
1754830534225,0x064,6,01 FF FF 80 37 F1,1,12.500000,0.111111,-0.127473,-1,-2045,2033
1754830534237,0x064,6,01 FF FF 80 37 F1,1,12.500000,0.111111,-0.127473,-1,-2045,2033
1754830534238,0x064,6,01 FF FF 80 37 F1,1,12.500000,0.111111,-0.127473,-1,-2045,2033
1754830534242,0x064,6,01 FF FF 80 37 F1,1,12.500000,0.111111,-0.127473,-1,-2045,2033
1754830534251,0x064,6,01 FF FF 80 37 F1,1,12.500000,0.111111,-0.127473,-1,-2045,2033
1754830534253,0x064,6,01 FF FF 80 37 F1,1,12.500000,0.111111,-0.127473,-1,-2045,2033
1754830534258,0x064,6,01 FF FF 80 37 F1,1,12.500000,0.111111,-0.127473,-1,-2045,2033
1754830534263,0x064,6,01 FF FF 80 37 F1,1,12.500000,0.111111,-0.127473,-1,-2045,2033
1754830534278,0x064,6,01 FF FF 80 37 F1,1,12.500000,0.111111,-0.127473,-1,-2045,2033
1754830534290,0x064,6,01 FF FF 80 37 F1,1,12.500000,0.111111,-0.127473,-1,-2045,2033
1754830534298,0x064,6,01 FF FF 80 27 F3,1,12.500000,0.079365,-0.109890,-1,-2046,2035
1754830534301,0x064,6,01 FF FF 80 27 F3,1,12.500000,0.079365,-0.109890,-1,-2046,2035
1754830534307,0x064,6,01 FF FF 80 27 F3,1,12.500000,0.079365,-0.109890,-1,-2046,2035
1754830534318,0x064,6,01 FF FF 80 27 F3,1,12.500000,0.079365,-0.109890,-1,-2046,2035
1754830534321,0x064,6,01 FF FF 80 27 F3,1,12.500000,0.079365,-0.109890,-1,-2046,2035
1754830534331,0x064,6,01 FF FF 80 27 F3,1,12.500000,0.079365,-0.109890,-1,-2046,2035
1754830534331,0x064,6,01 FF FF 80 27 F3,1,12.500000,0.079365,-0.109890,-1,-2046,2035
1754830534332,0x064,6,01 FF FF 80 27 F3,1,12.500000,0.079365,-0.109890,-1,-2046,2035
1754830534338,0x064,6,01 FF FF 80 27 F3,1,12.500000,0.079365,-0.109890,-1,-2046,2035
1754830534344,0x064,6,01 FF FF 80 27 F3,1,12.500000,0.079365,-0.109890,-1,-2046,2035
1754830534348,0x064,6,01 FF FF 80 27 F3,1,12.500000,0.079365,-0.109890,-1,-2046,2035
1754830534354,0x064,6,01 FF FF 80 27 F3,1,12.500000,0.079365,-0.109890,-1,-2046,2035
1754830534359,0x064,6,01 FF FF 80 27 F3,1,12.500000,0.079365,-0.109890,-1,-2046,2035
1754830534364,0x064,6,01 FF FF 80 27 F3,1,12.500000,0.079365,-0.109890,-1,-2046,2035
1754830534370,0x064,6,01 FF FF 80 27 F3,1,12.500000,0.079365,-0.109890,-1,-2046,2035
1754830534375,0x064,6,01 FF FF 80 27 F3,1,12.500000,0.079365,-0.109890,-1,-2046,2035
1754830534381,0x064,6,01 FF FF 80 C8 65,1,12.500000,0.396825,0.892308,-1,-2036,-1947
1754830534388,0x064,6,01 FF FF 80 C8 65,1,12.500000,0.396825,0.892308,-1,-2036,-1947
1754830534393,0x064,6,01 FF FF 80 C8 65,1,12.500000,0.396825,0.892308,-1,-2036,-1947
1754830534399,0x064,6,01 FF FF 80 C8 65,1,12.500000,0.396825,0.892308,-1,-2036,-1947
1754830534404,0x064,6,01 FF FF 80 C8 65,1,12.500000,0.396825,0.892308,-1,-2036,-1947
1754830534409,0x064,6,01 FF FF 80 C8 65,1,12.500000,0.396825,0.892308,-1,-2036,-1947
1754830534415,0x064,6,01 FF FF 80 C8 65,1,12.500000,0.396825,0.892308,-1,-2036,-1947
1754830534421,0x064,6,01 FF FF 80 C8 65,1,12.500000,0.396825,0.892308,-1,-2036,-1947
1754830534427,0x064,6,01 FF FF 80 C8 65,1,12.500000,0.396825,0.892308,-1,-2036,-1947
1754830534432,0x064,6,01 FF FF 80 C8 65,1,12.500000,0.396825,0.892308,-1,-2036,-1947
1754830534438,0x064,6,01 FF FF 80 C8 65,1,12.500000,0.396825,0.892308,-1,-2036,-1947
1754830534447,0x064,6,01 FF FF 80 C8 65,1,12.500000,0.396825,0.892308,-1,-2036,-1947
1754830534450,0x064,6,01 FF FF 80 C8 65,1,12.500000,0.396825,0.892308,-1,-2036,-1947
1754830534456,0x064,6,01 FF FF 80 C8 65,1,12.500000,0.396825,0.892308,-1,-2036,-1947
1754830534461,0x064,6,01 FF FF 80 C8 65,1,12.500000,0.396825,0.892308,-1,-2036,-1947
1754830534470,0x064,6,01 FF FF 80 C8 65,1,12.500000,0.396825,0.892308,-1,-2036,-1947
1754830534474,0x064,6,01 FF FF 80 C8 65,1,12.500000,0.396825,0.892308,-1,-2036,-1947
1754830534478,0x064,6,01 FF FF 80 C8 65,1,12.500000,0.396825,0.892308,-1,-2036,-1947
1754830534484,0x064,6,01 FF FF 81 68 1B,1,12.500000,0.714286,0.241758,-1,-2026,-2021
1754830534490,0x064,6,01 FF FF 81 68 1B,1,12.500000,0.714286,0.241758,-1,-2026,-2021
1754830534499,0x064,6,01 FF FF 81 68 1B,1,12.500000,0.714286,0.241758,-1,-2026,-2021
1754830534501,0x064,6,01 FF FF 81 68 1B,1,12.500000,0.714286,0.241758,-1,-2026,-2021
1754830534506,0x064,6,01 FF FF 81 68 1B,1,12.500000,0.714286,0.241758,-1,-2026,-2021
1754830534512,0x064,6,01 FF FF 81 68 1B,1,12.500000,0.714286,0.241758,-1,-2026,-2021
1754830534517,0x064,6,01 FF FF 81 68 1B,1,12.500000,0.714286,0.241758,-1,-2026,-2021
1754830534528,0x064,6,01 FF FF 81 68 1B,1,12.500000,0.714286,0.241758,-1,-2026,-2021
1754830534529,0x064,6,01 FF FF 81 68 1B,1,12.500000,0.714286,0.241758,-1,-2026,-2021
1754830534534,0x064,6,01 FF FF 81 68 1B,1,12.500000,0.714286,0.241758,-1,-2026,-2021
1754830534541,0x064,6,01 FF FF 81 68 1B,1,12.500000,0.714286,0.241758,-1,-2026,-2021
1754830534546,0x064,6,01 FF FF 81 68 1B,1,12.500000,0.714286,0.241758,-1,-2026,-2021
1754830534553,0x064,6,01 FF FF 81 68 1B,1,12.500000,0.714286,0.241758,-1,-2026,-2021
1754830534558,0x064,6,01 FF FF 81 68 1B,1,12.500000,0.714286,0.241758,-1,-2026,-2021
1754830534566,0x064,6,01 FF FF 81 68 1B,1,12.500000,0.714286,0.241758,-1,-2026,-2021
1754830534580,0x064,6,01 FF FF 81 68 1B,1,12.500000,0.714286,0.241758,-1,-2026,-2021
1754830534582,0x064,6,01 FF FF 81 68 1B,1,12.500000,0.714286,0.241758,-1,-2026,-2021
1754830534582,0x064,6,01 FF FF 81 D8 31,1,12.500000,0.936508,0.435165,-1,-2019,-1999
1754830534587,0x064,6,01 FF FF 81 D8 31,1,12.500000,0.936508,0.435165,-1,-2019,-1999
1754830534593,0x064,6,01 FF FF 81 D8 31,1,12.500000,0.936508,0.435165,-1,-2019,-1999
1754830534599,0x064,6,01 FF FF 81 D8 31,1,12.500000,0.936508,0.435165,-1,-2019,-1999
1754830534603,0x064,6,01 FF FF 81 D8 31,1,12.500000,0.936508,0.435165,-1,-2019,-1999
1754830534609,0x064,6,01 FF FF 81 D8 31,1,12.500000,0.936508,0.435165,-1,-2019,-1999
1754830534619,0x064,6,01 FF FF 81 D8 31,1,12.500000,0.936508,0.435165,-1,-2019,-1999
1754830534627,0x064,6,01 FF FF 81 D8 31,1,12.500000,0.936508,0.435165,-1,-2019,-1999
1754830534636,0x064,6,01 FF FF 81 D8 31,1,12.500000,0.936508,0.435165,-1,-2019,-1999
1754830534642,0x064,6,01 FF FF 81 D8 31,1,12.500000,0.936508,0.435165,-1,-2019,-1999
1754830534648,0x064,6,01 FF FF 81 D8 31,1,12.500000,0.936508,0.435165,-1,-2019,-1999
1754830534657,0x064,6,01 FF FF 81 D8 31,1,12.500000,0.936508,0.435165,-1,-2019,-1999
1754830534663,0x064,6,01 FF FF 81 D8 31,1,12.500000,0.936508,0.435165,-1,-2019,-1999
1754830534671,0x064,6,01 FF FF 81 D8 31,1,12.500000,0.936508,0.435165,-1,-2019,-1999
1754830534675,0x064,6,01 FF FF 81 D8 31,1,12.500000,0.936508,0.435165,-1,-2019,-1999
1754830534695,0x064,6,01 FF FF 81 D8 31,1,12.500000,0.936508,0.435165,-1,-2019,-1999
1754830534706,0x064,6,01 FF FF 82 68 79,1,12.500000,1.222222,1.068132,-1,-2010,-1927
1754830534708,0x064,6,01 FF FF 82 68 79,1,12.500000,1.222222,1.068132,-1,-2010,-1927
1754830534708,0x064,6,01 FF FF 82 68 79,1,12.500000,1.222222,1.068132,-1,-2010,-1927
1754830534708,0x064,6,01 FF FF 82 68 79,1,12.500000,1.222222,1.068132,-1,-2010,-1927
1754830534712,0x064,6,01 FF FF 82 68 79,1,12.500000,1.222222,1.068132,-1,-2010,-1927
1754830534718,0x064,6,01 FF FF 82 68 79,1,12.500000,1.222222,1.068132,-1,-2010,-1927
1754830534726,0x064,6,01 FF FF 82 68 79,1,12.500000,1.222222,1.068132,-1,-2010,-1927
1754830534729,0x064,6,01 FF FF 82 68 79,1,12.500000,1.222222,1.068132,-1,-2010,-1927
1754830534735,0x064,6,01 FF FF 82 68 79,1,12.500000,1.222222,1.068132,-1,-2010,-1927
1754830534740,0x064,6,01 FF FF 82 68 79,1,12.500000,1.222222,1.068132,-1,-2010,-1927
1754830534748,0x064,6,01 FF FF 82 68 79,1,12.500000,1.222222,1.068132,-1,-2010,-1927
1754830534751,0x064,6,01 FF FF 82 68 79,1,12.500000,1.222222,1.068132,-1,-2010,-1927
1754830534758,0x064,6,01 FF FF 82 68 79,1,12.500000,1.222222,1.068132,-1,-2010,-1927
1754830534765,0x064,6,01 FF FF 82 68 79,1,12.500000,1.222222,1.068132,-1,-2010,-1927
1754830534767,0x064,6,01 FF FF 82 68 79,1,12.500000,1.222222,1.068132,-1,-2010,-1927
1754830534777,0x064,6,01 FF FF 82 68 79,1,12.500000,1.222222,1.068132,-1,-2010,-1927
1754830534781,0x064,6,01 FF FF 82 68 79,1,12.500000,1.222222,1.068132,-1,-2010,-1927
1754830534789,0x064,6,01 FF FF 83 08 2B,1,12.500000,1.539683,0.382418,-1,-2000,-2005
1754830534794,0x064,6,01 FF FF 83 08 2B,1,12.500000,1.539683,0.382418,-1,-2000,-2005
1754830534799,0x064,6,01 FF FF 83 08 2B,1,12.500000,1.539683,0.382418,-1,-2000,-2005
1754830534806,0x064,6,01 FF FF 83 08 2B,1,12.500000,1.539683,0.382418,-1,-2000,-2005
1754830534813,0x064,6,01 FF FF 83 08 2B,1,12.500000,1.539683,0.382418,-1,-2000,-2005
1754830534821,0x064,6,01 FF FF 83 08 2B,1,12.500000,1.539683,0.382418,-1,-2000,-2005
1754830534838,0x064,6,01 FF FF 83 08 2B,1,12.500000,1.539683,0.382418,-1,-2000,-2005
1754830534838,0x064,6,01 FF FF 83 08 2B,1,12.500000,1.539683,0.382418,-1,-2000,-2005
1754830534838,0x064,6,01 FF FF 83 08 2B,1,12.500000,1.539683,0.382418,-1,-2000,-2005
1754830534844,0x064,6,01 FF FF 83 08 2B,1,12.500000,1.539683,0.382418,-1,-2000,-2005
1754830534850,0x064,6,01 FF FF 83 08 2B,1,12.500000,1.539683,0.382418,-1,-2000,-2005
1754830534854,0x064,6,01 FF FF 83 08 2B,1,12.500000,1.539683,0.382418,-1,-2000,-2005
1754830534860,0x064,6,01 FF FF 83 08 2B,1,12.500000,1.539683,0.382418,-1,-2000,-2005
1754830534875,0x064,6,01 FF FF 83 08 2B,1,12.500000,1.539683,0.382418,-1,-2000,-2005
1754830534882,0x064,6,01 FF FF 83 08 2B,1,12.500000,1.539683,0.382418,-1,-2000,-2005
1754830534891,0x064,6,01 FF FF 83 A8 6A,1,12.500000,1.857143,0.936264,-1,-1990,-1942
1754830534893,0x064,6,01 FF FF 83 A8 6A,1,12.500000,1.857143,0.936264,-1,-1990,-1942
1754830534895,0x064,6,01 FF FF 83 A8 6A,1,12.500000,1.857143,0.936264,-1,-1990,-1942
1754830534900,0x064,6,01 FF FF 83 A8 6A,1,12.500000,1.857143,0.936264,-1,-1990,-1942
1754830534908,0x064,6,01 FF FF 83 A8 6A,1,12.500000,1.857143,0.936264,-1,-1990,-1942
1754830534913,0x064,6,01 FF FF 83 A8 6A,1,12.500000,1.857143,0.936264,-1,-1990,-1942
1754830534918,0x064,6,01 FF FF 83 A8 6A,1,12.500000,1.857143,0.936264,-1,-1990,-1942
1754830534923,0x064,6,01 FF FF 83 A8 6A,1,12.500000,1.857143,0.936264,-1,-1990,-1942
1754830534931,0x064,6,01 FF FF 83 A8 6A,1,12.500000,1.857143,0.936264,-1,-1990,-1942
1754830534935,0x064,6,01 FF FF 83 A8 6A,1,12.500000,1.857143,0.936264,-1,-1990,-1942
1754830534940,0x064,6,01 FF FF 83 A8 6A,1,12.500000,1.857143,0.936264,-1,-1990,-1942
1754830534955,0x064,6,01 FF FF 83 A8 6A,1,12.500000,1.857143,0.936264,-1,-1990,-1942
1754830534960,0x064,6,01 FF FF 83 A8 6A,1,12.500000,1.857143,0.936264,-1,-1990,-1942
1754830534966,0x064,6,01 FF FF 83 A8 6A,1,12.500000,1.857143,0.936264,-1,-1990,-1942
1754830534971,0x064,6,01 FF FF 83 A8 6A,1,12.500000,1.857143,0.936264,-1,-1990,-1942
1754830534980,0x064,6,01 FF FF 83 A8 6A,1,12.500000,1.857143,0.936264,-1,-1990,-1942
1754830534995,0x064,6,01 FF FF 83 D8 24,1,12.500000,1.952381,0.320879,-1,-1987,-2012
1754830535003,0x064,6,01 FF FF 83 D8 24,1,12.500000,1.952381,0.320879,-1,-1987,-2012
1754830535011,0x064,6,01 FF FF 83 D8 24,1,12.500000,1.952381,0.320879,-1,-1987,-2012
1754830535013,0x064,6,01 FF FF 83 D8 24,1,12.500000,1.952381,0.320879,-1,-1987,-2012
1754830535018,0x064,6,01 FF FF 83 D8 24,1,12.500000,1.952381,0.320879,-1,-1987,-2012
1754830535024,0x064,6,01 FF FF 83 D8 24,1,12.500000,1.952381,0.320879,-1,-1987,-2012
1754830535029,0x064,6,01 FF FF 83 D8 24,1,12.500000,1.952381,0.320879,-1,-1987,-2012
1754830535041,0x064,6,01 FF FF 83 D8 24,1,12.500000,1.952381,0.320879,-1,-1987,-2012
1754830535048,0x064,6,01 FF FF 83 D8 24,1,12.500000,1.952381,0.320879,-1,-1987,-2012
1754830535057,0x064,6,01 FF FF 83 D8 24,1,12.500000,1.952381,0.320879,-1,-1987,-2012
1754830535059,0x064,6,01 FF FF 83 D8 24,1,12.500000,1.952381,0.320879,-1,-1987,-2012
1754830535064,0x064,6,01 FF FF 83 D8 24,1,12.500000,1.952381,0.320879,-1,-1987,-2012
1754830535070,0x064,6,01 FF FF 83 D8 24,1,12.500000,1.952381,0.320879,-1,-1987,-2012
1754830535079,0x064,6,01 FF FF 83 D8 24,1,12.500000,1.952381,0.320879,-1,-1987,-2012
1754830535085,0x064,6,01 FF FF 84 B8 55,1,12.500000,2.396825,0.751648,-1,-1973,-1963
1754830535097,0x064,6,01 FF FF 84 B8 55,1,12.500000,2.396825,0.751648,-1,-1973,-1963
1754830535113,0x064,6,01 FF FF 84 B8 55,1,12.500000,2.396825,0.751648,-1,-1973,-1963
1754830535122,0x064,6,01 FF FF 84 B8 55,1,12.500000,2.396825,0.751648,-1,-1973,-1963
1754830535136,0x064,6,01 FF FF 84 B8 55,1,12.500000,2.396825,0.751648,-1,-1973,-1963
1754830535136,0x064,6,01 FF FF 84 B8 55,1,12.500000,2.396825,0.751648,-1,-1973,-1963
1754830535137,0x064,6,01 FF FF 84 B8 55,1,12.500000,2.396825,0.751648,-1,-1973,-1963
1754830535137,0x064,6,01 FF FF 84 B8 55,1,12.500000,2.396825,0.751648,-1,-1973,-1963
1754830535142,0x064,6,01 FF FF 84 B8 55,1,12.500000,2.396825,0.751648,-1,-1973,-1963
1754830535148,0x064,6,01 FF FF 84 B8 55,1,12.500000,2.396825,0.751648,-1,-1973,-1963
1754830535155,0x064,6,01 FF FF 84 B8 55,1,12.500000,2.396825,0.751648,-1,-1973,-1963
1754830535158,0x064,6,01 FF FF 84 B8 55,1,12.500000,2.396825,0.751648,-1,-1973,-1963
1754830535163,0x064,6,01 FF FF 84 B8 55,1,12.500000,2.396825,0.751648,-1,-1973,-1963
1754830535169,0x064,6,01 FF FF 84 B8 55,1,12.500000,2.396825,0.751648,-1,-1973,-1963
1754830535174,0x064,6,01 FF FF 84 B8 55,1,12.500000,2.396825,0.751648,-1,-1973,-1963
1754830535183,0x064,6,01 FF FF 84 B8 55,1,12.500000,2.396825,0.751648,-1,-1973,-1963
1754830535200,0x064,6,01 FF FF 85 08 4C,1,12.500000,2.555556,0.672527,-1,-1968,-1972
1754830535210,0x064,6,01 FF FF 85 08 4C,1,12.500000,2.555556,0.672527,-1,-1968,-1972
1754830535211,0x064,6,01 FF FF 85 08 4C,1,12.500000,2.555556,0.672527,-1,-1968,-1972
1754830535217,0x064,6,01 FF FF 85 08 4C,1,12.500000,2.555556,0.672527,-1,-1968,-1972
1754830535217,0x064,6,01 FF FF 85 08 4C,1,12.500000,2.555556,0.672527,-1,-1968,-1972
1754830535222,0x064,6,01 FF FF 85 08 4C,1,12.500000,2.555556,0.672527,-1,-1968,-1972
1754830535226,0x064,6,01 FF FF 85 08 4C,1,12.500000,2.555556,0.672527,-1,-1968,-1972
1754830535232,0x064,6,01 FF FF 85 08 4C,1,12.500000,2.555556,0.672527,-1,-1968,-1972
1754830535238,0x064,6,01 FF FF 85 08 4C,1,12.500000,2.555556,0.672527,-1,-1968,-1972
1754830535242,0x064,6,01 FF FF 85 08 4C,1,12.500000,2.555556,0.672527,-1,-1968,-1972
1754830535247,0x064,6,01 FF FF 85 08 4C,1,12.500000,2.555556,0.672527,-1,-1968,-1972
1754830535253,0x064,6,01 FF FF 85 08 4C,1,12.500000,2.555556,0.672527,-1,-1968,-1972
1754830535262,0x064,6,01 FF FF 85 08 4C,1,12.500000,2.555556,0.672527,-1,-1968,-1972
1754830535278,0x064,6,01 FF FF 85 08 4C,1,12.500000,2.555556,0.672527,-1,-1968,-1972
1754830535279,0x064,6,01 FF FF 85 08 4C,1,12.500000,2.555556,0.672527,-1,-1968,-1972
1754830535280,0x064,6,01 FF FF 85 08 4C,1,12.500000,2.555556,0.672527,-1,-1968,-1972
1754830535288,0x064,6,01 FF FF 85 88 43,1,12.500000,2.809524,0.593407,-1,-1960,-1981
1754830535293,0x064,6,01 FF FF 85 88 43,1,12.500000,2.809524,0.593407,-1,-1960,-1981
1754830535308,0x064,6,01 FF FF 85 88 43,1,12.500000,2.809524,0.593407,-1,-1960,-1981
1754830535333,0x064,6,01 FF FF 85 88 43,1,12.500000,2.809524,0.593407,-1,-1960,-1981
1754830535334,0x064,6,01 FF FF 85 88 43,1,12.500000,2.809524,0.593407,-1,-1960,-1981
1754830535334,0x064,6,01 FF FF 85 88 43,1,12.500000,2.809524,0.593407,-1,-1960,-1981
1754830535341,0x064,6,01 FF FF 85 88 43,1,12.500000,2.809524,0.593407,-1,-1960,-1981
1754830535341,0x064,6,01 FF FF 85 88 43,1,12.500000,2.809524,0.593407,-1,-1960,-1981
1754830535346,0x064,6,01 FF FF 85 88 43,1,12.500000,2.809524,0.593407,-1,-1960,-1981
1754830535357,0x064,6,01 FF FF 85 88 43,1,12.500000,2.809524,0.593407,-1,-1960,-1981
1754830535366,0x064,6,01 FF FF 85 88 43,1,12.500000,2.809524,0.593407,-1,-1960,-1981
1754830535386,0x064,6,01 FF FF 85 88 43,1,12.500000,2.809524,0.593407,-1,-1960,-1981
1754830535391,0x064,6,01 FF FF 85 88 43,1,12.500000,2.809524,0.593407,-1,-1960,-1981
1754830535395,0x064,6,01 FF FF 85 88 43,1,12.500000,2.809524,0.593407,-1,-1960,-1981
1754830535395,0x064,6,01 FF FF 86 E8 62,1,12.500000,3.507937,0.865934,-1,-1938,-1950
1754830535409,0x064,6,01 FF FF 86 E8 62,1,12.500000,3.507937,0.865934,-1,-1938,-1950
1754830535412,0x064,6,01 FF FF 86 E8 62,1,12.500000,3.507937,0.865934,-1,-1938,-1950
1754830535412,0x064,6,01 FF FF 86 E8 62,1,12.500000,3.507937,0.865934,-1,-1938,-1950
1754830535415,0x064,6,01 FF FF 86 E8 62,1,12.500000,3.507937,0.865934,-1,-1938,-1950
1754830535421,0x064,6,01 FF FF 86 E8 62,1,12.500000,3.507937,0.865934,-1,-1938,-1950
1754830535427,0x064,6,01 FF FF 86 E8 62,1,12.500000,3.507937,0.865934,-1,-1938,-1950
1754830535432,0x064,6,01 FF FF 86 E8 62,1,12.500000,3.507937,0.865934,-1,-1938,-1950
1754830535437,0x064,6,01 FF FF 86 E8 62,1,12.500000,3.507937,0.865934,-1,-1938,-1950
1754830535443,0x064,6,01 FF FF 86 E8 62,1,12.500000,3.507937,0.865934,-1,-1938,-1950
1754830535449,0x064,6,01 FF FF 86 E8 62,1,12.500000,3.507937,0.865934,-1,-1938,-1950
1754830535459,0x064,6,01 FF FF 86 E8 62,1,12.500000,3.507937,0.865934,-1,-1938,-1950
1754830535464,0x064,6,01 FF FF 86 E8 62,1,12.500000,3.507937,0.865934,-1,-1938,-1950
1754830535469,0x064,6,01 FF FF 86 E8 62,1,12.500000,3.507937,0.865934,-1,-1938,-1950
1754830535473,0x064,6,01 FF FF 86 E8 62,1,12.500000,3.507937,0.865934,-1,-1938,-1950
1754830535490,0x064,6,01 FF FF 87 28 38,1,12.500000,3.634921,0.496703,-1,-1934,-1992
1754830535492,0x064,6,01 FF FF 87 28 38,1,12.500000,3.634921,0.496703,-1,-1934,-1992
1754830535496,0x064,6,01 FF FF 87 28 38,1,12.500000,3.634921,0.496703,-1,-1934,-1992
1754830535511,0x064,6,01 FF FF 87 28 38,1,12.500000,3.634921,0.496703,-1,-1934,-1992
1754830535532,0x064,6,01 FF FF 87 28 38,1,12.500000,3.634921,0.496703,-1,-1934,-1992
1754830535537,0x064,6,01 FF FF 87 28 38,1,12.500000,3.634921,0.496703,-1,-1934,-1992
1754830535548,0x064,6,01 FF FF 87 28 38,1,12.500000,3.634921,0.496703,-1,-1934,-1992
1754830535563,0x064,6,01 FF FF 87 28 38,1,12.500000,3.634921,0.496703,-1,-1934,-1992
1754830535567,0x064,6,01 FF FF 87 28 38,1,12.500000,3.634921,0.496703,-1,-1934,-1992
1754830535587,0x064,6,01 FF FF 87 28 38,1,12.500000,3.634921,0.496703,-1,-1934,-1992
1754830535587,0x064,6,01 FF FF 87 28 38,1,12.500000,3.634921,0.496703,-1,-1934,-1992
1754830535592,0x064,6,01 FF FF 87 28 38,1,12.500000,3.634921,0.496703,-1,-1934,-1992
1754830535598,0x064,6,01 FF FF 87 28 38,1,12.500000,3.634921,0.496703,-1,-1934,-1992
1754830535613,0x064,6,01 FF FF 87 A8 16,1,12.500000,3.888889,0.197802,-1,-1926,-2026
1754830535617,0x064,6,01 FF FF 87 A8 16,1,12.500000,3.888889,0.197802,-1,-1926,-2026
1754830535618,0x064,6,01 FF FF 87 A8 16,1,12.500000,3.888889,0.197802,-1,-1926,-2026
1754830535622,0x064,6,01 FF FF 87 A8 16,1,12.500000,3.888889,0.197802,-1,-1926,-2026
1754830535625,0x064,6,01 FF FF 87 A8 16,1,12.500000,3.888889,0.197802,-1,-1926,-2026
1754830535625,0x064,6,01 FF FF 87 A8 16,1,12.500000,3.888889,0.197802,-1,-1926,-2026
1754830535633,0x064,6,01 FF FF 87 A8 16,1,12.500000,3.888889,0.197802,-1,-1926,-2026
1754830535636,0x064,6,01 FF FF 87 A8 16,1,12.500000,3.888889,0.197802,-1,-1926,-2026
1754830535643,0x064,6,01 FF FF 87 A8 16,1,12.500000,3.888889,0.197802,-1,-1926,-2026
1754830535648,0x064,6,01 FF FF 87 A8 16,1,12.500000,3.888889,0.197802,-1,-1926,-2026
1754830535653,0x064,6,01 FF FF 87 A8 16,1,12.500000,3.888889,0.197802,-1,-1926,-2026
1754830535658,0x064,6,01 FF FF 87 A8 16,1,12.500000,3.888889,0.197802,-1,-1926,-2026
1754830535662,0x064,6,01 FF FF 87 A8 16,1,12.500000,3.888889,0.197802,-1,-1926,-2026
1754830535665,0x064,6,01 FF FF 87 A8 16,1,12.500000,3.888889,0.197802,-1,-1926,-2026
1754830535672,0x064,6,01 FF FF 87 A8 16,1,12.500000,3.888889,0.197802,-1,-1926,-2026
1754830535676,0x064,6,01 FF FF 87 A8 16,1,12.500000,3.888889,0.197802,-1,-1926,-2026
1754830535682,0x064,6,01 FF FF 88 37 D8,1,12.500000,4.174603,-0.347253,-1,-1917,2008
1754830535690,0x064,6,01 FF FF 88 37 D8,1,12.500000,4.174603,-0.347253,-1,-1917,2008
1754830535692,0x064,6,01 FF FF 88 37 D8,1,12.500000,4.174603,-0.347253,-1,-1917,2008
1754830535707,0x064,6,01 FF FF 88 37 D8,1,12.500000,4.174603,-0.347253,-1,-1917,2008
1754830535713,0x064,6,01 FF FF 88 37 D8,1,12.500000,4.174603,-0.347253,-1,-1917,2008
1754830535724,0x064,6,01 FF FF 88 37 D8,1,12.500000,4.174603,-0.347253,-1,-1917,2008
1754830535731,0x064,6,01 FF FF 88 37 D8,1,12.500000,4.174603,-0.347253,-1,-1917,2008
1754830535745,0x064,6,01 FF FF 88 37 D8,1,12.500000,4.174603,-0.347253,-1,-1917,2008
1754830535745,0x064,6,01 FF FF 88 37 D8,1,12.500000,4.174603,-0.347253,-1,-1917,2008
1754830535745,0x064,6,01 FF FF 88 37 D8,1,12.500000,4.174603,-0.347253,-1,-1917,2008
1754830535752,0x064,6,01 FF FF 88 37 D8,1,12.500000,4.174603,-0.347253,-1,-1917,2008
1754830535757,0x064,6,01 FF FF 88 37 D8,1,12.500000,4.174603,-0.347253,-1,-1917,2008
1754830535765,0x064,6,01 FF FF 88 37 D8,1,12.500000,4.174603,-0.347253,-1,-1917,2008
1754830535770,0x064,6,01 FF FF 88 37 D8,1,12.500000,4.174603,-0.347253,-1,-1917,2008
1754830535776,0x064,6,01 FF FF 88 37 D8,1,12.500000,4.174603,-0.347253,-1,-1917,2008
1754830535787,0x064,6,01 FF FF 87 68 35,1,12.500000,3.761905,0.470330,-1,-1930,-1995
1754830535792,0x064,6,01 FF FF 87 68 35,1,12.500000,3.761905,0.470330,-1,-1930,-1995
1754830535794,0x064,6,01 FF FF 87 68 35,1,12.500000,3.761905,0.470330,-1,-1930,-1995
1754830535801,0x064,6,01 FF FF 87 68 35,1,12.500000,3.761905,0.470330,-1,-1930,-1995
1754830535804,0x064,6,01 FF FF 87 68 35,1,12.500000,3.761905,0.470330,-1,-1930,-1995
1754830535813,0x064,6,01 FF FF 87 68 35,1,12.500000,3.761905,0.470330,-1,-1930,-1995
1754830535816,0x064,6,01 FF FF 87 68 35,1,12.500000,3.761905,0.470330,-1,-1930,-1995
1754830535821,0x064,6,01 FF FF 87 68 35,1,12.500000,3.761905,0.470330,-1,-1930,-1995
1754830535827,0x064,6,01 FF FF 87 68 35,1,12.500000,3.761905,0.470330,-1,-1930,-1995
1754830535832,0x064,6,01 FF FF 87 68 35,1,12.500000,3.761905,0.470330,-1,-1930,-1995
1754830535847,0x064,6,01 FF FF 87 68 35,1,12.500000,3.761905,0.470330,-1,-1930,-1995
1754830535848,0x064,6,01 FF FF 87 68 35,1,12.500000,3.761905,0.470330,-1,-1930,-1995
1754830535861,0x064,6,01 FF FF 87 68 35,1,12.500000,3.761905,0.470330,-1,-1930,-1995
1754830535861,0x064,6,01 FF FF 87 68 35,1,12.500000,3.761905,0.470330,-1,-1930,-1995
1754830535863,0x064,6,01 FF FF 87 68 35,1,12.500000,3.761905,0.470330,-1,-1930,-1995
1754830535870,0x064,6,01 FF FF 87 68 35,1,12.500000,3.761905,0.470330,-1,-1930,-1995
1754830535873,0x064,6,01 FF FF 87 68 35,1,12.500000,3.761905,0.470330,-1,-1930,-1995
1754830535879,0x064,6,01 FF FF 87 68 35,1,12.500000,3.761905,0.470330,-1,-1930,-1995
1754830535888,0x064,6,01 FF FF 86 E8 6A,1,12.500000,3.507937,0.936264,-1,-1938,-1942
1754830535889,0x064,6,01 FF FF 86 E8 6A,1,12.500000,3.507937,0.936264,-1,-1938,-1942
1754830535911,0x064,6,01 FF FF 86 E8 6A,1,12.500000,3.507937,0.936264,-1,-1938,-1942
1754830535914,0x064,6,01 FF FF 86 E8 6A,1,12.500000,3.507937,0.936264,-1,-1938,-1942
1754830535920,0x064,6,01 FF FF 86 E8 6A,1,12.500000,3.507937,0.936264,-1,-1938,-1942
1754830535926,0x064,6,01 FF FF 86 E8 6A,1,12.500000,3.507937,0.936264,-1,-1938,-1942
1754830535926,0x064,6,01 FF FF 86 E8 6A,1,12.500000,3.507937,0.936264,-1,-1938,-1942
1754830535935,0x064,6,01 FF FF 86 E8 6A,1,12.500000,3.507937,0.936264,-1,-1938,-1942
1754830535948,0x064,6,01 FF FF 86 E8 6A,1,12.500000,3.507937,0.936264,-1,-1938,-1942
1754830535948,0x064,6,01 FF FF 86 E8 6A,1,12.500000,3.507937,0.936264,-1,-1938,-1942
1754830535949,0x064,6,01 FF FF 86 E8 6A,1,12.500000,3.507937,0.936264,-1,-1938,-1942
1754830535951,0x064,6,01 FF FF 86 E8 6A,1,12.500000,3.507937,0.936264,-1,-1938,-1942
1754830535957,0x064,6,01 FF FF 86 E8 6A,1,12.500000,3.507937,0.936264,-1,-1938,-1942
1754830535967,0x064,6,01 FF FF 86 E8 6A,1,12.500000,3.507937,0.936264,-1,-1938,-1942
1754830535973,0x064,6,01 FF FF 86 E8 6A,1,12.500000,3.507937,0.936264,-1,-1938,-1942
1754830535978,0x064,6,01 FF FF 86 E8 6A,1,12.500000,3.507937,0.936264,-1,-1938,-1942
1754830535983,0x064,6,01 FF FF 85 B8 63,1,12.500000,2.904762,0.874725,-1,-1957,-1949
1754830535989,0x064,6,01 FF FF 85 B8 63,1,12.500000,2.904762,0.874725,-1,-1957,-1949
1754830535993,0x064,6,01 FF FF 85 B8 63,1,12.500000,2.904762,0.874725,-1,-1957,-1949
1754830536007,0x064,6,01 FF FF 85 B8 63,1,12.500000,2.904762,0.874725,-1,-1957,-1949
1754830536010,0x064,6,01 FF FF 85 B8 63,1,12.500000,2.904762,0.874725,-1,-1957,-1949
1754830536011,0x064,6,01 FF FF 85 B8 63,1,12.500000,2.904762,0.874725,-1,-1957,-1949
1754830536016,0x064,6,01 FF FF 85 B8 63,1,12.500000,2.904762,0.874725,-1,-1957,-1949
1754830536022,0x064,6,01 FF FF 85 B8 63,1,12.500000,2.904762,0.874725,-1,-1957,-1949
1754830536027,0x064,6,01 FF FF 85 B8 63,1,12.500000,2.904762,0.874725,-1,-1957,-1949
1754830536036,0x064,6,01 FF FF 85 B8 63,1,12.500000,2.904762,0.874725,-1,-1957,-1949
1754830536038,0x064,6,01 FF FF 85 B8 63,1,12.500000,2.904762,0.874725,-1,-1957,-1949
1754830536046,0x064,6,01 FF FF 85 B8 63,1,12.500000,2.904762,0.874725,-1,-1957,-1949
1754830536052,0x064,6,01 FF FF 85 B8 63,1,12.500000,2.904762,0.874725,-1,-1957,-1949
1754830536057,0x064,6,01 FF FF 85 B8 63,1,12.500000,2.904762,0.874725,-1,-1957,-1949
1754830536063,0x064,6,01 FF FF 85 B8 63,1,12.500000,2.904762,0.874725,-1,-1957,-1949
1754830536070,0x064,6,01 FF FF 85 B8 63,1,12.500000,2.904762,0.874725,-1,-1957,-1949
1754830536073,0x064,6,01 FF FF 85 B8 63,1,12.500000,2.904762,0.874725,-1,-1957,-1949
1754830536086,0x064,6,01 FF FF 85 B8 63,1,12.500000,2.904762,0.874725,-1,-1957,-1949
1754830536087,0x064,6,01 FF FF 86 28 69,1,12.500000,3.126984,0.927473,-1,-1950,-1943
1754830536092,0x064,6,01 FF FF 86 28 69,1,12.500000,3.126984,0.927473,-1,-1950,-1943
1754830536098,0x064,6,01 FF FF 86 28 69,1,12.500000,3.126984,0.927473,-1,-1950,-1943
1754830536103,0x064,6,01 FF FF 86 28 69,1,12.500000,3.126984,0.927473,-1,-1950,-1943
1754830536109,0x064,6,01 FF FF 86 28 69,1,12.500000,3.126984,0.927473,-1,-1950,-1943
1754830536115,0x064,6,01 FF FF 86 28 69,1,12.500000,3.126984,0.927473,-1,-1950,-1943
1754830536134,0x064,6,01 FF FF 86 28 69,1,12.500000,3.126984,0.927473,-1,-1950,-1943
1754830536138,0x064,6,01 FF FF 86 28 69,1,12.500000,3.126984,0.927473,-1,-1950,-1943
1754830536138,0x064,6,01 FF FF 86 28 69,1,12.500000,3.126984,0.927473,-1,-1950,-1943
1754830536145,0x064,6,01 FF FF 86 28 69,1,12.500000,3.126984,0.927473,-1,-1950,-1943
1754830536148,0x064,6,01 FF FF 86 28 69,1,12.500000,3.126984,0.927473,-1,-1950,-1943
1754830536154,0x064,6,01 FF FF 86 28 69,1,12.500000,3.126984,0.927473,-1,-1950,-1943
1754830536159,0x064,6,01 FF FF 86 28 69,1,12.500000,3.126984,0.927473,-1,-1950,-1943
1754830536167,0x064,6,01 FF FF 86 28 69,1,12.500000,3.126984,0.927473,-1,-1950,-1943
1754830536170,0x064,6,01 FF FF 86 28 69,1,12.500000,3.126984,0.927473,-1,-1950,-1943
1754830536177,0x064,6,01 FF FF 86 28 69,1,12.500000,3.126984,0.927473,-1,-1950,-1943
1754830536187,0x064,6,01 FF FF 86 28 69,1,12.500000,3.126984,0.927473,-1,-1950,-1943
1754830536189,0x064,6,01 FF FF 8A A8 3D,1,12.500000,5.412698,0.540659,-1,-1878,-1987
1754830536194,0x064,6,01 FF FF 8A A8 3D,1,12.500000,5.412698,0.540659,-1,-1878,-1987
1754830536200,0x064,6,01 FF FF 8A A8 3D,1,12.500000,5.412698,0.540659,-1,-1878,-1987
1754830536204,0x064,6,01 FF FF 8A A8 3D,1,12.500000,5.412698,0.540659,-1,-1878,-1987
1754830536213,0x064,6,01 FF FF 8A A8 3D,1,12.500000,5.412698,0.540659,-1,-1878,-1987
1754830536215,0x064,6,01 FF FF 8A A8 3D,1,12.500000,5.412698,0.540659,-1,-1878,-1987
1754830536223,0x064,6,01 FF FF 8A A8 3D,1,12.500000,5.412698,0.540659,-1,-1878,-1987
1754830536229,0x064,6,01 FF FF 8A A8 3D,1,12.500000,5.412698,0.540659,-1,-1878,-1987
1754830536234,0x064,6,01 FF FF 8A A8 3D,1,12.500000,5.412698,0.540659,-1,-1878,-1987
1754830536239,0x064,6,01 FF FF 8A A8 3D,1,12.500000,5.412698,0.540659,-1,-1878,-1987
1754830536244,0x064,6,01 FF FF 8A A8 3D,1,12.500000,5.412698,0.540659,-1,-1878,-1987
1754830536249,0x064,6,01 FF FF 8A A8 3D,1,12.500000,5.412698,0.540659,-1,-1878,-1987
1754830536264,0x064,6,01 FF FF 8A A8 3D,1,12.500000,5.412698,0.540659,-1,-1878,-1987
1754830536268,0x064,6,01 FF FF 8A A8 3D,1,12.500000,5.412698,0.540659,-1,-1878,-1987
1754830536274,0x064,6,01 FF FF 8A A8 3D,1,12.500000,5.412698,0.540659,-1,-1878,-1987
1754830536277,0x064,6,01 FF FF 8A A8 3D,1,12.500000,5.412698,0.540659,-1,-1878,-1987
1754830536282,0x064,6,01 FF FF 8D E8 55,1,12.500000,7.063492,0.751648,-1,-1826,-1963
1754830536298,0x064,6,01 FF FF 8D E8 55,1,12.500000,7.063492,0.751648,-1,-1826,-1963
1754830536301,0x064,6,01 FF FF 8D E8 55,1,12.500000,7.063492,0.751648,-1,-1826,-1963
1754830536304,0x064,6,01 FF FF 8D E8 55,1,12.500000,7.063492,0.751648,-1,-1826,-1963
1754830536310,0x064,6,01 FF FF 8D E8 55,1,12.500000,7.063492,0.751648,-1,-1826,-1963
1754830536315,0x064,6,01 FF FF 8D E8 55,1,12.500000,7.063492,0.751648,-1,-1826,-1963
1754830536321,0x064,6,01 FF FF 8D E8 55,1,12.500000,7.063492,0.751648,-1,-1826,-1963
1754830536337,0x064,6,01 FF FF 8D E8 55,1,12.500000,7.063492,0.751648,-1,-1826,-1963
1754830536350,0x064,6,01 FF FF 8D E8 55,1,12.500000,7.063492,0.751648,-1,-1826,-1963
1754830536363,0x064,6,01 FF FF 8D E8 55,1,12.500000,7.063492,0.751648,-1,-1826,-1963
1754830536374,0x064,6,01 FF FF 8D E8 55,1,12.500000,7.063492,0.751648,-1,-1826,-1963
1754830536380,0x064,6,01 FF FF 8D E8 55,1,12.500000,7.063492,0.751648,-1,-1826,-1963
1754830536380,0x064,6,01 FF FF 8D E8 55,1,12.500000,7.063492,0.751648,-1,-1826,-1963
1754830536381,0x064,6,01 FF FF 8D E8 55,1,12.500000,7.063492,0.751648,-1,-1826,-1963
1754830536386,0x064,6,01 FF FF 90 17 E4,1,12.500000,8.174603,-0.241758,-1,-1791,2020
1754830536391,0x064,6,01 FF FF 90 17 E4,1,12.500000,8.174603,-0.241758,-1,-1791,2020
1754830536396,0x064,6,01 FF FF 90 17 E4,1,12.500000,8.174603,-0.241758,-1,-1791,2020
1754830536402,0x064,6,01 FF FF 90 17 E4,1,12.500000,8.174603,-0.241758,-1,-1791,2020
1754830536409,0x064,6,01 FF FF 90 17 E4,1,12.500000,8.174603,-0.241758,-1,-1791,2020
1754830536414,0x064,6,01 FF FF 90 17 E4,1,12.500000,8.174603,-0.241758,-1,-1791,2020
1754830536419,0x064,6,01 FF FF 90 17 E4,1,12.500000,8.174603,-0.241758,-1,-1791,2020
1754830536425,0x064,6,01 FF FF 90 17 E4,1,12.500000,8.174603,-0.241758,-1,-1791,2020
1754830536437,0x064,6,01 FF FF 90 17 E4,1,12.500000,8.174603,-0.241758,-1,-1791,2020
1754830536438,0x064,6,01 FF FF 90 17 E4,1,12.500000,8.174603,-0.241758,-1,-1791,2020
1754830536448,0x064,6,01 FF FF 90 17 E4,1,12.500000,8.174603,-0.241758,-1,-1791,2020
1754830536449,0x064,6,01 FF FF 90 17 E4,1,12.500000,8.174603,-0.241758,-1,-1791,2020
1754830536470,0x064,6,01 FF FF 90 17 E4,1,12.500000,8.174603,-0.241758,-1,-1791,2020
1754830536474,0x064,6,01 FF FF 90 17 E4,1,12.500000,8.174603,-0.241758,-1,-1791,2020
1754830536481,0x064,6,01 FF FF 90 17 E4,1,12.500000,8.174603,-0.241758,-1,-1791,2020
1754830536494,0x064,6,01 FF FF 90 17 E4,1,12.500000,8.174603,-0.241758,-1,-1791,2020
1754830536507,0x064,6,01 FF FF 91 77 BD,1,12.500000,8.873016,-0.584615,-1,-1769,1981
1754830536510,0x064,6,01 FF FF 91 77 BD,1,12.500000,8.873016,-0.584615,-1,-1769,1981
1754830536525,0x064,6,01 FF FF 91 77 BD,1,12.500000,8.873016,-0.584615,-1,-1769,1981
1754830536527,0x064,6,01 FF FF 91 77 BD,1,12.500000,8.873016,-0.584615,-1,-1769,1981
1754830536534,0x064,6,01 FF FF 91 77 BD,1,12.500000,8.873016,-0.584615,-1,-1769,1981
1754830536540,0x064,6,01 FF FF 91 77 BD,1,12.500000,8.873016,-0.584615,-1,-1769,1981
1754830536540,0x064,6,01 FF FF 91 77 BD,1,12.500000,8.873016,-0.584615,-1,-1769,1981
1754830536546,0x064,6,01 FF FF 91 77 BD,1,12.500000,8.873016,-0.584615,-1,-1769,1981
1754830536548,0x064,6,01 FF FF 91 77 BD,1,12.500000,8.873016,-0.584615,-1,-1769,1981
1754830536556,0x064,6,01 FF FF 91 77 BD,1,12.500000,8.873016,-0.584615,-1,-1769,1981
1754830536560,0x064,6,01 FF FF 91 77 BD,1,12.500000,8.873016,-0.584615,-1,-1769,1981
1754830536565,0x064,6,01 FF FF 91 77 BD,1,12.500000,8.873016,-0.584615,-1,-1769,1981
1754830536573,0x064,6,01 FF FF 91 77 BD,1,12.500000,8.873016,-0.584615,-1,-1769,1981
1754830536577,0x064,6,01 FF FF 91 77 BD,1,12.500000,8.873016,-0.584615,-1,-1769,1981
1754830536584,0x064,6,01 FF FF 94 87 CD,1,12.500000,10.428571,-0.443956,-1,-1720,1997
1754830536589,0x064,6,01 FF FF 94 87 CD,1,12.500000,10.428571,-0.443956,-1,-1720,1997
1754830536595,0x064,6,01 FF FF 94 87 CD,1,12.500000,10.428571,-0.443956,-1,-1720,1997
1754830536615,0x064,6,01 FF FF 94 87 CD,1,12.500000,10.428571,-0.443956,-1,-1720,1997
1754830536626,0x064,6,01 FF FF 94 87 CD,1,12.500000,10.428571,-0.443956,-1,-1720,1997
1754830536627,0x064,6,01 FF FF 94 87 CD,1,12.500000,10.428571,-0.443956,-1,-1720,1997
1754830536627,0x064,6,01 FF FF 94 87 CD,1,12.500000,10.428571,-0.443956,-1,-1720,1997
1754830536635,0x064,6,01 FF FF 94 87 CD,1,12.500000,10.428571,-0.443956,-1,-1720,1997
1754830536647,0x064,6,01 FF FF 94 87 CD,1,12.500000,10.428571,-0.443956,-1,-1720,1997
1754830536657,0x064,6,01 FF FF 94 87 CD,1,12.500000,10.428571,-0.443956,-1,-1720,1997
1754830536659,0x064,6,01 FF FF 94 87 CD,1,12.500000,10.428571,-0.443956,-1,-1720,1997
1754830536661,0x064,6,01 FF FF 94 87 CD,1,12.500000,10.428571,-0.443956,-1,-1720,1997
1754830536665,0x064,6,01 FF FF 94 87 CD,1,12.500000,10.428571,-0.443956,-1,-1720,1997
1754830536671,0x064,6,01 FF FF 94 87 CD,1,12.500000,10.428571,-0.443956,-1,-1720,1997
1754830536676,0x064,6,01 FF FF 94 87 CD,1,12.500000,10.428571,-0.443956,-1,-1720,1997
1754830536682,0x064,6,01 FF FF 95 38 70,1,12.500000,10.777778,0.989011,-1,-1709,-1936
1754830536695,0x064,6,01 FF FF 95 38 70,1,12.500000,10.777778,0.989011,-1,-1709,-1936
1754830536720,0x064,6,01 FF FF 95 38 70,1,12.500000,10.777778,0.989011,-1,-1709,-1936
1754830536724,0x064,6,01 FF FF 95 38 70,1,12.500000,10.777778,0.989011,-1,-1709,-1936
1754830536735,0x064,6,01 FF FF 95 38 70,1,12.500000,10.777778,0.989011,-1,-1709,-1936
1754830536735,0x064,6,01 FF FF 95 38 70,1,12.500000,10.777778,0.989011,-1,-1709,-1936
1754830536736,0x064,6,01 FF FF 95 38 70,1,12.500000,10.777778,0.989011,-1,-1709,-1936
1754830536736,0x064,6,01 FF FF 95 38 70,1,12.500000,10.777778,0.989011,-1,-1709,-1936
1754830536744,0x064,6,01 FF FF 95 38 70,1,12.500000,10.777778,0.989011,-1,-1709,-1936
1754830536747,0x064,6,01 FF FF 95 38 70,1,12.500000,10.777778,0.989011,-1,-1709,-1936
1754830536752,0x064,6,01 FF FF 95 38 70,1,12.500000,10.777778,0.989011,-1,-1709,-1936
1754830536758,0x064,6,01 FF FF 95 38 70,1,12.500000,10.777778,0.989011,-1,-1709,-1936
1754830536763,0x064,6,01 FF FF 95 38 70,1,12.500000,10.777778,0.989011,-1,-1709,-1936
1754830536769,0x064,6,01 FF FF 95 38 70,1,12.500000,10.777778,0.989011,-1,-1709,-1936
1754830536774,0x064,6,01 FF FF 95 38 70,1,12.500000,10.777778,0.989011,-1,-1709,-1936
1754830536780,0x064,6,01 FF FF 95 38 70,1,12.500000,10.777778,0.989011,-1,-1709,-1936
1754830536786,0x064,6,01 FF FF 97 28 20,1,12.500000,11.761905,0.285714,-1,-1678,-2016
1754830536801,0x064,6,01 FF FF 97 28 20,1,12.500000,11.761905,0.285714,-1,-1678,-2016
1754830536808,0x064,6,01 FF FF 97 28 20,1,12.500000,11.761905,0.285714,-1,-1678,-2016
1754830536825,0x064,6,01 FF FF 97 28 20,1,12.500000,11.761905,0.285714,-1,-1678,-2016
1754830536827,0x064,6,01 FF FF 97 28 20,1,12.500000,11.761905,0.285714,-1,-1678,-2016
1754830536827,0x064,6,01 FF FF 97 28 20,1,12.500000,11.761905,0.285714,-1,-1678,-2016
1754830536827,0x064,6,01 FF FF 97 28 20,1,12.500000,11.761905,0.285714,-1,-1678,-2016
1754830536845,0x064,6,01 FF FF 97 28 20,1,12.500000,11.761905,0.285714,-1,-1678,-2016
1754830536845,0x064,6,01 FF FF 97 28 20,1,12.500000,11.761905,0.285714,-1,-1678,-2016
1754830536849,0x064,6,01 FF FF 97 28 20,1,12.500000,11.761905,0.285714,-1,-1678,-2016
1754830536854,0x064,6,01 FF FF 97 28 20,1,12.500000,11.761905,0.285714,-1,-1678,-2016
1754830536861,0x064,6,01 FF FF 97 28 20,1,12.500000,11.761905,0.285714,-1,-1678,-2016
1754830536867,0x064,6,01 FF FF 97 28 20,1,12.500000,11.761905,0.285714,-1,-1678,-2016
1754830536877,0x064,6,01 FF FF 97 28 20,1,12.500000,11.761905,0.285714,-1,-1678,-2016
1754830536884,0x064,6,01 FF FF 98 F8 1B,1,12.500000,12.682540,0.241758,-1,-1649,-2021
1754830536889,0x064,6,01 FF FF 98 F8 1B,1,12.500000,12.682540,0.241758,-1,-1649,-2021
1754830536895,0x064,6,01 FF FF 98 F8 1B,1,12.500000,12.682540,0.241758,-1,-1649,-2021
1754830536901,0x064,6,01 FF FF 98 F8 1B,1,12.500000,12.682540,0.241758,-1,-1649,-2021
1754830536909,0x064,6,01 FF FF 98 F8 1B,1,12.500000,12.682540,0.241758,-1,-1649,-2021
1754830536912,0x064,6,01 FF FF 98 F8 1B,1,12.500000,12.682540,0.241758,-1,-1649,-2021
1754830536917,0x064,6,01 FF FF 98 F8 1B,1,12.500000,12.682540,0.241758,-1,-1649,-2021
1754830536923,0x064,6,01 FF FF 98 F8 1B,1,12.500000,12.682540,0.241758,-1,-1649,-2021
1754830536928,0x064,6,01 FF FF 98 F8 1B,1,12.500000,12.682540,0.241758,-1,-1649,-2021
1754830536935,0x064,6,01 FF FF 98 F8 1B,1,12.500000,12.682540,0.241758,-1,-1649,-2021
1754830536940,0x064,6,01 FF FF 98 F8 1B,1,12.500000,12.682540,0.241758,-1,-1649,-2021
1754830536945,0x064,6,01 FF FF 98 F8 1B,1,12.500000,12.682540,0.241758,-1,-1649,-2021
1754830536955,0x064,6,01 FF FF 98 F8 1B,1,12.500000,12.682540,0.241758,-1,-1649,-2021
1754830536956,0x064,6,01 FF FF 98 F8 1B,1,12.500000,12.682540,0.241758,-1,-1649,-2021
1754830536961,0x064,6,01 FF FF 98 F8 1B,1,12.500000,12.682540,0.241758,-1,-1649,-2021
1754830536967,0x064,6,01 FF FF 98 F8 1B,1,12.500000,12.682540,0.241758,-1,-1649,-2021
1754830536974,0x064,6,01 FF FF 98 F8 1B,1,12.500000,12.682540,0.241758,-1,-1649,-2021
1754830536985,0x064,6,01 FF FF 98 F8 1B,1,12.500000,12.682540,0.241758,-1,-1649,-2021
1754830536996,0x064,6,01 FF FF 9A 87 B5,1,12.500000,13.476190,-0.654945,-1,-1624,1973
1754830537011,0x064,6,01 FF FF 9A 87 B5,1,12.500000,13.476190,-0.654945,-1,-1624,1973
1754830537018,0x064,6,01 FF FF 9A 87 B5,1,12.500000,13.476190,-0.654945,-1,-1624,1973
1754830537019,0x064,6,01 FF FF 9A 87 B5,1,12.500000,13.476190,-0.654945,-1,-1624,1973
1754830537022,0x064,6,01 FF FF 9A 87 B5,1,12.500000,13.476190,-0.654945,-1,-1624,1973
1754830537030,0x064,6,01 FF FF 9A 87 B5,1,12.500000,13.476190,-0.654945,-1,-1624,1973
1754830537036,0x064,6,01 FF FF 9A 87 B5,1,12.500000,13.476190,-0.654945,-1,-1624,1973
1754830537037,0x064,6,01 FF FF 9A 87 B5,1,12.500000,13.476190,-0.654945,-1,-1624,1973
1754830537055,0x064,6,01 FF FF 9A 87 B5,1,12.500000,13.476190,-0.654945,-1,-1624,1973
1754830537057,0x064,6,01 FF FF 9A 87 B5,1,12.500000,13.476190,-0.654945,-1,-1624,1973
1754830537058,0x064,6,01 FF FF 9A 87 B5,1,12.500000,13.476190,-0.654945,-1,-1624,1973
1754830537064,0x064,6,01 FF FF 9A 87 B5,1,12.500000,13.476190,-0.654945,-1,-1624,1973
1754830537067,0x064,6,01 FF FF 9A 87 B5,1,12.500000,13.476190,-0.654945,-1,-1624,1973
1754830537075,0x064,6,01 FF FF 9A 87 B5,1,12.500000,13.476190,-0.654945,-1,-1624,1973
1754830537081,0x064,6,01 FF FF 9A 87 B5,1,12.500000,13.476190,-0.654945,-1,-1624,1973
1754830537086,0x064,6,01 FF FF 9C 67 F1,1,12.500000,14.428571,-0.127473,-1,-1594,2033
1754830537092,0x064,6,01 FF FF 9C 67 F1,1,12.500000,14.428571,-0.127473,-1,-1594,2033
1754830537100,0x064,6,01 FF FF 9C 67 F1,1,12.500000,14.428571,-0.127473,-1,-1594,2033
1754830537105,0x064,6,01 FF FF 9C 67 F1,1,12.500000,14.428571,-0.127473,-1,-1594,2033
1754830537112,0x064,6,01 FF FF 9C 67 F1,1,12.500000,14.428571,-0.127473,-1,-1594,2033
1754830537118,0x064,6,01 FF FF 9C 67 F1,1,12.500000,14.428571,-0.127473,-1,-1594,2033
1754830537124,0x064,6,01 FF FF 9C 67 F1,1,12.500000,14.428571,-0.127473,-1,-1594,2033
1754830537130,0x064,6,01 FF FF 9C 67 F1,1,12.500000,14.428571,-0.127473,-1,-1594,2033
1754830537136,0x064,6,01 FF FF 9C 67 F1,1,12.500000,14.428571,-0.127473,-1,-1594,2033
1754830537142,0x064,6,01 FF FF 9C 67 F1,1,12.500000,14.428571,-0.127473,-1,-1594,2033
1754830537148,0x064,6,01 FF FF 9C 67 F1,1,12.500000,14.428571,-0.127473,-1,-1594,2033
1754830537159,0x064,6,01 FF FF 9C 67 F1,1,12.500000,14.428571,-0.127473,-1,-1594,2033
1754830537165,0x064,6,01 FF FF 9C 67 F1,1,12.500000,14.428571,-0.127473,-1,-1594,2033
1754830537194,0x064,6,01 FF FF 9C 67 F1,1,12.500000,14.428571,-0.127473,-1,-1594,2033
1754830537194,0x064,6,01 FF FF 9C 67 F1,1,12.500000,14.428571,-0.127473,-1,-1594,2033
1754830537195,0x064,6,01 FF FF 9E 38 1F,1,12.500000,15.349206,0.276923,-1,-1565,-2017
1754830537201,0x064,6,01 FF FF 9E 38 1F,1,12.500000,15.349206,0.276923,-1,-1565,-2017
1754830537212,0x064,6,01 FF FF 9E 38 1F,1,12.500000,15.349206,0.276923,-1,-1565,-2017
1754830537243,0x064,6,01 FF FF 9E 38 1F,1,12.500000,15.349206,0.276923,-1,-1565,-2017
1754830537251,0x064,6,01 FF FF 9E 38 1F,1,12.500000,15.349206,0.276923,-1,-1565,-2017
1754830537252,0x064,6,01 FF FF 9E 38 1F,1,12.500000,15.349206,0.276923,-1,-1565,-2017
1754830537252,0x064,6,01 FF FF 9E 38 1F,1,12.500000,15.349206,0.276923,-1,-1565,-2017
1754830537252,0x064,6,01 FF FF 9E 38 1F,1,12.500000,15.349206,0.276923,-1,-1565,-2017
1754830537255,0x064,6,01 FF FF 9E 38 1F,1,12.500000,15.349206,0.276923,-1,-1565,-2017
1754830537266,0x064,6,01 FF FF 9E 38 1F,1,12.500000,15.349206,0.276923,-1,-1565,-2017
1754830537278,0x064,6,01 FF FF 9E 38 1F,1,12.500000,15.349206,0.276923,-1,-1565,-2017
1754830537278,0x064,6,01 FF FF 9E 38 1F,1,12.500000,15.349206,0.276923,-1,-1565,-2017
1754830537279,0x064,6,01 FF FF 9E 38 1F,1,12.500000,15.349206,0.276923,-1,-1565,-2017
1754830537288,0x064,6,01 FF FF 9E 08 09,1,12.500000,15.253968,0.083516,-1,-1568,-2039
1754830537290,0x064,6,01 FF FF 9E 08 09,1,12.500000,15.253968,0.083516,-1,-1568,-2039
1754830537318,0x064,6,01 FF FF 9E 08 09,1,12.500000,15.253968,0.083516,-1,-1568,-2039
1754830537318,0x064,6,01 FF FF 9E 08 09,1,12.500000,15.253968,0.083516,-1,-1568,-2039
1754830537319,0x064,6,01 FF FF 9E 08 09,1,12.500000,15.253968,0.083516,-1,-1568,-2039
1754830537319,0x064,6,01 FF FF 9E 08 09,1,12.500000,15.253968,0.083516,-1,-1568,-2039
1754830537325,0x064,6,01 FF FF 9E 08 09,1,12.500000,15.253968,0.083516,-1,-1568,-2039
1754830537330,0x064,6,01 FF FF 9E 08 09,1,12.500000,15.253968,0.083516,-1,-1568,-2039
1754830537337,0x064,6,01 FF FF 9E 08 09,1,12.500000,15.253968,0.083516,-1,-1568,-2039
1754830537347,0x064,6,01 FF FF 9E 08 09,1,12.500000,15.253968,0.083516,-1,-1568,-2039
1754830537362,0x064,6,01 FF FF 9E 08 09,1,12.500000,15.253968,0.083516,-1,-1568,-2039
1754830537362,0x064,6,01 FF FF 9E 08 09,1,12.500000,15.253968,0.083516,-1,-1568,-2039
1754830537364,0x064,6,01 FF FF 9E 08 09,1,12.500000,15.253968,0.083516,-1,-1568,-2039
1754830537391,0x064,6,01 FF FF 9E 08 09,1,12.500000,15.253968,0.083516,-1,-1568,-2039
1754830537405,0x064,6,01 FF FF 9E 08 09,1,12.500000,15.253968,0.083516,-1,-1568,-2039
1754830537408,0x064,6,01 FF FF A0 F8 12,1,12.500000,16.746032,0.162637,-1,-1521,-2030
1754830537420,0x064,6,01 FF FF A0 F8 12,1,12.500000,16.746032,0.162637,-1,-1521,-2030
1754830537431,0x064,6,01 FF FF A0 F8 12,1,12.500000,16.746032,0.162637,-1,-1521,-2030
1754830537433,0x064,6,01 FF FF A0 F8 12,1,12.500000,16.746032,0.162637,-1,-1521,-2030
1754830537444,0x064,6,01 FF FF A0 F8 12,1,12.500000,16.746032,0.162637,-1,-1521,-2030
1754830537444,0x064,6,01 FF FF A0 F8 12,1,12.500000,16.746032,0.162637,-1,-1521,-2030
1754830537445,0x064,6,01 FF FF A0 F8 12,1,12.500000,16.746032,0.162637,-1,-1521,-2030
1754830537445,0x064,6,01 FF FF A0 F8 12,1,12.500000,16.746032,0.162637,-1,-1521,-2030
1754830537448,0x064,6,01 FF FF A0 F8 12,1,12.500000,16.746032,0.162637,-1,-1521,-2030
1754830537454,0x064,6,01 FF FF A0 F8 12,1,12.500000,16.746032,0.162637,-1,-1521,-2030
1754830537459,0x064,6,01 FF FF A0 F8 12,1,12.500000,16.746032,0.162637,-1,-1521,-2030
1754830537465,0x064,6,01 FF FF A0 F8 12,1,12.500000,16.746032,0.162637,-1,-1521,-2030
1754830537473,0x064,6,01 FF FF A0 F8 12,1,12.500000,16.746032,0.162637,-1,-1521,-2030
1754830537478,0x064,6,01 FF FF A0 F8 12,1,12.500000,16.746032,0.162637,-1,-1521,-2030
1754830537483,0x064,6,01 FF FF A1 B7 C3,1,12.500000,17.126984,-0.531868,-1,-1509,1987
1754830537488,0x064,6,01 FF FF A1 B7 C3,1,12.500000,17.126984,-0.531868,-1,-1509,1987
1754830537494,0x064,6,01 FF FF A1 B7 C3,1,12.500000,17.126984,-0.531868,-1,-1509,1987
1754830537500,0x064,6,01 FF FF A1 B7 C3,1,12.500000,17.126984,-0.531868,-1,-1509,1987
1754830537505,0x064,6,01 FF FF A1 B7 C3,1,12.500000,17.126984,-0.531868,-1,-1509,1987
1754830537512,0x064,6,01 FF FF A1 B7 C3,1,12.500000,17.126984,-0.531868,-1,-1509,1987
1754830537520,0x064,6,01 FF FF A1 B7 C3,1,12.500000,17.126984,-0.531868,-1,-1509,1987
1754830537522,0x064,6,01 FF FF A1 B7 C3,1,12.500000,17.126984,-0.531868,-1,-1509,1987
1754830537530,0x064,6,01 FF FF A1 B7 C3,1,12.500000,17.126984,-0.531868,-1,-1509,1987
1754830537544,0x064,6,01 FF FF A1 B7 C3,1,12.500000,17.126984,-0.531868,-1,-1509,1987
1754830537558,0x064,6,01 FF FF A1 B7 C3,1,12.500000,17.126984,-0.531868,-1,-1509,1987
1754830537560,0x064,6,01 FF FF A1 B7 C3,1,12.500000,17.126984,-0.531868,-1,-1509,1987
1754830537562,0x064,6,01 FF FF A1 B7 C3,1,12.500000,17.126984,-0.531868,-1,-1509,1987
1754830537564,0x064,6,01 FF FF A1 B7 C3,1,12.500000,17.126984,-0.531868,-1,-1509,1987
1754830537573,0x064,6,01 FF FF A1 B7 C3,1,12.500000,17.126984,-0.531868,-1,-1509,1987
1754830537577,0x064,6,01 FF FF A1 B7 C3,1,12.500000,17.126984,-0.531868,-1,-1509,1987
1754830537581,0x064,6,01 FF FF A1 B7 C3,1,12.500000,17.126984,-0.531868,-1,-1509,1987
1754830537586,0x064,6,01 FF FF A1 A8 1F,1,12.500000,17.095238,0.276923,-1,-1510,-2017
1754830537591,0x064,6,01 FF FF A1 A8 1F,1,12.500000,17.095238,0.276923,-1,-1510,-2017
1754830537597,0x064,6,01 FF FF A1 A8 1F,1,12.500000,17.095238,0.276923,-1,-1510,-2017
1754830537602,0x064,6,01 FF FF A1 A8 1F,1,12.500000,17.095238,0.276923,-1,-1510,-2017
1754830537614,0x064,6,01 FF FF A1 A8 1F,1,12.500000,17.095238,0.276923,-1,-1510,-2017
1754830537617,0x064,6,01 FF FF A1 A8 1F,1,12.500000,17.095238,0.276923,-1,-1510,-2017
1754830537622,0x064,6,01 FF FF A1 A8 1F,1,12.500000,17.095238,0.276923,-1,-1510,-2017
1754830537625,0x064,6,01 FF FF A1 A8 1F,1,12.500000,17.095238,0.276923,-1,-1510,-2017
1754830537631,0x064,6,01 FF FF A1 A8 1F,1,12.500000,17.095238,0.276923,-1,-1510,-2017
1754830537635,0x064,6,01 FF FF A1 A8 1F,1,12.500000,17.095238,0.276923,-1,-1510,-2017
1754830537667,0x064,6,01 FF FF A1 A8 1F,1,12.500000,17.095238,0.276923,-1,-1510,-2017
1754830537683,0x064,6,01 FF FF A1 A8 1F,1,12.500000,17.095238,0.276923,-1,-1510,-2017
1754830537683,0x064,6,01 FF FF A1 A8 1F,1,12.500000,17.095238,0.276923,-1,-1510,-2017
1754830537683,0x064,6,01 FF FF A1 A8 1F,1,12.500000,17.095238,0.276923,-1,-1510,-2017
1754830537684,0x064,6,01 FF FF A1 A8 1F,1,12.500000,17.095238,0.276923,-1,-1510,-2017
1754830537685,0x064,6,01 FF FF A3 57 E4,1,12.500000,17.952381,-0.241758,-1,-1483,2020
1754830537693,0x064,6,01 FF FF A3 57 E4,1,12.500000,17.952381,-0.241758,-1,-1483,2020
1754830537696,0x064,6,01 FF FF A3 57 E4,1,12.500000,17.952381,-0.241758,-1,-1483,2020
1754830537702,0x064,6,01 FF FF A3 57 E4,1,12.500000,17.952381,-0.241758,-1,-1483,2020
1754830537706,0x064,6,01 FF FF A3 57 E4,1,12.500000,17.952381,-0.241758,-1,-1483,2020
1754830537711,0x064,6,01 FF FF A3 57 E4,1,12.500000,17.952381,-0.241758,-1,-1483,2020
1754830537720,0x064,6,01 FF FF A3 57 E4,1,12.500000,17.952381,-0.241758,-1,-1483,2020
1754830537723,0x064,6,01 FF FF A3 57 E4,1,12.500000,17.952381,-0.241758,-1,-1483,2020
1754830537729,0x064,6,01 FF FF A3 57 E4,1,12.500000,17.952381,-0.241758,-1,-1483,2020
1754830537735,0x064,6,01 FF FF A3 57 E4,1,12.500000,17.952381,-0.241758,-1,-1483,2020
1754830537741,0x064,6,01 FF FF A3 57 E4,1,12.500000,17.952381,-0.241758,-1,-1483,2020
1754830537745,0x064,6,01 FF FF A3 57 E4,1,12.500000,17.952381,-0.241758,-1,-1483,2020
1754830537751,0x064,6,01 FF FF A3 57 E4,1,12.500000,17.952381,-0.241758,-1,-1483,2020
1754830537756,0x064,6,01 FF FF A3 57 E4,1,12.500000,17.952381,-0.241758,-1,-1483,2020
1754830537769,0x064,6,01 FF FF A3 57 E4,1,12.500000,17.952381,-0.241758,-1,-1483,2020
1754830537785,0x064,6,01 FF FF A3 57 E4,1,12.500000,17.952381,-0.241758,-1,-1483,2020
1754830537788,0x064,6,01 FF FF A3 57 E4,1,12.500000,17.952381,-0.241758,-1,-1483,2020
1754830537790,0x064,6,01 FF FF A4 87 ED,1,12.500000,18.555556,-0.162637,-1,-1464,2029
1754830537793,0x064,6,01 FF FF A4 87 ED,1,12.500000,18.555556,-0.162637,-1,-1464,2029
1754830537799,0x064,6,01 FF FF A4 87 ED,1,12.500000,18.555556,-0.162637,-1,-1464,2029
1754830537804,0x064,6,01 FF FF A4 87 ED,1,12.500000,18.555556,-0.162637,-1,-1464,2029
1754830537809,0x064,6,01 FF FF A4 87 ED,1,12.500000,18.555556,-0.162637,-1,-1464,2029
1754830537815,0x064,6,01 FF FF A4 87 ED,1,12.500000,18.555556,-0.162637,-1,-1464,2029
1754830537823,0x064,6,01 FF FF A4 87 ED,1,12.500000,18.555556,-0.162637,-1,-1464,2029
1754830537828,0x064,6,01 FF FF A4 87 ED,1,12.500000,18.555556,-0.162637,-1,-1464,2029
1754830537833,0x064,6,01 FF FF A4 87 ED,1,12.500000,18.555556,-0.162637,-1,-1464,2029
1754830537838,0x064,6,01 FF FF A4 87 ED,1,12.500000,18.555556,-0.162637,-1,-1464,2029
1754830537844,0x064,6,01 FF FF A4 87 ED,1,12.500000,18.555556,-0.162637,-1,-1464,2029
1754830537849,0x064,6,01 FF FF A4 87 ED,1,12.500000,18.555556,-0.162637,-1,-1464,2029
1754830537855,0x064,6,01 FF FF A4 87 ED,1,12.500000,18.555556,-0.162637,-1,-1464,2029
1754830537860,0x064,6,01 FF FF A4 87 ED,1,12.500000,18.555556,-0.162637,-1,-1464,2029
1754830537871,0x064,6,01 FF FF A4 87 ED,1,12.500000,18.555556,-0.162637,-1,-1464,2029
1754830537876,0x064,6,01 FF FF A4 87 ED,1,12.500000,18.555556,-0.162637,-1,-1464,2029
1754830537883,0x064,6,01 FF FF A4 87 ED,1,12.500000,18.555556,-0.162637,-1,-1464,2029
1754830537889,0x064,6,01 FF FF A4 F8 2B,1,12.500000,18.777778,0.382418,-1,-1457,-2005
1754830537896,0x064,6,01 FF FF A4 F8 2B,1,12.500000,18.777778,0.382418,-1,-1457,-2005
1754830537906,0x064,6,01 FF FF A4 F8 2B,1,12.500000,18.777778,0.382418,-1,-1457,-2005
1754830537907,0x064,6,01 FF FF A4 F8 2B,1,12.500000,18.777778,0.382418,-1,-1457,-2005
1754830537912,0x064,6,01 FF FF A4 F8 2B,1,12.500000,18.777778,0.382418,-1,-1457,-2005
1754830537920,0x064,6,01 FF FF A4 F8 2B,1,12.500000,18.777778,0.382418,-1,-1457,-2005
1754830537930,0x064,6,01 FF FF A4 F8 2B,1,12.500000,18.777778,0.382418,-1,-1457,-2005
1754830537939,0x064,6,01 FF FF A4 F8 2B,1,12.500000,18.777778,0.382418,-1,-1457,-2005
1754830537943,0x064,6,01 FF FF A4 F8 2B,1,12.500000,18.777778,0.382418,-1,-1457,-2005
1754830537951,0x064,6,01 FF FF A4 F8 2B,1,12.500000,18.777778,0.382418,-1,-1457,-2005
1754830537961,0x064,6,01 FF FF A4 F8 2B,1,12.500000,18.777778,0.382418,-1,-1457,-2005
1754830537965,0x064,6,01 FF FF A4 F8 2B,1,12.500000,18.777778,0.382418,-1,-1457,-2005
1754830537975,0x064,6,01 FF FF A4 F8 2B,1,12.500000,18.777778,0.382418,-1,-1457,-2005
1754830537989,0x064,6,01 FF FF A4 F8 2B,1,12.500000,18.777778,0.382418,-1,-1457,-2005
1754830537989,0x064,6,01 FF FF A5 B8 07,1,12.500000,19.158730,0.065934,-1,-1445,-2041
1754830537991,0x064,6,01 FF FF A5 B8 07,1,12.500000,19.158730,0.065934,-1,-1445,-2041
1754830537999,0x064,6,01 FF FF A5 B8 07,1,12.500000,19.158730,0.065934,-1,-1445,-2041
1754830538005,0x064,6,01 FF FF A5 B8 07,1,12.500000,19.158730,0.065934,-1,-1445,-2041
1754830538014,0x064,6,01 FF FF A5 B8 07,1,12.500000,19.158730,0.065934,-1,-1445,-2041
1754830538015,0x064,6,01 FF FF A5 B8 07,1,12.500000,19.158730,0.065934,-1,-1445,-2041
1754830538022,0x064,6,01 FF FF A5 B8 07,1,12.500000,19.158730,0.065934,-1,-1445,-2041
1754830538026,0x064,6,01 FF FF A5 B8 07,1,12.500000,19.158730,0.065934,-1,-1445,-2041
1754830538031,0x064,6,01 FF FF A5 B8 07,1,12.500000,19.158730,0.065934,-1,-1445,-2041
1754830538037,0x064,6,01 FF FF A5 B8 07,1,12.500000,19.158730,0.065934,-1,-1445,-2041
1754830538042,0x064,6,01 FF FF A5 B8 07,1,12.500000,19.158730,0.065934,-1,-1445,-2041
1754830538051,0x064,6,01 FF FF A5 B8 07,1,12.500000,19.158730,0.065934,-1,-1445,-2041
1754830538053,0x064,6,01 FF FF A5 B8 07,1,12.500000,19.158730,0.065934,-1,-1445,-2041
1754830538059,0x064,6,01 FF FF A5 B8 07,1,12.500000,19.158730,0.065934,-1,-1445,-2041
1754830538064,0x064,6,01 FF FF A5 B8 07,1,12.500000,19.158730,0.065934,-1,-1445,-2041
1754830538076,0x064,6,01 FF FF A5 B8 07,1,12.500000,19.158730,0.065934,-1,-1445,-2041
1754830538080,0x064,6,01 FF FF A5 B8 07,1,12.500000,19.158730,0.065934,-1,-1445,-2041
1754830538094,0x064,6,01 FF FF A5 B8 07,1,12.500000,19.158730,0.065934,-1,-1445,-2041
1754830538095,0x064,6,01 FF FF A5 C7 F7,1,12.500000,19.190476,-0.074725,-1,-1444,2039
1754830538097,0x064,6,01 FF FF A5 C7 F7,1,12.500000,19.190476,-0.074725,-1,-1444,2039
1754830538102,0x064,6,01 FF FF A5 C7 F7,1,12.500000,19.190476,-0.074725,-1,-1444,2039
1754830538113,0x064,6,01 FF FF A5 C7 F7,1,12.500000,19.190476,-0.074725,-1,-1444,2039
1754830538116,0x064,6,01 FF FF A5 C7 F7,1,12.500000,19.190476,-0.074725,-1,-1444,2039
1754830538122,0x064,6,01 FF FF A5 C7 F7,1,12.500000,19.190476,-0.074725,-1,-1444,2039
1754830538129,0x064,6,01 FF FF A5 C7 F7,1,12.500000,19.190476,-0.074725,-1,-1444,2039
1754830538135,0x064,6,01 FF FF A5 C7 F7,1,12.500000,19.190476,-0.074725,-1,-1444,2039
1754830538140,0x064,6,01 FF FF A5 C7 F7,1,12.500000,19.190476,-0.074725,-1,-1444,2039
1754830538149,0x064,6,01 FF FF A5 C7 F7,1,12.500000,19.190476,-0.074725,-1,-1444,2039
1754830538153,0x064,6,01 FF FF A5 C7 F7,1,12.500000,19.190476,-0.074725,-1,-1444,2039
1754830538161,0x064,6,01 FF FF A5 C7 F7,1,12.500000,19.190476,-0.074725,-1,-1444,2039
1754830538163,0x064,6,01 FF FF A5 C7 F7,1,12.500000,19.190476,-0.074725,-1,-1444,2039
1754830538170,0x064,6,01 FF FF A5 C7 F7,1,12.500000,19.190476,-0.074725,-1,-1444,2039
1754830538173,0x064,6,01 FF FF A5 C7 F7,1,12.500000,19.190476,-0.074725,-1,-1444,2039
1754830538178,0x064,6,01 FF FF A5 C7 F7,1,12.500000,19.190476,-0.074725,-1,-1444,2039
1754830538186,0x064,6,01 FF FF A5 C7 F7,1,12.500000,19.190476,-0.074725,-1,-1444,2039
1754830538190,0x064,6,01 FF FF A6 37 F8,1,12.500000,19.412698,-0.065934,-1,-1437,2040
1754830538195,0x064,6,01 FF FF A6 37 F8,1,12.500000,19.412698,-0.065934,-1,-1437,2040
1754830538202,0x064,6,01 FF FF A6 37 F8,1,12.500000,19.412698,-0.065934,-1,-1437,2040
1754830538214,0x064,6,01 FF FF A6 37 F8,1,12.500000,19.412698,-0.065934,-1,-1437,2040
1754830538221,0x064,6,01 FF FF A6 37 F8,1,12.500000,19.412698,-0.065934,-1,-1437,2040
1754830538223,0x064,6,01 FF FF A6 37 F8,1,12.500000,19.412698,-0.065934,-1,-1437,2040
1754830538228,0x064,6,01 FF FF A6 37 F8,1,12.500000,19.412698,-0.065934,-1,-1437,2040
1754830538241,0x064,6,01 FF FF A6 37 F8,1,12.500000,19.412698,-0.065934,-1,-1437,2040
1754830538247,0x064,6,01 FF FF A6 37 F8,1,12.500000,19.412698,-0.065934,-1,-1437,2040
1754830538248,0x064,6,01 FF FF A6 37 F8,1,12.500000,19.412698,-0.065934,-1,-1437,2040
1754830538257,0x064,6,01 FF FF A6 37 F8,1,12.500000,19.412698,-0.065934,-1,-1437,2040
1754830538258,0x064,6,01 FF FF A6 37 F8,1,12.500000,19.412698,-0.065934,-1,-1437,2040
1754830538264,0x064,6,01 FF FF A6 37 F8,1,12.500000,19.412698,-0.065934,-1,-1437,2040
1754830538272,0x064,6,01 FF FF A6 37 F8,1,12.500000,19.412698,-0.065934,-1,-1437,2040
1754830538274,0x064,6,01 FF FF A6 37 F8,1,12.500000,19.412698,-0.065934,-1,-1437,2040
1754830538281,0x064,6,01 FF FF A6 37 F8,1,12.500000,19.412698,-0.065934,-1,-1437,2040
1754830538285,0x064,6,01 FF FF A6 77 CA,1,12.500000,19.539683,-0.470330,-1,-1433,1994
1754830538292,0x064,6,01 FF FF A6 77 CA,1,12.500000,19.539683,-0.470330,-1,-1433,1994
1754830538300,0x064,6,01 FF FF A6 77 CA,1,12.500000,19.539683,-0.470330,-1,-1433,1994
1754830538305,0x064,6,01 FF FF A6 77 CA,1,12.500000,19.539683,-0.470330,-1,-1433,1994
1754830538312,0x064,6,01 FF FF A6 77 CA,1,12.500000,19.539683,-0.470330,-1,-1433,1994
1754830538319,0x064,6,01 FF FF A6 77 CA,1,12.500000,19.539683,-0.470330,-1,-1433,1994
1754830538321,0x064,6,01 FF FF A6 77 CA,1,12.500000,19.539683,-0.470330,-1,-1433,1994
1754830538330,0x064,6,01 FF FF A6 77 CA,1,12.500000,19.539683,-0.470330,-1,-1433,1994
1754830538332,0x064,6,01 FF FF A6 77 CA,1,12.500000,19.539683,-0.470330,-1,-1433,1994
1754830538341,0x064,6,01 FF FF A6 77 CA,1,12.500000,19.539683,-0.470330,-1,-1433,1994
1754830538347,0x064,6,01 FF FF A6 77 CA,1,12.500000,19.539683,-0.470330,-1,-1433,1994
1754830538361,0x064,6,01 FF FF A6 77 CA,1,12.500000,19.539683,-0.470330,-1,-1433,1994
1754830538361,0x064,6,01 FF FF A6 77 CA,1,12.500000,19.539683,-0.470330,-1,-1433,1994
1754830538366,0x064,6,01 FF FF A6 77 CA,1,12.500000,19.539683,-0.470330,-1,-1433,1994
1754830538379,0x064,6,01 FF FF A6 77 CA,1,12.500000,19.539683,-0.470330,-1,-1433,1994
1754830538393,0x064,6,01 FF FF A6 77 CA,1,12.500000,19.539683,-0.470330,-1,-1433,1994
1754830538398,0x064,6,01 FF FF A7 68 25,1,12.500000,20.015873,0.329670,-1,-1418,-2011
1754830538410,0x064,6,01 FF FF A7 68 25,1,12.500000,20.015873,0.329670,-1,-1418,-2011
1754830538416,0x064,6,01 FF FF A7 68 25,1,12.500000,20.015873,0.329670,-1,-1418,-2011
1754830538416,0x064,6,01 FF FF A7 68 25,1,12.500000,20.015873,0.329670,-1,-1418,-2011
1754830538416,0x064,6,01 FF FF A7 68 25,1,12.500000,20.015873,0.329670,-1,-1418,-2011
1754830538419,0x064,6,01 FF FF A7 68 25,1,12.500000,20.015873,0.329670,-1,-1418,-2011
1754830538425,0x064,6,01 FF FF A7 68 25,1,12.500000,20.015873,0.329670,-1,-1418,-2011
1754830538433,0x064,6,01 FF FF A7 68 25,1,12.500000,20.015873,0.329670,-1,-1418,-2011
1754830538437,0x064,6,01 FF FF A7 68 25,1,12.500000,20.015873,0.329670,-1,-1418,-2011
1754830538441,0x064,6,01 FF FF A7 68 25,1,12.500000,20.015873,0.329670,-1,-1418,-2011
1754830538448,0x064,6,01 FF FF A7 68 25,1,12.500000,20.015873,0.329670,-1,-1418,-2011
1754830538454,0x064,6,01 FF FF A7 68 25,1,12.500000,20.015873,0.329670,-1,-1418,-2011
1754830538465,0x064,6,01 FF FF A7 68 25,1,12.500000,20.015873,0.329670,-1,-1418,-2011
1754830538478,0x064,6,01 FF FF A7 68 25,1,12.500000,20.015873,0.329670,-1,-1418,-2011
1754830538487,0x064,6,01 FF FF A7 68 25,1,12.500000,20.015873,0.329670,-1,-1418,-2011
1754830538495,0x064,6,01 FF FF A8 67 B1,1,12.500000,20.523810,-0.690110,-1,-1402,1969
1754830538495,0x064,6,01 FF FF A8 67 B1,1,12.500000,20.523810,-0.690110,-1,-1402,1969
1754830538501,0x064,6,01 FF FF A8 67 B1,1,12.500000,20.523810,-0.690110,-1,-1402,1969
1754830538506,0x064,6,01 FF FF A8 67 B1,1,12.500000,20.523810,-0.690110,-1,-1402,1969
1754830538512,0x064,6,01 FF FF A8 67 B1,1,12.500000,20.523810,-0.690110,-1,-1402,1969
1754830538517,0x064,6,01 FF FF A8 67 B1,1,12.500000,20.523810,-0.690110,-1,-1402,1969
1754830538522,0x064,6,01 FF FF A8 67 B1,1,12.500000,20.523810,-0.690110,-1,-1402,1969
1754830538528,0x064,6,01 FF FF A8 67 B1,1,12.500000,20.523810,-0.690110,-1,-1402,1969
1754830538536,0x064,6,01 FF FF A8 67 B1,1,12.500000,20.523810,-0.690110,-1,-1402,1969
1754830538552,0x064,6,01 FF FF A8 67 B1,1,12.500000,20.523810,-0.690110,-1,-1402,1969
1754830538554,0x064,6,01 FF FF A8 67 B1,1,12.500000,20.523810,-0.690110,-1,-1402,1969
1754830538563,0x064,6,01 FF FF A8 67 B1,1,12.500000,20.523810,-0.690110,-1,-1402,1969
1754830538573,0x064,6,01 FF FF A8 67 B1,1,12.500000,20.523810,-0.690110,-1,-1402,1969
1754830538586,0x064,6,01 FF FF A8 67 B1,1,12.500000,20.523810,-0.690110,-1,-1402,1969
1754830538590,0x064,6,01 FF FF A8 67 B1,1,12.500000,20.523810,-0.690110,-1,-1402,1969
1754830538592,0x064,6,01 FF FF A7 68 15,1,12.500000,20.015873,0.189011,-1,-1418,-2027
1754830538597,0x064,6,01 FF FF A7 68 15,1,12.500000,20.015873,0.189011,-1,-1418,-2027
1754830538598,0x064,6,01 FF FF A7 68 15,1,12.500000,20.015873,0.189011,-1,-1418,-2027
1754830538604,0x064,6,01 FF FF A7 68 15,1,12.500000,20.015873,0.189011,-1,-1418,-2027
1754830538609,0x064,6,01 FF FF A7 68 15,1,12.500000,20.015873,0.189011,-1,-1418,-2027
1754830538615,0x064,6,01 FF FF A7 68 15,1,12.500000,20.015873,0.189011,-1,-1418,-2027
1754830538620,0x064,6,01 FF FF A7 68 15,1,12.500000,20.015873,0.189011,-1,-1418,-2027
1754830538625,0x064,6,01 FF FF A7 68 15,1,12.500000,20.015873,0.189011,-1,-1418,-2027
1754830538631,0x064,6,01 FF FF A7 68 15,1,12.500000,20.015873,0.189011,-1,-1418,-2027
1754830538645,0x064,6,01 FF FF A7 68 15,1,12.500000,20.015873,0.189011,-1,-1418,-2027
1754830538646,0x064,6,01 FF FF A7 68 15,1,12.500000,20.015873,0.189011,-1,-1418,-2027
1754830538650,0x064,6,01 FF FF A7 68 15,1,12.500000,20.015873,0.189011,-1,-1418,-2027
1754830538654,0x064,6,01 FF FF A7 68 15,1,12.500000,20.015873,0.189011,-1,-1418,-2027
1754830538659,0x064,6,01 FF FF A7 68 15,1,12.500000,20.015873,0.189011,-1,-1418,-2027
1754830538666,0x064,6,01 FF FF A7 68 15,1,12.500000,20.015873,0.189011,-1,-1418,-2027
1754830538672,0x064,6,01 FF FF A7 68 15,1,12.500000,20.015873,0.189011,-1,-1418,-2027
1754830538677,0x064,6,01 FF FF A7 68 15,1,12.500000,20.015873,0.189011,-1,-1418,-2027
1754830538682,0x064,6,01 FF FF A7 68 15,1,12.500000,20.015873,0.189011,-1,-1418,-2027
1754830538687,0x064,6,01 FF FF A6 D8 60,1,12.500000,19.730159,0.848352,-1,-1427,-1952
1754830538701,0x064,6,01 FF FF A6 D8 60,1,12.500000,19.730159,0.848352,-1,-1427,-1952
1754830538704,0x064,6,01 FF FF A6 D8 60,1,12.500000,19.730159,0.848352,-1,-1427,-1952
1754830538706,0x064,6,01 FF FF A6 D8 60,1,12.500000,19.730159,0.848352,-1,-1427,-1952
1754830538716,0x064,6,01 FF FF A6 D8 60,1,12.500000,19.730159,0.848352,-1,-1427,-1952
1754830538718,0x064,6,01 FF FF A6 D8 60,1,12.500000,19.730159,0.848352,-1,-1427,-1952
1754830538723,0x064,6,01 FF FF A6 D8 60,1,12.500000,19.730159,0.848352,-1,-1427,-1952
1754830538730,0x064,6,01 FF FF A6 D8 60,1,12.500000,19.730159,0.848352,-1,-1427,-1952
1754830538734,0x064,6,01 FF FF A6 D8 60,1,12.500000,19.730159,0.848352,-1,-1427,-1952
1754830538740,0x064,6,01 FF FF A6 D8 60,1,12.500000,19.730159,0.848352,-1,-1427,-1952
1754830538749,0x064,6,01 FF FF A6 D8 60,1,12.500000,19.730159,0.848352,-1,-1427,-1952
1754830538763,0x064,6,01 FF FF A6 D8 60,1,12.500000,19.730159,0.848352,-1,-1427,-1952
1754830538764,0x064,6,01 FF FF A6 D8 60,1,12.500000,19.730159,0.848352,-1,-1427,-1952
1754830538768,0x064,6,01 FF FF A6 D8 60,1,12.500000,19.730159,0.848352,-1,-1427,-1952
1754830538773,0x064,6,01 FF FF A6 D8 60,1,12.500000,19.730159,0.848352,-1,-1427,-1952
1754830538778,0x064,6,01 FF FF A6 D8 60,1,12.500000,19.730159,0.848352,-1,-1427,-1952
1754830538784,0x064,6,01 FF FF A6 D8 60,1,12.500000,19.730159,0.848352,-1,-1427,-1952
1754830538801,0x064,6,01 FF FF A6 D7 E8,1,12.500000,19.730159,-0.206593,-1,-1427,2024
1754830538809,0x064,6,01 FF FF A6 D7 E8,1,12.500000,19.730159,-0.206593,-1,-1427,2024
1754830538809,0x064,6,01 FF FF A6 D7 E8,1,12.500000,19.730159,-0.206593,-1,-1427,2024
1754830538811,0x064,6,01 FF FF A6 D7 E8,1,12.500000,19.730159,-0.206593,-1,-1427,2024
1754830538818,0x064,6,01 FF FF A6 D7 E8,1,12.500000,19.730159,-0.206593,-1,-1427,2024
1754830538822,0x064,6,01 FF FF A6 D7 E8,1,12.500000,19.730159,-0.206593,-1,-1427,2024
1754830538827,0x064,6,01 FF FF A6 D7 E8,1,12.500000,19.730159,-0.206593,-1,-1427,2024
1754830538832,0x064,6,01 FF FF A6 D7 E8,1,12.500000,19.730159,-0.206593,-1,-1427,2024
1754830538838,0x064,6,01 FF FF A6 D7 E8,1,12.500000,19.730159,-0.206593,-1,-1427,2024
1754830538843,0x064,6,01 FF FF A6 D7 E8,1,12.500000,19.730159,-0.206593,-1,-1427,2024
1754830538848,0x064,6,01 FF FF A6 D7 E8,1,12.500000,19.730159,-0.206593,-1,-1427,2024
1754830538857,0x064,6,01 FF FF A6 D7 E8,1,12.500000,19.730159,-0.206593,-1,-1427,2024
1754830538863,0x064,6,01 FF FF A6 D7 E8,1,12.500000,19.730159,-0.206593,-1,-1427,2024
1754830538864,0x064,6,01 FF FF A6 D7 E8,1,12.500000,19.730159,-0.206593,-1,-1427,2024
1754830538869,0x064,6,01 FF FF A6 D7 E8,1,12.500000,19.730159,-0.206593,-1,-1427,2024
1754830538878,0x064,6,01 FF FF A6 D7 E8,1,12.500000,19.730159,-0.206593,-1,-1427,2024
1754830538884,0x064,6,01 FF FF A6 D7 E8,1,12.500000,19.730159,-0.206593,-1,-1427,2024
1754830538887,0x064,6,01 FF FF A6 E7 EB,1,12.500000,19.761905,-0.180220,-1,-1426,2027
1754830538892,0x064,6,01 FF FF A6 E7 EB,1,12.500000,19.761905,-0.180220,-1,-1426,2027
1754830538897,0x064,6,01 FF FF A6 E7 EB,1,12.500000,19.761905,-0.180220,-1,-1426,2027
1754830538907,0x064,6,01 FF FF A6 E7 EB,1,12.500000,19.761905,-0.180220,-1,-1426,2027
1754830538908,0x064,6,01 FF FF A6 E7 EB,1,12.500000,19.761905,-0.180220,-1,-1426,2027
1754830538916,0x064,6,01 FF FF A6 E7 EB,1,12.500000,19.761905,-0.180220,-1,-1426,2027
1754830538926,0x064,6,01 FF FF A6 E7 EB,1,12.500000,19.761905,-0.180220,-1,-1426,2027
1754830538937,0x064,6,01 FF FF A6 E7 EB,1,12.500000,19.761905,-0.180220,-1,-1426,2027
1754830538942,0x064,6,01 FF FF A6 E7 EB,1,12.500000,19.761905,-0.180220,-1,-1426,2027
1754830538948,0x064,6,01 FF FF A6 E7 EB,1,12.500000,19.761905,-0.180220,-1,-1426,2027
1754830538960,0x064,6,01 FF FF A6 E7 EB,1,12.500000,19.761905,-0.180220,-1,-1426,2027
1754830538967,0x064,6,01 FF FF A6 E7 EB,1,12.500000,19.761905,-0.180220,-1,-1426,2027
1754830538974,0x064,6,01 FF FF A6 E7 EB,1,12.500000,19.761905,-0.180220,-1,-1426,2027
1754830538987,0x064,6,01 FF FF A6 E7 EB,1,12.500000,19.761905,-0.180220,-1,-1426,2027
1754830538994,0x064,6,01 FF FF A7 87 F7,1,12.500000,20.079365,-0.074725,-1,-1416,2039
1754830538998,0x064,6,01 FF FF A7 87 F7,1,12.500000,20.079365,-0.074725,-1,-1416,2039
1754830539003,0x064,6,01 FF FF A7 87 F7,1,12.500000,20.079365,-0.074725,-1,-1416,2039
1754830539008,0x064,6,01 FF FF A7 87 F7,1,12.500000,20.079365,-0.074725,-1,-1416,2039
1754830539013,0x064,6,01 FF FF A7 87 F7,1,12.500000,20.079365,-0.074725,-1,-1416,2039
1754830539019,0x064,6,01 FF FF A7 87 F7,1,12.500000,20.079365,-0.074725,-1,-1416,2039
1754830539028,0x064,6,01 FF FF A7 87 F7,1,12.500000,20.079365,-0.074725,-1,-1416,2039
1754830539038,0x064,6,01 FF FF A7 87 F7,1,12.500000,20.079365,-0.074725,-1,-1416,2039
1754830539046,0x064,6,01 FF FF A7 87 F7,1,12.500000,20.079365,-0.074725,-1,-1416,2039
1754830539048,0x064,6,01 FF FF A7 87 F7,1,12.500000,20.079365,-0.074725,-1,-1416,2039
1754830539056,0x064,6,01 FF FF A7 87 F7,1,12.500000,20.079365,-0.074725,-1,-1416,2039
1754830539061,0x064,6,01 FF FF A7 87 F7,1,12.500000,20.079365,-0.074725,-1,-1416,2039
1754830539073,0x064,6,01 FF FF A7 87 F7,1,12.500000,20.079365,-0.074725,-1,-1416,2039
1754830539082,0x064,6,01 FF FF A7 87 F7,1,12.500000,20.079365,-0.074725,-1,-1416,2039
1754830539104,0x064,6,01 FF FF A6 E8 10,1,12.500000,19.761905,0.145055,-1,-1426,-2032
1754830539114,0x064,6,01 FF FF A6 E8 10,1,12.500000,19.761905,0.145055,-1,-1426,-2032
1754830539127,0x064,6,01 FF FF A6 E8 10,1,12.500000,19.761905,0.145055,-1,-1426,-2032
1754830539128,0x064,6,01 FF FF A6 E8 10,1,12.500000,19.761905,0.145055,-1,-1426,-2032
1754830539128,0x064,6,01 FF FF A6 E8 10,1,12.500000,19.761905,0.145055,-1,-1426,-2032
1754830539132,0x064,6,01 FF FF A6 E8 10,1,12.500000,19.761905,0.145055,-1,-1426,-2032
1754830539142,0x064,6,01 FF FF A6 E8 10,1,12.500000,19.761905,0.145055,-1,-1426,-2032
1754830539148,0x064,6,01 FF FF A6 E8 10,1,12.500000,19.761905,0.145055,-1,-1426,-2032
1754830539149,0x064,6,01 FF FF A6 E8 10,1,12.500000,19.761905,0.145055,-1,-1426,-2032
1754830539155,0x064,6,01 FF FF A6 E8 10,1,12.500000,19.761905,0.145055,-1,-1426,-2032
1754830539164,0x064,6,01 FF FF A6 E8 10,1,12.500000,19.761905,0.145055,-1,-1426,-2032
1754830539176,0x064,6,01 FF FF A6 E8 10,1,12.500000,19.761905,0.145055,-1,-1426,-2032
1754830539180,0x064,6,01 FF FF A6 E8 10,1,12.500000,19.761905,0.145055,-1,-1426,-2032
1754830539181,0x064,6,01 FF FF A6 E8 10,1,12.500000,19.761905,0.145055,-1,-1426,-2032
1754830539186,0x064,6,01 FF FF A6 A7 E0,1,12.500000,19.634921,-0.276923,-1,-1430,2016
1754830539192,0x064,6,01 FF FF A6 A7 E0,1,12.500000,19.634921,-0.276923,-1,-1430,2016
1754830539199,0x064,6,01 FF FF A6 A7 E0,1,12.500000,19.634921,-0.276923,-1,-1430,2016
1754830539215,0x064,6,01 FF FF A6 A7 E0,1,12.500000,19.634921,-0.276923,-1,-1430,2016
1754830539234,0x064,6,01 FF FF A6 A7 E0,1,12.500000,19.634921,-0.276923,-1,-1430,2016
1754830539248,0x064,6,01 FF FF A6 A7 E0,1,12.500000,19.634921,-0.276923,-1,-1430,2016
1754830539255,0x064,6,01 FF FF A6 A7 E0,1,12.500000,19.634921,-0.276923,-1,-1430,2016
1754830539260,0x064,6,01 FF FF A6 A7 E0,1,12.500000,19.634921,-0.276923,-1,-1430,2016
1754830539269,0x064,6,01 FF FF A6 A7 E0,1,12.500000,19.634921,-0.276923,-1,-1430,2016
1754830539282,0x064,6,01 FF FF A6 A7 E0,1,12.500000,19.634921,-0.276923,-1,-1430,2016
1754830539289,0x064,6,01 FF FF A6 A7 E0,1,12.500000,19.634921,-0.276923,-1,-1430,2016
1754830539297,0x064,6,01 FF FF A6 A7 E0,1,12.500000,19.634921,-0.276923,-1,-1430,2016
1754830539298,0x064,6,01 FF FF A6 A7 E0,1,12.500000,19.634921,-0.276923,-1,-1430,2016
1754830539298,0x064,6,01 FF FF A5 D7 8B,1,12.500000,19.222222,-1.024176,-1,-1443,1931
1754830539298,0x064,6,01 FF FF A5 D7 8B,1,12.500000,19.222222,-1.024176,-1,-1443,1931
1754830539300,0x064,6,01 FF FF A5 D7 8B,1,12.500000,19.222222,-1.024176,-1,-1443,1931
1754830539309,0x064,6,01 FF FF A5 D7 8B,1,12.500000,19.222222,-1.024176,-1,-1443,1931
1754830539316,0x064,6,01 FF FF A5 D7 8B,1,12.500000,19.222222,-1.024176,-1,-1443,1931
1754830539317,0x064,6,01 FF FF A5 D7 8B,1,12.500000,19.222222,-1.024176,-1,-1443,1931
1754830539322,0x064,6,01 FF FF A5 D7 8B,1,12.500000,19.222222,-1.024176,-1,-1443,1931
1754830539330,0x064,6,01 FF FF A5 D7 8B,1,12.500000,19.222222,-1.024176,-1,-1443,1931
1754830539333,0x064,6,01 FF FF A5 D7 8B,1,12.500000,19.222222,-1.024176,-1,-1443,1931
1754830539342,0x064,6,01 FF FF A5 D7 8B,1,12.500000,19.222222,-1.024176,-1,-1443,1931
1754830539347,0x064,6,01 FF FF A5 D7 8B,1,12.500000,19.222222,-1.024176,-1,-1443,1931
1754830539353,0x064,6,01 FF FF A5 D7 8B,1,12.500000,19.222222,-1.024176,-1,-1443,1931
1754830539356,0x064,6,01 FF FF A5 D7 8B,1,12.500000,19.222222,-1.024176,-1,-1443,1931
1754830539361,0x064,6,01 FF FF A5 D7 8B,1,12.500000,19.222222,-1.024176,-1,-1443,1931
1754830539366,0x064,6,01 FF FF A5 D7 8B,1,12.500000,19.222222,-1.024176,-1,-1443,1931
1754830539371,0x064,6,01 FF FF A5 D7 8B,1,12.500000,19.222222,-1.024176,-1,-1443,1931
1754830539377,0x064,6,01 FF FF A5 D7 8B,1,12.500000,19.222222,-1.024176,-1,-1443,1931
1754830539383,0x064,6,01 FF FF A5 D7 8B,1,12.500000,19.222222,-1.024176,-1,-1443,1931
1754830539388,0x064,6,01 FF FF A5 88 40,1,12.500000,19.063492,0.567033,-1,-1448,-1984
1754830539393,0x064,6,01 FF FF A5 88 40,1,12.500000,19.063492,0.567033,-1,-1448,-1984
1754830539398,0x064,6,01 FF FF A5 88 40,1,12.500000,19.063492,0.567033,-1,-1448,-1984
1754830539404,0x064,6,01 FF FF A5 88 40,1,12.500000,19.063492,0.567033,-1,-1448,-1984
1754830539410,0x064,6,01 FF FF A5 88 40,1,12.500000,19.063492,0.567033,-1,-1448,-1984
1754830539415,0x064,6,01 FF FF A5 88 40,1,12.500000,19.063492,0.567033,-1,-1448,-1984
1754830539421,0x064,6,01 FF FF A5 88 40,1,12.500000,19.063492,0.567033,-1,-1448,-1984
1754830539427,0x064,6,01 FF FF A5 88 40,1,12.500000,19.063492,0.567033,-1,-1448,-1984
1754830539432,0x064,6,01 FF FF A5 88 40,1,12.500000,19.063492,0.567033,-1,-1448,-1984
1754830539437,0x064,6,01 FF FF A5 88 40,1,12.500000,19.063492,0.567033,-1,-1448,-1984
1754830539446,0x064,6,01 FF FF A5 88 40,1,12.500000,19.063492,0.567033,-1,-1448,-1984
1754830539448,0x064,6,01 FF FF A5 88 40,1,12.500000,19.063492,0.567033,-1,-1448,-1984
1754830539453,0x064,6,01 FF FF A5 88 40,1,12.500000,19.063492,0.567033,-1,-1448,-1984
1754830539458,0x064,6,01 FF FF A5 88 40,1,12.500000,19.063492,0.567033,-1,-1448,-1984
1754830539465,0x064,6,01 FF FF A5 88 40,1,12.500000,19.063492,0.567033,-1,-1448,-1984
1754830539470,0x064,6,01 FF FF A5 88 40,1,12.500000,19.063492,0.567033,-1,-1448,-1984
1754830539475,0x064,6,01 FF FF A5 88 40,1,12.500000,19.063492,0.567033,-1,-1448,-1984
1754830539480,0x064,6,01 FF FF A5 88 40,1,12.500000,19.063492,0.567033,-1,-1448,-1984
1754830539491,0x064,6,01 FF FF A5 08 04,1,12.500000,18.809524,0.039560,-1,-1456,-2044
1754830567008,0x064,6,01 FF FF 80 07 A2,1,12.500000,0.015873,-0.821978,-1,-2048,1954
1754830567009,0x064,6,01 FF FF 80 18 10,1,12.500000,0.047619,0.145055,-1,-2047,-2032
1754830567009,0x064,6,01 FF FF 80 18 10,1,12.500000,0.047619,0.145055,-1,-2047,-2032
1754830567014,0x064,6,01 FF FF 80 08 03,1,12.500000,0.015873,0.030769,-1,-2048,-2045
1754830567020,0x064,6,01 FF FF 80 08 03,1,12.500000,0.015873,0.030769,-1,-2048,-2045
1754830567032,0x064,6,01 FF FF 80 08 03,1,12.500000,0.015873,0.030769,-1,-2048,-2045
1754830567037,0x064,6,01 FF FF 80 08 03,1,12.500000,0.015873,0.030769,-1,-2048,-2045
1754830567039,0x064,6,01 FF FF 80 08 03,1,12.500000,0.015873,0.030769,-1,-2048,-2045
1754830567046,0x064,6,01 FF FF 80 08 03,1,12.500000,0.015873,0.030769,-1,-2048,-2045
1754830567049,0x064,6,01 FF FF 80 08 03,1,12.500000,0.015873,0.030769,-1,-2048,-2045
1754830567055,0x064,6,01 FF FF 80 08 03,1,12.500000,0.015873,0.030769,-1,-2048,-2045
1754830567060,0x064,6,01 FF FF 80 08 03,1,12.500000,0.015873,0.030769,-1,-2048,-2045
1754830567070,0x064,6,01 FF FF 80 08 03,1,12.500000,0.015873,0.030769,-1,-2048,-2045
1754830567073,0x064,6,01 FF FF 80 08 03,1,12.500000,0.015873,0.030769,-1,-2048,-2045
1754830567078,0x064,6,01 FF FF 80 08 03,1,12.500000,0.015873,0.030769,-1,-2048,-2045
1754830567084,0x064,6,01 FF FF 80 08 03,1,12.500000,0.015873,0.030769,-1,-2048,-2045
1754830567099,0x064,6,01 FF FF 80 08 03,1,12.500000,0.015873,0.030769,-1,-2048,-2045
1754830567116,0x064,6,01 FF FF 80 08 03,1,12.500000,0.015873,0.030769,-1,-2048,-2045
1754830567120,0x064,6,01 FF FF 80 08 03,1,12.500000,0.015873,0.030769,-1,-2048,-2045
1754830567127,0x064,6,01 FF FF 80 08 27,1,12.500000,0.015873,0.347253,-1,-2048,-2009
1754830567130,0x064,6,01 FF FF 80 08 27,1,12.500000,0.015873,0.347253,-1,-2048,-2009
1754830567145,0x064,6,01 FF FF 80 08 27,1,12.500000,0.015873,0.347253,-1,-2048,-2009
1754830567155,0x064,6,01 FF FF 80 08 27,1,12.500000,0.015873,0.347253,-1,-2048,-2009
1754830567163,0x064,6,01 FF FF 80 08 27,1,12.500000,0.015873,0.347253,-1,-2048,-2009
1754830567169,0x064,6,01 FF FF 80 08 27,1,12.500000,0.015873,0.347253,-1,-2048,-2009
1754830567169,0x064,6,01 FF FF 80 08 27,1,12.500000,0.015873,0.347253,-1,-2048,-2009
1754830567172,0x064,6,01 FF FF 80 08 27,1,12.500000,0.015873,0.347253,-1,-2048,-2009
1754830567174,0x064,6,01 FF FF 80 08 27,1,12.500000,0.015873,0.347253,-1,-2048,-2009
1754830567175,0x064,6,01 FF FF 80 08 27,1,12.500000,0.015873,0.347253,-1,-2048,-2009
1754830567181,0x064,6,01 FF FF 80 08 27,1,12.500000,0.015873,0.347253,-1,-2048,-2009
1754830567186,0x064,6,01 FF FF 80 08 27,1,12.500000,0.015873,0.347253,-1,-2048,-2009
1754830567192,0x064,6,01 FF FF 80 08 27,1,12.500000,0.015873,0.347253,-1,-2048,-2009
1754830567197,0x064,6,01 FF FF 80 08 27,1,12.500000,0.015873,0.347253,-1,-2048,-2009
1754830567202,0x064,6,01 FF FF 80 08 27,1,12.500000,0.015873,0.347253,-1,-2048,-2009
1754830567207,0x064,6,01 FF FF 80 08 27,1,12.500000,0.015873,0.347253,-1,-2048,-2009
1754830567213,0x064,6,01 FF FF 80 08 27,1,12.500000,0.015873,0.347253,-1,-2048,-2009
1754830567219,0x064,6,01 FF FF 80 08 24,1,12.500000,0.015873,0.320879,-1,-2048,-2012
1754830567227,0x064,6,01 FF FF 80 08 24,1,12.500000,0.015873,0.320879,-1,-2048,-2012
1754830567229,0x064,6,01 FF FF 80 08 24,1,12.500000,0.015873,0.320879,-1,-2048,-2012
1754830567235,0x064,6,01 FF FF 80 08 24,1,12.500000,0.015873,0.320879,-1,-2048,-2012
1754830567240,0x064,6,01 FF FF 80 08 24,1,12.500000,0.015873,0.320879,-1,-2048,-2012
1754830567246,0x064,6,01 FF FF 80 08 24,1,12.500000,0.015873,0.320879,-1,-2048,-2012
1754830567251,0x064,6,01 FF FF 80 08 24,1,12.500000,0.015873,0.320879,-1,-2048,-2012
1754830567256,0x064,6,01 FF FF 80 08 24,1,12.500000,0.015873,0.320879,-1,-2048,-2012
1754830567261,0x064,6,01 FF FF 80 08 24,1,12.500000,0.015873,0.320879,-1,-2048,-2012
1754830567272,0x064,6,01 FF FF 80 08 24,1,12.500000,0.015873,0.320879,-1,-2048,-2012
1754830567276,0x064,6,01 FF FF 80 08 24,1,12.500000,0.015873,0.320879,-1,-2048,-2012
1754830567281,0x064,6,01 FF FF 80 08 24,1,12.500000,0.015873,0.320879,-1,-2048,-2012
1754830567287,0x064,6,01 FF FF 80 08 24,1,12.500000,0.015873,0.320879,-1,-2048,-2012
1754830567292,0x064,6,01 FF FF 80 08 24,1,12.500000,0.015873,0.320879,-1,-2048,-2012
1754830567298,0x064,6,01 FF FF 80 08 24,1,12.500000,0.015873,0.320879,-1,-2048,-2012
1754830567303,0x064,6,01 FF FF 80 08 24,1,12.500000,0.015873,0.320879,-1,-2048,-2012
1754830567312,0x064,6,01 FF FF 80 08 24,1,12.500000,0.015873,0.320879,-1,-2048,-2012
1754830567315,0x064,6,01 FF FF 80 08 13,1,12.500000,0.015873,0.171429,-1,-2048,-2029
1754830567321,0x064,6,01 FF FF 80 08 13,1,12.500000,0.015873,0.171429,-1,-2048,-2029
1754830567326,0x064,6,01 FF FF 80 08 13,1,12.500000,0.015873,0.171429,-1,-2048,-2029
1754830567332,0x064,6,01 FF FF 80 08 13,1,12.500000,0.015873,0.171429,-1,-2048,-2029
1754830567337,0x064,6,01 FF FF 80 08 13,1,12.500000,0.015873,0.171429,-1,-2048,-2029
1754830567342,0x064,6,01 FF FF 80 08 13,1,12.500000,0.015873,0.171429,-1,-2048,-2029
1754830567348,0x064,6,01 FF FF 80 08 13,1,12.500000,0.015873,0.171429,-1,-2048,-2029
1754830567353,0x064,6,01 FF FF 80 08 13,1,12.500000,0.015873,0.171429,-1,-2048,-2029
1754830567361,0x064,6,01 FF FF 80 08 13,1,12.500000,0.015873,0.171429,-1,-2048,-2029
1754830567364,0x064,6,01 FF FF 80 08 13,1,12.500000,0.015873,0.171429,-1,-2048,-2029
1754830567369,0x064,6,01 FF FF 80 08 13,1,12.500000,0.015873,0.171429,-1,-2048,-2029
1754830567375,0x064,6,01 FF FF 80 08 13,1,12.500000,0.015873,0.171429,-1,-2048,-2029
1754830567380,0x064,6,01 FF FF 80 08 13,1,12.500000,0.015873,0.171429,-1,-2048,-2029
1754830567386,0x064,6,01 FF FF 80 08 13,1,12.500000,0.015873,0.171429,-1,-2048,-2029
1754830567391,0x064,6,01 FF FF 80 08 13,1,12.500000,0.015873,0.171429,-1,-2048,-2029
1754830567396,0x064,6,01 FF FF 80 08 13,1,12.500000,0.015873,0.171429,-1,-2048,-2029
1754830567401,0x064,6,01 FF FF 80 08 13,1,12.500000,0.015873,0.171429,-1,-2048,-2029
1754830567410,0x064,6,01 FF FF 80 08 13,1,12.500000,0.015873,0.171429,-1,-2048,-2029
1754830567417,0x064,6,01 FF FF 80 08 13,1,12.500000,0.015873,0.171429,-1,-2048,-2029
1754830567418,0x064,6,01 FF FF 80 08 04,1,12.500000,0.015873,0.039560,-1,-2048,-2044
1754830567424,0x064,6,01 FF FF 80 08 04,1,12.500000,0.015873,0.039560,-1,-2048,-2044
1754830567429,0x064,6,01 FF FF 80 08 04,1,12.500000,0.015873,0.039560,-1,-2048,-2044
1754830567434,0x064,6,01 FF FF 80 08 04,1,12.500000,0.015873,0.039560,-1,-2048,-2044
1754830567440,0x064,6,01 FF FF 80 08 04,1,12.500000,0.015873,0.039560,-1,-2048,-2044
1754830567445,0x064,6,01 FF FF 80 08 04,1,12.500000,0.015873,0.039560,-1,-2048,-2044
1754830567454,0x064,6,01 FF FF 80 08 04,1,12.500000,0.015873,0.039560,-1,-2048,-2044
1754830567456,0x064,6,01 FF FF 80 08 04,1,12.500000,0.015873,0.039560,-1,-2048,-2044
1754830567461,0x064,6,01 FF FF 80 08 04,1,12.500000,0.015873,0.039560,-1,-2048,-2044
1754830567467,0x064,6,01 FF FF 80 08 04,1,12.500000,0.015873,0.039560,-1,-2048,-2044
1754830567473,0x064,6,01 FF FF 80 08 04,1,12.500000,0.015873,0.039560,-1,-2048,-2044
1754830567480,0x064,6,01 FF FF 80 08 04,1,12.500000,0.015873,0.039560,-1,-2048,-2044
1754830567491,0x064,6,01 FF FF 80 08 04,1,12.500000,0.015873,0.039560,-1,-2048,-2044
1754830567492,0x064,6,01 FF FF 80 08 04,1,12.500000,0.015873,0.039560,-1,-2048,-2044
1754830567496,0x064,6,01 FF FF 80 08 04,1,12.500000,0.015873,0.039560,-1,-2048,-2044
1754830567501,0x064,6,01 FF FF 80 08 04,1,12.500000,0.015873,0.039560,-1,-2048,-2044
1754830567508,0x064,6,01 FF FF 80 08 04,1,12.500000,0.015873,0.039560,-1,-2048,-2044
1754830567514,0x064,6,01 FF FF 80 08 04,1,12.500000,0.015873,0.039560,-1,-2048,-2044
1754830567519,0x064,6,01 FF FF 80 47 ED,1,12.500000,0.142857,-0.162637,-1,-2044,2029
1754830567524,0x064,6,01 FF FF 80 47 ED,1,12.500000,0.142857,-0.162637,-1,-2044,2029
1754830567530,0x064,6,01 FF FF 80 47 ED,1,12.500000,0.142857,-0.162637,-1,-2044,2029
1754830567535,0x064,6,01 FF FF 80 47 ED,1,12.500000,0.142857,-0.162637,-1,-2044,2029
1754830567540,0x064,6,01 FF FF 80 47 ED,1,12.500000,0.142857,-0.162637,-1,-2044,2029
1754830567546,0x064,6,01 FF FF 80 47 ED,1,12.500000,0.142857,-0.162637,-1,-2044,2029
1754830567553,0x064,6,01 FF FF 80 47 ED,1,12.500000,0.142857,-0.162637,-1,-2044,2029
1754830567558,0x064,6,01 FF FF 80 47 ED,1,12.500000,0.142857,-0.162637,-1,-2044,2029
1754830567563,0x064,6,01 FF FF 80 47 ED,1,12.500000,0.142857,-0.162637,-1,-2044,2029
1754830567568,0x064,6,01 FF FF 80 47 ED,1,12.500000,0.142857,-0.162637,-1,-2044,2029
1754830567574,0x064,6,01 FF FF 80 47 ED,1,12.500000,0.142857,-0.162637,-1,-2044,2029
1754830567579,0x064,6,01 FF FF 80 47 ED,1,12.500000,0.142857,-0.162637,-1,-2044,2029
1754830567585,0x064,6,01 FF FF 80 47 ED,1,12.500000,0.142857,-0.162637,-1,-2044,2029
1754830567591,0x064,6,01 FF FF 80 47 ED,1,12.500000,0.142857,-0.162637,-1,-2044,2029
1754830567595,0x064,6,01 FF FF 80 47 ED,1,12.500000,0.142857,-0.162637,-1,-2044,2029
1754830567601,0x064,6,01 FF FF 80 47 ED,1,12.500000,0.142857,-0.162637,-1,-2044,2029
1754830567608,0x064,6,01 FF FF 80 47 ED,1,12.500000,0.142857,-0.162637,-1,-2044,2029
1754830567611,0x064,6,01 FF FF 80 47 ED,1,12.500000,0.142857,-0.162637,-1,-2044,2029
1754830567616,0x064,6,01 FF FF 80 88 E5,1,12.500000,0.269841,2.017582,-1,-2040,-1819
1754830567622,0x064,6,01 FF FF 80 88 E5,1,12.500000,0.269841,2.017582,-1,-2040,-1819
1754830567630,0x064,6,01 FF FF 80 88 E5,1,12.500000,0.269841,2.017582,-1,-2040,-1819
1754830567638,0x064,6,01 FF FF 80 88 E5,1,12.500000,0.269841,2.017582,-1,-2040,-1819
1754830567643,0x064,6,01 FF FF 80 88 E5,1,12.500000,0.269841,2.017582,-1,-2040,-1819
1754830567646,0x064,6,01 FF FF 80 88 E5,1,12.500000,0.269841,2.017582,-1,-2040,-1819
1754830567651,0x064,6,01 FF FF 80 88 E5,1,12.500000,0.269841,2.017582,-1,-2040,-1819
1754830567656,0x064,6,01 FF FF 80 88 E5,1,12.500000,0.269841,2.017582,-1,-2040,-1819
1754830567661,0x064,6,01 FF FF 80 88 E5,1,12.500000,0.269841,2.017582,-1,-2040,-1819
1754830567667,0x064,6,01 FF FF 80 88 E5,1,12.500000,0.269841,2.017582,-1,-2040,-1819
1754830567672,0x064,6,01 FF FF 80 88 E5,1,12.500000,0.269841,2.017582,-1,-2040,-1819
1754830567677,0x064,6,01 FF FF 80 88 E5,1,12.500000,0.269841,2.017582,-1,-2040,-1819
1754830567684,0x064,6,01 FF FF 80 88 E5,1,12.500000,0.269841,2.017582,-1,-2040,-1819
1754830567695,0x064,6,01 FF FF 80 88 E5,1,12.500000,0.269841,2.017582,-1,-2040,-1819
1754830567712,0x064,6,01 FF FF 80 88 E5,1,12.500000,0.269841,2.017582,-1,-2040,-1819
1754830567712,0x064,6,01 FF FF 80 88 E5,1,12.500000,0.269841,2.017582,-1,-2040,-1819
1754830567719,0x064,6,01 FF FF 80 B8 20,1,12.500000,0.365079,0.285714,-1,-2037,-2016
1754830567723,0x064,6,01 FF FF 80 B8 20,1,12.500000,0.365079,0.285714,-1,-2037,-2016
1754830567729,0x064,6,01 FF FF 80 B8 20,1,12.500000,0.365079,0.285714,-1,-2037,-2016
1754830567735,0x064,6,01 FF FF 80 B8 20,1,12.500000,0.365079,0.285714,-1,-2037,-2016
1754830567741,0x064,6,01 FF FF 80 B8 20,1,12.500000,0.365079,0.285714,-1,-2037,-2016
1754830567747,0x064,6,01 FF FF 80 B8 20,1,12.500000,0.365079,0.285714,-1,-2037,-2016
1754830567751,0x064,6,01 FF FF 80 B8 20,1,12.500000,0.365079,0.285714,-1,-2037,-2016
1754830567756,0x064,6,01 FF FF 80 B8 20,1,12.500000,0.365079,0.285714,-1,-2037,-2016
1754830567762,0x064,6,01 FF FF 80 B8 20,1,12.500000,0.365079,0.285714,-1,-2037,-2016
1754830567767,0x064,6,01 FF FF 80 B8 20,1,12.500000,0.365079,0.285714,-1,-2037,-2016
1754830567773,0x064,6,01 FF FF 80 B8 20,1,12.500000,0.365079,0.285714,-1,-2037,-2016
1754830567778,0x064,6,01 FF FF 80 B8 20,1,12.500000,0.365079,0.285714,-1,-2037,-2016
1754830567784,0x064,6,01 FF FF 80 B8 20,1,12.500000,0.365079,0.285714,-1,-2037,-2016
1754830567793,0x064,6,01 FF FF 80 B8 20,1,12.500000,0.365079,0.285714,-1,-2037,-2016
1754830567800,0x064,6,01 FF FF 80 B8 20,1,12.500000,0.365079,0.285714,-1,-2037,-2016
1754830567812,0x064,6,01 FF FF 80 B8 20,1,12.500000,0.365079,0.285714,-1,-2037,-2016
1754830567812,0x064,6,01 FF FF 80 B8 20,1,12.500000,0.365079,0.285714,-1,-2037,-2016
1754830567814,0x064,6,01 FF FF 80 B8 20,1,12.500000,0.365079,0.285714,-1,-2037,-2016
1754830567820,0x064,6,01 FF FF 80 E7 C4,1,12.500000,0.460317,-0.523077,-1,-2034,1988
1754830567825,0x064,6,01 FF FF 80 E7 C4,1,12.500000,0.460317,-0.523077,-1,-2034,1988
1754830567834,0x064,6,01 FF FF 80 E7 C4,1,12.500000,0.460317,-0.523077,-1,-2034,1988
1754830567839,0x064,6,01 FF FF 80 E7 C4,1,12.500000,0.460317,-0.523077,-1,-2034,1988
1754830567848,0x064,6,01 FF FF 80 E7 C4,1,12.500000,0.460317,-0.523077,-1,-2034,1988
1754830567850,0x064,6,01 FF FF 80 E7 C4,1,12.500000,0.460317,-0.523077,-1,-2034,1988
1754830567855,0x064,6,01 FF FF 80 E7 C4,1,12.500000,0.460317,-0.523077,-1,-2034,1988
1754830567861,0x064,6,01 FF FF 80 E7 C4,1,12.500000,0.460317,-0.523077,-1,-2034,1988
1754830567866,0x064,6,01 FF FF 80 E7 C4,1,12.500000,0.460317,-0.523077,-1,-2034,1988
1754830567871,0x064,6,01 FF FF 80 E7 C4,1,12.500000,0.460317,-0.523077,-1,-2034,1988
1754830567876,0x064,6,01 FF FF 80 E7 C4,1,12.500000,0.460317,-0.523077,-1,-2034,1988
1754830567893,0x064,6,01 FF FF 80 E7 C4,1,12.500000,0.460317,-0.523077,-1,-2034,1988
1754830567894,0x064,6,01 FF FF 80 E7 C4,1,12.500000,0.460317,-0.523077,-1,-2034,1988
1754830567901,0x064,6,01 FF FF 80 E7 C4,1,12.500000,0.460317,-0.523077,-1,-2034,1988
1754830567905,0x064,6,01 FF FF 80 E7 C4,1,12.500000,0.460317,-0.523077,-1,-2034,1988
1754830567908,0x064,6,01 FF FF 80 E7 C4,1,12.500000,0.460317,-0.523077,-1,-2034,1988
1754830567913,0x064,6,01 FF FF 80 E7 C4,1,12.500000,0.460317,-0.523077,-1,-2034,1988
1754830567919,0x064,6,01 FF FF 81 28 15,1,12.500000,0.587302,0.189011,-1,-2030,-2027
1754830567924,0x064,6,01 FF FF 81 28 15,1,12.500000,0.587302,0.189011,-1,-2030,-2027
1754830567929,0x064,6,01 FF FF 81 28 15,1,12.500000,0.587302,0.189011,-1,-2030,-2027
1754830567935,0x064,6,01 FF FF 81 28 15,1,12.500000,0.587302,0.189011,-1,-2030,-2027
1754830567940,0x064,6,01 FF FF 81 28 15,1,12.500000,0.587302,0.189011,-1,-2030,-2027
1754830567946,0x064,6,01 FF FF 81 28 15,1,12.500000,0.587302,0.189011,-1,-2030,-2027
1754830567951,0x064,6,01 FF FF 81 28 15,1,12.500000,0.587302,0.189011,-1,-2030,-2027
1754830567959,0x064,6,01 FF FF 81 28 15,1,12.500000,0.587302,0.189011,-1,-2030,-2027
1754830567961,0x064,6,01 FF FF 81 28 15,1,12.500000,0.587302,0.189011,-1,-2030,-2027
1754830567970,0x064,6,01 FF FF 81 28 15,1,12.500000,0.587302,0.189011,-1,-2030,-2027
1754830567975,0x064,6,01 FF FF 81 28 15,1,12.500000,0.587302,0.189011,-1,-2030,-2027
1754830567980,0x064,6,01 FF FF 81 28 15,1,12.500000,0.587302,0.189011,-1,-2030,-2027
1754830567985,0x064,6,01 FF FF 81 28 15,1,12.500000,0.587302,0.189011,-1,-2030,-2027
1754830567990,0x064,6,01 FF FF 81 28 15,1,12.500000,0.587302,0.189011,-1,-2030,-2027
1754830567997,0x064,6,01 FF FF 81 28 15,1,12.500000,0.587302,0.189011,-1,-2030,-2027
1754830568000,0x064,6,01 FF FF 81 28 15,1,12.500000,0.587302,0.189011,-1,-2030,-2027
1754830568006,0x064,6,01 FF FF 81 28 15,1,12.500000,0.587302,0.189011,-1,-2030,-2027
1754830568011,0x064,6,01 FF FF 81 28 15,1,12.500000,0.587302,0.189011,-1,-2030,-2027
1754830568017,0x064,6,01 FF FF 81 28 A7,1,12.500000,0.587302,1.472527,-1,-2030,-1881
1754830568022,0x064,6,01 FF FF 81 28 A7,1,12.500000,0.587302,1.472527,-1,-2030,-1881
1754830568028,0x064,6,01 FF FF 81 28 A7,1,12.500000,0.587302,1.472527,-1,-2030,-1881
1754830568034,0x064,6,01 FF FF 81 28 A7,1,12.500000,0.587302,1.472527,-1,-2030,-1881
1754830568040,0x064,6,01 FF FF 81 28 A7,1,12.500000,0.587302,1.472527,-1,-2030,-1881
1754830568045,0x064,6,01 FF FF 81 28 A7,1,12.500000,0.587302,1.472527,-1,-2030,-1881
1754830568050,0x064,6,01 FF FF 81 28 A7,1,12.500000,0.587302,1.472527,-1,-2030,-1881
1754830568060,0x064,6,01 FF FF 81 28 A7,1,12.500000,0.587302,1.472527,-1,-2030,-1881
1754830568067,0x064,6,01 FF FF 81 28 A7,1,12.500000,0.587302,1.472527,-1,-2030,-1881
1754830568068,0x064,6,01 FF FF 81 28 A7,1,12.500000,0.587302,1.472527,-1,-2030,-1881
1754830568075,0x064,6,01 FF FF 81 28 A7,1,12.500000,0.587302,1.472527,-1,-2030,-1881
1754830568080,0x064,6,01 FF FF 81 28 A7,1,12.500000,0.587302,1.472527,-1,-2030,-1881
1754830568088,0x064,6,01 FF FF 81 28 A7,1,12.500000,0.587302,1.472527,-1,-2030,-1881
1754830568090,0x064,6,01 FF FF 81 28 A7,1,12.500000,0.587302,1.472527,-1,-2030,-1881
1754830568098,0x064,6,01 FF FF 81 28 A7,1,12.500000,0.587302,1.472527,-1,-2030,-1881
1754830568106,0x064,6,01 FF FF 81 28 A7,1,12.500000,0.587302,1.472527,-1,-2030,-1881
1754830568116,0x064,6,01 FF FF 81 28 A7,1,12.500000,0.587302,1.472527,-1,-2030,-1881
1754830568121,0x064,6,01 FF FF 80 D7 BA,1,12.500000,0.428571,-0.610989,-1,-2035,1978
1754830568127,0x064,6,01 FF FF 80 D7 BA,1,12.500000,0.428571,-0.610989,-1,-2035,1978
1754830568129,0x064,6,01 FF FF 80 D7 BA,1,12.500000,0.428571,-0.610989,-1,-2035,1978
1754830568135,0x064,6,01 FF FF 80 D7 BA,1,12.500000,0.428571,-0.610989,-1,-2035,1978
1754830568140,0x064,6,01 FF FF 80 D7 BA,1,12.500000,0.428571,-0.610989,-1,-2035,1978
1754830568145,0x064,6,01 FF FF 80 D7 BA,1,12.500000,0.428571,-0.610989,-1,-2035,1978
1754830568151,0x064,6,01 FF FF 80 D7 BA,1,12.500000,0.428571,-0.610989,-1,-2035,1978
1754830568157,0x064,6,01 FF FF 80 D7 BA,1,12.500000,0.428571,-0.610989,-1,-2035,1978
1754830568168,0x064,6,01 FF FF 80 D7 BA,1,12.500000,0.428571,-0.610989,-1,-2035,1978
1754830568173,0x064,6,01 FF FF 80 D7 BA,1,12.500000,0.428571,-0.610989,-1,-2035,1978
1754830568178,0x064,6,01 FF FF 80 D7 BA,1,12.500000,0.428571,-0.610989,-1,-2035,1978
1754830568181,0x064,6,01 FF FF 80 D7 BA,1,12.500000,0.428571,-0.610989,-1,-2035,1978
1754830568188,0x064,6,01 FF FF 80 D7 BA,1,12.500000,0.428571,-0.610989,-1,-2035,1978
1754830568191,0x064,6,01 FF FF 80 D7 BA,1,12.500000,0.428571,-0.610989,-1,-2035,1978
1754830568196,0x064,6,01 FF FF 80 D7 BA,1,12.500000,0.428571,-0.610989,-1,-2035,1978
1754830568202,0x064,6,01 FF FF 80 D7 BA,1,12.500000,0.428571,-0.610989,-1,-2035,1978
1754830568207,0x064,6,01 FF FF 80 D7 BA,1,12.500000,0.428571,-0.610989,-1,-2035,1978
1754830568213,0x064,6,01 FF FF 80 D7 BA,1,12.500000,0.428571,-0.610989,-1,-2035,1978
1754830568218,0x064,6,01 FF FF 80 87 B6,1,12.500000,0.269841,-0.646154,-1,-2040,1974
1754830568224,0x064,6,01 FF FF 80 87 B6,1,12.500000,0.269841,-0.646154,-1,-2040,1974
1754830568229,0x064,6,01 FF FF 80 87 B6,1,12.500000,0.269841,-0.646154,-1,-2040,1974
1754830568234,0x064,6,01 FF FF 80 87 B6,1,12.500000,0.269841,-0.646154,-1,-2040,1974
1754830568239,0x064,6,01 FF FF 80 87 B6,1,12.500000,0.269841,-0.646154,-1,-2040,1974
1754830568245,0x064,6,01 FF FF 80 87 B6,1,12.500000,0.269841,-0.646154,-1,-2040,1974
1754830568257,0x064,6,01 FF FF 80 87 B6,1,12.500000,0.269841,-0.646154,-1,-2040,1974
1754830568264,0x064,6,01 FF FF 80 87 B6,1,12.500000,0.269841,-0.646154,-1,-2040,1974
1754830568273,0x064,6,01 FF FF 80 87 B6,1,12.500000,0.269841,-0.646154,-1,-2040,1974
1754830568275,0x064,6,01 FF FF 80 87 B6,1,12.500000,0.269841,-0.646154,-1,-2040,1974
1754830568276,0x064,6,01 FF FF 80 87 B6,1,12.500000,0.269841,-0.646154,-1,-2040,1974
1754830568282,0x064,6,01 FF FF 80 87 B6,1,12.500000,0.269841,-0.646154,-1,-2040,1974
1754830568287,0x064,6,01 FF FF 80 87 B6,1,12.500000,0.269841,-0.646154,-1,-2040,1974
1754830568293,0x064,6,01 FF FF 80 87 B6,1,12.500000,0.269841,-0.646154,-1,-2040,1974
1754830568299,0x064,6,01 FF FF 80 87 B6,1,12.500000,0.269841,-0.646154,-1,-2040,1974
1754830568307,0x064,6,01 FF FF 80 87 B6,1,12.500000,0.269841,-0.646154,-1,-2040,1974
1754830568310,0x064,6,01 FF FF 80 87 B6,1,12.500000,0.269841,-0.646154,-1,-2040,1974
1754830568315,0x064,6,01 FF FF 80 87 B6,1,12.500000,0.269841,-0.646154,-1,-2040,1974
1754830568320,0x064,6,01 FF FF 80 48 10,1,12.500000,0.142857,0.145055,-1,-2044,-2032
1754830568326,0x064,6,01 FF FF 80 48 10,1,12.500000,0.142857,0.145055,-1,-2044,-2032
1754830568333,0x064,6,01 FF FF 80 48 10,1,12.500000,0.142857,0.145055,-1,-2044,-2032
1754830568343,0x064,6,01 FF FF 80 48 10,1,12.500000,0.142857,0.145055,-1,-2044,-2032
1754830568349,0x064,6,01 FF FF 80 48 10,1,12.500000,0.142857,0.145055,-1,-2044,-2032
1754830568351,0x064,6,01 FF FF 80 48 10,1,12.500000,0.142857,0.145055,-1,-2044,-2032
1754830568360,0x064,6,01 FF FF 80 48 10,1,12.500000,0.142857,0.145055,-1,-2044,-2032
1754830568361,0x064,6,01 FF FF 80 48 10,1,12.500000,0.142857,0.145055,-1,-2044,-2032
1754830568368,0x064,6,01 FF FF 80 48 10,1,12.500000,0.142857,0.145055,-1,-2044,-2032
1754830568373,0x064,6,01 FF FF 80 48 10,1,12.500000,0.142857,0.145055,-1,-2044,-2032
1754830568396,0x064,6,01 FF FF 80 48 10,1,12.500000,0.142857,0.145055,-1,-2044,-2032
1754830568405,0x064,6,01 FF FF 80 48 10,1,12.500000,0.142857,0.145055,-1,-2044,-2032
1754830568408,0x064,6,01 FF FF 80 48 10,1,12.500000,0.142857,0.145055,-1,-2044,-2032
1754830568412,0x064,6,01 FF FF 80 48 10,1,12.500000,0.142857,0.145055,-1,-2044,-2032
1754830568421,0x064,6,01 FF FF 80 48 10,1,12.500000,0.142857,0.145055,-1,-2044,-2032
1754830568422,0x064,6,01 FF FF 80 58 61,1,12.500000,0.174603,0.857143,-1,-2043,-1951
1754830568428,0x064,6,01 FF FF 80 58 61,1,12.500000,0.174603,0.857143,-1,-2043,-1951
1754830568431,0x064,6,01 FF FF 80 58 61,1,12.500000,0.174603,0.857143,-1,-2043,-1951
1754830568437,0x064,6,01 FF FF 80 58 61,1,12.500000,0.174603,0.857143,-1,-2043,-1951
1754830568443,0x064,6,01 FF FF 80 58 61,1,12.500000,0.174603,0.857143,-1,-2043,-1951
1754830568454,0x064,6,01 FF FF 80 58 61,1,12.500000,0.174603,0.857143,-1,-2043,-1951
1754830568454,0x064,6,01 FF FF 80 58 61,1,12.500000,0.174603,0.857143,-1,-2043,-1951
1754830568462,0x064,6,01 FF FF 80 58 61,1,12.500000,0.174603,0.857143,-1,-2043,-1951
1754830568466,0x064,6,01 FF FF 80 58 61,1,12.500000,0.174603,0.857143,-1,-2043,-1951
1754830568471,0x064,6,01 FF FF 80 58 61,1,12.500000,0.174603,0.857143,-1,-2043,-1951
1754830568477,0x064,6,01 FF FF 80 58 61,1,12.500000,0.174603,0.857143,-1,-2043,-1951
1754830568483,0x064,6,01 FF FF 80 58 61,1,12.500000,0.174603,0.857143,-1,-2043,-1951
1754830568488,0x064,6,01 FF FF 80 58 61,1,12.500000,0.174603,0.857143,-1,-2043,-1951
1754830568495,0x064,6,01 FF FF 80 58 61,1,12.500000,0.174603,0.857143,-1,-2043,-1951
1754830568506,0x064,6,01 FF FF 80 58 61,1,12.500000,0.174603,0.857143,-1,-2043,-1951
1754830568513,0x064,6,01 FF FF 80 58 61,1,12.500000,0.174603,0.857143,-1,-2043,-1951
1754830568523,0x064,6,01 FF FF 80 58 61,1,12.500000,0.174603,0.857143,-1,-2043,-1951
1754830568528,0x064,6,01 FF FF 80 08 2A,1,12.500000,0.015873,0.373626,-1,-2048,-2006
1754830568531,0x064,6,01 FF FF 80 08 2A,1,12.500000,0.015873,0.373626,-1,-2048,-2006
1754830568536,0x064,6,01 FF FF 80 08 2A,1,12.500000,0.015873,0.373626,-1,-2048,-2006
1754830568542,0x064,6,01 FF FF 80 08 2A,1,12.500000,0.015873,0.373626,-1,-2048,-2006
1754830568547,0x064,6,01 FF FF 80 08 2A,1,12.500000,0.015873,0.373626,-1,-2048,-2006
1754830568552,0x064,6,01 FF FF 80 08 2A,1,12.500000,0.015873,0.373626,-1,-2048,-2006
1754830568558,0x064,6,01 FF FF 80 08 2A,1,12.500000,0.015873,0.373626,-1,-2048,-2006
1754830568567,0x064,6,01 FF FF 80 08 2A,1,12.500000,0.015873,0.373626,-1,-2048,-2006
1754830568570,0x064,6,01 FF FF 80 08 2A,1,12.500000,0.015873,0.373626,-1,-2048,-2006
1754830568587,0x064,6,01 FF FF 80 08 2A,1,12.500000,0.015873,0.373626,-1,-2048,-2006
1754830568592,0x064,6,01 FF FF 80 08 2A,1,12.500000,0.015873,0.373626,-1,-2048,-2006
1754830568602,0x064,6,01 FF FF 80 08 2A,1,12.500000,0.015873,0.373626,-1,-2048,-2006
1754830568610,0x064,6,01 FF FF 80 08 2A,1,12.500000,0.015873,0.373626,-1,-2048,-2006
1754830568610,0x064,6,01 FF FF 80 08 2A,1,12.500000,0.015873,0.373626,-1,-2048,-2006
1754830568612,0x064,6,01 FF FF 80 08 2A,1,12.500000,0.015873,0.373626,-1,-2048,-2006
1754830568617,0x064,6,01 FF FF 80 38 4F,1,12.500000,0.111111,0.698901,-1,-2045,-1969
1754830568622,0x064,6,01 FF FF 80 38 4F,1,12.500000,0.111111,0.698901,-1,-2045,-1969
1754830568628,0x064,6,01 FF FF 80 38 4F,1,12.500000,0.111111,0.698901,-1,-2045,-1969
1754830568634,0x064,6,01 FF FF 80 38 4F,1,12.500000,0.111111,0.698901,-1,-2045,-1969
1754830568639,0x064,6,01 FF FF 80 38 4F,1,12.500000,0.111111,0.698901,-1,-2045,-1969
1754830568644,0x064,6,01 FF FF 80 38 4F,1,12.500000,0.111111,0.698901,-1,-2045,-1969
1754830568650,0x064,6,01 FF FF 80 38 4F,1,12.500000,0.111111,0.698901,-1,-2045,-1969
1754830568655,0x064,6,01 FF FF 80 38 4F,1,12.500000,0.111111,0.698901,-1,-2045,-1969
1754830568663,0x064,6,01 FF FF 80 38 4F,1,12.500000,0.111111,0.698901,-1,-2045,-1969
1754830568665,0x064,6,01 FF FF 80 38 4F,1,12.500000,0.111111,0.698901,-1,-2045,-1969
1754830568671,0x064,6,01 FF FF 80 38 4F,1,12.500000,0.111111,0.698901,-1,-2045,-1969
1754830568677,0x064,6,01 FF FF 80 38 4F,1,12.500000,0.111111,0.698901,-1,-2045,-1969
1754830568691,0x064,6,01 FF FF 80 38 4F,1,12.500000,0.111111,0.698901,-1,-2045,-1969
1754830568691,0x064,6,01 FF FF 80 38 4F,1,12.500000,0.111111,0.698901,-1,-2045,-1969
1754830568693,0x064,6,01 FF FF 80 38 4F,1,12.500000,0.111111,0.698901,-1,-2045,-1969
1754830568703,0x064,6,01 FF FF 80 38 4F,1,12.500000,0.111111,0.698901,-1,-2045,-1969
1754830568710,0x064,6,01 FF FF 80 38 4F,1,12.500000,0.111111,0.698901,-1,-2045,-1969
1754830568722,0x064,6,01 FF FF 80 38 4F,1,12.500000,0.111111,0.698901,-1,-2045,-1969
1754830568725,0x064,6,01 FF FF 80 28 22,1,12.500000,0.079365,0.303297,-1,-2046,-2014
1754830568727,0x064,6,01 FF FF 80 28 22,1,12.500000,0.079365,0.303297,-1,-2046,-2014
1754830568734,0x064,6,01 FF FF 80 28 22,1,12.500000,0.079365,0.303297,-1,-2046,-2014
1754830568739,0x064,6,01 FF FF 80 28 22,1,12.500000,0.079365,0.303297,-1,-2046,-2014
1754830568760,0x064,6,01 FF FF 80 28 22,1,12.500000,0.079365,0.303297,-1,-2046,-2014
1754830568764,0x064,6,01 FF FF 80 28 22,1,12.500000,0.079365,0.303297,-1,-2046,-2014
1754830568771,0x064,6,01 FF FF 80 28 22,1,12.500000,0.079365,0.303297,-1,-2046,-2014
1754830568789,0x064,6,01 FF FF 80 28 22,1,12.500000,0.079365,0.303297,-1,-2046,-2014
1754830568794,0x064,6,01 FF FF 80 28 22,1,12.500000,0.079365,0.303297,-1,-2046,-2014
1754830568796,0x064,6,01 FF FF 80 28 22,1,12.500000,0.079365,0.303297,-1,-2046,-2014
1754830568811,0x064,6,01 FF FF 80 28 22,1,12.500000,0.079365,0.303297,-1,-2046,-2014
1754830568816,0x064,6,01 FF FF 80 28 22,1,12.500000,0.079365,0.303297,-1,-2046,-2014
1754830568824,0x064,6,01 FF FF 80 28 22,1,12.500000,0.079365,0.303297,-1,-2046,-2014
1754830568824,0x064,6,01 FF FF 80 28 22,1,12.500000,0.079365,0.303297,-1,-2046,-2014
1754830568825,0x064,6,01 FF FF 80 48 8A,1,12.500000,0.142857,1.217582,-1,-2044,-1910
1754830568825,0x064,6,01 FF FF 80 48 8A,1,12.500000,0.142857,1.217582,-1,-2044,-1910
1754830568832,0x064,6,01 FF FF 80 48 8A,1,12.500000,0.142857,1.217582,-1,-2044,-1910
1754830568835,0x064,6,01 FF FF 80 48 8A,1,12.500000,0.142857,1.217582,-1,-2044,-1910
1754830568840,0x064,6,01 FF FF 80 48 8A,1,12.500000,0.142857,1.217582,-1,-2044,-1910
1754830568846,0x064,6,01 FF FF 80 48 8A,1,12.500000,0.142857,1.217582,-1,-2044,-1910
1754830568852,0x064,6,01 FF FF 80 48 8A,1,12.500000,0.142857,1.217582,-1,-2044,-1910
1754830568856,0x064,6,01 FF FF 80 48 8A,1,12.500000,0.142857,1.217582,-1,-2044,-1910
1754830568868,0x064,6,01 FF FF 80 48 8A,1,12.500000,0.142857,1.217582,-1,-2044,-1910
1754830568869,0x064,6,01 FF FF 80 48 8A,1,12.500000,0.142857,1.217582,-1,-2044,-1910
1754830568875,0x064,6,01 FF FF 80 48 8A,1,12.500000,0.142857,1.217582,-1,-2044,-1910
1754830568880,0x064,6,01 FF FF 80 48 8A,1,12.500000,0.142857,1.217582,-1,-2044,-1910
1754830568886,0x064,6,01 FF FF 80 48 8A,1,12.500000,0.142857,1.217582,-1,-2044,-1910
1754830568892,0x064,6,01 FF FF 80 48 8A,1,12.500000,0.142857,1.217582,-1,-2044,-1910
1754830568897,0x064,6,01 FF FF 80 48 8A,1,12.500000,0.142857,1.217582,-1,-2044,-1910
1754830568902,0x064,6,01 FF FF 80 48 8A,1,12.500000,0.142857,1.217582,-1,-2044,-1910
1754830568910,0x064,6,01 FF FF 80 48 8A,1,12.500000,0.142857,1.217582,-1,-2044,-1910
1754830568914,0x064,6,01 FF FF 80 48 8A,1,12.500000,0.142857,1.217582,-1,-2044,-1910
1754830568919,0x064,6,01 FF FF 80 28 6D,1,12.500000,0.079365,0.962637,-1,-2046,-1939
1754830568928,0x064,6,01 FF FF 80 28 6D,1,12.500000,0.079365,0.962637,-1,-2046,-1939
1754830568933,0x064,6,01 FF FF 80 28 6D,1,12.500000,0.079365,0.962637,-1,-2046,-1939
1754830568939,0x064,6,01 FF FF 80 28 6D,1,12.500000,0.079365,0.962637,-1,-2046,-1939
1754830568948,0x064,6,01 FF FF 80 28 6D,1,12.500000,0.079365,0.962637,-1,-2046,-1939
1754830568951,0x064,6,01 FF FF 80 28 6D,1,12.500000,0.079365,0.962637,-1,-2046,-1939
1754830568956,0x064,6,01 FF FF 80 28 6D,1,12.500000,0.079365,0.962637,-1,-2046,-1939
1754830568961,0x064,6,01 FF FF 80 28 6D,1,12.500000,0.079365,0.962637,-1,-2046,-1939
1754830568966,0x064,6,01 FF FF 80 28 6D,1,12.500000,0.079365,0.962637,-1,-2046,-1939
1754830568974,0x064,6,01 FF FF 80 28 6D,1,12.500000,0.079365,0.962637,-1,-2046,-1939
1754830568977,0x064,6,01 FF FF 80 28 6D,1,12.500000,0.079365,0.962637,-1,-2046,-1939
1754830568983,0x064,6,01 FF FF 80 28 6D,1,12.500000,0.079365,0.962637,-1,-2046,-1939
1754830568988,0x064,6,01 FF FF 80 28 6D,1,12.500000,0.079365,0.962637,-1,-2046,-1939
1754830568994,0x064,6,01 FF FF 80 28 6D,1,12.500000,0.079365,0.962637,-1,-2046,-1939
1754830568999,0x064,6,01 FF FF 80 28 6D,1,12.500000,0.079365,0.962637,-1,-2046,-1939
1754830569004,0x064,6,01 FF FF 80 28 6D,1,12.500000,0.079365,0.962637,-1,-2046,-1939
1754830569011,0x064,6,01 FF FF 80 28 6D,1,12.500000,0.079365,0.962637,-1,-2046,-1939
1754830569016,0x064,6,01 FF FF 80 B8 5A,1,12.500000,0.365079,0.795604,-1,-2037,-1958
1754830569022,0x064,6,01 FF FF 80 B8 5A,1,12.500000,0.365079,0.795604,-1,-2037,-1958
1754830569027,0x064,6,01 FF FF 80 B8 5A,1,12.500000,0.365079,0.795604,-1,-2037,-1958
1754830569032,0x064,6,01 FF FF 80 B8 5A,1,12.500000,0.365079,0.795604,-1,-2037,-1958
1754830569045,0x064,6,01 FF FF 80 B8 5A,1,12.500000,0.365079,0.795604,-1,-2037,-1958
1754830569051,0x064,6,01 FF FF 80 B8 5A,1,12.500000,0.365079,0.795604,-1,-2037,-1958
1754830569058,0x064,6,01 FF FF 80 B8 5A,1,12.500000,0.365079,0.795604,-1,-2037,-1958
1754830569069,0x064,6,01 FF FF 80 B8 5A,1,12.500000,0.365079,0.795604,-1,-2037,-1958
1754830569076,0x064,6,01 FF FF 80 B8 5A,1,12.500000,0.365079,0.795604,-1,-2037,-1958
1754830569084,0x064,6,01 FF FF 80 B8 5A,1,12.500000,0.365079,0.795604,-1,-2037,-1958
1754830569090,0x064,6,01 FF FF 80 B8 5A,1,12.500000,0.365079,0.795604,-1,-2037,-1958
1754830569104,0x064,6,01 FF FF 80 B8 5A,1,12.500000,0.365079,0.795604,-1,-2037,-1958
1754830569108,0x064,6,01 FF FF 80 B8 5A,1,12.500000,0.365079,0.795604,-1,-2037,-1958
1754830569120,0x064,6,01 FF FF 80 B8 5A,1,12.500000,0.365079,0.795604,-1,-2037,-1958
1754830569127,0x064,6,01 FF FF 80 B8 5A,1,12.500000,0.365079,0.795604,-1,-2037,-1958
1754830569127,0x064,6,01 FF FF 81 48 9F,1,12.500000,0.650794,1.402198,-1,-2028,-1889
1754830569127,0x064,6,01 FF FF 81 48 9F,1,12.500000,0.650794,1.402198,-1,-2028,-1889
1754830569133,0x064,6,01 FF FF 81 48 9F,1,12.500000,0.650794,1.402198,-1,-2028,-1889
1754830569138,0x064,6,01 FF FF 81 48 9F,1,12.500000,0.650794,1.402198,-1,-2028,-1889
1754830569146,0x064,6,01 FF FF 81 48 9F,1,12.500000,0.650794,1.402198,-1,-2028,-1889
1754830569149,0x064,6,01 FF FF 81 48 9F,1,12.500000,0.650794,1.402198,-1,-2028,-1889
1754830569154,0x064,6,01 FF FF 81 48 9F,1,12.500000,0.650794,1.402198,-1,-2028,-1889
1754830569160,0x064,6,01 FF FF 81 48 9F,1,12.500000,0.650794,1.402198,-1,-2028,-1889
1754830569165,0x064,6,01 FF FF 81 48 9F,1,12.500000,0.650794,1.402198,-1,-2028,-1889
1754830569170,0x064,6,01 FF FF 81 48 9F,1,12.500000,0.650794,1.402198,-1,-2028,-1889
1754830569179,0x064,6,01 FF FF 81 48 9F,1,12.500000,0.650794,1.402198,-1,-2028,-1889
1754830569189,0x064,6,01 FF FF 81 48 9F,1,12.500000,0.650794,1.402198,-1,-2028,-1889
1754830569189,0x064,6,01 FF FF 81 48 9F,1,12.500000,0.650794,1.402198,-1,-2028,-1889
1754830569194,0x064,6,01 FF FF 81 48 9F,1,12.500000,0.650794,1.402198,-1,-2028,-1889
1754830569199,0x064,6,01 FF FF 81 48 9F,1,12.500000,0.650794,1.402198,-1,-2028,-1889
1754830569207,0x064,6,01 FF FF 81 48 9F,1,12.500000,0.650794,1.402198,-1,-2028,-1889
1754830569212,0x064,6,01 FF FF 81 48 9F,1,12.500000,0.650794,1.402198,-1,-2028,-1889
1754830569217,0x064,6,01 FF FF 81 28 30,1,12.500000,0.587302,0.426374,-1,-2030,-2000
1754830569226,0x064,6,01 FF FF 81 28 30,1,12.500000,0.587302,0.426374,-1,-2030,-2000
1754830569228,0x064,6,01 FF FF 81 28 30,1,12.500000,0.587302,0.426374,-1,-2030,-2000
1754830569242,0x064,6,01 FF FF 81 28 30,1,12.500000,0.587302,0.426374,-1,-2030,-2000
1754830569242,0x064,6,01 FF FF 81 28 30,1,12.500000,0.587302,0.426374,-1,-2030,-2000
1754830569249,0x064,6,01 FF FF 81 28 30,1,12.500000,0.587302,0.426374,-1,-2030,-2000
1754830569253,0x064,6,01 FF FF 81 28 30,1,12.500000,0.587302,0.426374,-1,-2030,-2000
1754830569260,0x064,6,01 FF FF 81 28 30,1,12.500000,0.587302,0.426374,-1,-2030,-2000
1754830569267,0x064,6,01 FF FF 81 28 30,1,12.500000,0.587302,0.426374,-1,-2030,-2000
1754830569271,0x064,6,01 FF FF 81 28 30,1,12.500000,0.587302,0.426374,-1,-2030,-2000
1754830569276,0x064,6,01 FF FF 81 28 30,1,12.500000,0.587302,0.426374,-1,-2030,-2000
1754830569281,0x064,6,01 FF FF 81 28 30,1,12.500000,0.587302,0.426374,-1,-2030,-2000
1754830569286,0x064,6,01 FF FF 81 28 30,1,12.500000,0.587302,0.426374,-1,-2030,-2000
1754830569292,0x064,6,01 FF FF 81 28 30,1,12.500000,0.587302,0.426374,-1,-2030,-2000
1754830569298,0x064,6,01 FF FF 81 28 30,1,12.500000,0.587302,0.426374,-1,-2030,-2000
1754830569308,0x064,6,01 FF FF 81 28 30,1,12.500000,0.587302,0.426374,-1,-2030,-2000
1754830569314,0x064,6,01 FF FF 81 28 30,1,12.500000,0.587302,0.426374,-1,-2030,-2000
1754830569318,0x064,6,01 FF FF 81 67 CD,1,12.500000,0.714286,-0.443956,-1,-2026,1997
1754830569323,0x064,6,01 FF FF 81 67 CD,1,12.500000,0.714286,-0.443956,-1,-2026,1997
1754830569327,0x064,6,01 FF FF 81 67 CD,1,12.500000,0.714286,-0.443956,-1,-2026,1997
1754830569332,0x064,6,01 FF FF 81 67 CD,1,12.500000,0.714286,-0.443956,-1,-2026,1997
1754830569340,0x064,6,01 FF FF 81 67 CD,1,12.500000,0.714286,-0.443956,-1,-2026,1997
1754830569350,0x064,6,01 FF FF 81 67 CD,1,12.500000,0.714286,-0.443956,-1,-2026,1997
1754830569360,0x064,6,01 FF FF 81 67 CD,1,12.500000,0.714286,-0.443956,-1,-2026,1997
1754830569369,0x064,6,01 FF FF 81 67 CD,1,12.500000,0.714286,-0.443956,-1,-2026,1997
1754830569375,0x064,6,01 FF FF 81 67 CD,1,12.500000,0.714286,-0.443956,-1,-2026,1997
1754830569378,0x064,6,01 FF FF 81 67 CD,1,12.500000,0.714286,-0.443956,-1,-2026,1997
1754830569382,0x064,6,01 FF FF 81 67 CD,1,12.500000,0.714286,-0.443956,-1,-2026,1997
1754830569393,0x064,6,01 FF FF 81 67 CD,1,12.500000,0.714286,-0.443956,-1,-2026,1997
1754830569400,0x064,6,01 FF FF 81 67 CD,1,12.500000,0.714286,-0.443956,-1,-2026,1997
1754830569413,0x064,6,01 FF FF 81 67 CD,1,12.500000,0.714286,-0.443956,-1,-2026,1997
1754830569415,0x064,6,01 FF FF 81 67 CD,1,12.500000,0.714286,-0.443956,-1,-2026,1997
1754830569430,0x064,6,01 FF FF 81 67 CD,1,12.500000,0.714286,-0.443956,-1,-2026,1997
1754830569440,0x064,6,01 FF FF 81 F8 39,1,12.500000,1.000000,0.505495,-1,-2017,-1991
1754830569448,0x064,6,01 FF FF 81 F8 39,1,12.500000,1.000000,0.505495,-1,-2017,-1991
1754830569464,0x064,6,01 FF FF 81 F8 39,1,12.500000,1.000000,0.505495,-1,-2017,-1991
1754830569468,0x064,6,01 FF FF 81 F8 39,1,12.500000,1.000000,0.505495,-1,-2017,-1991
1754830569474,0x064,6,01 FF FF 81 F8 39,1,12.500000,1.000000,0.505495,-1,-2017,-1991
1754830569474,0x064,6,01 FF FF 81 F8 39,1,12.500000,1.000000,0.505495,-1,-2017,-1991
1754830569474,0x064,6,01 FF FF 81 F8 39,1,12.500000,1.000000,0.505495,-1,-2017,-1991
1754830569480,0x064,6,01 FF FF 81 F8 39,1,12.500000,1.000000,0.505495,-1,-2017,-1991
1754830569485,0x064,6,01 FF FF 81 F8 39,1,12.500000,1.000000,0.505495,-1,-2017,-1991
1754830569491,0x064,6,01 FF FF 81 F8 39,1,12.500000,1.000000,0.505495,-1,-2017,-1991
1754830569497,0x064,6,01 FF FF 81 F8 39,1,12.500000,1.000000,0.505495,-1,-2017,-1991
1754830569507,0x064,6,01 FF FF 81 F8 39,1,12.500000,1.000000,0.505495,-1,-2017,-1991
1754830569509,0x064,6,01 FF FF 81 F8 39,1,12.500000,1.000000,0.505495,-1,-2017,-1991
1754830569521,0x064,6,01 FF FF 81 F8 39,1,12.500000,1.000000,0.505495,-1,-2017,-1991
1754830569528,0x064,6,01 FF FF 82 48 5F,1,12.500000,1.158730,0.839560,-1,-2012,-1953
1754830569538,0x064,6,01 FF FF 82 48 5F,1,12.500000,1.158730,0.839560,-1,-2012,-1953
1754830569546,0x064,6,01 FF FF 82 48 5F,1,12.500000,1.158730,0.839560,-1,-2012,-1953
1754830569555,0x064,6,01 FF FF 82 48 5F,1,12.500000,1.158730,0.839560,-1,-2012,-1953
1754830569556,0x064,6,01 FF FF 82 48 5F,1,12.500000,1.158730,0.839560,-1,-2012,-1953
1754830569565,0x064,6,01 FF FF 82 48 5F,1,12.500000,1.158730,0.839560,-1,-2012,-1953
1754830569586,0x064,6,01 FF FF 82 48 5F,1,12.500000,1.158730,0.839560,-1,-2012,-1953
1754830569590,0x064,6,01 FF FF 82 48 5F,1,12.500000,1.158730,0.839560,-1,-2012,-1953
1754830569595,0x064,6,01 FF FF 82 48 5F,1,12.500000,1.158730,0.839560,-1,-2012,-1953
1754830569614,0x064,6,01 FF FF 82 48 5F,1,12.500000,1.158730,0.839560,-1,-2012,-1953
1754830569616,0x064,6,01 FF FF 82 48 5F,1,12.500000,1.158730,0.839560,-1,-2012,-1953
1754830569623,0x064,6,01 FF FF 82 48 5F,1,12.500000,1.158730,0.839560,-1,-2012,-1953
1754830569635,0x064,6,01 FF FF 82 48 2C,1,12.500000,1.158730,0.391209,-1,-2012,-2004
1754830569636,0x064,6,01 FF FF 82 48 2C,1,12.500000,1.158730,0.391209,-1,-2012,-2004
1754830569636,0x064,6,01 FF FF 82 48 2C,1,12.500000,1.158730,0.391209,-1,-2012,-2004
1754830569639,0x064,6,01 FF FF 82 48 2C,1,12.500000,1.158730,0.391209,-1,-2012,-2004
1754830569648,0x064,6,01 FF FF 82 48 2C,1,12.500000,1.158730,0.391209,-1,-2012,-2004
1754830569661,0x064,6,01 FF FF 82 48 2C,1,12.500000,1.158730,0.391209,-1,-2012,-2004
1754830569679,0x064,6,01 FF FF 82 48 2C,1,12.500000,1.158730,0.391209,-1,-2012,-2004
1754830569681,0x064,6,01 FF FF 82 48 2C,1,12.500000,1.158730,0.391209,-1,-2012,-2004
1754830569687,0x064,6,01 FF FF 82 48 2C,1,12.500000,1.158730,0.391209,-1,-2012,-2004
1754830569703,0x064,6,01 FF FF 82 48 2C,1,12.500000,1.158730,0.391209,-1,-2012,-2004
1754830569714,0x064,6,01 FF FF 82 48 2C,1,12.500000,1.158730,0.391209,-1,-2012,-2004
1754830569714,0x064,6,01 FF FF 82 48 2C,1,12.500000,1.158730,0.391209,-1,-2012,-2004
1754830569714,0x064,6,01 FF FF 82 48 2C,1,12.500000,1.158730,0.391209,-1,-2012,-2004
1754830569715,0x064,6,01 FF FF 82 48 2C,1,12.500000,1.158730,0.391209,-1,-2012,-2004
1754830569718,0x064,6,01 FF FF 82 38 29,1,12.500000,1.126984,0.364835,-1,-2013,-2007
1754830569732,0x064,6,01 FF FF 82 38 29,1,12.500000,1.126984,0.364835,-1,-2013,-2007
1754830569740,0x064,6,01 FF FF 82 38 29,1,12.500000,1.126984,0.364835,-1,-2013,-2007
1754830569751,0x064,6,01 FF FF 82 38 29,1,12.500000,1.126984,0.364835,-1,-2013,-2007
1754830569757,0x064,6,01 FF FF 82 38 29,1,12.500000,1.126984,0.364835,-1,-2013,-2007
1754830569762,0x064,6,01 FF FF 82 38 29,1,12.500000,1.126984,0.364835,-1,-2013,-2007
1754830569772,0x064,6,01 FF FF 82 38 29,1,12.500000,1.126984,0.364835,-1,-2013,-2007
1754830569775,0x064,6,01 FF FF 82 38 29,1,12.500000,1.126984,0.364835,-1,-2013,-2007
1754830569780,0x064,6,01 FF FF 82 38 29,1,12.500000,1.126984,0.364835,-1,-2013,-2007
1754830569789,0x064,6,01 FF FF 82 38 29,1,12.500000,1.126984,0.364835,-1,-2013,-2007
1754830569798,0x064,6,01 FF FF 82 38 29,1,12.500000,1.126984,0.364835,-1,-2013,-2007
1754830569800,0x064,6,01 FF FF 82 38 29,1,12.500000,1.126984,0.364835,-1,-2013,-2007
1754830569806,0x064,6,01 FF FF 82 38 29,1,12.500000,1.126984,0.364835,-1,-2013,-2007
1754830569812,0x064,6,01 FF FF 82 38 29,1,12.500000,1.126984,0.364835,-1,-2013,-2007
1754830569817,0x064,6,01 FF FF 82 38 29,1,12.500000,1.126984,0.364835,-1,-2013,-2007
1754830569823,0x064,6,01 FF FF 81 88 2F,1,12.500000,0.777778,0.417582,-1,-2024,-2001
1754830569830,0x064,6,01 FF FF 81 88 2F,1,12.500000,0.777778,0.417582,-1,-2024,-2001
1754830569833,0x064,6,01 FF FF 81 88 2F,1,12.500000,0.777778,0.417582,-1,-2024,-2001
1754830569838,0x064,6,01 FF FF 81 88 2F,1,12.500000,0.777778,0.417582,-1,-2024,-2001
1754830569844,0x064,6,01 FF FF 81 88 2F,1,12.500000,0.777778,0.417582,-1,-2024,-2001
1754830569849,0x064,6,01 FF FF 81 88 2F,1,12.500000,0.777778,0.417582,-1,-2024,-2001
1754830569855,0x064,6,01 FF FF 81 88 2F,1,12.500000,0.777778,0.417582,-1,-2024,-2001
1754830569863,0x064,6,01 FF FF 81 88 2F,1,12.500000,0.777778,0.417582,-1,-2024,-2001
1754830569872,0x064,6,01 FF FF 81 88 2F,1,12.500000,0.777778,0.417582,-1,-2024,-2001
1754830569875,0x064,6,01 FF FF 81 88 2F,1,12.500000,0.777778,0.417582,-1,-2024,-2001
1754830569880,0x064,6,01 FF FF 81 88 2F,1,12.500000,0.777778,0.417582,-1,-2024,-2001
1754830569885,0x064,6,01 FF FF 81 88 2F,1,12.500000,0.777778,0.417582,-1,-2024,-2001
1754830569890,0x064,6,01 FF FF 81 88 2F,1,12.500000,0.777778,0.417582,-1,-2024,-2001
1754830569896,0x064,6,01 FF FF 81 88 2F,1,12.500000,0.777778,0.417582,-1,-2024,-2001
1754830569901,0x064,6,01 FF FF 81 88 2F,1,12.500000,0.777778,0.417582,-1,-2024,-2001
1754830569911,0x064,6,01 FF FF 81 88 2F,1,12.500000,0.777778,0.417582,-1,-2024,-2001
1754830569915,0x064,6,01 FF FF 81 88 2F,1,12.500000,0.777778,0.417582,-1,-2024,-2001
1754830569917,0x064,6,01 FF FF 81 08 9B,1,12.500000,0.523810,1.367033,-1,-2032,-1893
1754830569924,0x064,6,01 FF FF 81 08 9B,1,12.500000,0.523810,1.367033,-1,-2032,-1893
1754830569928,0x064,6,01 FF FF 81 08 9B,1,12.500000,0.523810,1.367033,-1,-2032,-1893
1754830569933,0x064,6,01 FF FF 81 08 9B,1,12.500000,0.523810,1.367033,-1,-2032,-1893
1754830569938,0x064,6,01 FF FF 81 08 9B,1,12.500000,0.523810,1.367033,-1,-2032,-1893
1754830569943,0x064,6,01 FF FF 81 08 9B,1,12.500000,0.523810,1.367033,-1,-2032,-1893
1754830569949,0x064,6,01 FF FF 81 08 9B,1,12.500000,0.523810,1.367033,-1,-2032,-1893
1754830569954,0x064,6,01 FF FF 81 08 9B,1,12.500000,0.523810,1.367033,-1,-2032,-1893
1754830569959,0x064,6,01 FF FF 81 08 9B,1,12.500000,0.523810,1.367033,-1,-2032,-1893
1754830569965,0x064,6,01 FF FF 81 08 9B,1,12.500000,0.523810,1.367033,-1,-2032,-1893
1754830569977,0x064,6,01 FF FF 81 08 9B,1,12.500000,0.523810,1.367033,-1,-2032,-1893
1754830569978,0x064,6,01 FF FF 81 08 9B,1,12.500000,0.523810,1.367033,-1,-2032,-1893
1754830569983,0x064,6,01 FF FF 81 08 9B,1,12.500000,0.523810,1.367033,-1,-2032,-1893
1754830569995,0x064,6,01 FF FF 81 08 9B,1,12.500000,0.523810,1.367033,-1,-2032,-1893
1754830569996,0x064,6,01 FF FF 81 08 9B,1,12.500000,0.523810,1.367033,-1,-2032,-1893
1754830570002,0x064,6,01 FF FF 81 08 9B,1,12.500000,0.523810,1.367033,-1,-2032,-1893
1754830570009,0x064,6,01 FF FF 81 08 9B,1,12.500000,0.523810,1.367033,-1,-2032,-1893
1754830570012,0x064,6,01 FF FF 81 08 9B,1,12.500000,0.523810,1.367033,-1,-2032,-1893
1754830570017,0x064,6,01 FF FF 80 98 81,1,12.500000,0.301587,1.138462,-1,-2039,-1919
1754830570024,0x064,6,01 FF FF 80 98 81,1,12.500000,0.301587,1.138462,-1,-2039,-1919
1754830570029,0x064,6,01 FF FF 80 98 81,1,12.500000,0.301587,1.138462,-1,-2039,-1919
1754830570034,0x064,6,01 FF FF 80 98 81,1,12.500000,0.301587,1.138462,-1,-2039,-1919
1754830570040,0x064,6,01 FF FF 80 98 81,1,12.500000,0.301587,1.138462,-1,-2039,-1919
1754830570045,0x064,6,01 FF FF 80 98 81,1,12.500000,0.301587,1.138462,-1,-2039,-1919
1754830570050,0x064,6,01 FF FF 80 98 81,1,12.500000,0.301587,1.138462,-1,-2039,-1919
1754830570055,0x064,6,01 FF FF 80 98 81,1,12.500000,0.301587,1.138462,-1,-2039,-1919
1754830570061,0x064,6,01 FF FF 80 98 81,1,12.500000,0.301587,1.138462,-1,-2039,-1919
1754830570066,0x064,6,01 FF FF 80 98 81,1,12.500000,0.301587,1.138462,-1,-2039,-1919
1754830570074,0x064,6,01 FF FF 80 98 81,1,12.500000,0.301587,1.138462,-1,-2039,-1919
1754830570079,0x064,6,01 FF FF 80 98 81,1,12.500000,0.301587,1.138462,-1,-2039,-1919
1754830570086,0x064,6,01 FF FF 80 98 81,1,12.500000,0.301587,1.138462,-1,-2039,-1919
1754830570092,0x064,6,01 FF FF 80 98 81,1,12.500000,0.301587,1.138462,-1,-2039,-1919
1754830570094,0x064,6,01 FF FF 80 98 81,1,12.500000,0.301587,1.138462,-1,-2039,-1919
1754830570099,0x064,6,01 FF FF 80 98 81,1,12.500000,0.301587,1.138462,-1,-2039,-1919
1754830570105,0x064,6,01 FF FF 80 98 81,1,12.500000,0.301587,1.138462,-1,-2039,-1919
1754830570110,0x064,6,01 FF FF 80 98 81,1,12.500000,0.301587,1.138462,-1,-2039,-1919
1754830570116,0x064,6,01 FF FF 80 98 81,1,12.500000,0.301587,1.138462,-1,-2039,-1919
1754830570124,0x064,6,01 FF FF 80 98 7A,1,12.500000,0.301587,1.076923,-1,-2039,-1926
1754830570127,0x064,6,01 FF FF 80 98 7A,1,12.500000,0.301587,1.076923,-1,-2039,-1926
1754830570143,0x064,6,01 FF FF 80 98 7A,1,12.500000,0.301587,1.076923,-1,-2039,-1926
1754830570145,0x064,6,01 FF FF 80 98 7A,1,12.500000,0.301587,1.076923,-1,-2039,-1926
1754830570158,0x064,6,01 FF FF 80 98 7A,1,12.500000,0.301587,1.076923,-1,-2039,-1926
1754830570166,0x064,6,01 FF FF 80 98 7A,1,12.500000,0.301587,1.076923,-1,-2039,-1926
1754830570166,0x064,6,01 FF FF 80 98 7A,1,12.500000,0.301587,1.076923,-1,-2039,-1926
1754830570172,0x064,6,01 FF FF 80 98 7A,1,12.500000,0.301587,1.076923,-1,-2039,-1926
1754830570177,0x064,6,01 FF FF 80 98 7A,1,12.500000,0.301587,1.076923,-1,-2039,-1926
1754830570182,0x064,6,01 FF FF 80 98 7A,1,12.500000,0.301587,1.076923,-1,-2039,-1926
1754830570192,0x064,6,01 FF FF 80 98 7A,1,12.500000,0.301587,1.076923,-1,-2039,-1926
1754830570198,0x064,6,01 FF FF 80 98 7A,1,12.500000,0.301587,1.076923,-1,-2039,-1926
1754830570208,0x064,6,01 FF FF 80 98 7A,1,12.500000,0.301587,1.076923,-1,-2039,-1926
1754830570212,0x064,6,01 FF FF 80 98 7A,1,12.500000,0.301587,1.076923,-1,-2039,-1926
1754830570218,0x064,6,01 FF FF 80 98 7A,1,12.500000,0.301587,1.076923,-1,-2039,-1926
1754830570220,0x064,6,01 FF FF 81 28 18,1,12.500000,0.587302,0.215385,-1,-2030,-2024
1754830570226,0x064,6,01 FF FF 81 28 18,1,12.500000,0.587302,0.215385,-1,-2030,-2024
1754830570233,0x064,6,01 FF FF 81 28 18,1,12.500000,0.587302,0.215385,-1,-2030,-2024
1754830570238,0x064,6,01 FF FF 81 28 18,1,12.500000,0.587302,0.215385,-1,-2030,-2024
1754830570243,0x064,6,01 FF FF 81 28 18,1,12.500000,0.587302,0.215385,-1,-2030,-2024
1754830570248,0x064,6,01 FF FF 81 28 18,1,12.500000,0.587302,0.215385,-1,-2030,-2024
1754830570256,0x064,6,01 FF FF 81 28 18,1,12.500000,0.587302,0.215385,-1,-2030,-2024
1754830570259,0x064,6,01 FF FF 81 28 18,1,12.500000,0.587302,0.215385,-1,-2030,-2024
1754830570265,0x064,6,01 FF FF 81 28 18,1,12.500000,0.587302,0.215385,-1,-2030,-2024
1754830570277,0x064,6,01 FF FF 81 28 18,1,12.500000,0.587302,0.215385,-1,-2030,-2024
1754830570286,0x064,6,01 FF FF 81 28 18,1,12.500000,0.587302,0.215385,-1,-2030,-2024
1754830570293,0x064,6,01 FF FF 81 28 18,1,12.500000,0.587302,0.215385,-1,-2030,-2024
1754830570298,0x064,6,01 FF FF 81 28 18,1,12.500000,0.587302,0.215385,-1,-2030,-2024
1754830570303,0x064,6,01 FF FF 81 28 18,1,12.500000,0.587302,0.215385,-1,-2030,-2024
1754830570309,0x064,6,01 FF FF 81 28 18,1,12.500000,0.587302,0.215385,-1,-2030,-2024
1754830570315,0x064,6,01 FF FF 81 28 18,1,12.500000,0.587302,0.215385,-1,-2030,-2024
1754830570321,0x064,6,01 FF FF 82 A8 34,1,12.500000,1.349206,0.461538,-1,-2006,-1996
1754830570326,0x064,6,01 FF FF 82 A8 34,1,12.500000,1.349206,0.461538,-1,-2006,-1996
1754830570331,0x064,6,01 FF FF 82 A8 34,1,12.500000,1.349206,0.461538,-1,-2006,-1996
1754830570340,0x064,6,01 FF FF 82 A8 34,1,12.500000,1.349206,0.461538,-1,-2006,-1996
1754830570347,0x064,6,01 FF FF 82 A8 34,1,12.500000,1.349206,0.461538,-1,-2006,-1996
1754830570356,0x064,6,01 FF FF 82 A8 34,1,12.500000,1.349206,0.461538,-1,-2006,-1996
1754830570357,0x064,6,01 FF FF 82 A8 34,1,12.500000,1.349206,0.461538,-1,-2006,-1996
1754830570361,0x064,6,01 FF FF 82 A8 34,1,12.500000,1.349206,0.461538,-1,-2006,-1996
1754830570369,0x064,6,01 FF FF 82 A8 34,1,12.500000,1.349206,0.461538,-1,-2006,-1996
1754830570372,0x064,6,01 FF FF 82 A8 34,1,12.500000,1.349206,0.461538,-1,-2006,-1996
1754830570377,0x064,6,01 FF FF 82 A8 34,1,12.500000,1.349206,0.461538,-1,-2006,-1996
1754830570382,0x064,6,01 FF FF 82 A8 34,1,12.500000,1.349206,0.461538,-1,-2006,-1996
1754830570387,0x064,6,01 FF FF 82 A8 34,1,12.500000,1.349206,0.461538,-1,-2006,-1996
1754830570393,0x064,6,01 FF FF 82 A8 34,1,12.500000,1.349206,0.461538,-1,-2006,-1996
1754830570398,0x064,6,01 FF FF 82 A8 34,1,12.500000,1.349206,0.461538,-1,-2006,-1996
1754830570403,0x064,6,01 FF FF 82 A8 34,1,12.500000,1.349206,0.461538,-1,-2006,-1996
1754830570409,0x064,6,01 FF FF 82 A8 34,1,12.500000,1.349206,0.461538,-1,-2006,-1996
1754830570414,0x064,6,01 FF FF 82 A8 34,1,12.500000,1.349206,0.461538,-1,-2006,-1996
1754830570419,0x064,6,01 FF FF 85 F8 63,1,12.500000,3.031746,0.874725,-1,-1953,-1949
1754830570424,0x064,6,01 FF FF 85 F8 63,1,12.500000,3.031746,0.874725,-1,-1953,-1949
1754830570436,0x064,6,01 FF FF 85 F8 63,1,12.500000,3.031746,0.874725,-1,-1953,-1949
1754830570437,0x064,6,01 FF FF 85 F8 63,1,12.500000,3.031746,0.874725,-1,-1953,-1949
1754830570442,0x064,6,01 FF FF 85 F8 63,1,12.500000,3.031746,0.874725,-1,-1953,-1949
1754830570448,0x064,6,01 FF FF 85 F8 63,1,12.500000,3.031746,0.874725,-1,-1953,-1949
1754830570453,0x064,6,01 FF FF 85 F8 63,1,12.500000,3.031746,0.874725,-1,-1953,-1949
1754830570458,0x064,6,01 FF FF 85 F8 63,1,12.500000,3.031746,0.874725,-1,-1953,-1949
1754830570463,0x064,6,01 FF FF 85 F8 63,1,12.500000,3.031746,0.874725,-1,-1953,-1949
1754830570469,0x064,6,01 FF FF 85 F8 63,1,12.500000,3.031746,0.874725,-1,-1953,-1949
1754830570474,0x064,6,01 FF FF 85 F8 63,1,12.500000,3.031746,0.874725,-1,-1953,-1949
1754830570480,0x064,6,01 FF FF 85 F8 63,1,12.500000,3.031746,0.874725,-1,-1953,-1949
1754830570489,0x064,6,01 FF FF 85 F8 63,1,12.500000,3.031746,0.874725,-1,-1953,-1949
1754830570492,0x064,6,01 FF FF 85 F8 63,1,12.500000,3.031746,0.874725,-1,-1953,-1949
1754830570500,0x064,6,01 FF FF 85 F8 63,1,12.500000,3.031746,0.874725,-1,-1953,-1949
1754830570502,0x064,6,01 FF FF 85 F8 63,1,12.500000,3.031746,0.874725,-1,-1953,-1949
1754830570508,0x064,6,01 FF FF 85 F8 63,1,12.500000,3.031746,0.874725,-1,-1953,-1949
1754830570516,0x064,6,01 FF FF 85 F8 63,1,12.500000,3.031746,0.874725,-1,-1953,-1949
1754830570519,0x064,6,01 FF FF 87 D7 F9,1,12.500000,3.984127,-0.057143,-1,-1923,2041
1754830570524,0x064,6,01 FF FF 87 D7 F9,1,12.500000,3.984127,-0.057143,-1,-1923,2041
1754830570531,0x064,6,01 FF FF 87 D7 F9,1,12.500000,3.984127,-0.057143,-1,-1923,2041
1754830570536,0x064,6,01 FF FF 87 D7 F9,1,12.500000,3.984127,-0.057143,-1,-1923,2041
1754830570541,0x064,6,01 FF FF 87 D7 F9,1,12.500000,3.984127,-0.057143,-1,-1923,2041
1754830570547,0x064,6,01 FF FF 87 D7 F9,1,12.500000,3.984127,-0.057143,-1,-1923,2041
1754830570552,0x064,6,01 FF FF 87 D7 F9,1,12.500000,3.984127,-0.057143,-1,-1923,2041
1754830570557,0x064,6,01 FF FF 87 D7 F9,1,12.500000,3.984127,-0.057143,-1,-1923,2041
1754830570563,0x064,6,01 FF FF 87 D7 F9,1,12.500000,3.984127,-0.057143,-1,-1923,2041
1754830570570,0x064,6,01 FF FF 87 D7 F9,1,12.500000,3.984127,-0.057143,-1,-1923,2041
1754830570579,0x064,6,01 FF FF 87 D7 F9,1,12.500000,3.984127,-0.057143,-1,-1923,2041
1754830570593,0x064,6,01 FF FF 87 D7 F9,1,12.500000,3.984127,-0.057143,-1,-1923,2041
1754830570601,0x064,6,01 FF FF 87 D7 F9,1,12.500000,3.984127,-0.057143,-1,-1923,2041
1754830570617,0x064,6,01 FF FF 87 D7 F9,1,12.500000,3.984127,-0.057143,-1,-1923,2041
1754830570626,0x064,6,01 FF FF 89 18 16,1,12.500000,4.619048,0.197802,-1,-1903,-2026
1754830570630,0x064,6,01 FF FF 89 18 16,1,12.500000,4.619048,0.197802,-1,-1903,-2026
1754830570631,0x064,6,01 FF FF 89 18 16,1,12.500000,4.619048,0.197802,-1,-1903,-2026
1754830570637,0x064,6,01 FF FF 89 18 16,1,12.500000,4.619048,0.197802,-1,-1903,-2026
1754830570642,0x064,6,01 FF FF 89 18 16,1,12.500000,4.619048,0.197802,-1,-1903,-2026
1754830570648,0x064,6,01 FF FF 89 18 16,1,12.500000,4.619048,0.197802,-1,-1903,-2026
1754830570660,0x064,6,01 FF FF 89 18 16,1,12.500000,4.619048,0.197802,-1,-1903,-2026
1754830570665,0x064,6,01 FF FF 89 18 16,1,12.500000,4.619048,0.197802,-1,-1903,-2026
1754830570670,0x064,6,01 FF FF 89 18 16,1,12.500000,4.619048,0.197802,-1,-1903,-2026
1754830570673,0x064,6,01 FF FF 89 18 16,1,12.500000,4.619048,0.197802,-1,-1903,-2026
1754830570683,0x064,6,01 FF FF 89 18 16,1,12.500000,4.619048,0.197802,-1,-1903,-2026
1754830570693,0x064,6,01 FF FF 89 18 16,1,12.500000,4.619048,0.197802,-1,-1903,-2026
1754830570698,0x064,6,01 FF FF 89 18 16,1,12.500000,4.619048,0.197802,-1,-1903,-2026
1754830570701,0x064,6,01 FF FF 89 18 16,1,12.500000,4.619048,0.197802,-1,-1903,-2026
1754830570711,0x064,6,01 FF FF 89 18 16,1,12.500000,4.619048,0.197802,-1,-1903,-2026
1754830570713,0x064,6,01 FF FF 89 18 16,1,12.500000,4.619048,0.197802,-1,-1903,-2026
1754830570722,0x064,6,01 FF FF 8A 98 75,1,12.500000,5.380952,1.032967,-1,-1879,-1931
1754830570726,0x064,6,01 FF FF 8A 98 75,1,12.500000,5.380952,1.032967,-1,-1879,-1931
1754830570731,0x064,6,01 FF FF 8A 98 75,1,12.500000,5.380952,1.032967,-1,-1879,-1931
1754830570739,0x064,6,01 FF FF 8A 98 75,1,12.500000,5.380952,1.032967,-1,-1879,-1931
1754830570742,0x064,6,01 FF FF 8A 98 75,1,12.500000,5.380952,1.032967,-1,-1879,-1931
1754830570747,0x064,6,01 FF FF 8A 98 75,1,12.500000,5.380952,1.032967,-1,-1879,-1931
1754830570754,0x064,6,01 FF FF 8A 98 75,1,12.500000,5.380952,1.032967,-1,-1879,-1931
1754830570764,0x064,6,01 FF FF 8A 98 75,1,12.500000,5.380952,1.032967,-1,-1879,-1931
1754830570771,0x064,6,01 FF FF 8A 98 75,1,12.500000,5.380952,1.032967,-1,-1879,-1931
1754830570773,0x064,6,01 FF FF 8A 98 75,1,12.500000,5.380952,1.032967,-1,-1879,-1931
1754830570784,0x064,6,01 FF FF 8A 98 75,1,12.500000,5.380952,1.032967,-1,-1879,-1931
1754830570788,0x064,6,01 FF FF 8A 98 75,1,12.500000,5.380952,1.032967,-1,-1879,-1931
1754830570790,0x064,6,01 FF FF 8A 98 75,1,12.500000,5.380952,1.032967,-1,-1879,-1931
1754830570798,0x064,6,01 FF FF 8A 98 75,1,12.500000,5.380952,1.032967,-1,-1879,-1931
1754830570801,0x064,6,01 FF FF 8A 98 75,1,12.500000,5.380952,1.032967,-1,-1879,-1931
1754830570807,0x064,6,01 FF FF 8A 98 75,1,12.500000,5.380952,1.032967,-1,-1879,-1931
1754830570813,0x064,6,01 FF FF 8A 98 75,1,12.500000,5.380952,1.032967,-1,-1879,-1931
1754830570817,0x064,6,01 FF FF 8A 98 75,1,12.500000,5.380952,1.032967,-1,-1879,-1931
1754830570827,0x064,6,01 FF FF 8C 28 59,1,12.500000,6.174603,0.786813,-1,-1854,-1959
1754830570832,0x064,6,01 FF FF 8C 28 59,1,12.500000,6.174603,0.786813,-1,-1854,-1959
1754830570835,0x064,6,01 FF FF 8C 28 59,1,12.500000,6.174603,0.786813,-1,-1854,-1959
1754830570841,0x064,6,01 FF FF 8C 28 59,1,12.500000,6.174603,0.786813,-1,-1854,-1959
1754830570847,0x064,6,01 FF FF 8C 28 59,1,12.500000,6.174603,0.786813,-1,-1854,-1959
1754830570852,0x064,6,01 FF FF 8C 28 59,1,12.500000,6.174603,0.786813,-1,-1854,-1959
1754830570861,0x064,6,01 FF FF 8C 28 59,1,12.500000,6.174603,0.786813,-1,-1854,-1959
1754830570868,0x064,6,01 FF FF 8C 28 59,1,12.500000,6.174603,0.786813,-1,-1854,-1959
1754830570874,0x064,6,01 FF FF 8C 28 59,1,12.500000,6.174603,0.786813,-1,-1854,-1959
1754830570876,0x064,6,01 FF FF 8C 28 59,1,12.500000,6.174603,0.786813,-1,-1854,-1959
1754830570885,0x064,6,01 FF FF 8C 28 59,1,12.500000,6.174603,0.786813,-1,-1854,-1959
1754830570898,0x064,6,01 FF FF 8C 28 59,1,12.500000,6.174603,0.786813,-1,-1854,-1959
1754830570903,0x064,6,01 FF FF 8C 28 59,1,12.500000,6.174603,0.786813,-1,-1854,-1959
1754830570908,0x064,6,01 FF FF 8C 28 59,1,12.500000,6.174603,0.786813,-1,-1854,-1959
1754830570914,0x064,6,01 FF FF 8C 28 59,1,12.500000,6.174603,0.786813,-1,-1854,-1959
1754830570920,0x064,6,01 FF FF 8D E8 07,1,12.500000,7.063492,0.065934,-1,-1826,-2041
1754830570924,0x064,6,01 FF FF 8D E8 07,1,12.500000,7.063492,0.065934,-1,-1826,-2041
1754830570930,0x064,6,01 FF FF 8D E8 07,1,12.500000,7.063492,0.065934,-1,-1826,-2041
1754830570935,0x064,6,01 FF FF 8D E8 07,1,12.500000,7.063492,0.065934,-1,-1826,-2041
1754830570940,0x064,6,01 FF FF 8D E8 07,1,12.500000,7.063492,0.065934,-1,-1826,-2041
1754830570945,0x064,6,01 FF FF 8D E8 07,1,12.500000,7.063492,0.065934,-1,-1826,-2041
1754830570951,0x064,6,01 FF FF 8D E8 07,1,12.500000,7.063492,0.065934,-1,-1826,-2041
1754830570956,0x064,6,01 FF FF 8D E8 07,1,12.500000,7.063492,0.065934,-1,-1826,-2041
1754830570966,0x064,6,01 FF FF 8D E8 07,1,12.500000,7.063492,0.065934,-1,-1826,-2041
1754830570972,0x064,6,01 FF FF 8D E8 07,1,12.500000,7.063492,0.065934,-1,-1826,-2041
1754830570978,0x064,6,01 FF FF 8D E8 07,1,12.500000,7.063492,0.065934,-1,-1826,-2041
1754830570978,0x064,6,01 FF FF 8D E8 07,1,12.500000,7.063492,0.065934,-1,-1826,-2041
1754830570984,0x064,6,01 FF FF 8D E8 07,1,12.500000,7.063492,0.065934,-1,-1826,-2041
1754830570993,0x064,6,01 FF FF 8D E8 07,1,12.500000,7.063492,0.065934,-1,-1826,-2041
1754830570997,0x064,6,01 FF FF 8D E8 07,1,12.500000,7.063492,0.065934,-1,-1826,-2041
1754830571007,0x064,6,01 FF FF 8D E8 07,1,12.500000,7.063492,0.065934,-1,-1826,-2041
1754830571013,0x064,6,01 FF FF 8D E8 07,1,12.500000,7.063492,0.065934,-1,-1826,-2041
1754830571019,0x064,6,01 FF FF 8E D8 05,1,12.500000,7.539683,0.048352,-1,-1811,-2043
1754830571037,0x064,6,01 FF FF 8E D8 05,1,12.500000,7.539683,0.048352,-1,-1811,-2043
1754830571039,0x064,6,01 FF FF 8E D8 05,1,12.500000,7.539683,0.048352,-1,-1811,-2043
1754830571052,0x064,6,01 FF FF 8E D8 05,1,12.500000,7.539683,0.048352,-1,-1811,-2043
1754830571058,0x064,6,01 FF FF 8E D8 05,1,12.500000,7.539683,0.048352,-1,-1811,-2043
1754830571067,0x064,6,01 FF FF 8E D8 05,1,12.500000,7.539683,0.048352,-1,-1811,-2043
1754830571073,0x064,6,01 FF FF 8E D8 05,1,12.500000,7.539683,0.048352,-1,-1811,-2043
1754830571078,0x064,6,01 FF FF 8E D8 05,1,12.500000,7.539683,0.048352,-1,-1811,-2043
1754830571089,0x064,6,01 FF FF 8E D8 05,1,12.500000,7.539683,0.048352,-1,-1811,-2043
1754830571095,0x064,6,01 FF FF 8E D8 05,1,12.500000,7.539683,0.048352,-1,-1811,-2043
1754830571104,0x064,6,01 FF FF 8E D8 05,1,12.500000,7.539683,0.048352,-1,-1811,-2043
1754830571109,0x064,6,01 FF FF 8E D8 05,1,12.500000,7.539683,0.048352,-1,-1811,-2043
1754830571109,0x064,6,01 FF FF 8E D8 05,1,12.500000,7.539683,0.048352,-1,-1811,-2043
1754830571115,0x064,6,01 FF FF 8E D8 05,1,12.500000,7.539683,0.048352,-1,-1811,-2043
1754830571120,0x064,6,01 FF FF 91 58 0A,1,12.500000,8.809524,0.092308,-1,-1771,-2038
1754830571127,0x064,6,01 FF FF 91 58 0A,1,12.500000,8.809524,0.092308,-1,-1771,-2038
1754830571132,0x064,6,01 FF FF 91 58 0A,1,12.500000,8.809524,0.092308,-1,-1771,-2038
1754830571137,0x064,6,01 FF FF 91 58 0A,1,12.500000,8.809524,0.092308,-1,-1771,-2038
1754830571149,0x064,6,01 FF FF 91 58 0A,1,12.500000,8.809524,0.092308,-1,-1771,-2038
1754830571154,0x064,6,01 FF FF 91 58 0A,1,12.500000,8.809524,0.092308,-1,-1771,-2038
1754830571157,0x064,6,01 FF FF 91 58 0A,1,12.500000,8.809524,0.092308,-1,-1771,-2038
1754830571168,0x064,6,01 FF FF 91 58 0A,1,12.500000,8.809524,0.092308,-1,-1771,-2038
1754830571171,0x064,6,01 FF FF 91 58 0A,1,12.500000,8.809524,0.092308,-1,-1771,-2038
1754830571175,0x064,6,01 FF FF 91 58 0A,1,12.500000,8.809524,0.092308,-1,-1771,-2038
1754830571183,0x064,6,01 FF FF 91 58 0A,1,12.500000,8.809524,0.092308,-1,-1771,-2038
1754830571186,0x064,6,01 FF FF 91 58 0A,1,12.500000,8.809524,0.092308,-1,-1771,-2038
1754830571192,0x064,6,01 FF FF 91 58 0A,1,12.500000,8.809524,0.092308,-1,-1771,-2038
1754830571198,0x064,6,01 FF FF 91 58 0A,1,12.500000,8.809524,0.092308,-1,-1771,-2038
1754830571204,0x064,6,01 FF FF 91 58 0A,1,12.500000,8.809524,0.092308,-1,-1771,-2038
1754830571209,0x064,6,01 FF FF 91 58 0A,1,12.500000,8.809524,0.092308,-1,-1771,-2038
1754830571215,0x064,6,01 FF FF 91 58 0A,1,12.500000,8.809524,0.092308,-1,-1771,-2038
1754830571220,0x064,6,01 FF FF 92 C7 F5,1,12.500000,9.539683,-0.092308,-1,-1748,2037
1754830571229,0x064,6,01 FF FF 92 C7 F5,1,12.500000,9.539683,-0.092308,-1,-1748,2037
1754830571231,0x064,6,01 FF FF 92 C7 F5,1,12.500000,9.539683,-0.092308,-1,-1748,2037
1754830571237,0x064,6,01 FF FF 92 C7 F5,1,12.500000,9.539683,-0.092308,-1,-1748,2037
1754830571243,0x064,6,01 FF FF 92 C7 F5,1,12.500000,9.539683,-0.092308,-1,-1748,2037
1754830571248,0x064,6,01 FF FF 92 C7 F5,1,12.500000,9.539683,-0.092308,-1,-1748,2037
1754830571253,0x064,6,01 FF FF 92 C7 F5,1,12.500000,9.539683,-0.092308,-1,-1748,2037
1754830571258,0x064,6,01 FF FF 92 C7 F5,1,12.500000,9.539683,-0.092308,-1,-1748,2037
1754830571266,0x064,6,01 FF FF 92 C7 F5,1,12.500000,9.539683,-0.092308,-1,-1748,2037
1754830571269,0x064,6,01 FF FF 92 C7 F5,1,12.500000,9.539683,-0.092308,-1,-1748,2037
1754830571274,0x064,6,01 FF FF 92 C7 F5,1,12.500000,9.539683,-0.092308,-1,-1748,2037
1754830571280,0x064,6,01 FF FF 92 C7 F5,1,12.500000,9.539683,-0.092308,-1,-1748,2037
1754830571285,0x064,6,01 FF FF 92 C7 F5,1,12.500000,9.539683,-0.092308,-1,-1748,2037
1754830571290,0x064,6,01 FF FF 92 C7 F5,1,12.500000,9.539683,-0.092308,-1,-1748,2037
1754830571295,0x064,6,01 FF FF 92 C7 F5,1,12.500000,9.539683,-0.092308,-1,-1748,2037
1754830571303,0x064,6,01 FF FF 92 C7 F5,1,12.500000,9.539683,-0.092308,-1,-1748,2037
1754830571305,0x064,6,01 FF FF 92 C7 F5,1,12.500000,9.539683,-0.092308,-1,-1748,2037
1754830571312,0x064,6,01 FF FF 92 C7 F5,1,12.500000,9.539683,-0.092308,-1,-1748,2037
1754830571317,0x064,6,01 FF FF 92 C7 F5,1,12.500000,9.539683,-0.092308,-1,-1748,2037
1754830571325,0x064,6,01 FF FF 94 08 31,1,12.500000,10.174603,0.435165,-1,-1728,-1999
1754830571327,0x064,6,01 FF FF 94 08 31,1,12.500000,10.174603,0.435165,-1,-1728,-1999
1754830571335,0x064,6,01 FF FF 94 08 31,1,12.500000,10.174603,0.435165,-1,-1728,-1999
1754830571338,0x064,6,01 FF FF 94 08 31,1,12.500000,10.174603,0.435165,-1,-1728,-1999
1754830571343,0x064,6,01 FF FF 94 08 31,1,12.500000,10.174603,0.435165,-1,-1728,-1999
1754830571349,0x064,6,01 FF FF 94 08 31,1,12.500000,10.174603,0.435165,-1,-1728,-1999
1754830571355,0x064,6,01 FF FF 94 08 31,1,12.500000,10.174603,0.435165,-1,-1728,-1999
1754830571363,0x064,6,01 FF FF 94 08 31,1,12.500000,10.174603,0.435165,-1,-1728,-1999
1754830571367,0x064,6,01 FF FF 94 08 31,1,12.500000,10.174603,0.435165,-1,-1728,-1999
1754830571383,0x064,6,01 FF FF 94 08 31,1,12.500000,10.174603,0.435165,-1,-1728,-1999
1754830571386,0x064,6,01 FF FF 94 08 31,1,12.500000,10.174603,0.435165,-1,-1728,-1999
1754830571389,0x064,6,01 FF FF 94 08 31,1,12.500000,10.174603,0.435165,-1,-1728,-1999
1754830571394,0x064,6,01 FF FF 94 08 31,1,12.500000,10.174603,0.435165,-1,-1728,-1999
1754830571400,0x064,6,01 FF FF 94 08 31,1,12.500000,10.174603,0.435165,-1,-1728,-1999
1754830571405,0x064,6,01 FF FF 94 08 31,1,12.500000,10.174603,0.435165,-1,-1728,-1999
1754830571410,0x064,6,01 FF FF 94 08 31,1,12.500000,10.174603,0.435165,-1,-1728,-1999
1754830571416,0x064,6,01 FF FF 94 08 31,1,12.500000,10.174603,0.435165,-1,-1728,-1999
1754830571422,0x064,6,01 FF FF 94 C8 5D,1,12.500000,10.555556,0.821978,-1,-1716,-1955
1754830571426,0x064,6,01 FF FF 94 C8 5D,1,12.500000,10.555556,0.821978,-1,-1716,-1955
1754830571432,0x064,6,01 FF FF 94 C8 5D,1,12.500000,10.555556,0.821978,-1,-1716,-1955
1754830571437,0x064,6,01 FF FF 94 C8 5D,1,12.500000,10.555556,0.821978,-1,-1716,-1955
1754830571450,0x064,6,01 FF FF 94 C8 5D,1,12.500000,10.555556,0.821978,-1,-1716,-1955
1754830571451,0x064,6,01 FF FF 94 C8 5D,1,12.500000,10.555556,0.821978,-1,-1716,-1955
1754830571457,0x064,6,01 FF FF 94 C8 5D,1,12.500000,10.555556,0.821978,-1,-1716,-1955
1754830571462,0x064,6,01 FF FF 94 C8 5D,1,12.500000,10.555556,0.821978,-1,-1716,-1955
1754830571468,0x064,6,01 FF FF 94 C8 5D,1,12.500000,10.555556,0.821978,-1,-1716,-1955
1754830571473,0x064,6,01 FF FF 94 C8 5D,1,12.500000,10.555556,0.821978,-1,-1716,-1955
1754830571478,0x064,6,01 FF FF 94 C8 5D,1,12.500000,10.555556,0.821978,-1,-1716,-1955
1754830571488,0x064,6,01 FF FF 94 C8 5D,1,12.500000,10.555556,0.821978,-1,-1716,-1955
1754830571495,0x064,6,01 FF FF 94 C8 5D,1,12.500000,10.555556,0.821978,-1,-1716,-1955
1754830571503,0x064,6,01 FF FF 94 C8 5D,1,12.500000,10.555556,0.821978,-1,-1716,-1955
1754830571506,0x064,6,01 FF FF 94 C8 5D,1,12.500000,10.555556,0.821978,-1,-1716,-1955
1754830571509,0x064,6,01 FF FF 94 C8 5D,1,12.500000,10.555556,0.821978,-1,-1716,-1955
1754830571514,0x064,6,01 FF FF 94 C8 5D,1,12.500000,10.555556,0.821978,-1,-1716,-1955
1754830571520,0x064,6,01 FF FF 96 68 3D,1,12.500000,11.380952,0.540659,-1,-1690,-1987
1754830571525,0x064,6,01 FF FF 96 68 3D,1,12.500000,11.380952,0.540659,-1,-1690,-1987
1754830571531,0x064,6,01 FF FF 96 68 3D,1,12.500000,11.380952,0.540659,-1,-1690,-1987
1754830571538,0x064,6,01 FF FF 96 68 3D,1,12.500000,11.380952,0.540659,-1,-1690,-1987
1754830571542,0x064,6,01 FF FF 96 68 3D,1,12.500000,11.380952,0.540659,-1,-1690,-1987
1754830571548,0x064,6,01 FF FF 96 68 3D,1,12.500000,11.380952,0.540659,-1,-1690,-1987
1754830571553,0x064,6,01 FF FF 96 68 3D,1,12.500000,11.380952,0.540659,-1,-1690,-1987
1754830571559,0x064,6,01 FF FF 96 68 3D,1,12.500000,11.380952,0.540659,-1,-1690,-1987
1754830571570,0x064,6,01 FF FF 96 68 3D,1,12.500000,11.380952,0.540659,-1,-1690,-1987
1754830571584,0x064,6,01 FF FF 96 68 3D,1,12.500000,11.380952,0.540659,-1,-1690,-1987
1754830571589,0x064,6,01 FF FF 96 68 3D,1,12.500000,11.380952,0.540659,-1,-1690,-1987
1754830571594,0x064,6,01 FF FF 96 68 3D,1,12.500000,11.380952,0.540659,-1,-1690,-1987
1754830571605,0x064,6,01 FF FF 96 68 3D,1,12.500000,11.380952,0.540659,-1,-1690,-1987
1754830571611,0x064,6,01 FF FF 96 68 3D,1,12.500000,11.380952,0.540659,-1,-1690,-1987
1754830571613,0x064,6,01 FF FF 96 68 3D,1,12.500000,11.380952,0.540659,-1,-1690,-1987
1754830571616,0x064,6,01 FF FF 96 68 3D,1,12.500000,11.380952,0.540659,-1,-1690,-1987
1754830571626,0x064,6,01 FF FF 96 67 CE,1,12.500000,11.380952,-0.435165,-1,-1690,1998
1754830571628,0x064,6,01 FF FF 96 67 CE,1,12.500000,11.380952,-0.435165,-1,-1690,1998
1754830571633,0x064,6,01 FF FF 96 67 CE,1,12.500000,11.380952,-0.435165,-1,-1690,1998
1754830571638,0x064,6,01 FF FF 96 67 CE,1,12.500000,11.380952,-0.435165,-1,-1690,1998
1754830571645,0x064,6,01 FF FF 96 67 CE,1,12.500000,11.380952,-0.435165,-1,-1690,1998
1754830571650,0x064,6,01 FF FF 96 67 CE,1,12.500000,11.380952,-0.435165,-1,-1690,1998
1754830571656,0x064,6,01 FF FF 96 67 CE,1,12.500000,11.380952,-0.435165,-1,-1690,1998
1754830571661,0x064,6,01 FF FF 96 67 CE,1,12.500000,11.380952,-0.435165,-1,-1690,1998
1754830571669,0x064,6,01 FF FF 96 67 CE,1,12.500000,11.380952,-0.435165,-1,-1690,1998
1754830571673,0x064,6,01 FF FF 96 67 CE,1,12.500000,11.380952,-0.435165,-1,-1690,1998
1754830571678,0x064,6,01 FF FF 96 67 CE,1,12.500000,11.380952,-0.435165,-1,-1690,1998
1754830571684,0x064,6,01 FF FF 96 67 CE,1,12.500000,11.380952,-0.435165,-1,-1690,1998
1754830571689,0x064,6,01 FF FF 96 67 CE,1,12.500000,11.380952,-0.435165,-1,-1690,1998
1754830571695,0x064,6,01 FF FF 96 67 CE,1,12.500000,11.380952,-0.435165,-1,-1690,1998
1754830571700,0x064,6,01 FF FF 96 67 CE,1,12.500000,11.380952,-0.435165,-1,-1690,1998
1754830571707,0x064,6,01 FF FF 96 67 CE,1,12.500000,11.380952,-0.435165,-1,-1690,1998
1754830571712,0x064,6,01 FF FF 96 67 CE,1,12.500000,11.380952,-0.435165,-1,-1690,1998
1754830571717,0x064,6,01 FF FF 96 67 CE,1,12.500000,11.380952,-0.435165,-1,-1690,1998
1754830571723,0x064,6,01 FF FF 92 E8 56,1,12.500000,9.603175,0.760440,-1,-1746,-1962
1754830571729,0x064,6,01 FF FF 92 E8 56,1,12.500000,9.603175,0.760440,-1,-1746,-1962
1754830571734,0x064,6,01 FF FF 92 E8 56,1,12.500000,9.603175,0.760440,-1,-1746,-1962
1754830571746,0x064,6,01 FF FF 92 E8 56,1,12.500000,9.603175,0.760440,-1,-1746,-1962
1754830571757,0x064,6,01 FF FF 92 E8 56,1,12.500000,9.603175,0.760440,-1,-1746,-1962
1754830571758,0x064,6,01 FF FF 92 E8 56,1,12.500000,9.603175,0.760440,-1,-1746,-1962
1754830571762,0x064,6,01 FF FF 92 E8 56,1,12.500000,9.603175,0.760440,-1,-1746,-1962
1754830571764,0x064,6,01 FF FF 92 E8 56,1,12.500000,9.603175,0.760440,-1,-1746,-1962
1754830571770,0x064,6,01 FF FF 92 E8 56,1,12.500000,9.603175,0.760440,-1,-1746,-1962
1754830571779,0x064,6,01 FF FF 92 E8 56,1,12.500000,9.603175,0.760440,-1,-1746,-1962
1754830571782,0x064,6,01 FF FF 92 E8 56,1,12.500000,9.603175,0.760440,-1,-1746,-1962
1754830571791,0x064,6,01 FF FF 92 E8 56,1,12.500000,9.603175,0.760440,-1,-1746,-1962
1754830571793,0x064,6,01 FF FF 92 E8 56,1,12.500000,9.603175,0.760440,-1,-1746,-1962
1754830571803,0x064,6,01 FF FF 92 E8 56,1,12.500000,9.603175,0.760440,-1,-1746,-1962
1754830571806,0x064,6,01 FF FF 92 E8 56,1,12.500000,9.603175,0.760440,-1,-1746,-1962
1754830571809,0x064,6,01 FF FF 92 E8 56,1,12.500000,9.603175,0.760440,-1,-1746,-1962
1754830571822,0x064,6,01 FF FF 92 E8 56,1,12.500000,9.603175,0.760440,-1,-1746,-1962
1754830571828,0x064,6,01 FF FF 91 18 52,1,12.500000,8.682540,0.725275,-1,-1775,-1966
1754830571832,0x064,6,01 FF FF 91 18 52,1,12.500000,8.682540,0.725275,-1,-1775,-1966
1754830571838,0x064,6,01 FF FF 91 18 52,1,12.500000,8.682540,0.725275,-1,-1775,-1966
1754830571842,0x064,6,01 FF FF 91 18 52,1,12.500000,8.682540,0.725275,-1,-1775,-1966
1754830571854,0x064,6,01 FF FF 91 18 52,1,12.500000,8.682540,0.725275,-1,-1775,-1966
1754830571865,0x064,6,01 FF FF 91 18 52,1,12.500000,8.682540,0.725275,-1,-1775,-1966
1754830571872,0x064,6,01 FF FF 91 18 52,1,12.500000,8.682540,0.725275,-1,-1775,-1966
1754830571880,0x064,6,01 FF FF 91 18 52,1,12.500000,8.682540,0.725275,-1,-1775,-1966
1754830571894,0x064,6,01 FF FF 91 18 52,1,12.500000,8.682540,0.725275,-1,-1775,-1966
1754830571897,0x064,6,01 FF FF 91 18 52,1,12.500000,8.682540,0.725275,-1,-1775,-1966
1754830571897,0x064,6,01 FF FF 91 18 52,1,12.500000,8.682540,0.725275,-1,-1775,-1966
1754830571900,0x064,6,01 FF FF 91 18 52,1,12.500000,8.682540,0.725275,-1,-1775,-1966
1754830571909,0x064,6,01 FF FF 91 18 52,1,12.500000,8.682540,0.725275,-1,-1775,-1966
1754830571912,0x064,6,01 FF FF 91 18 52,1,12.500000,8.682540,0.725275,-1,-1775,-1966
1754830571919,0x064,6,01 FF FF 91 18 52,1,12.500000,8.682540,0.725275,-1,-1775,-1966
1754830571922,0x064,6,01 FF FF 8F C8 70,1,12.500000,8.015873,0.989011,-1,-1796,-1936
1754830571927,0x064,6,01 FF FF 8F C8 70,1,12.500000,8.015873,0.989011,-1,-1796,-1936
1754830571933,0x064,6,01 FF FF 8F C8 70,1,12.500000,8.015873,0.989011,-1,-1796,-1936
1754830571940,0x064,6,01 FF FF 8F C8 70,1,12.500000,8.015873,0.989011,-1,-1796,-1936
1754830571954,0x064,6,01 FF FF 8F C8 70,1,12.500000,8.015873,0.989011,-1,-1796,-1936
1754830571955,0x064,6,01 FF FF 8F C8 70,1,12.500000,8.015873,0.989011,-1,-1796,-1936
1754830571962,0x064,6,01 FF FF 8F C8 70,1,12.500000,8.015873,0.989011,-1,-1796,-1936
1754830571963,0x064,6,01 FF FF 8F C8 70,1,12.500000,8.015873,0.989011,-1,-1796,-1936
1754830571968,0x064,6,01 FF FF 8F C8 70,1,12.500000,8.015873,0.989011,-1,-1796,-1936
1754830571973,0x064,6,01 FF FF 8F C8 70,1,12.500000,8.015873,0.989011,-1,-1796,-1936
1754830571979,0x064,6,01 FF FF 8F C8 70,1,12.500000,8.015873,0.989011,-1,-1796,-1936
1754830571984,0x064,6,01 FF FF 8F C8 70,1,12.500000,8.015873,0.989011,-1,-1796,-1936
1754830571995,0x064,6,01 FF FF 8F C8 70,1,12.500000,8.015873,0.989011,-1,-1796,-1936
1754830571996,0x064,6,01 FF FF 8F C8 70,1,12.500000,8.015873,0.989011,-1,-1796,-1936
1754830572002,0x064,6,01 FF FF 8F C8 70,1,12.500000,8.015873,0.989011,-1,-1796,-1936
1754830572012,0x064,6,01 FF FF 8F C8 70,1,12.500000,8.015873,0.989011,-1,-1796,-1936
1754830572017,0x064,6,01 FF FF 8F C8 70,1,12.500000,8.015873,0.989011,-1,-1796,-1936
1754830572019,0x064,6,01 FF FF 8F 18 59,1,12.500000,7.666667,0.786813,-1,-1807,-1959
1754830572028,0x064,6,01 FF FF 8F 18 59,1,12.500000,7.666667,0.786813,-1,-1807,-1959
1754830572031,0x064,6,01 FF FF 8F 18 59,1,12.500000,7.666667,0.786813,-1,-1807,-1959
1754830572041,0x064,6,01 FF FF 8F 18 59,1,12.500000,7.666667,0.786813,-1,-1807,-1959
1754830572043,0x064,6,01 FF FF 8F 18 59,1,12.500000,7.666667,0.786813,-1,-1807,-1959
1754830572048,0x064,6,01 FF FF 8F 18 59,1,12.500000,7.666667,0.786813,-1,-1807,-1959
1754830572054,0x064,6,01 FF FF 8F 18 59,1,12.500000,7.666667,0.786813,-1,-1807,-1959
1754830572059,0x064,6,01 FF FF 8F 18 59,1,12.500000,7.666667,0.786813,-1,-1807,-1959
1754830572072,0x064,6,01 FF FF 8F 18 59,1,12.500000,7.666667,0.786813,-1,-1807,-1959
1754830572078,0x064,6,01 FF FF 8F 18 59,1,12.500000,7.666667,0.786813,-1,-1807,-1959
1754830572093,0x064,6,01 FF FF 8F 18 59,1,12.500000,7.666667,0.786813,-1,-1807,-1959
1754830572104,0x064,6,01 FF FF 8F 18 59,1,12.500000,7.666667,0.786813,-1,-1807,-1959
1754830572118,0x064,6,01 FF FF 8F 18 59,1,12.500000,7.666667,0.786813,-1,-1807,-1959
1754830572127,0x064,6,01 FF FF 8F 18 59,1,12.500000,7.666667,0.786813,-1,-1807,-1959
1754830572139,0x064,6,01 FF FF 8F 18 59,1,12.500000,7.666667,0.786813,-1,-1807,-1959
1754830572139,0x064,6,01 FF FF 8F 18 59,1,12.500000,7.666667,0.786813,-1,-1807,-1959
1754830572142,0x064,6,01 FF FF 8E 28 25,1,12.500000,7.190476,0.329670,-1,-1822,-2011
1754830572144,0x064,6,01 FF FF 8E 28 25,1,12.500000,7.190476,0.329670,-1,-1822,-2011
1754830572149,0x064,6,01 FF FF 8E 28 25,1,12.500000,7.190476,0.329670,-1,-1822,-2011
1754830572157,0x064,6,01 FF FF 8E 28 25,1,12.500000,7.190476,0.329670,-1,-1822,-2011
1754830572160,0x064,6,01 FF FF 8E 28 25,1,12.500000,7.190476,0.329670,-1,-1822,-2011
1754830572164,0x064,6,01 FF FF 8E 28 25,1,12.500000,7.190476,0.329670,-1,-1822,-2011
1754830572173,0x064,6,01 FF FF 8E 28 25,1,12.500000,7.190476,0.329670,-1,-1822,-2011
1754830572175,0x064,6,01 FF FF 8E 28 25,1,12.500000,7.190476,0.329670,-1,-1822,-2011
1754830572181,0x064,6,01 FF FF 8E 28 25,1,12.500000,7.190476,0.329670,-1,-1822,-2011
1754830572194,0x064,6,01 FF FF 8E 28 25,1,12.500000,7.190476,0.329670,-1,-1822,-2011
1754830572207,0x064,6,01 FF FF 8E 28 25,1,12.500000,7.190476,0.329670,-1,-1822,-2011
1754830572210,0x064,6,01 FF FF 8E 28 25,1,12.500000,7.190476,0.329670,-1,-1822,-2011
1754830572210,0x064,6,01 FF FF 8E 28 25,1,12.500000,7.190476,0.329670,-1,-1822,-2011
1754830572218,0x064,6,01 FF FF 8E 28 25,1,12.500000,7.190476,0.329670,-1,-1822,-2011
1754830572228,0x064,6,01 FF FF 8E 08 0D,1,12.500000,7.126984,0.118681,-1,-1824,-2035
1754830572234,0x064,6,01 FF FF 8E 08 0D,1,12.500000,7.126984,0.118681,-1,-1824,-2035
1754830572234,0x064,6,01 FF FF 8E 08 0D,1,12.500000,7.126984,0.118681,-1,-1824,-2035
1754830572239,0x064,6,01 FF FF 8E 08 0D,1,12.500000,7.126984,0.118681,-1,-1824,-2035
1754830572249,0x064,6,01 FF FF 8E 08 0D,1,12.500000,7.126984,0.118681,-1,-1824,-2035
1754830572250,0x064,6,01 FF FF 8E 08 0D,1,12.500000,7.126984,0.118681,-1,-1824,-2035
1754830572255,0x064,6,01 FF FF 8E 08 0D,1,12.500000,7.126984,0.118681,-1,-1824,-2035
1754830572261,0x064,6,01 FF FF 8E 08 0D,1,12.500000,7.126984,0.118681,-1,-1824,-2035
1754830572268,0x064,6,01 FF FF 8E 08 0D,1,12.500000,7.126984,0.118681,-1,-1824,-2035
1754830572272,0x064,6,01 FF FF 8E 08 0D,1,12.500000,7.126984,0.118681,-1,-1824,-2035
1754830572280,0x064,6,01 FF FF 8E 08 0D,1,12.500000,7.126984,0.118681,-1,-1824,-2035
1754830572283,0x064,6,01 FF FF 8E 08 0D,1,12.500000,7.126984,0.118681,-1,-1824,-2035
1754830572288,0x064,6,01 FF FF 8E 08 0D,1,12.500000,7.126984,0.118681,-1,-1824,-2035
1754830572293,0x064,6,01 FF FF 8E 08 0D,1,12.500000,7.126984,0.118681,-1,-1824,-2035
1754830572298,0x064,6,01 FF FF 8E 08 0D,1,12.500000,7.126984,0.118681,-1,-1824,-2035
1754830572304,0x064,6,01 FF FF 8E 08 0D,1,12.500000,7.126984,0.118681,-1,-1824,-2035
1754830572309,0x064,6,01 FF FF 8E 08 0D,1,12.500000,7.126984,0.118681,-1,-1824,-2035
1754830572315,0x064,6,01 FF FF 8E 08 0D,1,12.500000,7.126984,0.118681,-1,-1824,-2035
1754830572320,0x064,6,01 FF FF 8F 48 29,1,12.500000,7.761905,0.364835,-1,-1804,-2007
1754830572325,0x064,6,01 FF FF 8F 48 29,1,12.500000,7.761905,0.364835,-1,-1804,-2007
1754830572331,0x064,6,01 FF FF 8F 48 29,1,12.500000,7.761905,0.364835,-1,-1804,-2007
1754830572336,0x064,6,01 FF FF 8F 48 29,1,12.500000,7.761905,0.364835,-1,-1804,-2007
1754830572343,0x064,6,01 FF FF 8F 48 29,1,12.500000,7.761905,0.364835,-1,-1804,-2007
1754830572354,0x064,6,01 FF FF 8F 48 29,1,12.500000,7.761905,0.364835,-1,-1804,-2007
1754830572356,0x064,6,01 FF FF 8F 48 29,1,12.500000,7.761905,0.364835,-1,-1804,-2007
1754830572361,0x064,6,01 FF FF 8F 48 29,1,12.500000,7.761905,0.364835,-1,-1804,-2007
1754830572368,0x064,6,01 FF FF 8F 48 29,1,12.500000,7.761905,0.364835,-1,-1804,-2007
1754830572373,0x064,6,01 FF FF 8F 48 29,1,12.500000,7.761905,0.364835,-1,-1804,-2007
1754830572378,0x064,6,01 FF FF 8F 48 29,1,12.500000,7.761905,0.364835,-1,-1804,-2007
1754830572389,0x064,6,01 FF FF 8F 48 29,1,12.500000,7.761905,0.364835,-1,-1804,-2007
1754830572398,0x064,6,01 FF FF 8F 48 29,1,12.500000,7.761905,0.364835,-1,-1804,-2007
1754830572408,0x064,6,01 FF FF 8F 48 29,1,12.500000,7.761905,0.364835,-1,-1804,-2007
1754830572415,0x064,6,01 FF FF 8F 48 29,1,12.500000,7.761905,0.364835,-1,-1804,-2007
1754830572433,0x064,6,01 FF FF 8F 58 14,1,12.500000,7.793651,0.180220,-1,-1803,-2028
1754830572438,0x064,6,01 FF FF 8F 58 14,1,12.500000,7.793651,0.180220,-1,-1803,-2028
1754830572443,0x064,6,01 FF FF 8F 58 14,1,12.500000,7.793651,0.180220,-1,-1803,-2028
1754830572456,0x064,6,01 FF FF 8F 58 14,1,12.500000,7.793651,0.180220,-1,-1803,-2028
1754830572456,0x064,6,01 FF FF 8F 58 14,1,12.500000,7.793651,0.180220,-1,-1803,-2028
1754830572459,0x064,6,01 FF FF 8F 58 14,1,12.500000,7.793651,0.180220,-1,-1803,-2028
1754830572465,0x064,6,01 FF FF 8F 58 14,1,12.500000,7.793651,0.180220,-1,-1803,-2028
1754830572471,0x064,6,01 FF FF 8F 58 14,1,12.500000,7.793651,0.180220,-1,-1803,-2028
1754830572476,0x064,6,01 FF FF 8F 58 14,1,12.500000,7.793651,0.180220,-1,-1803,-2028
1754830572481,0x064,6,01 FF FF 8F 58 14,1,12.500000,7.793651,0.180220,-1,-1803,-2028
1754830572486,0x064,6,01 FF FF 8F 58 14,1,12.500000,7.793651,0.180220,-1,-1803,-2028
1754830572492,0x064,6,01 FF FF 8F 58 14,1,12.500000,7.793651,0.180220,-1,-1803,-2028
1754830572497,0x064,6,01 FF FF 8F 58 14,1,12.500000,7.793651,0.180220,-1,-1803,-2028
1754830572502,0x064,6,01 FF FF 8F 58 14,1,12.500000,7.793651,0.180220,-1,-1803,-2028
1754830572512,0x064,6,01 FF FF 8F 58 14,1,12.500000,7.793651,0.180220,-1,-1803,-2028
1754830572517,0x064,6,01 FF FF 8F 58 14,1,12.500000,7.793651,0.180220,-1,-1803,-2028
1754830572523,0x064,6,01 FF FF 8F 17 94,1,12.500000,7.666667,-0.945055,-1,-1807,1940
1754830572529,0x064,6,01 FF FF 8F 17 94,1,12.500000,7.666667,-0.945055,-1,-1807,1940
1754830572534,0x064,6,01 FF FF 8F 17 94,1,12.500000,7.666667,-0.945055,-1,-1807,1940
1754830572541,0x064,6,01 FF FF 8F 17 94,1,12.500000,7.666667,-0.945055,-1,-1807,1940
1754830572548,0x064,6,01 FF FF 8F 17 94,1,12.500000,7.666667,-0.945055,-1,-1807,1940
1754830572551,0x064,6,01 FF FF 8F 17 94,1,12.500000,7.666667,-0.945055,-1,-1807,1940
1754830572560,0x064,6,01 FF FF 8F 17 94,1,12.500000,7.666667,-0.945055,-1,-1807,1940
1754830572563,0x064,6,01 FF FF 8F 17 94,1,12.500000,7.666667,-0.945055,-1,-1807,1940
1754830572570,0x064,6,01 FF FF 8F 17 94,1,12.500000,7.666667,-0.945055,-1,-1807,1940
1754830572575,0x064,6,01 FF FF 8F 17 94,1,12.500000,7.666667,-0.945055,-1,-1807,1940
1754830572581,0x064,6,01 FF FF 8F 17 94,1,12.500000,7.666667,-0.945055,-1,-1807,1940
1754830572586,0x064,6,01 FF FF 8F 17 94,1,12.500000,7.666667,-0.945055,-1,-1807,1940
1754830572592,0x064,6,01 FF FF 8F 17 94,1,12.500000,7.666667,-0.945055,-1,-1807,1940
1754830572596,0x064,6,01 FF FF 8F 17 94,1,12.500000,7.666667,-0.945055,-1,-1807,1940
1754830572601,0x064,6,01 FF FF 8F 17 94,1,12.500000,7.666667,-0.945055,-1,-1807,1940
1754830572607,0x064,6,01 FF FF 8F 17 94,1,12.500000,7.666667,-0.945055,-1,-1807,1940
1754830572614,0x064,6,01 FF FF 8F 17 94,1,12.500000,7.666667,-0.945055,-1,-1807,1940
1754830572630,0x064,6,01 FF FF 8F 17 94,1,12.500000,7.666667,-0.945055,-1,-1807,1940
1754830572633,0x064,6,01 FF FF 8F D7 B2,1,12.500000,8.047619,-0.681319,-1,-1795,1970
1754830572636,0x064,6,01 FF FF 8F D7 B2,1,12.500000,8.047619,-0.681319,-1,-1795,1970
1754830572647,0x064,6,01 FF FF 8F D7 B2,1,12.500000,8.047619,-0.681319,-1,-1795,1970
1754830572659,0x064,6,01 FF FF 8F D7 B2,1,12.500000,8.047619,-0.681319,-1,-1795,1970
1754830572668,0x064,6,01 FF FF 8F D7 B2,1,12.500000,8.047619,-0.681319,-1,-1795,1970
1754830572671,0x064,6,01 FF FF 8F D7 B2,1,12.500000,8.047619,-0.681319,-1,-1795,1970
1754830572676,0x064,6,01 FF FF 8F D7 B2,1,12.500000,8.047619,-0.681319,-1,-1795,1970
1754830572680,0x064,6,01 FF FF 8F D7 B2,1,12.500000,8.047619,-0.681319,-1,-1795,1970
1754830572683,0x064,6,01 FF FF 8F D7 B2,1,12.500000,8.047619,-0.681319,-1,-1795,1970
1754830572689,0x064,6,01 FF FF 8F D7 B2,1,12.500000,8.047619,-0.681319,-1,-1795,1970
1754830572694,0x064,6,01 FF FF 8F D7 B2,1,12.500000,8.047619,-0.681319,-1,-1795,1970
1754830572699,0x064,6,01 FF FF 8F D7 B2,1,12.500000,8.047619,-0.681319,-1,-1795,1970
1754830572705,0x064,6,01 FF FF 8F D7 B2,1,12.500000,8.047619,-0.681319,-1,-1795,1970
1754830572711,0x064,6,01 FF FF 8F D7 B2,1,12.500000,8.047619,-0.681319,-1,-1795,1970
1754830572717,0x064,6,01 FF FF 8F D7 B2,1,12.500000,8.047619,-0.681319,-1,-1795,1970
1754830572722,0x064,6,01 FF FF 8E 48 1A,1,12.500000,7.253968,0.232967,-1,-1820,-2022
1754830572729,0x064,6,01 FF FF 8E 48 1A,1,12.500000,7.253968,0.232967,-1,-1820,-2022
1754830572732,0x064,6,01 FF FF 8E 48 1A,1,12.500000,7.253968,0.232967,-1,-1820,-2022
1754830572738,0x064,6,01 FF FF 8E 48 1A,1,12.500000,7.253968,0.232967,-1,-1820,-2022
1754830572743,0x064,6,01 FF FF 8E 48 1A,1,12.500000,7.253968,0.232967,-1,-1820,-2022
1754830572751,0x064,6,01 FF FF 8E 48 1A,1,12.500000,7.253968,0.232967,-1,-1820,-2022
1754830572755,0x064,6,01 FF FF 8E 48 1A,1,12.500000,7.253968,0.232967,-1,-1820,-2022
1754830572760,0x064,6,01 FF FF 8E 48 1A,1,12.500000,7.253968,0.232967,-1,-1820,-2022
1754830572777,0x064,6,01 FF FF 8E 48 1A,1,12.500000,7.253968,0.232967,-1,-1820,-2022
1754830572778,0x064,6,01 FF FF 8E 48 1A,1,12.500000,7.253968,0.232967,-1,-1820,-2022
1754830572778,0x064,6,01 FF FF 8E 48 1A,1,12.500000,7.253968,0.232967,-1,-1820,-2022
1754830572788,0x064,6,01 FF FF 8E 48 1A,1,12.500000,7.253968,0.232967,-1,-1820,-2022
1754830572789,0x064,6,01 FF FF 8E 48 1A,1,12.500000,7.253968,0.232967,-1,-1820,-2022
1754830572802,0x064,6,01 FF FF 8E 48 1A,1,12.500000,7.253968,0.232967,-1,-1820,-2022
1754830572803,0x064,6,01 FF FF 8E 48 1A,1,12.500000,7.253968,0.232967,-1,-1820,-2022
1754830572822,0x064,6,01 FF FF 8E 48 1A,1,12.500000,7.253968,0.232967,-1,-1820,-2022
1754830572822,0x064,6,01 FF FF 8E 48 1A,1,12.500000,7.253968,0.232967,-1,-1820,-2022
1754830572822,0x064,6,01 FF FF 8A 48 0D,1,12.500000,5.222222,0.118681,-1,-1884,-2035
1754830572832,0x064,6,01 FF FF 8A 48 0D,1,12.500000,5.222222,0.118681,-1,-1884,-2035
1754830572835,0x064,6,01 FF FF 8A 48 0D,1,12.500000,5.222222,0.118681,-1,-1884,-2035
1754830572840,0x064,6,01 FF FF 8A 48 0D,1,12.500000,5.222222,0.118681,-1,-1884,-2035
1754830572845,0x064,6,01 FF FF 8A 48 0D,1,12.500000,5.222222,0.118681,-1,-1884,-2035
1754830572851,0x064,6,01 FF FF 8A 48 0D,1,12.500000,5.222222,0.118681,-1,-1884,-2035
1754830572856,0x064,6,01 FF FF 8A 48 0D,1,12.500000,5.222222,0.118681,-1,-1884,-2035
1754830572868,0x064,6,01 FF FF 8A 48 0D,1,12.500000,5.222222,0.118681,-1,-1884,-2035
1754830572875,0x064,6,01 FF FF 8A 48 0D,1,12.500000,5.222222,0.118681,-1,-1884,-2035
1754830572882,0x064,6,01 FF FF 8A 48 0D,1,12.500000,5.222222,0.118681,-1,-1884,-2035
1754830572883,0x064,6,01 FF FF 8A 48 0D,1,12.500000,5.222222,0.118681,-1,-1884,-2035
1754830572894,0x064,6,01 FF FF 8A 48 0D,1,12.500000,5.222222,0.118681,-1,-1884,-2035
1754830572901,0x064,6,01 FF FF 8A 48 0D,1,12.500000,5.222222,0.118681,-1,-1884,-2035
1754830572909,0x064,6,01 FF FF 8A 48 0D,1,12.500000,5.222222,0.118681,-1,-1884,-2035
1754830572909,0x064,6,01 FF FF 8A 48 0D,1,12.500000,5.222222,0.118681,-1,-1884,-2035
1754830572919,0x064,6,01 FF FF 8A 48 0D,1,12.500000,5.222222,0.118681,-1,-1884,-2035
1754830572920,0x064,6,01 FF FF 8A 48 0D,1,12.500000,5.222222,0.118681,-1,-1884,-2035
1754830572930,0x064,6,01 FF FF 86 B8 10,1,12.500000,3.412698,0.145055,-1,-1941,-2032
1754830572931,0x064,6,01 FF FF 86 B8 10,1,12.500000,3.412698,0.145055,-1,-1941,-2032
1754830572936,0x064,6,01 FF FF 86 B8 10,1,12.500000,3.412698,0.145055,-1,-1941,-2032
1754830572941,0x064,6,01 FF FF 86 B8 10,1,12.500000,3.412698,0.145055,-1,-1941,-2032
1754830572956,0x064,6,01 FF FF 86 B8 10,1,12.500000,3.412698,0.145055,-1,-1941,-2032
1754830572973,0x064,6,01 FF FF 86 B8 10,1,12.500000,3.412698,0.145055,-1,-1941,-2032
1754830572978,0x064,6,01 FF FF 86 B8 10,1,12.500000,3.412698,0.145055,-1,-1941,-2032
1754830572980,0x064,6,01 FF FF 86 B8 10,1,12.500000,3.412698,0.145055,-1,-1941,-2032
1754830572992,0x064,6,01 FF FF 86 B8 10,1,12.500000,3.412698,0.145055,-1,-1941,-2032
1754830572997,0x064,6,01 FF FF 86 B8 10,1,12.500000,3.412698,0.145055,-1,-1941,-2032
1754830573005,0x064,6,01 FF FF 86 B8 10,1,12.500000,3.412698,0.145055,-1,-1941,-2032
1754830573011,0x064,6,01 FF FF 86 B8 10,1,12.500000,3.412698,0.145055,-1,-1941,-2032
1754830573016,0x064,6,01 FF FF 86 B8 10,1,12.500000,3.412698,0.145055,-1,-1941,-2032
1754830573029,0x064,6,01 FF FF 83 E8 5A,1,12.500000,1.984127,0.795604,-1,-1986,-1958
1754830573042,0x064,6,01 FF FF 83 E8 5A,1,12.500000,1.984127,0.795604,-1,-1986,-1958
1754830573044,0x064,6,01 FF FF 83 E8 5A,1,12.500000,1.984127,0.795604,-1,-1986,-1958
1754830573049,0x064,6,01 FF FF 83 E8 5A,1,12.500000,1.984127,0.795604,-1,-1986,-1958
1754830573054,0x064,6,01 FF FF 83 E8 5A,1,12.500000,1.984127,0.795604,-1,-1986,-1958
1754830573059,0x064,6,01 FF FF 83 E8 5A,1,12.500000,1.984127,0.795604,-1,-1986,-1958
1754830573065,0x064,6,01 FF FF 83 E8 5A,1,12.500000,1.984127,0.795604,-1,-1986,-1958
1754830573073,0x064,6,01 FF FF 83 E8 5A,1,12.500000,1.984127,0.795604,-1,-1986,-1958
1754830573076,0x064,6,01 FF FF 83 E8 5A,1,12.500000,1.984127,0.795604,-1,-1986,-1958
1754830573081,0x064,6,01 FF FF 83 E8 5A,1,12.500000,1.984127,0.795604,-1,-1986,-1958
1754830573092,0x064,6,01 FF FF 83 E8 5A,1,12.500000,1.984127,0.795604,-1,-1986,-1958
1754830573098,0x064,6,01 FF FF 83 E8 5A,1,12.500000,1.984127,0.795604,-1,-1986,-1958
1754830573110,0x064,6,01 FF FF 83 E8 5A,1,12.500000,1.984127,0.795604,-1,-1986,-1958
1754830573115,0x064,6,01 FF FF 83 E8 5A,1,12.500000,1.984127,0.795604,-1,-1986,-1958
1754830573122,0x064,6,01 FF FF 83 E8 5A,1,12.500000,1.984127,0.795604,-1,-1986,-1958
1754830573125,0x064,6,01 FF FF 85 A7 EF,1,12.500000,2.873016,-0.145055,-1,-1958,2031
1754830573136,0x064,6,01 FF FF 85 A7 EF,1,12.500000,2.873016,-0.145055,-1,-1958,2031
1754830573139,0x064,6,01 FF FF 85 A7 EF,1,12.500000,2.873016,-0.145055,-1,-1958,2031
1754830573146,0x064,6,01 FF FF 85 A7 EF,1,12.500000,2.873016,-0.145055,-1,-1958,2031
1754830573150,0x064,6,01 FF FF 85 A7 EF,1,12.500000,2.873016,-0.145055,-1,-1958,2031
1754830573155,0x064,6,01 FF FF 85 A7 EF,1,12.500000,2.873016,-0.145055,-1,-1958,2031
1754830573160,0x064,6,01 FF FF 85 A7 EF,1,12.500000,2.873016,-0.145055,-1,-1958,2031
1754830573166,0x064,6,01 FF FF 85 A7 EF,1,12.500000,2.873016,-0.145055,-1,-1958,2031
1754830573179,0x064,6,01 FF FF 85 A7 EF,1,12.500000,2.873016,-0.145055,-1,-1958,2031
1754830573202,0x064,6,01 FF FF 85 A7 EF,1,12.500000,2.873016,-0.145055,-1,-1958,2031
1754830573202,0x064,6,01 FF FF 85 A7 EF,1,12.500000,2.873016,-0.145055,-1,-1958,2031
1754830573202,0x064,6,01 FF FF 85 A7 EF,1,12.500000,2.873016,-0.145055,-1,-1958,2031
1754830573203,0x064,6,01 FF FF 85 A7 EF,1,12.500000,2.873016,-0.145055,-1,-1958,2031
1754830573213,0x064,6,01 FF FF 85 A7 EF,1,12.500000,2.873016,-0.145055,-1,-1958,2031
1754830573222,0x064,6,01 FF FF 85 A7 EF,1,12.500000,2.873016,-0.145055,-1,-1958,2031
1754830573224,0x064,6,01 FF FF 86 28 5D,1,12.500000,3.126984,0.821978,-1,-1950,-1955
1754830573238,0x064,6,01 FF FF 86 28 5D,1,12.500000,3.126984,0.821978,-1,-1950,-1955
1754830573245,0x064,6,01 FF FF 86 28 5D,1,12.500000,3.126984,0.821978,-1,-1950,-1955
1754830573257,0x064,6,01 FF FF 86 28 5D,1,12.500000,3.126984,0.821978,-1,-1950,-1955
1754830573258,0x064,6,01 FF FF 86 28 5D,1,12.500000,3.126984,0.821978,-1,-1950,-1955
1754830573258,0x064,6,01 FF FF 86 28 5D,1,12.500000,3.126984,0.821978,-1,-1950,-1955
1754830573262,0x064,6,01 FF FF 86 28 5D,1,12.500000,3.126984,0.821978,-1,-1950,-1955
1754830573273,0x064,6,01 FF FF 86 28 5D,1,12.500000,3.126984,0.821978,-1,-1950,-1955
1754830573277,0x064,6,01 FF FF 86 28 5D,1,12.500000,3.126984,0.821978,-1,-1950,-1955
1754830573279,0x064,6,01 FF FF 86 28 5D,1,12.500000,3.126984,0.821978,-1,-1950,-1955
1754830573284,0x064,6,01 FF FF 86 28 5D,1,12.500000,3.126984,0.821978,-1,-1950,-1955
1754830573291,0x064,6,01 FF FF 86 28 5D,1,12.500000,3.126984,0.821978,-1,-1950,-1955
1754830573295,0x064,6,01 FF FF 86 28 5D,1,12.500000,3.126984,0.821978,-1,-1950,-1955
1754830573304,0x064,6,01 FF FF 86 28 5D,1,12.500000,3.126984,0.821978,-1,-1950,-1955
1754830573311,0x064,6,01 FF FF 86 28 5D,1,12.500000,3.126984,0.821978,-1,-1950,-1955
1754830573316,0x064,6,01 FF FF 86 28 5D,1,12.500000,3.126984,0.821978,-1,-1950,-1955
1754830573322,0x064,6,01 FF FF 85 78 22,1,12.500000,2.777778,0.303297,-1,-1961,-2014
1754830573327,0x064,6,01 FF FF 85 78 22,1,12.500000,2.777778,0.303297,-1,-1961,-2014
1754830573332,0x064,6,01 FF FF 85 78 22,1,12.500000,2.777778,0.303297,-1,-1961,-2014
1754830573338,0x064,6,01 FF FF 85 78 22,1,12.500000,2.777778,0.303297,-1,-1961,-2014
1754830573343,0x064,6,01 FF FF 85 78 22,1,12.500000,2.777778,0.303297,-1,-1961,-2014
1754830573351,0x064,6,01 FF FF 85 78 22,1,12.500000,2.777778,0.303297,-1,-1961,-2014
1754830573356,0x064,6,01 FF FF 85 78 22,1,12.500000,2.777778,0.303297,-1,-1961,-2014
1754830573358,0x064,6,01 FF FF 85 78 22,1,12.500000,2.777778,0.303297,-1,-1961,-2014
1754830573363,0x064,6,01 FF FF 85 78 22,1,12.500000,2.777778,0.303297,-1,-1961,-2014
1754830573372,0x064,6,01 FF FF 85 78 22,1,12.500000,2.777778,0.303297,-1,-1961,-2014
1754830573377,0x064,6,01 FF FF 85 78 22,1,12.500000,2.777778,0.303297,-1,-1961,-2014
1754830573382,0x064,6,01 FF FF 85 78 22,1,12.500000,2.777778,0.303297,-1,-1961,-2014
1754830573392,0x064,6,01 FF FF 85 78 22,1,12.500000,2.777778,0.303297,-1,-1961,-2014
1754830573393,0x064,6,01 FF FF 85 78 22,1,12.500000,2.777778,0.303297,-1,-1961,-2014
1754830573398,0x064,6,01 FF FF 85 78 22,1,12.500000,2.777778,0.303297,-1,-1961,-2014
1754830573403,0x064,6,01 FF FF 85 78 22,1,12.500000,2.777778,0.303297,-1,-1961,-2014
1754830573412,0x064,6,01 FF FF 85 78 22,1,12.500000,2.777778,0.303297,-1,-1961,-2014
1754830573426,0x064,6,01 FF FF 85 78 22,1,12.500000,2.777778,0.303297,-1,-1961,-2014
1754830573427,0x064,6,01 FF FF 85 78 22,1,12.500000,2.777778,0.303297,-1,-1961,-2014
1754830573431,0x064,6,01 FF FF 85 77 F1,1,12.500000,2.777778,-0.127473,-1,-1961,2033
1754830573436,0x064,6,01 FF FF 85 77 F1,1,12.500000,2.777778,-0.127473,-1,-1961,2033
1754830573447,0x064,6,01 FF FF 85 77 F1,1,12.500000,2.777778,-0.127473,-1,-1961,2033
1754830573458,0x064,6,01 FF FF 85 77 F1,1,12.500000,2.777778,-0.127473,-1,-1961,2033
1754831166072,0x064,6,01 AB 57 80 07 F4,1,4.232662,0.015873,-0.101099,-21673,-2048,2036
1754831166073,0x064,6,01 AB 2A 7C C8 0F,1,4.215496,-1.634921,0.136264,-21718,1996,-2033
1754831166073,0x064,6,01 AB 2A 7C C8 0F,1,4.215496,-1.634921,0.136264,-21718,1996,-2033
1754831166077,0x064,6,01 AB 2A 7C C8 0F,1,4.215496,-1.634921,0.136264,-21718,1996,-2033
1754831166083,0x064,6,01 AB 2A 7C C8 0F,1,4.215496,-1.634921,0.136264,-21718,1996,-2033
1754831166088,0x064,6,01 AB 2A 7C C8 0F,1,4.215496,-1.634921,0.136264,-21718,1996,-2033
1754831166098,0x064,6,01 AB 2A 7C C8 0F,1,4.215496,-1.634921,0.136264,-21718,1996,-2033
1754831166102,0x064,6,01 A8 4C 72 37 BE,1,3.935492,-7.000000,-0.575824,-22452,1827,1982
1754831166108,0x064,6,01 A8 4C 72 37 BE,1,3.935492,-7.000000,-0.575824,-22452,1827,1982
1754831166113,0x064,6,01 A8 4C 72 37 BE,1,3.935492,-7.000000,-0.575824,-22452,1827,1982
1754831166119,0x064,6,01 A8 4C 72 37 BE,1,3.935492,-7.000000,-0.575824,-22452,1827,1982
1754831166124,0x064,6,01 A8 4C 72 37 BE,1,3.935492,-7.000000,-0.575824,-22452,1827,1982
1754831166131,0x064,6,01 A8 4C 72 37 BE,1,3.935492,-7.000000,-0.575824,-22452,1827,1982
1754831166135,0x064,6,01 A8 4C 72 37 BE,1,3.935492,-7.000000,-0.575824,-22452,1827,1982
1754831166140,0x064,6,01 A8 4C 72 37 BE,1,3.935492,-7.000000,-0.575824,-22452,1827,1982
1754831166145,0x064,6,01 A8 4C 72 37 BE,1,3.935492,-7.000000,-0.575824,-22452,1827,1982
1754831166172,0x064,6,01 A8 4C 72 37 BE,1,3.935492,-7.000000,-0.575824,-22452,1827,1982
1754831166176,0x064,6,01 A8 4C 72 37 BE,1,3.935492,-7.000000,-0.575824,-22452,1827,1982
1754831166187,0x064,6,01 A8 4C 72 37 BE,1,3.935492,-7.000000,-0.575824,-22452,1827,1982
1754831166194,0x064,6,01 A8 4C 72 37 BE,1,3.935492,-7.000000,-0.575824,-22452,1827,1982
1754831166204,0x064,6,01 A8 4C 72 37 BE,1,3.935492,-7.000000,-0.575824,-22452,1827,1982
1754831166210,0x064,6,01 A8 4C 72 37 BE,1,3.935492,-7.000000,-0.575824,-22452,1827,1982
1754831166216,0x064,6,01 A4 CA 73 07 AD,1,3.592927,-6.587302,-0.725275,-23350,1840,1965
1754831166218,0x064,6,01 A4 CA 73 07 AD,1,3.592927,-6.587302,-0.725275,-23350,1840,1965
1754831166223,0x064,6,01 A4 CA 73 07 AD,1,3.592927,-6.587302,-0.725275,-23350,1840,1965
1754831166224,0x064,6,01 A4 CA 73 07 AD,1,3.592927,-6.587302,-0.725275,-23350,1840,1965
1754831166230,0x064,6,01 A4 CA 73 07 AD,1,3.592927,-6.587302,-0.725275,-23350,1840,1965
1754831166235,0x064,6,01 A4 CA 73 07 AD,1,3.592927,-6.587302,-0.725275,-23350,1840,1965
1754831166240,0x064,6,01 A4 CA 73 07 AD,1,3.592927,-6.587302,-0.725275,-23350,1840,1965
1754831166246,0x064,6,01 A4 CA 73 07 AD,1,3.592927,-6.587302,-0.725275,-23350,1840,1965
1754831166256,0x064,6,01 A4 CA 73 07 AD,1,3.592927,-6.587302,-0.725275,-23350,1840,1965
1754831166264,0x064,6,01 A4 CA 73 07 AD,1,3.592927,-6.587302,-0.725275,-23350,1840,1965
1754831166273,0x064,6,01 A4 CA 73 07 AD,1,3.592927,-6.587302,-0.725275,-23350,1840,1965
1754831166281,0x064,6,01 A4 CA 73 07 AD,1,3.592927,-6.587302,-0.725275,-23350,1840,1965
1754831166289,0x064,6,01 A4 CA 73 07 AD,1,3.592927,-6.587302,-0.725275,-23350,1840,1965
1754831166290,0x064,6,01 A4 CA 73 07 AD,1,3.592927,-6.587302,-0.725275,-23350,1840,1965
1754831166306,0x064,6,01 A4 CA 73 07 AD,1,3.592927,-6.587302,-0.725275,-23350,1840,1965
1754831166307,0x064,6,01 A1 81 73 B8 1F,1,3.272107,-6.238095,0.276923,-24191,1851,-2017
1754831166320,0x064,6,01 A1 81 73 B8 1F,1,3.272107,-6.238095,0.276923,-24191,1851,-2017
1754831166320,0x064,6,01 A1 81 73 B8 1F,1,3.272107,-6.238095,0.276923,-24191,1851,-2017
1754831166323,0x064,6,01 A1 81 73 B8 1F,1,3.272107,-6.238095,0.276923,-24191,1851,-2017
1754831166328,0x064,6,01 A1 81 73 B8 1F,1,3.272107,-6.238095,0.276923,-24191,1851,-2017
1754831166334,0x064,6,01 A1 81 73 B8 1F,1,3.272107,-6.238095,0.276923,-24191,1851,-2017
1754831166341,0x064,6,01 A1 81 73 B8 1F,1,3.272107,-6.238095,0.276923,-24191,1851,-2017
1754831166346,0x064,6,01 A1 81 73 B8 1F,1,3.272107,-6.238095,0.276923,-24191,1851,-2017
1754831166357,0x064,6,01 A1 81 73 B8 1F,1,3.272107,-6.238095,0.276923,-24191,1851,-2017
1754831166357,0x064,6,01 A1 81 73 B8 1F,1,3.272107,-6.238095,0.276923,-24191,1851,-2017
1754831166363,0x064,6,01 A1 81 73 B8 1F,1,3.272107,-6.238095,0.276923,-24191,1851,-2017
1754831166368,0x064,6,01 A1 81 73 B8 1F,1,3.272107,-6.238095,0.276923,-24191,1851,-2017
1754831166374,0x064,6,01 A1 81 73 B8 1F,1,3.272107,-6.238095,0.276923,-24191,1851,-2017
1754831166380,0x064,6,01 A1 81 73 B8 1F,1,3.272107,-6.238095,0.276923,-24191,1851,-2017
1754831166386,0x064,6,01 A1 81 73 B8 1F,1,3.272107,-6.238095,0.276923,-24191,1851,-2017
1754831166392,0x064,6,01 A1 81 73 B8 1F,1,3.272107,-6.238095,0.276923,-24191,1851,-2017
1754831166400,0x064,6,01 A1 81 73 B8 1F,1,3.272107,-6.238095,0.276923,-24191,1851,-2017
1754831166406,0x064,6,01 9E 67 74 C8 4D,1,2.969215,-5.698413,0.681319,-24985,1868,-1971
1754831166409,0x064,6,01 9E 67 74 C8 4D,1,2.969215,-5.698413,0.681319,-24985,1868,-1971
1754831166414,0x064,6,01 9E 67 74 C8 4D,1,2.969215,-5.698413,0.681319,-24985,1868,-1971
1754831166420,0x064,6,01 9E 67 74 C8 4D,1,2.969215,-5.698413,0.681319,-24985,1868,-1971
1754831166425,0x064,6,01 9E 67 74 C8 4D,1,2.969215,-5.698413,0.681319,-24985,1868,-1971
1754831166433,0x064,6,01 9E 67 74 C8 4D,1,2.969215,-5.698413,0.681319,-24985,1868,-1971
1754831166446,0x064,6,01 9E 67 74 C8 4D,1,2.969215,-5.698413,0.681319,-24985,1868,-1971
1754831166450,0x064,6,01 9E 67 74 C8 4D,1,2.969215,-5.698413,0.681319,-24985,1868,-1971
1754831166453,0x064,6,01 9E 67 74 C8 4D,1,2.969215,-5.698413,0.681319,-24985,1868,-1971
1754831166458,0x064,6,01 9E 67 74 C8 4D,1,2.969215,-5.698413,0.681319,-24985,1868,-1971
1754831166463,0x064,6,01 9E 67 74 C8 4D,1,2.969215,-5.698413,0.681319,-24985,1868,-1971
1754831166469,0x064,6,01 9E 67 74 C8 4D,1,2.969215,-5.698413,0.681319,-24985,1868,-1971
1754831166474,0x064,6,01 9E 67 74 C8 4D,1,2.969215,-5.698413,0.681319,-24985,1868,-1971
1754831166479,0x064,6,01 9E 67 74 C8 4D,1,2.969215,-5.698413,0.681319,-24985,1868,-1971
1754831166486,0x064,6,01 9E 67 74 C8 4D,1,2.969215,-5.698413,0.681319,-24985,1868,-1971
1754831166491,0x064,6,01 9E 67 74 C8 4D,1,2.969215,-5.698413,0.681319,-24985,1868,-1971
1754831166498,0x064,6,01 9E 67 74 C8 4D,1,2.969215,-5.698413,0.681319,-24985,1868,-1971
1754831166502,0x064,6,01 9B 92 75 E8 36,1,2.692645,-5.126984,0.479121,-25710,1886,-1994
1754831166507,0x064,6,01 9B 92 75 E8 36,1,2.692645,-5.126984,0.479121,-25710,1886,-1994
1754831166520,0x064,6,01 9B 92 75 E8 36,1,2.692645,-5.126984,0.479121,-25710,1886,-1994
1754831166534,0x064,6,01 9B 92 75 E8 36,1,2.692645,-5.126984,0.479121,-25710,1886,-1994
1754831166537,0x064,6,01 9B 92 75 E8 36,1,2.692645,-5.126984,0.479121,-25710,1886,-1994
1754831166545,0x064,6,01 9B 92 75 E8 36,1,2.692645,-5.126984,0.479121,-25710,1886,-1994
1754831166556,0x064,6,01 9B 92 75 E8 36,1,2.692645,-5.126984,0.479121,-25710,1886,-1994
1754831166566,0x064,6,01 9B 92 75 E8 36,1,2.692645,-5.126984,0.479121,-25710,1886,-1994
1754831166569,0x064,6,01 9B 92 75 E8 36,1,2.692645,-5.126984,0.479121,-25710,1886,-1994
1754831166576,0x064,6,01 9B 92 75 E8 36,1,2.692645,-5.126984,0.479121,-25710,1886,-1994
1754831166586,0x064,6,01 9B 92 75 E8 36,1,2.692645,-5.126984,0.479121,-25710,1886,-1994
1754831166599,0x064,6,01 9B 92 75 E8 36,1,2.692645,-5.126984,0.479121,-25710,1886,-1994
1754831166602,0x064,6,01 9B 92 75 E8 36,1,2.692645,-5.126984,0.479121,-25710,1886,-1994
1754831166602,0x064,6,01 9B 92 75 E8 36,1,2.692645,-5.126984,0.479121,-25710,1886,-1994
1754831166603,0x064,6,01 98 F5 76 67 D2,1,2.437438,-4.873016,-0.400000,-26379,1894,2002
1754831166609,0x064,6,01 98 F5 76 67 D2,1,2.437438,-4.873016,-0.400000,-26379,1894,2002
1754831166614,0x064,6,01 98 F5 76 67 D2,1,2.437438,-4.873016,-0.400000,-26379,1894,2002
1754831166619,0x064,6,01 98 F5 76 67 D2,1,2.437438,-4.873016,-0.400000,-26379,1894,2002
1754831166625,0x064,6,01 98 F5 76 67 D2,1,2.437438,-4.873016,-0.400000,-26379,1894,2002
1754831166632,0x064,6,01 98 F5 76 67 D2,1,2.437438,-4.873016,-0.400000,-26379,1894,2002
1754831166635,0x064,6,01 98 F5 76 67 D2,1,2.437438,-4.873016,-0.400000,-26379,1894,2002
1754831166641,0x064,6,01 98 F5 76 67 D2,1,2.437438,-4.873016,-0.400000,-26379,1894,2002
1754831166647,0x064,6,01 98 F5 76 67 D2,1,2.437438,-4.873016,-0.400000,-26379,1894,2002
1754831166652,0x064,6,01 98 F5 76 67 D2,1,2.437438,-4.873016,-0.400000,-26379,1894,2002
1754831166663,0x064,6,01 98 F5 76 67 D2,1,2.437438,-4.873016,-0.400000,-26379,1894,2002
1754831166664,0x064,6,01 98 F5 76 67 D2,1,2.437438,-4.873016,-0.400000,-26379,1894,2002
1754831166672,0x064,6,01 98 F5 76 67 D2,1,2.437438,-4.873016,-0.400000,-26379,1894,2002
1754831166674,0x064,6,01 98 F5 76 67 D2,1,2.437438,-4.873016,-0.400000,-26379,1894,2002
1754831166679,0x064,6,01 98 F5 76 67 D2,1,2.437438,-4.873016,-0.400000,-26379,1894,2002
1754831166689,0x064,6,01 98 F5 76 67 D2,1,2.437438,-4.873016,-0.400000,-26379,1894,2002
1754831166691,0x064,6,01 98 F5 76 67 D2,1,2.437438,-4.873016,-0.400000,-26379,1894,2002
1754831166697,0x064,6,01 98 F5 76 67 D2,1,2.437438,-4.873016,-0.400000,-26379,1894,2002
1754831166702,0x064,6,01 96 A1 77 17 ED,1,2.210079,-4.523810,-0.162637,-26975,1905,2029
1754831166708,0x064,6,01 96 A1 77 17 ED,1,2.210079,-4.523810,-0.162637,-26975,1905,2029
1754831166713,0x064,6,01 96 A1 77 17 ED,1,2.210079,-4.523810,-0.162637,-26975,1905,2029
1754831166719,0x064,6,01 96 A1 77 17 ED,1,2.210079,-4.523810,-0.162637,-26975,1905,2029
1754831166724,0x064,6,01 96 A1 77 17 ED,1,2.210079,-4.523810,-0.162637,-26975,1905,2029
1754831166729,0x064,6,01 96 A1 77 17 ED,1,2.210079,-4.523810,-0.162637,-26975,1905,2029
1754831166735,0x064,6,01 96 A1 77 17 ED,1,2.210079,-4.523810,-0.162637,-26975,1905,2029
1754831166751,0x064,6,01 96 A1 77 17 ED,1,2.210079,-4.523810,-0.162637,-26975,1905,2029
1754831166752,0x064,6,01 96 A1 77 17 ED,1,2.210079,-4.523810,-0.162637,-26975,1905,2029
1754831166754,0x064,6,01 96 A1 77 17 ED,1,2.210079,-4.523810,-0.162637,-26975,1905,2029
1754831166760,0x064,6,01 96 A1 77 17 ED,1,2.210079,-4.523810,-0.162637,-26975,1905,2029
1754831166766,0x064,6,01 96 A1 77 17 ED,1,2.210079,-4.523810,-0.162637,-26975,1905,2029
1754831166770,0x064,6,01 96 A1 77 17 ED,1,2.210079,-4.523810,-0.162637,-26975,1905,2029
1754831166780,0x064,6,01 96 A1 77 17 ED,1,2.210079,-4.523810,-0.162637,-26975,1905,2029
1754831166789,0x064,6,01 96 A1 77 17 ED,1,2.210079,-4.523810,-0.162637,-26975,1905,2029
1754831166795,0x064,6,01 96 A1 77 17 ED,1,2.210079,-4.523810,-0.162637,-26975,1905,2029
1754831166798,0x064,6,01 96 A1 77 17 ED,1,2.210079,-4.523810,-0.162637,-26975,1905,2029
1754831166807,0x064,6,01 94 9D 78 A7 DD,1,2.013237,-3.730159,-0.303297,-27491,1930,2013
1754831166812,0x064,6,01 94 9D 78 A7 DD,1,2.013237,-3.730159,-0.303297,-27491,1930,2013
1754831166817,0x064,6,01 94 9D 78 A7 DD,1,2.013237,-3.730159,-0.303297,-27491,1930,2013
1754831166822,0x064,6,01 94 9D 78 A7 DD,1,2.013237,-3.730159,-0.303297,-27491,1930,2013
1754831166827,0x064,6,01 94 9D 78 A7 DD,1,2.013237,-3.730159,-0.303297,-27491,1930,2013
1754831166833,0x064,6,01 94 9D 78 A7 DD,1,2.013237,-3.730159,-0.303297,-27491,1930,2013
1754831166839,0x064,6,01 94 9D 78 A7 DD,1,2.013237,-3.730159,-0.303297,-27491,1930,2013
1754831166845,0x064,6,01 94 9D 78 A7 DD,1,2.013237,-3.730159,-0.303297,-27491,1930,2013
1754831166850,0x064,6,01 94 9D 78 A7 DD,1,2.013237,-3.730159,-0.303297,-27491,1930,2013
1754831166860,0x064,6,01 94 9D 78 A7 DD,1,2.013237,-3.730159,-0.303297,-27491,1930,2013
1754831166866,0x064,6,01 94 9D 78 A7 DD,1,2.013237,-3.730159,-0.303297,-27491,1930,2013
1754831166871,0x064,6,01 94 9D 78 A7 DD,1,2.013237,-3.730159,-0.303297,-27491,1930,2013
1754831166873,0x064,6,01 94 9D 78 A7 DD,1,2.013237,-3.730159,-0.303297,-27491,1930,2013
1754831166878,0x064,6,01 94 9D 78 A7 DD,1,2.013237,-3.730159,-0.303297,-27491,1930,2013
1754831166888,0x064,6,01 94 9D 78 A7 DD,1,2.013237,-3.730159,-0.303297,-27491,1930,2013
1754831166889,0x064,6,01 94 9D 78 A7 DD,1,2.013237,-3.730159,-0.303297,-27491,1930,2013
1754831166898,0x064,6,01 94 9D 78 A7 DD,1,2.013237,-3.730159,-0.303297,-27491,1930,2013
1754831166900,0x064,6,01 94 9D 78 A7 DD,1,2.013237,-3.730159,-0.303297,-27491,1930,2013
1754831166909,0x064,6,01 92 D7 79 A7 F7,1,1.840047,-3.222222,-0.074725,-27945,1946,2039
1754831166918,0x064,6,01 92 D7 79 A7 F7,1,1.840047,-3.222222,-0.074725,-27945,1946,2039
1754831166920,0x064,6,01 92 D7 79 A7 F7,1,1.840047,-3.222222,-0.074725,-27945,1946,2039
1754831166926,0x064,6,01 92 D7 79 A7 F7,1,1.840047,-3.222222,-0.074725,-27945,1946,2039
1754831166931,0x064,6,01 92 D7 79 A7 F7,1,1.840047,-3.222222,-0.074725,-27945,1946,2039
1754831166936,0x064,6,01 92 D7 79 A7 F7,1,1.840047,-3.222222,-0.074725,-27945,1946,2039
1754831166942,0x064,6,01 92 D7 79 A7 F7,1,1.840047,-3.222222,-0.074725,-27945,1946,2039
1754831166950,0x064,6,01 92 D7 79 A7 F7,1,1.840047,-3.222222,-0.074725,-27945,1946,2039
1754831166953,0x064,6,01 92 D7 79 A7 F7,1,1.840047,-3.222222,-0.074725,-27945,1946,2039
1754831166963,0x064,6,01 92 D7 79 A7 F7,1,1.840047,-3.222222,-0.074725,-27945,1946,2039
1754831166968,0x064,6,01 92 D7 79 A7 F7,1,1.840047,-3.222222,-0.074725,-27945,1946,2039
1754831166971,0x064,6,01 92 D7 79 A7 F7,1,1.840047,-3.222222,-0.074725,-27945,1946,2039
1754831166979,0x064,6,01 92 D7 79 A7 F7,1,1.840047,-3.222222,-0.074725,-27945,1946,2039
1754831166984,0x064,6,01 92 D7 79 A7 F7,1,1.840047,-3.222222,-0.074725,-27945,1946,2039
1754831166992,0x064,6,01 92 D7 79 A7 F7,1,1.840047,-3.222222,-0.074725,-27945,1946,2039
1754831166993,0x064,6,01 92 D7 79 A7 F7,1,1.840047,-3.222222,-0.074725,-27945,1946,2039
1754831166998,0x064,6,01 92 D7 79 A7 F7,1,1.840047,-3.222222,-0.074725,-27945,1946,2039
1754831167003,0x064,6,01 91 75 7B 27 F9,1,1.705005,-2.460317,-0.057143,-28299,1970,2041
1754831167014,0x064,6,01 91 75 7B 27 F9,1,1.705005,-2.460317,-0.057143,-28299,1970,2041
1754831167016,0x064,6,01 91 75 7B 27 F9,1,1.705005,-2.460317,-0.057143,-28299,1970,2041
1754831167020,0x064,6,01 91 75 7B 27 F9,1,1.705005,-2.460317,-0.057143,-28299,1970,2041
1754831167033,0x064,6,01 91 75 7B 27 F9,1,1.705005,-2.460317,-0.057143,-28299,1970,2041
1754831167046,0x064,6,01 91 75 7B 27 F9,1,1.705005,-2.460317,-0.057143,-28299,1970,2041
1754831167055,0x064,6,01 91 75 7B 27 F9,1,1.705005,-2.460317,-0.057143,-28299,1970,2041
1754831167057,0x064,6,01 91 75 7B 27 F9,1,1.705005,-2.460317,-0.057143,-28299,1970,2041
1754831167057,0x064,6,01 91 75 7B 27 F9,1,1.705005,-2.460317,-0.057143,-28299,1970,2041
1754831167062,0x064,6,01 91 75 7B 27 F9,1,1.705005,-2.460317,-0.057143,-28299,1970,2041
1754831167069,0x064,6,01 91 75 7B 27 F9,1,1.705005,-2.460317,-0.057143,-28299,1970,2041
1754831167073,0x064,6,01 91 75 7B 27 F9,1,1.705005,-2.460317,-0.057143,-28299,1970,2041
1754831167077,0x064,6,01 91 75 7B 27 F9,1,1.705005,-2.460317,-0.057143,-28299,1970,2041
1754831167083,0x064,6,01 91 75 7B 27 F9,1,1.705005,-2.460317,-0.057143,-28299,1970,2041
1754831167092,0x064,6,01 91 75 7B 27 F9,1,1.705005,-2.460317,-0.057143,-28299,1970,2041
1754831167097,0x064,6,01 91 75 7B 27 F9,1,1.705005,-2.460317,-0.057143,-28299,1970,2041
1754831167102,0x064,6,01 90 65 7C 87 B3,1,1.601244,-1.761905,-0.672527,-28571,1992,1971
1754831167117,0x064,6,01 90 65 7C 87 B3,1,1.601244,-1.761905,-0.672527,-28571,1992,1971
1754831167127,0x064,6,01 90 65 7C 87 B3,1,1.601244,-1.761905,-0.672527,-28571,1992,1971
1754831167131,0x064,6,01 90 65 7C 87 B3,1,1.601244,-1.761905,-0.672527,-28571,1992,1971
1754831167137,0x064,6,01 90 65 7C 87 B3,1,1.601244,-1.761905,-0.672527,-28571,1992,1971
1754831167138,0x064,6,01 90 65 7C 87 B3,1,1.601244,-1.761905,-0.672527,-28571,1992,1971
1754831167144,0x064,6,01 90 65 7C 87 B3,1,1.601244,-1.761905,-0.672527,-28571,1992,1971
1754831167160,0x064,6,01 90 65 7C 87 B3,1,1.601244,-1.761905,-0.672527,-28571,1992,1971
1754831167171,0x064,6,01 90 65 7C 87 B3,1,1.601244,-1.761905,-0.672527,-28571,1992,1971
1754831167189,0x064,6,01 90 65 7C 87 B3,1,1.601244,-1.761905,-0.672527,-28571,1992,1971
1754831167194,0x064,6,01 90 65 7C 87 B3,1,1.601244,-1.761905,-0.672527,-28571,1992,1971
1754831167194,0x064,6,01 90 65 7C 87 B3,1,1.601244,-1.761905,-0.672527,-28571,1992,1971
1754831167194,0x064,6,01 90 65 7C 87 B3,1,1.601244,-1.761905,-0.672527,-28571,1992,1971
1754831167195,0x064,6,01 90 65 7C 87 B3,1,1.601244,-1.761905,-0.672527,-28571,1992,1971
1754831167201,0x064,6,01 90 65 7C 87 B3,1,1.601244,-1.761905,-0.672527,-28571,1992,1971
1754831167206,0x064,6,01 8F BC 7E 38 5B,1,1.536774,-0.904762,0.804396,-28740,2019,-1957
1754831167214,0x064,6,01 8F BC 7E 38 5B,1,1.536774,-0.904762,0.804396,-28740,2019,-1957
1754831167217,0x064,6,01 8F BC 7E 38 5B,1,1.536774,-0.904762,0.804396,-28740,2019,-1957
1754831167223,0x064,6,01 8F BC 7E 38 5B,1,1.536774,-0.904762,0.804396,-28740,2019,-1957
1754831167239,0x064,6,01 8F BC 7E 38 5B,1,1.536774,-0.904762,0.804396,-28740,2019,-1957
1754831167239,0x064,6,01 8F BC 7E 38 5B,1,1.536774,-0.904762,0.804396,-28740,2019,-1957
1754831167245,0x064,6,01 8F BC 7E 38 5B,1,1.536774,-0.904762,0.804396,-28740,2019,-1957
1754831167250,0x064,6,01 8F BC 7E 38 5B,1,1.536774,-0.904762,0.804396,-28740,2019,-1957
1754831167253,0x064,6,01 8F BC 7E 38 5B,1,1.536774,-0.904762,0.804396,-28740,2019,-1957
1754831167285,0x064,6,01 8F BC 7E 38 5B,1,1.536774,-0.904762,0.804396,-28740,2019,-1957
1754831167291,0x064,6,01 8F BC 7E 38 5B,1,1.536774,-0.904762,0.804396,-28740,2019,-1957
1754831167307,0x064,6,01 8F BC 7E 38 5B,1,1.536774,-0.904762,0.804396,-28740,2019,-1957
1754831167308,0x064,6,01 8F BC 7E 38 5B,1,1.536774,-0.904762,0.804396,-28740,2019,-1957
1754831167308,0x064,6,01 8F BC 7E 38 5B,1,1.536774,-0.904762,0.804396,-28740,2019,-1957
1754831167310,0x064,6,01 8F BC 7E 38 5B,1,1.536774,-0.904762,0.804396,-28740,2019,-1957
1754831167312,0x064,6,01 8F BC 7E 38 5B,1,1.536774,-0.904762,0.804396,-28740,2019,-1957
1754831167317,0x064,6,01 8F 7C 7F C7 9C,1,1.512360,-0.111111,-0.874725,-28804,2044,1948
1754831167321,0x064,6,01 8F 7C 7F C7 9C,1,1.512360,-0.111111,-0.874725,-28804,2044,1948
1754831167322,0x064,6,01 8F 7C 7F C7 9C,1,1.512360,-0.111111,-0.874725,-28804,2044,1948
1754831167324,0x064,6,01 8F 7C 7F C7 9C,1,1.512360,-0.111111,-0.874725,-28804,2044,1948
1754831167333,0x064,6,01 8F 7C 7F C7 9C,1,1.512360,-0.111111,-0.874725,-28804,2044,1948
1754831167336,0x064,6,01 8F 7C 7F C7 9C,1,1.512360,-0.111111,-0.874725,-28804,2044,1948
1754831167342,0x064,6,01 8F 7C 7F C7 9C,1,1.512360,-0.111111,-0.874725,-28804,2044,1948
1754831167348,0x064,6,01 8F 7C 7F C7 9C,1,1.512360,-0.111111,-0.874725,-28804,2044,1948
1754831167353,0x064,6,01 8F 7C 7F C7 9C,1,1.512360,-0.111111,-0.874725,-28804,2044,1948
1754831167363,0x064,6,01 8F 7C 7F C7 9C,1,1.512360,-0.111111,-0.874725,-28804,2044,1948
1754831167390,0x064,6,01 8F 7C 7F C7 9C,1,1.512360,-0.111111,-0.874725,-28804,2044,1948
1754831167391,0x064,6,01 8F 7C 7F C7 9C,1,1.512360,-0.111111,-0.874725,-28804,2044,1948
1754831167391,0x064,6,01 8F 7C 7F C7 9C,1,1.512360,-0.111111,-0.874725,-28804,2044,1948
1754831167391,0x064,6,01 8F 7C 7F C7 9C,1,1.512360,-0.111111,-0.874725,-28804,2044,1948
1754831167392,0x064,6,01 8F 7C 7F C7 9C,1,1.512360,-0.111111,-0.874725,-28804,2044,1948
1754831167396,0x064,6,01 8F 7C 7F C7 9C,1,1.512360,-0.111111,-0.874725,-28804,2044,1948
1754831167402,0x064,6,01 8F 7C 80 07 C3,1,1.512360,0.015873,-0.531868,-28804,-2048,1987
1754831167414,0x064,6,01 8F 7C 80 07 C3,1,1.512360,0.015873,-0.531868,-28804,-2048,1987
1754831167422,0x064,6,01 8F 7C 80 07 C3,1,1.512360,0.015873,-0.531868,-28804,-2048,1987
1754831167435,0x064,6,01 8F 7C 80 07 C3,1,1.512360,0.015873,-0.531868,-28804,-2048,1987
1754831167437,0x064,6,01 8F 7C 80 07 C3,1,1.512360,0.015873,-0.531868,-28804,-2048,1987
1754831167441,0x064,6,01 8F 7C 80 07 C3,1,1.512360,0.015873,-0.531868,-28804,-2048,1987
1754831167446,0x064,6,01 8F 7C 80 07 C3,1,1.512360,0.015873,-0.531868,-28804,-2048,1987
1754831167461,0x064,6,01 8F 7C 80 07 C3,1,1.512360,0.015873,-0.531868,-28804,-2048,1987
1754831167467,0x064,6,01 8F 7C 80 07 C3,1,1.512360,0.015873,-0.531868,-28804,-2048,1987
1754831167492,0x064,6,01 8F 7C 80 07 C3,1,1.512360,0.015873,-0.531868,-28804,-2048,1987
1754831167495,0x064,6,01 8F 7C 80 07 C3,1,1.512360,0.015873,-0.531868,-28804,-2048,1987
1754831167512,0x064,6,01 8F 7C 80 07 C3,1,1.512360,0.015873,-0.531868,-28804,-2048,1987
1754831167529,0x064,6,01 8F 7C 80 07 C3,1,1.512360,0.015873,-0.531868,-28804,-2048,1987
1754831167534,0x064,6,01 8F 7C 80 07 C3,1,1.512360,0.015873,-0.531868,-28804,-2048,1987
1754831167541,0x064,6,01 8F A1 81 08 35,1,1.526474,0.523810,0.470330,-28767,-2032,-1995
1754831167552,0x064,6,01 8F A1 81 08 35,1,1.526474,0.523810,0.470330,-28767,-2032,-1995
1754831167553,0x064,6,01 8F A1 81 08 35,1,1.526474,0.523810,0.470330,-28767,-2032,-1995
1754831167553,0x064,6,01 8F A1 81 08 35,1,1.526474,0.523810,0.470330,-28767,-2032,-1995
1754831167553,0x064,6,01 8F A1 81 08 35,1,1.526474,0.523810,0.470330,-28767,-2032,-1995
1754831167554,0x064,6,01 8F A1 81 08 35,1,1.526474,0.523810,0.470330,-28767,-2032,-1995
1754831167554,0x064,6,01 8F A1 81 08 35,1,1.526474,0.523810,0.470330,-28767,-2032,-1995
1754831167557,0x064,6,01 8F A1 81 08 35,1,1.526474,0.523810,0.470330,-28767,-2032,-1995
1754831167569,0x064,6,01 8F A1 81 08 35,1,1.526474,0.523810,0.470330,-28767,-2032,-1995
1754831167577,0x064,6,01 8F A1 81 08 35,1,1.526474,0.523810,0.470330,-28767,-2032,-1995
1754831167588,0x064,6,01 8F A1 81 08 35,1,1.526474,0.523810,0.470330,-28767,-2032,-1995
1754831167588,0x064,6,01 8F A1 81 08 35,1,1.526474,0.523810,0.470330,-28767,-2032,-1995
1754831167592,0x064,6,01 8F A1 81 08 35,1,1.526474,0.523810,0.470330,-28767,-2032,-1995
1754831167597,0x064,6,01 8F A1 81 08 35,1,1.526474,0.523810,0.470330,-28767,-2032,-1995
1754831167602,0x064,6,01 90 11 82 58 2B,1,1.569200,1.190476,0.382418,-28655,-2011,-2005
1754831167609,0x064,6,01 90 11 82 58 2B,1,1.569200,1.190476,0.382418,-28655,-2011,-2005
1754831167615,0x064,6,01 90 11 82 58 2B,1,1.569200,1.190476,0.382418,-28655,-2011,-2005
1754831167620,0x064,6,01 90 11 82 58 2B,1,1.569200,1.190476,0.382418,-28655,-2011,-2005
1754831167636,0x064,6,01 90 11 82 58 2B,1,1.569200,1.190476,0.382418,-28655,-2011,-2005
1754831167636,0x064,6,01 90 11 82 58 2B,1,1.569200,1.190476,0.382418,-28655,-2011,-2005
1754831167640,0x064,6,01 90 11 82 58 2B,1,1.569200,1.190476,0.382418,-28655,-2011,-2005
1754831167660,0x064,6,01 90 11 82 58 2B,1,1.569200,1.190476,0.382418,-28655,-2011,-2005
1754831167662,0x064,6,01 90 11 82 58 2B,1,1.569200,1.190476,0.382418,-28655,-2011,-2005
1754831167664,0x064,6,01 90 11 82 58 2B,1,1.569200,1.190476,0.382418,-28655,-2011,-2005
1754831167673,0x064,6,01 90 11 82 58 2B,1,1.569200,1.190476,0.382418,-28655,-2011,-2005
1754831167674,0x064,6,01 90 11 82 58 2B,1,1.569200,1.190476,0.382418,-28655,-2011,-2005
1754831167680,0x064,6,01 90 11 82 58 2B,1,1.569200,1.190476,0.382418,-28655,-2011,-2005
1754831167692,0x064,6,01 90 11 82 58 2B,1,1.569200,1.190476,0.382418,-28655,-2011,-2005
1754831167693,0x064,6,01 90 11 82 58 2B,1,1.569200,1.190476,0.382418,-28655,-2011,-2005
1754831167698,0x064,6,01 90 11 82 58 2B,1,1.569200,1.190476,0.382418,-28655,-2011,-2005
1754831167703,0x064,6,01 90 E1 83 87 FF,1,1.648547,1.793651,-0.004396,-28447,-1992,2047
1754831167708,0x064,6,01 90 E1 83 87 FF,1,1.648547,1.793651,-0.004396,-28447,-1992,2047
1754831167721,0x064,6,01 90 E1 83 87 FF,1,1.648547,1.793651,-0.004396,-28447,-1992,2047
1754831167734,0x064,6,01 90 E1 83 87 FF,1,1.648547,1.793651,-0.004396,-28447,-1992,2047
1754831167742,0x064,6,01 90 E1 83 87 FF,1,1.648547,1.793651,-0.004396,-28447,-1992,2047
1754831167747,0x064,6,01 90 E1 83 87 FF,1,1.648547,1.793651,-0.004396,-28447,-1992,2047
1754831167753,0x064,6,01 90 E1 83 87 FF,1,1.648547,1.793651,-0.004396,-28447,-1992,2047
1754831167764,0x064,6,01 90 E1 83 87 FF,1,1.648547,1.793651,-0.004396,-28447,-1992,2047
1754831167769,0x064,6,01 90 E1 83 87 FF,1,1.648547,1.793651,-0.004396,-28447,-1992,2047
1754831167784,0x064,6,01 90 E1 83 87 FF,1,1.648547,1.793651,-0.004396,-28447,-1992,2047
1754831167785,0x064,6,01 90 E1 83 87 FF,1,1.648547,1.793651,-0.004396,-28447,-1992,2047
1754831167800,0x064,6,01 90 E1 83 87 FF,1,1.648547,1.793651,-0.004396,-28447,-1992,2047
1754831167808,0x064,6,01 90 E1 83 87 FF,1,1.648547,1.793651,-0.004396,-28447,-1992,2047
1754831167817,0x064,6,01 91 FF 84 B7 F1,1,1.757649,2.396825,-0.127473,-28161,-1973,2033
1754831167823,0x064,6,01 91 FF 84 B7 F1,1,1.757649,2.396825,-0.127473,-28161,-1973,2033
1754831167834,0x064,6,01 91 FF 84 B7 F1,1,1.757649,2.396825,-0.127473,-28161,-1973,2033
1754831167837,0x064,6,01 91 FF 84 B7 F1,1,1.757649,2.396825,-0.127473,-28161,-1973,2033
1754831167848,0x064,6,01 91 FF 84 B7 F1,1,1.757649,2.396825,-0.127473,-28161,-1973,2033
1754831167848,0x064,6,01 91 FF 84 B7 F1,1,1.757649,2.396825,-0.127473,-28161,-1973,2033
1754831167848,0x064,6,01 91 FF 84 B7 F1,1,1.757649,2.396825,-0.127473,-28161,-1973,2033
1754831167883,0x064,6,01 91 FF 84 B7 F1,1,1.757649,2.396825,-0.127473,-28161,-1973,2033
1754831167888,0x064,6,01 91 FF 84 B7 F1,1,1.757649,2.396825,-0.127473,-28161,-1973,2033
1754831167901,0x064,6,01 91 FF 84 B7 F1,1,1.757649,2.396825,-0.127473,-28161,-1973,2033
1754831167909,0x064,6,01 91 FF 84 B7 F1,1,1.757649,2.396825,-0.127473,-28161,-1973,2033
1754831167911,0x064,6,01 91 FF 84 B7 F1,1,1.757649,2.396825,-0.127473,-28161,-1973,2033
1754831167915,0x064,6,01 91 FF 84 B7 F1,1,1.757649,2.396825,-0.127473,-28161,-1973,2033
1754831167919,0x064,6,01 93 7D 86 98 05,1,1.903372,3.349206,0.048352,-27779,-1943,-2043
1754831167922,0x064,6,01 93 7D 86 98 05,1,1.903372,3.349206,0.048352,-27779,-1943,-2043
1754831167939,0x064,6,01 93 7D 86 98 05,1,1.903372,3.349206,0.048352,-27779,-1943,-2043
1754831167946,0x064,6,01 93 7D 86 98 05,1,1.903372,3.349206,0.048352,-27779,-1943,-2043
1754831167959,0x064,6,01 93 7D 86 98 05,1,1.903372,3.349206,0.048352,-27779,-1943,-2043
1754831167965,0x064,6,01 93 7D 86 98 05,1,1.903372,3.349206,0.048352,-27779,-1943,-2043
1754831167967,0x064,6,01 93 7D 86 98 05,1,1.903372,3.349206,0.048352,-27779,-1943,-2043
1754831167980,0x064,6,01 93 7D 86 98 05,1,1.903372,3.349206,0.048352,-27779,-1943,-2043
1754831167998,0x064,6,01 93 7D 86 98 05,1,1.903372,3.349206,0.048352,-27779,-1943,-2043
1754831168008,0x064,6,01 93 7D 86 98 05,1,1.903372,3.349206,0.048352,-27779,-1943,-2043
1754831168023,0x064,6,01 93 7D 86 98 05,1,1.903372,3.349206,0.048352,-27779,-1943,-2043
1754831168029,0x064,6,01 93 7D 86 98 05,1,1.903372,3.349206,0.048352,-27779,-1943,-2043
1754831168029,0x064,6,01 93 7D 86 98 05,1,1.903372,3.349206,0.048352,-27779,-1943,-2043
1754831168029,0x064,6,01 95 6A 88 17 B3,1,2.091440,4.111111,-0.672527,-27286,-1919,1971
1754831168029,0x064,6,01 95 6A 88 17 B3,1,2.091440,4.111111,-0.672527,-27286,-1919,1971
1754831168032,0x064,6,01 95 6A 88 17 B3,1,2.091440,4.111111,-0.672527,-27286,-1919,1971
1754831168040,0x064,6,01 95 6A 88 17 B3,1,2.091440,4.111111,-0.672527,-27286,-1919,1971
1754831168062,0x064,6,01 95 6A 88 17 B3,1,2.091440,4.111111,-0.672527,-27286,-1919,1971
1754831168063,0x064,6,01 95 6A 88 17 B3,1,2.091440,4.111111,-0.672527,-27286,-1919,1971
1754831168063,0x064,6,01 95 6A 88 17 B3,1,2.091440,4.111111,-0.672527,-27286,-1919,1971
1754831168063,0x064,6,01 95 6A 88 17 B3,1,2.091440,4.111111,-0.672527,-27286,-1919,1971
1754831168064,0x064,6,01 95 6A 88 17 B3,1,2.091440,4.111111,-0.672527,-27286,-1919,1971
1754831168079,0x064,6,01 95 6A 88 17 B3,1,2.091440,4.111111,-0.672527,-27286,-1919,1971
1754831168085,0x064,6,01 95 6A 88 17 B3,1,2.091440,4.111111,-0.672527,-27286,-1919,1971
1754831168096,0x064,6,01 95 6A 88 17 B3,1,2.091440,4.111111,-0.672527,-27286,-1919,1971
1754831168096,0x064,6,01 95 6A 88 17 B3,1,2.091440,4.111111,-0.672527,-27286,-1919,1971
1754831168098,0x064,6,01 95 6A 88 17 B3,1,2.091440,4.111111,-0.672527,-27286,-1919,1971
1754831168103,0x064,6,01 97 C7 89 D8 17,1,2.322232,5.000000,0.206593,-26681,-1891,-2025
1754831168108,0x064,6,01 97 C7 89 D8 17,1,2.322232,5.000000,0.206593,-26681,-1891,-2025
1754831168115,0x064,6,01 97 C7 89 D8 17,1,2.322232,5.000000,0.206593,-26681,-1891,-2025
1754831168120,0x064,6,01 97 C7 89 D8 17,1,2.322232,5.000000,0.206593,-26681,-1891,-2025
1754831168126,0x064,6,01 97 C7 89 D8 17,1,2.322232,5.000000,0.206593,-26681,-1891,-2025
1754831168132,0x064,6,01 97 C7 89 D8 17,1,2.322232,5.000000,0.206593,-26681,-1891,-2025
1754831168137,0x064,6,01 97 C7 89 D8 17,1,2.322232,5.000000,0.206593,-26681,-1891,-2025
1754831168142,0x064,6,01 97 C7 89 D8 17,1,2.322232,5.000000,0.206593,-26681,-1891,-2025
1754831168147,0x064,6,01 97 C7 89 D8 17,1,2.322232,5.000000,0.206593,-26681,-1891,-2025
1754831168153,0x064,6,01 97 C7 89 D8 17,1,2.322232,5.000000,0.206593,-26681,-1891,-2025
1754831168168,0x064,6,01 97 C7 89 D8 17,1,2.322232,5.000000,0.206593,-26681,-1891,-2025
1754831168168,0x064,6,01 97 C7 89 D8 17,1,2.322232,5.000000,0.206593,-26681,-1891,-2025
1754831168173,0x064,6,01 97 C7 89 D8 17,1,2.322232,5.000000,0.206593,-26681,-1891,-2025
1754831168179,0x064,6,01 97 C7 89 D8 17,1,2.322232,5.000000,0.206593,-26681,-1891,-2025
1754831168184,0x064,6,01 97 C7 89 D8 17,1,2.322232,5.000000,0.206593,-26681,-1891,-2025
1754831168194,0x064,6,01 97 C7 89 D8 17,1,2.322232,5.000000,0.206593,-26681,-1891,-2025
1754831168195,0x064,6,01 97 C7 89 D8 17,1,2.322232,5.000000,0.206593,-26681,-1891,-2025
1754831168200,0x064,6,01 97 C7 89 D8 17,1,2.322232,5.000000,0.206593,-26681,-1891,-2025
1754831168219,0x064,6,01 9A 8D 8B B8 2B,1,2.593080,5.952381,0.382418,-25971,-1861,-2005
1754831168234,0x064,6,01 9A 8D 8B B8 2B,1,2.593080,5.952381,0.382418,-25971,-1861,-2005
1754831168257,0x064,6,01 9A 8D 8B B8 2B,1,2.593080,5.952381,0.382418,-25971,-1861,-2005
1754831168259,0x064,6,01 9A 8D 8B B8 2B,1,2.593080,5.952381,0.382418,-25971,-1861,-2005
1754831168266,0x064,6,01 9A 8D 8B B8 2B,1,2.593080,5.952381,0.382418,-25971,-1861,-2005
1754831168268,0x064,6,01 9A 8D 8B B8 2B,1,2.593080,5.952381,0.382418,-25971,-1861,-2005
1754831168268,0x064,6,01 9A 8D 8B B8 2B,1,2.593080,5.952381,0.382418,-25971,-1861,-2005
1754831168268,0x064,6,01 9A 8D 8B B8 2B,1,2.593080,5.952381,0.382418,-25971,-1861,-2005
1754831168269,0x064,6,01 9A 8D 8B B8 2B,1,2.593080,5.952381,0.382418,-25971,-1861,-2005
1754831168274,0x064,6,01 9A 8D 8B B8 2B,1,2.593080,5.952381,0.382418,-25971,-1861,-2005
1754831168279,0x064,6,01 9A 8D 8B B8 2B,1,2.593080,5.952381,0.382418,-25971,-1861,-2005
1754831168285,0x064,6,01 9A 8D 8B B8 2B,1,2.593080,5.952381,0.382418,-25971,-1861,-2005
1754831168290,0x064,6,01 9A 8D 8B B8 2B,1,2.593080,5.952381,0.382418,-25971,-1861,-2005
1754831168306,0x064,6,01 9A 8D 8B B8 2B,1,2.593080,5.952381,0.382418,-25971,-1861,-2005
1754831168309,0x064,6,01 9D D2 8D B8 06,1,2.912375,6.968254,0.057143,-25134,-1829,-2042
1754831168315,0x064,6,01 9D D2 8D B8 06,1,2.912375,6.968254,0.057143,-25134,-1829,-2042
1754831168329,0x064,6,01 9D D2 8D B8 06,1,2.912375,6.968254,0.057143,-25134,-1829,-2042
1754831168343,0x064,6,01 9D D2 8D B8 06,1,2.912375,6.968254,0.057143,-25134,-1829,-2042
1754831168352,0x064,6,01 9D D2 8D B8 06,1,2.912375,6.968254,0.057143,-25134,-1829,-2042
1754831168364,0x064,6,01 9D D2 8D B8 06,1,2.912375,6.968254,0.057143,-25134,-1829,-2042
1754831168375,0x064,6,01 9D D2 8D B8 06,1,2.912375,6.968254,0.057143,-25134,-1829,-2042
1754831168380,0x064,6,01 9D D2 8D B8 06,1,2.912375,6.968254,0.057143,-25134,-1829,-2042
1754831168382,0x064,6,01 9D D2 8D B8 06,1,2.912375,6.968254,0.057143,-25134,-1829,-2042
1754831168390,0x064,6,01 9D D2 8D B8 06,1,2.912375,6.968254,0.057143,-25134,-1829,-2042
1754831168403,0x064,6,01 9D D2 8D B8 06,1,2.912375,6.968254,0.057143,-25134,-1829,-2042
1754831168416,0x064,6,01 9D D2 8D B8 06,1,2.912375,6.968254,0.057143,-25134,-1829,-2042
1754831168430,0x064,6,01 9D D2 8D B8 06,1,2.912375,6.968254,0.057143,-25134,-1829,-2042
1754831168453,0x064,6,01 A1 92 8F 77 FC,1,3.278592,7.857143,-0.030769,-24174,-1801,2044
1754831168461,0x064,6,01 A1 92 8F 77 FC,1,3.278592,7.857143,-0.030769,-24174,-1801,2044
1754831168483,0x064,6,01 A1 92 8F 77 FC,1,3.278592,7.857143,-0.030769,-24174,-1801,2044
1754831168486,0x064,6,01 A1 92 8F 77 FC,1,3.278592,7.857143,-0.030769,-24174,-1801,2044
1754831168489,0x064,6,01 A1 92 8F 77 FC,1,3.278592,7.857143,-0.030769,-24174,-1801,2044
1754831168490,0x064,6,01 A1 92 8F 77 FC,1,3.278592,7.857143,-0.030769,-24174,-1801,2044
1754831168492,0x064,6,01 A1 92 8F 77 FC,1,3.278592,7.857143,-0.030769,-24174,-1801,2044
1754831168494,0x064,6,01 A1 92 8F 77 FC,1,3.278592,7.857143,-0.030769,-24174,-1801,2044
1754831168516,0x064,6,01 A1 92 8F 77 FC,1,3.278592,7.857143,-0.030769,-24174,-1801,2044
1754831168540,0x064,6,01 A1 92 8F 77 FC,1,3.278592,7.857143,-0.030769,-24174,-1801,2044
1754831168546,0x064,6,01 A1 92 8F 77 FC,1,3.278592,7.857143,-0.030769,-24174,-1801,2044
1754831168549,0x064,6,01 A1 92 8F 77 FC,1,3.278592,7.857143,-0.030769,-24174,-1801,2044
1754831168554,0x064,6,01 A1 92 8F 77 FC,1,3.278592,7.857143,-0.030769,-24174,-1801,2044
1754831168557,0x064,6,01 A5 D2 90 E8 22,1,3.693637,8.587302,0.303297,-23086,-1778,-2014
1754831168567,0x064,6,01 A5 D2 90 E8 22,1,3.693637,8.587302,0.303297,-23086,-1778,-2014
1754831168572,0x064,6,01 A5 D2 90 E8 22,1,3.693637,8.587302,0.303297,-23086,-1778,-2014
1754831168580,0x064,6,01 A5 D2 90 E8 22,1,3.693637,8.587302,0.303297,-23086,-1778,-2014
1754831168583,0x064,6,01 A5 D2 90 E8 22,1,3.693637,8.587302,0.303297,-23086,-1778,-2014
1754831168598,0x064,6,01 A5 D2 90 E8 22,1,3.693637,8.587302,0.303297,-23086,-1778,-2014
1754831168606,0x064,6,01 A5 D2 90 E8 22,1,3.693637,8.587302,0.303297,-23086,-1778,-2014
1754831168610,0x064,6,01 A5 D2 90 E8 22,1,3.693637,8.587302,0.303297,-23086,-1778,-2014
1754831168613,0x064,6,01 A5 D2 90 E8 22,1,3.693637,8.587302,0.303297,-23086,-1778,-2014
1754831168618,0x064,6,01 A5 D2 90 E8 22,1,3.693637,8.587302,0.303297,-23086,-1778,-2014
1754831168631,0x064,6,01 A5 D2 90 E8 22,1,3.693637,8.587302,0.303297,-23086,-1778,-2014
1754831168639,0x064,6,01 AA A7 94 27 EB,1,4.165522,10.238095,-0.180220,-21849,-1726,2027
1754831168643,0x064,6,01 AA A7 94 27 EB,1,4.165522,10.238095,-0.180220,-21849,-1726,2027
1754831168649,0x064,6,01 AA A7 94 27 EB,1,4.165522,10.238095,-0.180220,-21849,-1726,2027
1754831168653,0x064,6,01 AA A7 94 27 EB,1,4.165522,10.238095,-0.180220,-21849,-1726,2027
1754831168654,0x064,6,01 AA A7 94 27 EB,1,4.165522,10.238095,-0.180220,-21849,-1726,2027
1754831168656,0x064,6,01 AA A7 94 27 EB,1,4.165522,10.238095,-0.180220,-21849,-1726,2027
1754831168661,0x064,6,01 AA A7 94 27 EB,1,4.165522,10.238095,-0.180220,-21849,-1726,2027
1754831168668,0x064,6,01 AA A7 94 27 EB,1,4.165522,10.238095,-0.180220,-21849,-1726,2027
1754831168680,0x064,6,01 AA A7 94 27 EB,1,4.165522,10.238095,-0.180220,-21849,-1726,2027
1754831168685,0x064,6,01 AA A7 94 27 EB,1,4.165522,10.238095,-0.180220,-21849,-1726,2027
1754831168706,0x064,6,01 AA A7 94 27 EB,1,4.165522,10.238095,-0.180220,-21849,-1726,2027
1754831168709,0x064,6,01 AA A7 94 27 EB,1,4.165522,10.238095,-0.180220,-21849,-1726,2027
1754831168716,0x064,6,01 AF F7 95 58 0F,1,4.684329,10.841270,0.136264,-20489,-1707,-2033
1754831168722,0x064,6,01 AF F7 95 58 0F,1,4.684329,10.841270,0.136264,-20489,-1707,-2033
1754831168726,0x064,6,01 AF F7 95 58 0F,1,4.684329,10.841270,0.136264,-20489,-1707,-2033
1754831168734,0x064,6,01 AF F7 95 58 0F,1,4.684329,10.841270,0.136264,-20489,-1707,-2033
1754831168735,0x064,6,01 AF F7 95 58 0F,1,4.684329,10.841270,0.136264,-20489,-1707,-2033
1754831168751,0x064,6,01 AF F7 95 58 0F,1,4.684329,10.841270,0.136264,-20489,-1707,-2033
1754831168779,0x064,6,01 AF F7 95 58 0F,1,4.684329,10.841270,0.136264,-20489,-1707,-2033
1754831168788,0x064,6,01 AF F7 95 58 0F,1,4.684329,10.841270,0.136264,-20489,-1707,-2033
1754831168791,0x064,6,01 AF F7 95 58 0F,1,4.684329,10.841270,0.136264,-20489,-1707,-2033
1754831168797,0x064,6,01 AF F7 95 58 0F,1,4.684329,10.841270,0.136264,-20489,-1707,-2033
1754831168806,0x064,6,01 AF F7 95 58 0F,1,4.684329,10.841270,0.136264,-20489,-1707,-2033
1754831168831,0x064,6,01 AF F7 95 58 0F,1,4.684329,10.841270,0.136264,-20489,-1707,-2033
1754831168845,0x064,6,01 B5 D7 97 58 25,1,5.258068,11.857143,0.329670,-18985,-1675,-2011
1754831168848,0x064,6,01 B5 D7 97 58 25,1,5.258068,11.857143,0.329670,-18985,-1675,-2011
1754831168857,0x064,6,01 B5 D7 97 58 25,1,5.258068,11.857143,0.329670,-18985,-1675,-2011
1754831168866,0x064,6,01 B5 D7 97 58 25,1,5.258068,11.857143,0.329670,-18985,-1675,-2011
1754831168869,0x064,6,01 B5 D7 97 58 25,1,5.258068,11.857143,0.329670,-18985,-1675,-2011
1754831168873,0x064,6,01 B5 D7 97 58 25,1,5.258068,11.857143,0.329670,-18985,-1675,-2011
1754831168873,0x064,6,01 B5 D7 97 58 25,1,5.258068,11.857143,0.329670,-18985,-1675,-2011
1754831168874,0x064,6,01 B5 D7 97 58 25,1,5.258068,11.857143,0.329670,-18985,-1675,-2011
1754831168874,0x064,6,01 B5 D7 97 58 25,1,5.258068,11.857143,0.329670,-18985,-1675,-2011
1754831168880,0x064,6,01 B5 D7 97 58 25,1,5.258068,11.857143,0.329670,-18985,-1675,-2011
1754831168885,0x064,6,01 B5 D7 97 58 25,1,5.258068,11.857143,0.329670,-18985,-1675,-2011
1754831168898,0x064,6,01 B5 D7 97 58 25,1,5.258068,11.857143,0.329670,-18985,-1675,-2011
1754831168901,0x064,6,01 B5 D7 97 58 25,1,5.258068,11.857143,0.329670,-18985,-1675,-2011
1754831168916,0x064,6,01 BC 52 99 A7 E3,1,5.890936,13.031746,-0.250549,-17326,-1638,2019
1754831168924,0x064,6,01 BC 52 99 A7 E3,1,5.890936,13.031746,-0.250549,-17326,-1638,2019
1754831168933,0x064,6,01 BC 52 99 A7 E3,1,5.890936,13.031746,-0.250549,-17326,-1638,2019
1754831168963,0x064,6,01 BC 52 99 A7 E3,1,5.890936,13.031746,-0.250549,-17326,-1638,2019
1754831168970,0x064,6,01 BC 52 99 A7 E3,1,5.890936,13.031746,-0.250549,-17326,-1638,2019
1754831168979,0x064,6,01 BC 52 99 A7 E3,1,5.890936,13.031746,-0.250549,-17326,-1638,2019
1754831168980,0x064,6,01 BC 52 99 A7 E3,1,5.890936,13.031746,-0.250549,-17326,-1638,2019
1754831168980,0x064,6,01 BC 52 99 A7 E3,1,5.890936,13.031746,-0.250549,-17326,-1638,2019
1754831168980,0x064,6,01 BC 52 99 A7 E3,1,5.890936,13.031746,-0.250549,-17326,-1638,2019
1754831168980,0x064,6,01 BC 52 99 A7 E3,1,5.890936,13.031746,-0.250549,-17326,-1638,2019
1754831168986,0x064,6,01 BC 52 99 A7 E3,1,5.890936,13.031746,-0.250549,-17326,-1638,2019
1754831168999,0x064,6,01 BC 52 99 A7 E3,1,5.890936,13.031746,-0.250549,-17326,-1638,2019
1754831168999,0x064,6,01 BC 52 99 A7 E3,1,5.890936,13.031746,-0.250549,-17326,-1638,2019
1754831169021,0x064,6,01 C3 64 9C 28 0E,1,6.581407,14.301587,0.127473,-15516,-1598,-2034
1754831173702,0x064,6,01 CB 47 80 08 27,1,-5.148854,-64.986114,5.527559,-13497,-32760,39,legacy16
1754831173703,0x064,6,01 CB 47 80 08 27,1,-5.148854,-64.986114,5.527559,-13497,-32760,39,legacy16
1754831173703,0x064,6,01 7F FF 80 07 D5,1,12.500000,-64.988098,-6.094488,32767,-32761,-43,legacy16
1754831173703,0x064,6,01 7F FF 80 07 D5,1,12.500000,-64.988098,-6.094488,32767,-32761,-43,legacy16
1754831173707,0x064,6,01 7F FF 80 07 D5,1,12.500000,-64.988098,-6.094488,32767,-32761,-43,legacy16
1754831173713,0x064,6,01 7F FF 80 07 D4,1,12.500000,-64.988098,-6.236220,32767,-32761,-44,legacy16
1754831173727,0x064,6,01 7F FF 80 07 D4,1,12.500000,-64.988098,-6.236220,32767,-32761,-44,legacy16
1754831173744,0x064,6,01 7F FF 80 07 D4,1,12.500000,-64.988098,-6.236220,32767,-32761,-44,legacy16
1754831173745,0x064,6,01 7F FF 80 07 D4,1,12.500000,-64.988098,-6.236220,32767,-32761,-44,legacy16
1754831173748,0x064,6,01 7F FF 80 07 D4,1,12.500000,-64.988098,-6.236220,32767,-32761,-44,legacy16
1754831173751,0x064,6,01 7F FF 80 07 D4,1,12.500000,-64.988098,-6.236220,32767,-32761,-44,legacy16
1754831173757,0x064,6,01 7F FF 80 07 D4,1,12.500000,-64.988098,-6.236220,32767,-32761,-44,legacy16
1754831173762,0x064,6,01 7F FF 80 07 D4,1,12.500000,-64.988098,-6.236220,32767,-32761,-44,legacy16
1754831173768,0x064,6,01 7F FF 80 07 D4,1,12.500000,-64.988098,-6.236220,32767,-32761,-44,legacy16
1754831173781,0x064,6,01 7F FF 80 07 D4,1,12.500000,-64.988098,-6.236220,32767,-32761,-44,legacy16
1754831173783,0x064,6,01 7F FF 80 07 D4,1,12.500000,-64.988098,-6.236220,32767,-32761,-44,legacy16
1754831173786,0x064,6,01 7F FF 80 07 D4,1,12.500000,-64.988098,-6.236220,32767,-32761,-44,legacy16
1754831173798,0x064,6,01 7F FF 80 07 D4,1,12.500000,-64.988098,-6.236220,32767,-32761,-44,legacy16
1754831173802,0x064,6,01 7F FF 80 07 D4,1,12.500000,-64.988098,-6.236220,32767,-32761,-44,legacy16
1754831173816,0x064,6,01 7F FF 80 07 CC,1,12.500000,-64.988098,-7.370079,32767,-32761,-52,legacy16
1754831173830,0x064,6,01 7F FF 80 07 CC,1,12.500000,-64.988098,-7.370079,32767,-32761,-52,legacy16
1754831173844,0x064,6,01 7F FF 80 07 CC,1,12.500000,-64.988098,-7.370079,32767,-32761,-52,legacy16
1754831173846,0x064,6,01 7F FF 80 07 CC,1,12.500000,-64.988098,-7.370079,32767,-32761,-52,legacy16
1754831173846,0x064,6,01 7F FF 80 07 CC,1,12.500000,-64.988098,-7.370079,32767,-32761,-52,legacy16
1754831173850,0x064,6,01 7F FF 80 07 CC,1,12.500000,-64.988098,-7.370079,32767,-32761,-52,legacy16
1754831173853,0x064,6,01 7F FF 80 07 CC,1,12.500000,-64.988098,-7.370079,32767,-32761,-52,legacy16
1754831173856,0x064,6,01 7F FF 80 07 CC,1,12.500000,-64.988098,-7.370079,32767,-32761,-52,legacy16
1754831173862,0x064,6,01 7F FF 80 07 CC,1,12.500000,-64.988098,-7.370079,32767,-32761,-52,legacy16
1754831173867,0x064,6,01 7F FF 80 07 CC,1,12.500000,-64.988098,-7.370079,32767,-32761,-52,legacy16
1754831173875,0x064,6,01 7F FF 80 07 CC,1,12.500000,-64.988098,-7.370079,32767,-32761,-52,legacy16
1754831173895,0x064,6,01 7F FF 80 07 CC,1,12.500000,-64.988098,-7.370079,32767,-32761,-52,legacy16
1754831173905,0x064,6,01 7F FF 80 07 CC,1,12.500000,-64.988098,-7.370079,32767,-32761,-52,legacy16
1754831173905,0x064,6,01 7F FF 80 07 CC,1,12.500000,-64.988098,-7.370079,32767,-32761,-52,legacy16
1754831173906,0x064,6,01 7F FF 80 07 CC,1,12.500000,-64.988098,-7.370079,32767,-32761,-52,legacy16
1754831173906,0x064,6,01 7F FF 80 07 CC,1,12.500000,-64.988098,-7.370079,32767,-32761,-52,legacy16
1754831173915,0x064,6,01 7F FF 80 07 E2,1,12.500000,-64.988098,-4.251969,32767,-32761,-30,legacy16
1754831173921,0x064,6,01 7F FF 80 07 E2,1,12.500000,-64.988098,-4.251969,32767,-32761,-30,legacy16
1754831173929,0x064,6,01 7F FF 80 07 E2,1,12.500000,-64.988098,-4.251969,32767,-32761,-30,legacy16
1754831173935,0x064,6,01 7F FF 80 07 E2,1,12.500000,-64.988098,-4.251969,32767,-32761,-30,legacy16
1754831173939,0x064,6,01 7F FF 80 07 E2,1,12.500000,-64.988098,-4.251969,32767,-32761,-30,legacy16
1754831173948,0x064,6,01 7F FF 80 07 E2,1,12.500000,-64.988098,-4.251969,32767,-32761,-30,legacy16
1754831173950,0x064,6,01 7F FF 80 07 E2,1,12.500000,-64.988098,-4.251969,32767,-32761,-30,legacy16
1754831173958,0x064,6,01 7F FF 80 07 E2,1,12.500000,-64.988098,-4.251969,32767,-32761,-30,legacy16
1754831173967,0x064,6,01 7F FF 80 07 E2,1,12.500000,-64.988098,-4.251969,32767,-32761,-30,legacy16
1754831173969,0x064,6,01 7F FF 80 07 E2,1,12.500000,-64.988098,-4.251969,32767,-32761,-30,legacy16
1754831173976,0x064,6,01 7F FF 80 07 E2,1,12.500000,-64.988098,-4.251969,32767,-32761,-30,legacy16
1754831173980,0x064,6,01 7F FF 80 07 E2,1,12.500000,-64.988098,-4.251969,32767,-32761,-30,legacy16
1754831173986,0x064,6,01 7F FF 80 07 E2,1,12.500000,-64.988098,-4.251969,32767,-32761,-30,legacy16
1754831173992,0x064,6,01 7F FF 80 07 E2,1,12.500000,-64.988098,-4.251969,32767,-32761,-30,legacy16
1754831174002,0x064,6,01 7F FF 80 07 E2,1,12.500000,-64.988098,-4.251969,32767,-32761,-30,legacy16
1754831174007,0x064,6,01 7F FF 80 07 E2,1,12.500000,-64.988098,-4.251969,32767,-32761,-30,legacy16
1754831174015,0x064,6,01 7F FF 80 08 27,1,12.500000,-64.986114,5.527559,32767,-32760,39,legacy16
1754831174018,0x064,6,01 7F FF 80 08 27,1,12.500000,-64.986114,5.527559,32767,-32760,39,legacy16
1754831174023,0x064,6,01 7F FF 80 08 27,1,12.500000,-64.986114,5.527559,32767,-32760,39,legacy16
1754831174028,0x064,6,01 7F FF 80 08 27,1,12.500000,-64.986114,5.527559,32767,-32760,39,legacy16
1754831174040,0x064,6,01 7F FF 80 08 27,1,12.500000,-64.986114,5.527559,32767,-32760,39,legacy16
1754831174046,0x064,6,01 7F FF 80 08 27,1,12.500000,-64.986114,5.527559,32767,-32760,39,legacy16
1754831174062,0x064,6,01 7F FF 80 08 27,1,12.500000,-64.986114,5.527559,32767,-32760,39,legacy16
1754831174062,0x064,6,01 7F FF 80 08 27,1,12.500000,-64.986114,5.527559,32767,-32760,39,legacy16
1754831174062,0x064,6,01 7F FF 80 08 27,1,12.500000,-64.986114,5.527559,32767,-32760,39,legacy16
1754831174067,0x064,6,01 7F FF 80 08 27,1,12.500000,-64.986114,5.527559,32767,-32760,39,legacy16
1754831174077,0x064,6,01 7F FF 80 08 27,1,12.500000,-64.986114,5.527559,32767,-32760,39,legacy16
1754831174078,0x064,6,01 7F FF 80 08 27,1,12.500000,-64.986114,5.527559,32767,-32760,39,legacy16
1754831174083,0x064,6,01 7F FF 80 08 27,1,12.500000,-64.986114,5.527559,32767,-32760,39,legacy16
1754831174089,0x064,6,01 7F FF 80 08 27,1,12.500000,-64.986114,5.527559,32767,-32760,39,legacy16
1754831174095,0x064,6,01 7F FF 80 08 27,1,12.500000,-64.986114,5.527559,32767,-32760,39,legacy16
1754831174100,0x064,6,01 7F FF 80 08 27,1,12.500000,-64.986114,5.527559,32767,-32760,39,legacy16
1754831174107,0x064,6,01 7F FF 80 08 27,1,12.500000,-64.986114,5.527559,32767,-32760,39,legacy16
1754831174111,0x064,6,01 80 04 80 28 15,1,-12.498856,-64.922636,2.976378,-32764,-32728,21,legacy16
1754831174120,0x064,6,01 80 04 80 28 15,1,-12.498856,-64.922636,2.976378,-32764,-32728,21,legacy16
1754831174124,0x064,6,01 80 04 80 28 15,1,-12.498856,-64.922636,2.976378,-32764,-32728,21,legacy16
1754831174128,0x064,6,01 80 04 80 28 15,1,-12.498856,-64.922636,2.976378,-32764,-32728,21,legacy16
1754831174138,0x064,6,01 80 04 80 28 15,1,-12.498856,-64.922636,2.976378,-32764,-32728,21,legacy16
1754831174142,0x064,6,01 80 04 80 28 15,1,-12.498856,-64.922636,2.976378,-32764,-32728,21,legacy16
1754831174147,0x064,6,01 80 04 80 28 15,1,-12.498856,-64.922636,2.976378,-32764,-32728,21,legacy16
1754831174152,0x064,6,01 80 04 80 28 15,1,-12.498856,-64.922636,2.976378,-32764,-32728,21,legacy16
1754831174159,0x064,6,01 80 04 80 28 15,1,-12.498856,-64.922636,2.976378,-32764,-32728,21,legacy16
1754831174163,0x064,6,01 80 04 80 28 15,1,-12.498856,-64.922636,2.976378,-32764,-32728,21,legacy16
1754831174168,0x064,6,01 80 04 80 28 15,1,-12.498856,-64.922636,2.976378,-32764,-32728,21,legacy16
1754831174184,0x064,6,01 80 04 80 28 15,1,-12.498856,-64.922636,2.976378,-32764,-32728,21,legacy16
1754831174196,0x064,6,01 80 04 80 28 15,1,-12.498856,-64.922636,2.976378,-32764,-32728,21,legacy16
1754831174206,0x064,6,01 80 04 80 28 15,1,-12.498856,-64.922636,2.976378,-32764,-32728,21,legacy16
1754831174214,0x064,6,01 80 04 80 28 15,1,-12.498856,-64.922636,2.976378,-32764,-32728,21,legacy16
1754831174221,0x064,6,01 80 04 80 28 15,1,-12.498856,-64.922636,2.976378,-32764,-32728,21,legacy16
1754831174230,0x064,6,01 80 15 80 47 C7,1,-12.492370,-64.861141,-8.078740,-32747,-32697,-57,legacy16
1754831174230,0x064,6,01 80 15 80 47 C7,1,-12.492370,-64.861141,-8.078740,-32747,-32697,-57,legacy16
1754831174230,0x064,6,01 80 15 80 47 C7,1,-12.492370,-64.861141,-8.078740,-32747,-32697,-57,legacy16
1754831174241,0x064,6,01 80 15 80 47 C7,1,-12.492370,-64.861141,-8.078740,-32747,-32697,-57,legacy16
1754831174254,0x064,6,01 80 15 80 47 C7,1,-12.492370,-64.861141,-8.078740,-32747,-32697,-57,legacy16
1754831174256,0x064,6,01 80 15 80 47 C7,1,-12.492370,-64.861141,-8.078740,-32747,-32697,-57,legacy16
1754831174258,0x064,6,01 80 15 80 47 C7,1,-12.492370,-64.861141,-8.078740,-32747,-32697,-57,legacy16
1754831174264,0x064,6,01 80 15 80 47 C7,1,-12.492370,-64.861141,-8.078740,-32747,-32697,-57,legacy16
1754831174269,0x064,6,01 80 15 80 47 C7,1,-12.492370,-64.861141,-8.078740,-32747,-32697,-57,legacy16
1754831174278,0x064,6,01 80 15 80 47 C7,1,-12.492370,-64.861141,-8.078740,-32747,-32697,-57,legacy16
1754831174280,0x064,6,01 80 15 80 47 C7,1,-12.492370,-64.861141,-8.078740,-32747,-32697,-57,legacy16
1754831174285,0x064,6,01 80 15 80 47 C7,1,-12.492370,-64.861141,-8.078740,-32747,-32697,-57,legacy16
1754831174291,0x064,6,01 80 15 80 47 C7,1,-12.492370,-64.861141,-8.078740,-32747,-32697,-57,legacy16
1754831174296,0x064,6,01 80 15 80 47 C7,1,-12.492370,-64.861141,-8.078740,-32747,-32697,-57,legacy16
1754831174301,0x064,6,01 80 15 80 47 C7,1,-12.492370,-64.861141,-8.078740,-32747,-32697,-57,legacy16
1754831174307,0x064,6,01 80 15 80 47 C7,1,-12.492370,-64.861141,-8.078740,-32747,-32697,-57,legacy16
1754831174312,0x064,6,01 80 35 80 B8 11,1,-12.480163,-64.636982,2.409449,-32715,-32584,17,legacy16
1754831174317,0x064,6,01 80 35 80 B8 11,1,-12.480163,-64.636982,2.409449,-32715,-32584,17,legacy16
1754831174327,0x064,6,01 80 35 80 B8 11,1,-12.480163,-64.636982,2.409449,-32715,-32584,17,legacy16
1754831174332,0x064,6,01 80 35 80 B8 11,1,-12.480163,-64.636982,2.409449,-32715,-32584,17,legacy16
1754831174335,0x064,6,01 80 35 80 B8 11,1,-12.480163,-64.636982,2.409449,-32715,-32584,17,legacy16
1754831174341,0x064,6,01 80 35 80 B8 11,1,-12.480163,-64.636982,2.409449,-32715,-32584,17,legacy16
1754831174347,0x064,6,01 80 35 80 B8 11,1,-12.480163,-64.636982,2.409449,-32715,-32584,17,legacy16
1754831174352,0x064,6,01 80 35 80 B8 11,1,-12.480163,-64.636982,2.409449,-32715,-32584,17,legacy16
1754831174357,0x064,6,01 80 35 80 B8 11,1,-12.480163,-64.636982,2.409449,-32715,-32584,17,legacy16
1754831174363,0x064,6,01 80 35 80 B8 11,1,-12.480163,-64.636982,2.409449,-32715,-32584,17,legacy16
1754831174367,0x064,6,01 80 35 80 B8 11,1,-12.480163,-64.636982,2.409449,-32715,-32584,17,legacy16
1754831174378,0x064,6,01 80 35 80 B8 11,1,-12.480163,-64.636982,2.409449,-32715,-32584,17,legacy16
1754831174384,0x064,6,01 80 35 80 B8 11,1,-12.480163,-64.636982,2.409449,-32715,-32584,17,legacy16
1754831174389,0x064,6,01 80 35 80 B8 11,1,-12.480163,-64.636982,2.409449,-32715,-32584,17,legacy16
1754831174406,0x064,6,01 80 35 80 B8 11,1,-12.480163,-64.636982,2.409449,-32715,-32584,17,legacy16
1754831174412,0x064,6,01 80 35 80 B8 11,1,-12.480163,-64.636982,2.409449,-32715,-32584,17,legacy16
1754831174413,0x064,6,01 80 6F 80 E7 F0,1,-12.458037,-64.543748,-2.267717,-32657,-32537,-16,legacy16
1754831174415,0x064,6,01 80 6F 80 E7 F0,1,-12.458037,-64.543748,-2.267717,-32657,-32537,-16,legacy16
1754831174423,0x064,6,01 80 6F 80 E7 F0,1,-12.458037,-64.543748,-2.267717,-32657,-32537,-16,legacy16
1754831174428,0x064,6,01 80 6F 80 E7 F0,1,-12.458037,-64.543748,-2.267717,-32657,-32537,-16,legacy16
1754831174437,0x064,6,01 80 6F 80 E7 F0,1,-12.458037,-64.543748,-2.267717,-32657,-32537,-16,legacy16
1754831174440,0x064,6,01 80 6F 80 E7 F0,1,-12.458037,-64.543748,-2.267717,-32657,-32537,-16,legacy16
1754831174446,0x064,6,01 80 6F 80 E7 F0,1,-12.458037,-64.543748,-2.267717,-32657,-32537,-16,legacy16
1754831174453,0x064,6,01 80 6F 80 E7 F0,1,-12.458037,-64.543748,-2.267717,-32657,-32537,-16,legacy16
1754831174459,0x064,6,01 80 6F 80 E7 F0,1,-12.458037,-64.543748,-2.267717,-32657,-32537,-16,legacy16
1754831174464,0x064,6,01 80 6F 80 E7 F0,1,-12.458037,-64.543748,-2.267717,-32657,-32537,-16,legacy16
1754831174468,0x064,6,01 80 6F 80 E7 F0,1,-12.458037,-64.543748,-2.267717,-32657,-32537,-16,legacy16
1754831174486,0x064,6,01 80 6F 80 E7 F0,1,-12.458037,-64.543748,-2.267717,-32657,-32537,-16,legacy16
1754831174493,0x064,6,01 80 6F 80 E7 F0,1,-12.458037,-64.543748,-2.267717,-32657,-32537,-16,legacy16
1754831174503,0x064,6,01 80 6F 80 E7 F0,1,-12.458037,-64.543748,-2.267717,-32657,-32537,-16,legacy16
1754831174511,0x064,6,01 80 6F 80 E7 F0,1,-12.458037,-64.543748,-2.267717,-32657,-32537,-16,legacy16
1754831174527,0x064,6,01 80 6F 80 E7 F0,1,-12.458037,-64.543748,-2.267717,-32657,-32537,-16,legacy16
1754831174536,0x064,6,01 80 C7 81 A8 21,1,-12.424467,-64.160894,4.677165,-32569,-32344,33,legacy16
1754831174539,0x064,6,01 80 C7 81 A8 21,1,-12.424467,-64.160894,4.677165,-32569,-32344,33,legacy16
1754831174548,0x064,6,01 80 C7 81 A8 21,1,-12.424467,-64.160894,4.677165,-32569,-32344,33,legacy16
1754831174554,0x064,6,01 80 C7 81 A8 21,1,-12.424467,-64.160894,4.677165,-32569,-32344,33,legacy16
1754831174558,0x064,6,01 80 C7 81 A8 21,1,-12.424467,-64.160894,4.677165,-32569,-32344,33,legacy16
1754831174563,0x064,6,01 80 C7 81 A8 21,1,-12.424467,-64.160894,4.677165,-32569,-32344,33,legacy16
1754831174565,0x064,6,01 80 C7 81 A8 21,1,-12.424467,-64.160894,4.677165,-32569,-32344,33,legacy16
1754831174579,0x064,6,01 80 C7 81 A8 21,1,-12.424467,-64.160894,4.677165,-32569,-32344,33,legacy16
1754831174591,0x064,6,01 80 C7 81 A8 21,1,-12.424467,-64.160894,4.677165,-32569,-32344,33,legacy16
1754831174593,0x064,6,01 80 C7 81 A8 21,1,-12.424467,-64.160894,4.677165,-32569,-32344,33,legacy16
1754831174594,0x064,6,01 80 C7 81 A8 21,1,-12.424467,-64.160894,4.677165,-32569,-32344,33,legacy16
1754831174602,0x064,6,01 80 C7 81 A8 21,1,-12.424467,-64.160894,4.677165,-32569,-32344,33,legacy16
1754831174605,0x064,6,01 80 C7 81 A8 21,1,-12.424467,-64.160894,4.677165,-32569,-32344,33,legacy16
1754831174610,0x064,6,01 81 47 82 48 17,1,-12.375637,-63.843501,3.259843,-32441,-32184,23,legacy16
1754831174615,0x064,6,01 81 47 82 48 17,1,-12.375637,-63.843501,3.259843,-32441,-32184,23,legacy16
1754831174621,0x064,6,01 81 47 82 48 17,1,-12.375637,-63.843501,3.259843,-32441,-32184,23,legacy16
1754831174627,0x064,6,01 81 47 82 48 17,1,-12.375637,-63.843501,3.259843,-32441,-32184,23,legacy16
1754831174633,0x064,6,01 81 47 82 48 17,1,-12.375637,-63.843501,3.259843,-32441,-32184,23,legacy16
1754831174645,0x064,6,01 81 47 82 48 17,1,-12.375637,-63.843501,3.259843,-32441,-32184,23,legacy16
1754831174645,0x064,6,01 81 47 82 48 17,1,-12.375637,-63.843501,3.259843,-32441,-32184,23,legacy16
1754831174650,0x064,6,01 81 47 82 48 17,1,-12.375637,-63.843501,3.259843,-32441,-32184,23,legacy16
1754831174656,0x064,6,01 81 47 82 48 17,1,-12.375637,-63.843501,3.259843,-32441,-32184,23,legacy16
1754831174661,0x064,6,01 81 47 82 48 17,1,-12.375637,-63.843501,3.259843,-32441,-32184,23,legacy16
1754831174667,0x064,6,01 81 47 82 48 17,1,-12.375637,-63.843501,3.259843,-32441,-32184,23,legacy16
1754831174671,0x064,6,01 81 47 82 48 17,1,-12.375637,-63.843501,3.259843,-32441,-32184,23,legacy16
1754831174679,0x064,6,01 81 47 82 48 17,1,-12.375637,-63.843501,3.259843,-32441,-32184,23,legacy16
1754831174683,0x064,6,01 81 47 82 48 17,1,-12.375637,-63.843501,3.259843,-32441,-32184,23,legacy16
1754831174695,0x064,6,01 81 47 82 48 17,1,-12.375637,-63.843501,3.259843,-32441,-32184,23,legacy16
1754831174702,0x064,6,01 81 47 82 48 17,1,-12.375637,-63.843501,3.259843,-32441,-32184,23,legacy16
1754831174714,0x064,6,01 81 47 82 48 17,1,-12.375637,-63.843501,3.259843,-32441,-32184,23,legacy16
1754831174720,0x064,6,01 81 FA 83 17 DB,1,-12.307352,-63.432875,-5.244094,-32262,-31977,-37,legacy16
1754831174730,0x064,6,01 81 FA 83 17 DB,1,-12.307352,-63.432875,-5.244094,-32262,-31977,-37,legacy16
1754831174730,0x064,6,01 81 FA 83 17 DB,1,-12.307352,-63.432875,-5.244094,-32262,-31977,-37,legacy16
1754831174731,0x064,6,01 81 FA 83 17 DB,1,-12.307352,-63.432875,-5.244094,-32262,-31977,-37,legacy16
1754831174738,0x064,6,01 81 FA 83 17 DB,1,-12.307352,-63.432875,-5.244094,-32262,-31977,-37,legacy16
1754831174747,0x064,6,01 81 FA 83 17 DB,1,-12.307352,-63.432875,-5.244094,-32262,-31977,-37,legacy16
1754831174749,0x064,6,01 81 FA 83 17 DB,1,-12.307352,-63.432875,-5.244094,-32262,-31977,-37,legacy16
1754831174755,0x064,6,01 81 FA 83 17 DB,1,-12.307352,-63.432875,-5.244094,-32262,-31977,-37,legacy16
1754831174761,0x064,6,01 81 FA 83 17 DB,1,-12.307352,-63.432875,-5.244094,-32262,-31977,-37,legacy16
1754831174769,0x064,6,01 81 FA 83 17 DB,1,-12.307352,-63.432875,-5.244094,-32262,-31977,-37,legacy16
1754831174778,0x064,6,01 81 FA 83 17 DB,1,-12.307352,-63.432875,-5.244094,-32262,-31977,-37,legacy16
1754831174784,0x064,6,01 81 FA 83 17 DB,1,-12.307352,-63.432875,-5.244094,-32262,-31977,-37,legacy16
1754831174786,0x064,6,01 81 FA 83 17 DB,1,-12.307352,-63.432875,-5.244094,-32262,-31977,-37,legacy16
1754831174791,0x064,6,01 81 FA 83 17 DB,1,-12.307352,-63.432875,-5.244094,-32262,-31977,-37,legacy16
1754831174796,0x064,6,01 81 FA 83 17 DB,1,-12.307352,-63.432875,-5.244094,-32262,-31977,-37,legacy16
1754831174804,0x064,6,01 81 FA 83 17 DB,1,-12.307352,-63.432875,-5.244094,-32262,-31977,-37,legacy16
1754831174806,0x064,6,01 81 FA 83 17 DB,1,-12.307352,-63.432875,-5.244094,-32262,-31977,-37,legacy16
1754831174815,0x064,6,01 82 E1 83 B7 B6,1,-12.219230,-63.115482,-10.488189,-32031,-31817,-74,legacy16
1754831174826,0x064,6,01 82 E1 83 B7 B6,1,-12.219230,-63.115482,-10.488189,-32031,-31817,-74,legacy16
1754831174830,0x064,6,01 82 E1 83 B7 B6,1,-12.219230,-63.115482,-10.488189,-32031,-31817,-74,legacy16
1754831174832,0x064,6,01 82 E1 83 B7 B6,1,-12.219230,-63.115482,-10.488189,-32031,-31817,-74,legacy16
1754831174841,0x064,6,01 82 E1 83 B7 B6,1,-12.219230,-63.115482,-10.488189,-32031,-31817,-74,legacy16
1754831174847,0x064,6,01 82 E1 83 B7 B6,1,-12.219230,-63.115482,-10.488189,-32031,-31817,-74,legacy16
1754831174854,0x064,6,01 82 E1 83 B7 B6,1,-12.219230,-63.115482,-10.488189,-32031,-31817,-74,legacy16
1754831174860,0x064,6,01 82 E1 83 B7 B6,1,-12.219230,-63.115482,-10.488189,-32031,-31817,-74,legacy16
1754831174867,0x064,6,01 82 E1 83 B7 B6,1,-12.219230,-63.115482,-10.488189,-32031,-31817,-74,legacy16
1754831174871,0x064,6,01 82 E1 83 B7 B6,1,-12.219230,-63.115482,-10.488189,-32031,-31817,-74,legacy16
1754831174881,0x064,6,01 82 E1 83 B7 B6,1,-12.219230,-63.115482,-10.488189,-32031,-31817,-74,legacy16
1754831174888,0x064,6,01 82 E1 83 B7 B6,1,-12.219230,-63.115482,-10.488189,-32031,-31817,-74,legacy16
1754831174907,0x064,6,01 82 E1 83 B7 B6,1,-12.219230,-63.115482,-10.488189,-32031,-31817,-74,legacy16
1754831174917,0x064,6,01 82 E1 83 B7 B6,1,-12.219230,-63.115482,-10.488189,-32031,-31817,-74,legacy16
1754831174917,0x064,6,01 82 E1 83 B7 B6,1,-12.219230,-63.115482,-10.488189,-32031,-31817,-74,legacy16
1754831174921,0x064,6,01 83 FC 84 B7 F3,1,-12.111270,-62.607654,-1.842520,-31748,-31561,-13,legacy16
1754831174924,0x064,6,01 83 FC 84 B7 F3,1,-12.111270,-62.607654,-1.842520,-31748,-31561,-13,legacy16
1754831174927,0x064,6,01 83 FC 84 B7 F3,1,-12.111270,-62.607654,-1.842520,-31748,-31561,-13,legacy16
1754831174931,0x064,6,01 83 FC 84 B7 F3,1,-12.111270,-62.607654,-1.842520,-31748,-31561,-13,legacy16
1754831174936,0x064,6,01 83 FC 84 B7 F3,1,-12.111270,-62.607654,-1.842520,-31748,-31561,-13,legacy16
1754831174943,0x064,6,01 83 FC 84 B7 F3,1,-12.111270,-62.607654,-1.842520,-31748,-31561,-13,legacy16
1754831174948,0x064,6,01 83 FC 84 B7 F3,1,-12.111270,-62.607654,-1.842520,-31748,-31561,-13,legacy16
1754831174953,0x064,6,01 83 FC 84 B7 F3,1,-12.111270,-62.607654,-1.842520,-31748,-31561,-13,legacy16
1754831174958,0x064,6,01 83 FC 84 B7 F3,1,-12.111270,-62.607654,-1.842520,-31748,-31561,-13,legacy16
1754831174963,0x064,6,01 83 FC 84 B7 F3,1,-12.111270,-62.607654,-1.842520,-31748,-31561,-13,legacy16
1754831174969,0x064,6,01 83 FC 84 B7 F3,1,-12.111270,-62.607654,-1.842520,-31748,-31561,-13,legacy16
1754831174975,0x064,6,01 83 FC 84 B7 F3,1,-12.111270,-62.607654,-1.842520,-31748,-31561,-13,legacy16
1754831174995,0x064,6,01 83 FC 84 B7 F3,1,-12.111270,-62.607654,-1.842520,-31748,-31561,-13,legacy16
1754831175001,0x064,6,01 83 FC 84 B7 F3,1,-12.111270,-62.607654,-1.842520,-31748,-31561,-13,legacy16
1754831175010,0x064,6,01 83 FC 84 B7 F3,1,-12.111270,-62.607654,-1.842520,-31748,-31561,-13,legacy16
1754831175025,0x064,6,01 83 FC 84 B7 F3,1,-12.111270,-62.607654,-1.842520,-31748,-31561,-13,legacy16
1754831175032,0x064,6,01 85 62 85 F8 3C,1,-11.974700,-61.970885,8.503937,-31390,-31240,60,legacy16
1754831175038,0x064,6,01 85 62 85 F8 3C,1,-11.974700,-61.970885,8.503937,-31390,-31240,60,legacy16
1754831175042,0x064,6,01 85 62 85 F8 3C,1,-11.974700,-61.970885,8.503937,-31390,-31240,60,legacy16
1754831175042,0x064,6,01 85 62 85 F8 3C,1,-11.974700,-61.970885,8.503937,-31390,-31240,60,legacy16
1754831175045,0x064,6,01 85 62 85 F8 3C,1,-11.974700,-61.970885,8.503937,-31390,-31240,60,legacy16
1754831175051,0x064,6,01 85 62 85 F8 3C,1,-11.974700,-61.970885,8.503937,-31390,-31240,60,legacy16
1754831175056,0x064,6,01 85 62 85 F8 3C,1,-11.974700,-61.970885,8.503937,-31390,-31240,60,legacy16
1754831175064,0x064,6,01 85 62 85 F8 3C,1,-11.974700,-61.970885,8.503937,-31390,-31240,60,legacy16
1754831175067,0x064,6,01 85 62 85 F8 3C,1,-11.974700,-61.970885,8.503937,-31390,-31240,60,legacy16
1754831175075,0x064,6,01 85 62 85 F8 3C,1,-11.974700,-61.970885,8.503937,-31390,-31240,60,legacy16
1754831175088,0x064,6,01 85 62 85 F8 3C,1,-11.974700,-61.970885,8.503937,-31390,-31240,60,legacy16
1754831175093,0x064,6,01 85 62 85 F8 3C,1,-11.974700,-61.970885,8.503937,-31390,-31240,60,legacy16
1754831175106,0x064,6,01 85 62 85 F8 3C,1,-11.974700,-61.970885,8.503937,-31390,-31240,60,legacy16
1754831175120,0x064,6,01 85 62 85 F8 3C,1,-11.974700,-61.970885,8.503937,-31390,-31240,60,legacy16
1754831175124,0x064,6,01 87 0C 86 A8 0C,1,-11.812189,-61.621754,1.700787,-30964,-31064,12,legacy16
1754831175125,0x064,6,01 87 0C 86 A8 0C,1,-11.812189,-61.621754,1.700787,-30964,-31064,12,legacy16
1754831175130,0x064,6,01 87 0C 86 A8 0C,1,-11.812189,-61.621754,1.700787,-30964,-31064,12,legacy16
1754831175137,0x064,6,01 87 0C 86 A8 0C,1,-11.812189,-61.621754,1.700787,-30964,-31064,12,legacy16
1754831175152,0x064,6,01 87 0C 86 A8 0C,1,-11.812189,-61.621754,1.700787,-30964,-31064,12,legacy16
1754831175156,0x064,6,01 87 0C 86 A8 0C,1,-11.812189,-61.621754,1.700787,-30964,-31064,12,legacy16
1754831175161,0x064,6,01 87 0C 86 A8 0C,1,-11.812189,-61.621754,1.700787,-30964,-31064,12,legacy16
1754831175169,0x064,6,01 87 0C 86 A8 0C,1,-11.812189,-61.621754,1.700787,-30964,-31064,12,legacy16
1754831175172,0x064,6,01 87 0C 86 A8 0C,1,-11.812189,-61.621754,1.700787,-30964,-31064,12,legacy16
1754831175184,0x064,6,01 87 0C 86 A8 0C,1,-11.812189,-61.621754,1.700787,-30964,-31064,12,legacy16
1754831175186,0x064,6,01 87 0C 86 A8 0C,1,-11.812189,-61.621754,1.700787,-30964,-31064,12,legacy16
1754831175191,0x064,6,01 87 0C 86 A8 0C,1,-11.812189,-61.621754,1.700787,-30964,-31064,12,legacy16
1754831175198,0x064,6,01 87 0C 86 A8 0C,1,-11.812189,-61.621754,1.700787,-30964,-31064,12,legacy16
1754831175202,0x064,6,01 87 0C 86 A8 0C,1,-11.812189,-61.621754,1.700787,-30964,-31064,12,legacy16
1754831175215,0x064,6,01 87 0C 86 A8 0C,1,-11.812189,-61.621754,1.700787,-30964,-31064,12,legacy16
1754831175218,0x064,6,01 89 05 88 57 B8,1,-11.619541,-60.766778,-10.204724,-30459,-30633,-72,legacy16
1754831175220,0x064,6,01 89 05 88 57 B8,1,-11.619541,-60.766778,-10.204724,-30459,-30633,-72,legacy16
1754831175228,0x064,6,01 89 05 88 57 B8,1,-11.619541,-60.766778,-10.204724,-30459,-30633,-72,legacy16
1754831175231,0x064,6,01 89 05 88 57 B8,1,-11.619541,-60.766778,-10.204724,-30459,-30633,-72,legacy16
1754831175236,0x064,6,01 89 05 88 57 B8,1,-11.619541,-60.766778,-10.204724,-30459,-30633,-72,legacy16
1754831175254,0x064,6,01 89 05 88 57 B8,1,-11.619541,-60.766778,-10.204724,-30459,-30633,-72,legacy16
1754831175256,0x064,6,01 89 05 88 57 B8,1,-11.619541,-60.766778,-10.204724,-30459,-30633,-72,legacy16
1754831175256,0x064,6,01 89 05 88 57 B8,1,-11.619541,-60.766778,-10.204724,-30459,-30633,-72,legacy16
1754831175261,0x064,6,01 89 05 88 57 B8,1,-11.619541,-60.766778,-10.204724,-30459,-30633,-72,legacy16
1754831175268,0x064,6,01 89 05 88 57 B8,1,-11.619541,-60.766778,-10.204724,-30459,-30633,-72,legacy16
1754831175271,0x064,6,01 89 05 88 57 B8,1,-11.619541,-60.766778,-10.204724,-30459,-30633,-72,legacy16
1754831175277,0x064,6,01 89 05 88 57 B8,1,-11.619541,-60.766778,-10.204724,-30459,-30633,-72,legacy16
1754831175283,0x064,6,01 89 05 88 57 B8,1,-11.619541,-60.766778,-10.204724,-30459,-30633,-72,legacy16
1754831175290,0x064,6,01 89 05 88 57 B8,1,-11.619541,-60.766778,-10.204724,-30459,-30633,-72,legacy16
1754831175293,0x064,6,01 89 05 88 57 B8,1,-11.619541,-60.766778,-10.204724,-30459,-30633,-72,legacy16
1754831175325,0x064,6,01 89 05 88 57 B8,1,-11.619541,-60.766778,-10.204724,-30459,-30633,-72,legacy16
1754831175325,0x064,6,01 89 05 88 57 B8,1,-11.619541,-60.766778,-10.204724,-30459,-30633,-72,legacy16
1754831175326,0x064,6,01 8B 47 89 67 CD,1,-11.399045,-60.227210,-7.228346,-29881,-30361,-51,legacy16
1754831175329,0x064,6,01 8B 47 89 67 CD,1,-11.399045,-60.227210,-7.228346,-29881,-30361,-51,legacy16
1754831175329,0x064,6,01 8B 47 89 67 CD,1,-11.399045,-60.227210,-7.228346,-29881,-30361,-51,legacy16
1754831175332,0x064,6,01 8B 47 89 67 CD,1,-11.399045,-60.227210,-7.228346,-29881,-30361,-51,legacy16
1754831175339,0x064,6,01 8B 47 89 67 CD,1,-11.399045,-60.227210,-7.228346,-29881,-30361,-51,legacy16
1754831175352,0x064,6,01 8B 47 89 67 CD,1,-11.399045,-60.227210,-7.228346,-29881,-30361,-51,legacy16
1754831175352,0x064,6,01 8B 47 89 67 CD,1,-11.399045,-60.227210,-7.228346,-29881,-30361,-51,legacy16
1754831175356,0x064,6,01 8B 47 89 67 CD,1,-11.399045,-60.227210,-7.228346,-29881,-30361,-51,legacy16
1754831175361,0x064,6,01 8B 47 89 67 CD,1,-11.399045,-60.227210,-7.228346,-29881,-30361,-51,legacy16
1754831175374,0x064,6,01 8B 47 89 67 CD,1,-11.399045,-60.227210,-7.228346,-29881,-30361,-51,legacy16
1754831175383,0x064,6,01 8B 47 89 67 CD,1,-11.399045,-60.227210,-7.228346,-29881,-30361,-51,legacy16
1754831175389,0x064,6,01 8B 47 89 67 CD,1,-11.399045,-60.227210,-7.228346,-29881,-30361,-51,legacy16
1754831175394,0x064,6,01 8B 47 89 67 CD,1,-11.399045,-60.227210,-7.228346,-29881,-30361,-51,legacy16
1754831175399,0x064,6,01 8B 47 89 67 CD,1,-11.399045,-60.227210,-7.228346,-29881,-30361,-51,legacy16
1754831175406,0x064,6,01 8B 47 89 67 CD,1,-11.399045,-60.227210,-7.228346,-29881,-30361,-51,legacy16
1754831175410,0x064,6,01 8D E7 8A 87 DE,1,-11.142689,-59.655904,-4.818898,-29209,-30073,-34,legacy16
1754831175415,0x064,6,01 8D E7 8A 87 DE,1,-11.142689,-59.655904,-4.818898,-29209,-30073,-34,legacy16
1754831175421,0x064,6,01 8D E7 8A 87 DE,1,-11.142689,-59.655904,-4.818898,-29209,-30073,-34,legacy16
1754831175445,0x064,6,01 8D E7 8A 87 DE,1,-11.142689,-59.655904,-4.818898,-29209,-30073,-34,legacy16
1754831175457,0x064,6,01 8D E7 8A 87 DE,1,-11.142689,-59.655904,-4.818898,-29209,-30073,-34,legacy16
1754831175464,0x064,6,01 8D E7 8A 87 DE,1,-11.142689,-59.655904,-4.818898,-29209,-30073,-34,legacy16
1754831175479,0x064,6,01 8D E7 8A 87 DE,1,-11.142689,-59.655904,-4.818898,-29209,-30073,-34,legacy16
1754831175484,0x064,6,01 8D E7 8A 87 DE,1,-11.142689,-59.655904,-4.818898,-29209,-30073,-34,legacy16
1754831175487,0x064,6,01 8D E7 8A 87 DE,1,-11.142689,-59.655904,-4.818898,-29209,-30073,-34,legacy16
1754831175489,0x064,6,01 8D E7 8A 87 DE,1,-11.142689,-59.655904,-4.818898,-29209,-30073,-34,legacy16
1754831175490,0x064,6,01 8D E7 8A 87 DE,1,-11.142689,-59.655904,-4.818898,-29209,-30073,-34,legacy16
1754831175497,0x064,6,01 8D E7 8A 87 DE,1,-11.142689,-59.655904,-4.818898,-29209,-30073,-34,legacy16
1754831175511,0x064,6,01 8D E7 8A 87 DE,1,-11.142689,-59.655904,-4.818898,-29209,-30073,-34,legacy16
1754831175521,0x064,6,01 8D E7 8A 87 DE,1,-11.142689,-59.655904,-4.818898,-29209,-30073,-34,legacy16
1754831175536,0x064,6,01 90 E7 8C 18 39,1,-10.849712,-58.860439,8.078740,-28441,-29672,57,legacy16
1754831175541,0x064,6,01 90 E7 8C 18 39,1,-10.849712,-58.860439,8.078740,-28441,-29672,57,legacy16
1754831175549,0x064,6,01 90 E7 8C 18 39,1,-10.849712,-58.860439,8.078740,-28441,-29672,57,legacy16
1754831175573,0x064,6,01 90 E7 8C 18 39,1,-10.849712,-58.860439,8.078740,-28441,-29672,57,legacy16
1754831175573,0x064,6,01 90 E7 8C 18 39,1,-10.849712,-58.860439,8.078740,-28441,-29672,57,legacy16
1754831175573,0x064,6,01 90 E7 8C 18 39,1,-10.849712,-58.860439,8.078740,-28441,-29672,57,legacy16
1754831175573,0x064,6,01 90 E7 8C 18 39,1,-10.849712,-58.860439,8.078740,-28441,-29672,57,legacy16
1754831175574,0x064,6,01 90 E7 8C 18 39,1,-10.849712,-58.860439,8.078740,-28441,-29672,57,legacy16
1754831175580,0x064,6,01 90 E7 8C 18 39,1,-10.849712,-58.860439,8.078740,-28441,-29672,57,legacy16
1754831175589,0x064,6,01 90 E7 8C 18 39,1,-10.849712,-58.860439,8.078740,-28441,-29672,57,legacy16
1754831175591,0x064,6,01 90 E7 8C 18 39,1,-10.849712,-58.860439,8.078740,-28441,-29672,57,legacy16
1754831175596,0x064,6,01 90 E7 8C 18 39,1,-10.849712,-58.860439,8.078740,-28441,-29672,57,legacy16
1754831175602,0x064,6,01 90 E7 8C 18 39,1,-10.849712,-58.860439,8.078740,-28441,-29672,57,legacy16
1754831175611,0x064,6,01 90 E7 8C 18 39,1,-10.849712,-58.860439,8.078740,-28441,-29672,57,legacy16
1754831175612,0x064,6,01 94 4A 8D 68 1B,1,-10.518967,-58.193915,3.826772,-27574,-29336,27,legacy16
1754831175618,0x064,6,01 94 4A 8D 68 1B,1,-10.518967,-58.193915,3.826772,-27574,-29336,27,legacy16
1754831175623,0x064,6,01 94 4A 8D 68 1B,1,-10.518967,-58.193915,3.826772,-27574,-29336,27,legacy16
1754831175635,0x064,6,01 94 4A 8D 68 1B,1,-10.518967,-58.193915,3.826772,-27574,-29336,27,legacy16
1754831175636,0x064,6,01 94 4A 8D 68 1B,1,-10.518967,-58.193915,3.826772,-27574,-29336,27,legacy16
1754831175642,0x064,6,01 94 4A 8D 68 1B,1,-10.518967,-58.193915,3.826772,-27574,-29336,27,legacy16
1754831175648,0x064,6,01 94 4A 8D 68 1B,1,-10.518967,-58.193915,3.826772,-27574,-29336,27,legacy16
1754831175653,0x064,6,01 94 4A 8D 68 1B,1,-10.518967,-58.193915,3.826772,-27574,-29336,27,legacy16
1754831175673,0x064,6,01 94 4A 8D 68 1B,1,-10.518967,-58.193915,3.826772,-27574,-29336,27,legacy16
1754831175678,0x064,6,01 94 4A 8D 68 1B,1,-10.518967,-58.193915,3.826772,-27574,-29336,27,legacy16
1754831175679,0x064,6,01 94 4A 8D 68 1B,1,-10.518967,-58.193915,3.826772,-27574,-29336,27,legacy16
1754831175679,0x064,6,01 94 4A 8D 68 1B,1,-10.518967,-58.193915,3.826772,-27574,-29336,27,legacy16
1754831175684,0x064,6,01 94 4A 8D 68 1B,1,-10.518967,-58.193915,3.826772,-27574,-29336,27,legacy16
1754831175690,0x064,6,01 94 4A 8D 68 1B,1,-10.518967,-58.193915,3.826772,-27574,-29336,27,legacy16
1754831175695,0x064,6,01 94 4A 8D 68 1B,1,-10.518967,-58.193915,3.826772,-27574,-29336,27,legacy16
1754831175700,0x064,6,01 94 4A 8D 68 1B,1,-10.518967,-58.193915,3.826772,-27574,-29336,27,legacy16
1754831175707,0x064,6,01 94 4A 8D 68 1B,1,-10.518967,-58.193915,3.826772,-27574,-29336,27,legacy16
1754831175712,0x064,6,01 98 1A 8F 88 67,1,-10.146641,-57.114780,14.598425,-26598,-28792,103,legacy16
1754831175716,0x064,6,01 98 1A 8F 88 67,1,-10.146641,-57.114780,14.598425,-26598,-28792,103,legacy16
1754831175722,0x064,6,01 98 1A 8F 88 67,1,-10.146641,-57.114780,14.598425,-26598,-28792,103,legacy16
1754831175727,0x064,6,01 98 1A 8F 88 67,1,-10.146641,-57.114780,14.598425,-26598,-28792,103,legacy16
1754831175733,0x064,6,01 98 1A 8F 88 67,1,-10.146641,-57.114780,14.598425,-26598,-28792,103,legacy16
1754831175740,0x064,6,01 98 1A 8F 88 67,1,-10.146641,-57.114780,14.598425,-26598,-28792,103,legacy16
1754831175750,0x064,6,01 98 1A 8F 88 67,1,-10.146641,-57.114780,14.598425,-26598,-28792,103,legacy16
1754831175755,0x064,6,01 98 1A 8F 88 67,1,-10.146641,-57.114780,14.598425,-26598,-28792,103,legacy16
1754831175765,0x064,6,01 98 1A 8F 88 67,1,-10.146641,-57.114780,14.598425,-26598,-28792,103,legacy16
1754831175769,0x064,6,01 98 1A 8F 88 67,1,-10.146641,-57.114780,14.598425,-26598,-28792,103,legacy16
1754831175774,0x064,6,01 98 1A 8F 88 67,1,-10.146641,-57.114780,14.598425,-26598,-28792,103,legacy16
1754831175779,0x064,6,01 98 1A 8F 88 67,1,-10.146641,-57.114780,14.598425,-26598,-28792,103,legacy16
1754831175785,0x064,6,01 98 1A 8F 88 67,1,-10.146641,-57.114780,14.598425,-26598,-28792,103,legacy16
1754831175796,0x064,6,01 98 1A 8F 88 67,1,-10.146641,-57.114780,14.598425,-26598,-28792,103,legacy16
1754831175801,0x064,6,01 98 1A 8F 88 67,1,-10.146641,-57.114780,14.598425,-26598,-28792,103,legacy16
1754831175804,0x064,6,01 98 1A 8F 88 67,1,-10.146641,-57.114780,14.598425,-26598,-28792,103,legacy16
1754831175809,0x064,6,01 98 1A 8F 88 67,1,-10.146641,-57.114780,14.598425,-26598,-28792,103,legacy16
1754831175817,0x064,6,01 9C 61 91 68 27,1,-9.728919,-56.162603,5.527559,-25503,-28312,39,legacy16
1754831175820,0x064,6,01 9C 61 91 68 27,1,-9.728919,-56.162603,5.527559,-25503,-28312,39,legacy16
1754831175825,0x064,6,01 9C 61 91 68 27,1,-9.728919,-56.162603,5.527559,-25503,-28312,39,legacy16
1754831175830,0x064,6,01 9C 61 91 68 27,1,-9.728919,-56.162603,5.527559,-25503,-28312,39,legacy16
1754831175836,0x064,6,01 9C 61 91 68 27,1,-9.728919,-56.162603,5.527559,-25503,-28312,39,legacy16
1754831175849,0x064,6,01 9C 61 91 68 27,1,-9.728919,-56.162603,5.527559,-25503,-28312,39,legacy16
1754831175850,0x064,6,01 9C 61 91 68 27,1,-9.728919,-56.162603,5.527559,-25503,-28312,39,legacy16
1754831175854,0x064,6,01 9C 61 91 68 27,1,-9.728919,-56.162603,5.527559,-25503,-28312,39,legacy16
1754831175859,0x064,6,01 9C 61 91 68 27,1,-9.728919,-56.162603,5.527559,-25503,-28312,39,legacy16
1754831175864,0x064,6,01 9C 61 91 68 27,1,-9.728919,-56.162603,5.527559,-25503,-28312,39,legacy16
1754831175872,0x064,6,01 9C 61 91 68 27,1,-9.728919,-56.162603,5.527559,-25503,-28312,39,legacy16
1754831175884,0x064,6,01 9C 61 91 68 27,1,-9.728919,-56.162603,5.527559,-25503,-28312,39,legacy16
1754831175885,0x064,6,01 9C 61 91 68 27,1,-9.728919,-56.162603,5.527559,-25503,-28312,39,legacy16
1754831175890,0x064,6,01 9C 61 91 68 27,1,-9.728919,-56.162603,5.527559,-25503,-28312,39,legacy16
1754831175896,0x064,6,01 9C 61 91 68 27,1,-9.728919,-56.162603,5.527559,-25503,-28312,39,legacy16
1754831175901,0x064,6,01 9C 61 91 68 27,1,-9.728919,-56.162603,5.527559,-25503,-28312,39,legacy16
1754831175912,0x064,6,01 9C 61 91 68 27,1,-9.728919,-56.162603,5.527559,-25503,-28312,39,legacy16
1754831175921,0x064,6,01 A1 14 92 68 2F,1,-9.269997,-55.654775,6.661417,-24300,-28056,47,legacy16
1754831175922,0x064,6,01 A1 14 92 68 2F,1,-9.269997,-55.654775,6.661417,-24300,-28056,47,legacy16
1754831175938,0x064,6,01 A1 14 92 68 2F,1,-9.269997,-55.654775,6.661417,-24300,-28056,47,legacy16
1754831175951,0x064,6,01 A1 14 92 68 2F,1,-9.269997,-55.654775,6.661417,-24300,-28056,47,legacy16
1754831175954,0x064,6,01 A1 14 92 68 2F,1,-9.269997,-55.654775,6.661417,-24300,-28056,47,legacy16
1754831175966,0x064,6,01 A1 14 92 68 2F,1,-9.269997,-55.654775,6.661417,-24300,-28056,47,legacy16
1754831175972,0x064,6,01 A1 14 92 68 2F,1,-9.269997,-55.654775,6.661417,-24300,-28056,47,legacy16
1754831175989,0x064,6,01 A1 14 92 68 2F,1,-9.269997,-55.654775,6.661417,-24300,-28056,47,legacy16
1754831175993,0x064,6,01 A1 14 92 68 2F,1,-9.269997,-55.654775,6.661417,-24300,-28056,47,legacy16
1754831175993,0x064,6,01 A1 14 92 68 2F,1,-9.269997,-55.654775,6.661417,-24300,-28056,47,legacy16
1754831175994,0x064,6,01 A1 14 92 68 2F,1,-9.269997,-55.654775,6.661417,-24300,-28056,47,legacy16
1754831175999,0x064,6,01 A1 14 92 68 2F,1,-9.269997,-55.654775,6.661417,-24300,-28056,47,legacy16
1754831176005,0x064,6,01 A1 14 92 68 2F,1,-9.269997,-55.654775,6.661417,-24300,-28056,47,legacy16
1754831176022,0x064,6,01 A6 4E 94 E8 CE,1,-8.759575,-54.385205,-7.086614,-22962,-27416,-50,legacy16
1754831176030,0x064,6,01 A6 4E 94 E8 CE,1,-8.759575,-54.385205,-7.086614,-22962,-27416,-50,legacy16
1754831176030,0x064,6,01 A6 4E 94 E8 CE,1,-8.759575,-54.385205,-7.086614,-22962,-27416,-50,legacy16
1754831176036,0x064,6,01 A6 4E 94 E8 CE,1,-8.759575,-54.385205,-7.086614,-22962,-27416,-50,legacy16
1754831176045,0x064,6,01 A6 4E 94 E8 CE,1,-8.759575,-54.385205,-7.086614,-22962,-27416,-50,legacy16
1754831176064,0x064,6,01 A6 4E 94 E8 CE,1,-8.759575,-54.385205,-7.086614,-22962,-27416,-50,legacy16
1754831176086,0x064,6,01 A6 4E 94 E8 CE,1,-8.759575,-54.385205,-7.086614,-22962,-27416,-50,legacy16
1754831176095,0x064,6,01 A6 4E 94 E8 CE,1,-8.759575,-54.385205,-7.086614,-22962,-27416,-50,legacy16
1754831176101,0x064,6,01 A6 4E 94 E8 CE,1,-8.759575,-54.385205,-7.086614,-22962,-27416,-50,legacy16
1754831176102,0x064,6,01 A6 4E 94 E8 CE,1,-8.759575,-54.385205,-7.086614,-22962,-27416,-50,legacy16
1754831176102,0x064,6,01 A6 4E 94 E8 CE,1,-8.759575,-54.385205,-7.086614,-22962,-27416,-50,legacy16
1754831176102,0x064,6,01 A6 4E 94 E8 CE,1,-8.759575,-54.385205,-7.086614,-22962,-27416,-50,legacy16
1754831176103,0x064,6,01 A6 4E 94 E8 CE,1,-8.759575,-54.385205,-7.086614,-22962,-27416,-50,legacy16
1754831176108,0x064,6,01 A6 4E 94 E8 CE,1,-8.759575,-54.385205,-7.086614,-22962,-27416,-50,legacy16
1754831176114,0x064,6,01 AB F9 97 97 FF,1,-8.206046,-53.022401,-0.141732,-21511,-26729,-1,legacy16
1754831176119,0x064,6,01 AB F9 97 97 FF,1,-8.206046,-53.022401,-0.141732,-21511,-26729,-1,legacy16
1754831176124,0x064,6,01 AB F9 97 97 FF,1,-8.206046,-53.022401,-0.141732,-21511,-26729,-1,legacy16
1754831176130,0x064,6,01 AB F9 97 97 FF,1,-8.206046,-53.022401,-0.141732,-21511,-26729,-1,legacy16
1754831176135,0x064,6,01 AB F9 97 97 FF,1,-8.206046,-53.022401,-0.141732,-21511,-26729,-1,legacy16
1754831176147,0x064,6,01 AB F9 97 97 FF,1,-8.206046,-53.022401,-0.141732,-21511,-26729,-1,legacy16
1754831176148,0x064,6,01 AB F9 97 97 FF,1,-8.206046,-53.022401,-0.141732,-21511,-26729,-1,legacy16
1754831176153,0x064,6,01 AB F9 97 97 FF,1,-8.206046,-53.022401,-0.141732,-21511,-26729,-1,legacy16
1754831176169,0x064,6,01 AB F9 97 97 FF,1,-8.206046,-53.022401,-0.141732,-21511,-26729,-1,legacy16
1754831176171,0x064,6,01 AB F9 97 97 FF,1,-8.206046,-53.022401,-0.141732,-21511,-26729,-1,legacy16
1754831176176,0x064,6,01 AB F9 97 97 FF,1,-8.206046,-53.022401,-0.141732,-21511,-26729,-1,legacy16
1754831176181,0x064,6,01 AB F9 97 97 FF,1,-8.206046,-53.022401,-0.141732,-21511,-26729,-1,legacy16
1754831176188,0x064,6,01 AB F9 97 97 FF,1,-8.206046,-53.022401,-0.141732,-21511,-26729,-1,legacy16
1754831176193,0x064,6,01 AB F9 97 97 FF,1,-8.206046,-53.022401,-0.141732,-21511,-26729,-1,legacy16
1754831176201,0x064,6,01 AB F9 97 97 FF,1,-8.206046,-53.022401,-0.141732,-21511,-26729,-1,legacy16
1754831176203,0x064,6,01 AB F9 97 97 FF,1,-8.206046,-53.022401,-0.141732,-21511,-26729,-1,legacy16
1754831176215,0x064,6,01 AB F9 97 97 FF,1,-8.206046,-53.022401,-0.141732,-21511,-26729,-1,legacy16
1754831176224,0x064,6,01 B2 36 99 C7 F1,1,-7.596820,-51.911527,-2.125984,-19914,-26169,-15,legacy16
1754831176225,0x064,6,01 B2 36 99 C7 F1,1,-7.596820,-51.911527,-2.125984,-19914,-26169,-15,legacy16
1754831176237,0x064,6,01 B2 36 99 C7 F1,1,-7.596820,-51.911527,-2.125984,-19914,-26169,-15,legacy16
1754831176247,0x064,6,01 B2 36 99 C7 F1,1,-7.596820,-51.911527,-2.125984,-19914,-26169,-15,legacy16
1754831176249,0x064,6,01 B2 36 99 C7 F1,1,-7.596820,-51.911527,-2.125984,-19914,-26169,-15,legacy16
1754831176254,0x064,6,01 B2 36 99 C7 F1,1,-7.596820,-51.911527,-2.125984,-19914,-26169,-15,legacy16
1754831176259,0x064,6,01 B2 36 99 C7 F1,1,-7.596820,-51.911527,-2.125984,-19914,-26169,-15,legacy16
1754831176264,0x064,6,01 B2 36 99 C7 F1,1,-7.596820,-51.911527,-2.125984,-19914,-26169,-15,legacy16
1754831176272,0x064,6,01 B2 36 99 C7 F1,1,-7.596820,-51.911527,-2.125984,-19914,-26169,-15,legacy16
1754831176281,0x064,6,01 B2 36 99 C7 F1,1,-7.596820,-51.911527,-2.125984,-19914,-26169,-15,legacy16
1754831176284,0x064,6,01 B2 36 99 C7 F1,1,-7.596820,-51.911527,-2.125984,-19914,-26169,-15,legacy16
1754831176289,0x064,6,01 B2 36 99 C7 F1,1,-7.596820,-51.911527,-2.125984,-19914,-26169,-15,legacy16
1754831176294,0x064,6,01 B2 36 99 C7 F1,1,-7.596820,-51.911527,-2.125984,-19914,-26169,-15,legacy16
1754831176300,0x064,6,01 B2 36 99 C7 F1,1,-7.596820,-51.911527,-2.125984,-19914,-26169,-15,legacy16
1754831176305,0x064,6,01 B2 36 99 C7 F1,1,-7.596820,-51.911527,-2.125984,-19914,-26169,-15,legacy16
1754831176321,0x064,6,01 B9 04 9B B8 31,1,-6.932279,-50.925626,6.944882,-18172,-25672,49,legacy16
1754831176321,0x064,6,01 B9 04 9B B8 31,1,-6.932279,-50.925626,6.944882,-18172,-25672,49,legacy16
1754831176327,0x064,6,01 B9 04 9B B8 31,1,-6.932279,-50.925626,6.944882,-18172,-25672,49,legacy16
1754831176335,0x064,6,01 B9 04 9B B8 31,1,-6.932279,-50.925626,6.944882,-18172,-25672,49,legacy16
1754831176338,0x064,6,01 B9 04 9B B8 31,1,-6.932279,-50.925626,6.944882,-18172,-25672,49,legacy16
1754831176344,0x064,6,01 B9 04 9B B8 31,1,-6.932279,-50.925626,6.944882,-18172,-25672,49,legacy16
1754831176353,0x064,6,01 B9 04 9B B8 31,1,-6.932279,-50.925626,6.944882,-18172,-25672,49,legacy16
1754831176355,0x064,6,01 B9 04 9B B8 31,1,-6.932279,-50.925626,6.944882,-18172,-25672,49,legacy16
1754831176377,0x064,6,01 B9 04 9B B8 31,1,-6.932279,-50.925626,6.944882,-18172,-25672,49,legacy16
1754831176390,0x064,6,01 B9 04 9B B8 31,1,-6.932279,-50.925626,6.944882,-18172,-25672,49,legacy16
1754831176402,0x064,6,01 B9 04 9B B8 31,1,-6.932279,-50.925626,6.944882,-18172,-25672,49,legacy16
1754831176408,0x064,6,01 B9 04 9B B8 31,1,-6.932279,-50.925626,6.944882,-18172,-25672,49,legacy16
1754831176414,0x064,6,01 B9 04 9B B8 31,1,-6.932279,-50.925626,6.944882,-18172,-25672,49,legacy16
1754831176419,0x064,6,01 B9 04 9B B8 31,1,-6.932279,-50.925626,6.944882,-18172,-25672,49,legacy16
1754831176421,0x064,6,01 B9 04 9B B8 31,1,-6.932279,-50.925626,6.944882,-18172,-25672,49,legacy16
1754831176421,0x064,6,01 C0 5E 9D 07 FA,1,-6.214331,-50.261086,-0.850394,-16290,-25337,-6,legacy16
1754831176423,0x064,6,01 C0 5E 9D 07 FA,1,-6.214331,-50.261086,-0.850394,-16290,-25337,-6,legacy16
1754831176435,0x064,6,01 C0 5E 9D 07 FA,1,-6.214331,-50.261086,-0.850394,-16290,-25337,-6,legacy16
1754831176436,0x064,6,01 C0 5E 9D 07 FA,1,-6.214331,-50.261086,-0.850394,-16290,-25337,-6,legacy16
1754831176441,0x064,6,01 C0 5E 9D 07 FA,1,-6.214331,-50.261086,-0.850394,-16290,-25337,-6,legacy16
1754831176457,0x064,6,01 C0 5E 9D 07 FA,1,-6.214331,-50.261086,-0.850394,-16290,-25337,-6,legacy16
1754831176484,0x064,6,01 C0 5E 9D 07 FA,1,-6.214331,-50.261086,-0.850394,-16290,-25337,-6,legacy16
1754831176489,0x064,6,01 C0 5E 9D 07 FA,1,-6.214331,-50.261086,-0.850394,-16290,-25337,-6,legacy16
1754831176496,0x064,6,01 C0 5E 9D 07 FA,1,-6.214331,-50.261086,-0.850394,-16290,-25337,-6,legacy16
1754831176501,0x064,6,01 C0 5E 9D 07 FA,1,-6.214331,-50.261086,-0.850394,-16290,-25337,-6,legacy16
1754831176514,0x064,6,01 C0 5E 9D 07 FA,1,-6.214331,-50.261086,-0.850394,-16290,-25337,-6,legacy16
1754831176522,0x064,6,01 C0 5E 9D 07 FA,1,-6.214331,-50.261086,-0.850394,-16290,-25337,-6,legacy16
1754831176529,0x064,6,01 C0 5E 9D 07 FA,1,-6.214331,-50.261086,-0.850394,-16290,-25337,-6,legacy16
1754831176535,0x064,6,01 C8 47 9F C8 00,1,-5.441832,-48.862575,0.000000,-14265,-24632,0,legacy16
1754831176536,0x064,6,01 C8 47 9F C8 00,1,-5.441832,-48.862575,0.000000,-14265,-24632,0,legacy16
1754831176537,0x064,6,01 C8 47 9F C8 00,1,-5.441832,-48.862575,0.000000,-14265,-24632,0,legacy16
1754831176551,0x064,6,01 C8 47 9F C8 00,1,-5.441832,-48.862575,0.000000,-14265,-24632,0,legacy16
1754831176556,0x064,6,01 C8 47 9F C8 00,1,-5.441832,-48.862575,0.000000,-14265,-24632,0,legacy16
1754831176561,0x064,6,01 C8 47 9F C8 00,1,-5.441832,-48.862575,0.000000,-14265,-24632,0,legacy16
1754831176564,0x064,6,01 C8 47 9F C8 00,1,-5.441832,-48.862575,0.000000,-14265,-24632,0,legacy16
1754831176570,0x064,6,01 C8 47 9F C8 00,1,-5.441832,-48.862575,0.000000,-14265,-24632,0,legacy16
1754831176575,0x064,6,01 C8 47 9F C8 00,1,-5.441832,-48.862575,0.000000,-14265,-24632,0,legacy16
1754831176581,0x064,6,01 C8 47 9F C8 00,1,-5.441832,-48.862575,0.000000,-14265,-24632,0,legacy16
1754831176586,0x064,6,01 C8 47 9F C8 00,1,-5.441832,-48.862575,0.000000,-14265,-24632,0,legacy16
1754831176594,0x064,6,01 C8 47 9F C8 00,1,-5.441832,-48.862575,0.000000,-14265,-24632,0,legacy16
1754831176599,0x064,6,01 C8 47 9F C8 00,1,-5.441832,-48.862575,0.000000,-14265,-24632,0,legacy16
1754831176602,0x064,6,01 C8 47 9F C8 00,1,-5.441832,-48.862575,0.000000,-14265,-24632,0,legacy16
1754831176613,0x064,6,01 C8 47 9F C8 00,1,-5.441832,-48.862575,0.000000,-14265,-24632,0,legacy16
1754831176616,0x064,6,01 D0 C6 A1 28 5C,1,-4.612110,-48.164312,13.039370,-12090,-24280,92,legacy16
1754831176627,0x064,6,01 D0 C6 A1 28 5C,1,-4.612110,-48.164312,13.039370,-12090,-24280,92,legacy16
1754831176628,0x064,6,01 D0 C6 A1 28 5C,1,-4.612110,-48.164312,13.039370,-12090,-24280,92,legacy16
1754831176633,0x064,6,01 D0 C6 A1 28 5C,1,-4.612110,-48.164312,13.039370,-12090,-24280,92,legacy16
1754831176638,0x064,6,01 D0 C6 A1 28 5C,1,-4.612110,-48.164312,13.039370,-12090,-24280,92,legacy16
1754831176644,0x064,6,01 D0 C6 A1 28 5C,1,-4.612110,-48.164312,13.039370,-12090,-24280,92,legacy16
1754831176650,0x064,6,01 D0 C6 A1 28 5C,1,-4.612110,-48.164312,13.039370,-12090,-24280,92,legacy16
1754831176656,0x064,6,01 D0 C6 A1 28 5C,1,-4.612110,-48.164312,13.039370,-12090,-24280,92,legacy16
1754831176673,0x064,6,01 D0 C6 A1 28 5C,1,-4.612110,-48.164312,13.039370,-12090,-24280,92,legacy16
1754831176681,0x064,6,01 D0 C6 A1 28 5C,1,-4.612110,-48.164312,13.039370,-12090,-24280,92,legacy16
1754831176681,0x064,6,01 D0 C6 A1 28 5C,1,-4.612110,-48.164312,13.039370,-12090,-24280,92,legacy16
1754831176684,0x064,6,01 D0 C6 A1 28 5C,1,-4.612110,-48.164312,13.039370,-12090,-24280,92,legacy16
1754831176694,0x064,6,01 D0 C6 A1 28 5C,1,-4.612110,-48.164312,13.039370,-12090,-24280,92,legacy16
1754831176695,0x064,6,01 D0 C6 A1 28 5C,1,-4.612110,-48.164312,13.039370,-12090,-24280,92,legacy16
1754831176701,0x064,6,01 D0 C6 A1 28 5C,1,-4.612110,-48.164312,13.039370,-12090,-24280,92,legacy16
1754831176706,0x064,6,01 D0 C6 A1 28 5C,1,-4.612110,-48.164312,13.039370,-12090,-24280,92,legacy16
1754831176712,0x064,6,01 D9 DC A3 F8 5D,1,-3.724784,-46.736045,13.181102,-9764,-23560,93,legacy16
1754831176721,0x064,6,01 D9 DC A3 F8 5D,1,-3.724784,-46.736045,13.181102,-9764,-23560,93,legacy16
1754831176724,0x064,6,01 D9 DC A3 F8 5D,1,-3.724784,-46.736045,13.181102,-9764,-23560,93,legacy16
1754831176735,0x064,6,01 D9 DC A3 F8 5D,1,-3.724784,-46.736045,13.181102,-9764,-23560,93,legacy16
1754831176747,0x064,6,01 D9 DC A3 F8 5D,1,-3.724784,-46.736045,13.181102,-9764,-23560,93,legacy16
1754831176763,0x064,6,01 D9 DC A3 F8 5D,1,-3.724784,-46.736045,13.181102,-9764,-23560,93,legacy16
1754831176764,0x064,6,01 D9 DC A3 F8 5D,1,-3.724784,-46.736045,13.181102,-9764,-23560,93,legacy16
1754831176766,0x064,6,01 D9 DC A3 F8 5D,1,-3.724784,-46.736045,13.181102,-9764,-23560,93,legacy16
1754831176771,0x064,6,01 D9 DC A3 F8 5D,1,-3.724784,-46.736045,13.181102,-9764,-23560,93,legacy16
1754831176772,0x064,6,01 D9 DC A3 F8 5D,1,-3.724784,-46.736045,13.181102,-9764,-23560,93,legacy16
1754831176778,0x064,6,01 D9 DC A3 F8 5D,1,-3.724784,-46.736045,13.181102,-9764,-23560,93,legacy16
1754831176783,0x064,6,01 D9 DC A3 F8 5D,1,-3.724784,-46.736045,13.181102,-9764,-23560,93,legacy16
1754831176788,0x064,6,01 D9 DC A3 F8 5D,1,-3.724784,-46.736045,13.181102,-9764,-23560,93,legacy16
1754831176794,0x064,6,01 D9 DC A3 F8 5D,1,-3.724784,-46.736045,13.181102,-9764,-23560,93,legacy16
1754831176799,0x064,6,01 D9 DC A3 F8 5D,1,-3.724784,-46.736045,13.181102,-9764,-23560,93,legacy16
1754831176804,0x064,6,01 D9 DC A3 F8 5D,1,-3.724784,-46.736045,13.181102,-9764,-23560,93,legacy16
1754831176813,0x064,6,01 D9 DC A3 F8 5D,1,-3.724784,-46.736045,13.181102,-9764,-23560,93,legacy16
1754831176819,0x064,6,01 E3 7B A5 E8 45,1,-2.785195,-45.752129,9.779528,-7301,-23064,69,legacy16
1754831176821,0x064,6,01 E3 7B A5 E8 45,1,-2.785195,-45.752129,9.779528,-7301,-23064,69,legacy16
1754831176837,0x064,6,01 E3 7B A5 E8 45,1,-2.785195,-45.752129,9.779528,-7301,-23064,69,legacy16
1754831176853,0x064,6,01 E3 7B A5 E8 45,1,-2.785195,-45.752129,9.779528,-7301,-23064,69,legacy16
1754831176854,0x064,6,01 E3 7B A5 E8 45,1,-2.785195,-45.752129,9.779528,-7301,-23064,69,legacy16
1754831176854,0x064,6,01 E3 7B A5 E8 45,1,-2.785195,-45.752129,9.779528,-7301,-23064,69,legacy16
1754831176855,0x064,6,01 E3 7B A5 E8 45,1,-2.785195,-45.752129,9.779528,-7301,-23064,69,legacy16
1754831176861,0x064,6,01 E3 7B A5 E8 45,1,-2.785195,-45.752129,9.779528,-7301,-23064,69,legacy16
1754831176872,0x064,6,01 E3 7B A5 E8 45,1,-2.785195,-45.752129,9.779528,-7301,-23064,69,legacy16
1754831176879,0x064,6,01 E3 7B A5 E8 45,1,-2.785195,-45.752129,9.779528,-7301,-23064,69,legacy16
1754831176883,0x064,6,01 E3 7B A5 E8 45,1,-2.785195,-45.752129,9.779528,-7301,-23064,69,legacy16
1754831176889,0x064,6,01 E3 7B A5 E8 45,1,-2.785195,-45.752129,9.779528,-7301,-23064,69,legacy16
1754831176896,0x064,6,01 E3 7B A5 E8 45,1,-2.785195,-45.752129,9.779528,-7301,-23064,69,legacy16
1754831176901,0x064,6,01 E3 7B A5 E8 45,1,-2.785195,-45.752129,9.779528,-7301,-23064,69,legacy16
1754831176906,0x064,6,01 E3 7B A5 E8 45,1,-2.785195,-45.752129,9.779528,-7301,-23064,69,legacy16
1754831176919,0x064,6,01 ED A4 A7 68 88,1,-1.792962,-44.990387,-17.007874,-4700,-22680,-120,legacy16
1754831176938,0x064,6,01 ED A4 A7 68 88,1,-1.792962,-44.990387,-17.007874,-4700,-22680,-120,legacy16
1754831176939,0x064,6,01 ED A4 A7 68 88,1,-1.792962,-44.990387,-17.007874,-4700,-22680,-120,legacy16
1754831176943,0x064,6,01 ED A4 A7 68 88,1,-1.792962,-44.990387,-17.007874,-4700,-22680,-120,legacy16
1754831176947,0x064,6,01 ED A4 A7 68 88,1,-1.792962,-44.990387,-17.007874,-4700,-22680,-120,legacy16
1754831176954,0x064,6,01 ED A4 A7 68 88,1,-1.792962,-44.990387,-17.007874,-4700,-22680,-120,legacy16
1754831176958,0x064,6,01 ED A4 A7 68 88,1,-1.792962,-44.990387,-17.007874,-4700,-22680,-120,legacy16
1754831176963,0x064,6,01 ED A4 A7 68 88,1,-1.792962,-44.990387,-17.007874,-4700,-22680,-120,legacy16
1754831176973,0x064,6,01 ED A4 A7 68 88,1,-1.792962,-44.990387,-17.007874,-4700,-22680,-120,legacy16
1754831176975,0x064,6,01 ED A4 A7 68 88,1,-1.792962,-44.990387,-17.007874,-4700,-22680,-120,legacy16
1754831176978,0x064,6,01 ED A4 A7 68 88,1,-1.792962,-44.990387,-17.007874,-4700,-22680,-120,legacy16
1754831176984,0x064,6,01 ED A4 A7 68 88,1,-1.792962,-44.990387,-17.007874,-4700,-22680,-120,legacy16
1754831176989,0x064,6,01 ED A4 A7 68 88,1,-1.792962,-44.990387,-17.007874,-4700,-22680,-120,legacy16
1754831176997,0x064,6,01 ED A4 A7 68 88,1,-1.792962,-44.990387,-17.007874,-4700,-22680,-120,legacy16
1754831177003,0x064,6,01 ED A4 A7 68 88,1,-1.792962,-44.990387,-17.007874,-4700,-22680,-120,legacy16
1754831177015,0x064,6,01 ED A4 A7 68 88,1,-1.792962,-44.990387,-17.007874,-4700,-22680,-120,legacy16
1754831177019,0x064,6,01 F8 5E AA E8 5E,1,-0.745415,-43.212989,13.322835,-1954,-21784,94,legacy16
1754831177028,0x064,6,01 F8 5E AA E8 5E,1,-0.745415,-43.212989,13.322835,-1954,-21784,94,legacy16
1754831177036,0x064,6,01 F8 5E AA E8 5E,1,-0.745415,-43.212989,13.322835,-1954,-21784,94,legacy16
1754831177037,0x064,6,01 F8 5E AA E8 5E,1,-0.745415,-43.212989,13.322835,-1954,-21784,94,legacy16
1754831177046,0x064,6,01 F8 5E AA E8 5E,1,-0.745415,-43.212989,13.322835,-1954,-21784,94,legacy16
1754831177048,0x064,6,01 F8 5E AA E8 5E,1,-0.745415,-43.212989,13.322835,-1954,-21784,94,legacy16
1754831177057,0x064,6,01 F8 5E AA E8 5E,1,-0.745415,-43.212989,13.322835,-1954,-21784,94,legacy16
1754831177069,0x064,6,01 F8 5E AA E8 5E,1,-0.745415,-43.212989,13.322835,-1954,-21784,94,legacy16
1754831177081,0x064,6,01 F8 5E AA E8 5E,1,-0.745415,-43.212989,13.322835,-1954,-21784,94,legacy16
1754831177090,0x064,6,01 F8 5E AA E8 5E,1,-0.745415,-43.212989,13.322835,-1954,-21784,94,legacy16
1754831177102,0x064,6,01 F8 5E AA E8 5E,1,-0.745415,-43.212989,13.322835,-1954,-21784,94,legacy16
1754831177104,0x064,6,01 F8 5E AA E8 5E,1,-0.745415,-43.212989,13.322835,-1954,-21784,94,legacy16
1754831177104,0x064,6,01 F8 5E AA E8 5E,1,-0.745415,-43.212989,13.322835,-1954,-21784,94,legacy16
1754831177105,0x064,6,01 F8 5E AA E8 5E,1,-0.745415,-43.212989,13.322835,-1954,-21784,94,legacy16
1754831177114,0x064,6,01 F8 5E AA E8 5E,1,-0.745415,-43.212989,13.322835,-1954,-21784,94,legacy16
1754831177116,0x064,6,01 FF FF AC 98 43,1,-0.000381,-42.356029,9.496063,-1,-21352,67,legacy16
1754831177127,0x064,6,01 FF FF AC 98 43,1,-0.000381,-42.356029,9.496063,-1,-21352,67,legacy16
1754831177147,0x064,6,01 FF FF AC 98 43,1,-0.000381,-42.356029,9.496063,-1,-21352,67,legacy16
1754831177153,0x064,6,01 FF FF AC 98 43,1,-0.000381,-42.356029,9.496063,-1,-21352,67,legacy16
1754831177153,0x064,6,01 FF FF AC 98 43,1,-0.000381,-42.356029,9.496063,-1,-21352,67,legacy16
1754831177153,0x064,6,01 FF FF AC 98 43,1,-0.000381,-42.356029,9.496063,-1,-21352,67,legacy16
1754831177155,0x064,6,01 FF FF AC 98 43,1,-0.000381,-42.356029,9.496063,-1,-21352,67,legacy16
1754831177169,0x064,6,01 FF FF AC 98 43,1,-0.000381,-42.356029,9.496063,-1,-21352,67,legacy16
1754831177170,0x064,6,01 FF FF AC 98 43,1,-0.000381,-42.356029,9.496063,-1,-21352,67,legacy16
1754831177172,0x064,6,01 FF FF AC 98 43,1,-0.000381,-42.356029,9.496063,-1,-21352,67,legacy16
1754831177178,0x064,6,01 FF FF AC 98 43,1,-0.000381,-42.356029,9.496063,-1,-21352,67,legacy16
1754831177183,0x064,6,01 FF FF AC 98 43,1,-0.000381,-42.356029,9.496063,-1,-21352,67,legacy16
1754831177189,0x064,6,01 FF FF AC 98 43,1,-0.000381,-42.356029,9.496063,-1,-21352,67,legacy16
1754831177198,0x064,6,01 FF FF AC 98 43,1,-0.000381,-42.356029,9.496063,-1,-21352,67,legacy16
1754831177203,0x064,6,01 FF FF AC 98 43,1,-0.000381,-42.356029,9.496063,-1,-21352,67,legacy16
1754831177208,0x064,6,01 FF FF AC 98 43,1,-0.000381,-42.356029,9.496063,-1,-21352,67,legacy16
1754831177215,0x064,6,01 FF FF AF 88 90,1,-0.000381,-40.864284,-15.874016,-1,-20600,-112,legacy16
1754831177221,0x064,6,01 FF FF AF 88 90,1,-0.000381,-40.864284,-15.874016,-1,-20600,-112,legacy16
1754831177234,0x064,6,01 FF FF AF 88 90,1,-0.000381,-40.864284,-15.874016,-1,-20600,-112,legacy16
1754831177237,0x064,6,01 FF FF AF 88 90,1,-0.000381,-40.864284,-15.874016,-1,-20600,-112,legacy16
1754831177242,0x064,6,01 FF FF AF 88 90,1,-0.000381,-40.864284,-15.874016,-1,-20600,-112,legacy16
1754831177248,0x064,6,01 FF FF AF 88 90,1,-0.000381,-40.864284,-15.874016,-1,-20600,-112,legacy16
1754831177261,0x064,6,01 FF FF AF 88 90,1,-0.000381,-40.864284,-15.874016,-1,-20600,-112,legacy16
1754831177265,0x064,6,01 FF FF AF 88 90,1,-0.000381,-40.864284,-15.874016,-1,-20600,-112,legacy16
1754831177269,0x064,6,01 FF FF AF 88 90,1,-0.000381,-40.864284,-15.874016,-1,-20600,-112,legacy16
1754831177273,0x064,6,01 FF FF AF 88 90,1,-0.000381,-40.864284,-15.874016,-1,-20600,-112,legacy16
1754831177284,0x064,6,01 FF FF AF 88 90,1,-0.000381,-40.864284,-15.874016,-1,-20600,-112,legacy16
1754831177292,0x064,6,01 FF FF AF 88 90,1,-0.000381,-40.864284,-15.874016,-1,-20600,-112,legacy16
1754831177306,0x064,6,01 FF FF AF 88 90,1,-0.000381,-40.864284,-15.874016,-1,-20600,-112,legacy16
1754831177315,0x064,6,01 FF FF AF 88 90,1,-0.000381,-40.864284,-15.874016,-1,-20600,-112,legacy16
1754831177319,0x064,6,01 FF FF B1 A8 7B,1,-0.000381,-39.785150,17.433071,-1,-20056,123,legacy16
1754831177321,0x064,6,01 FF FF B1 A8 7B,1,-0.000381,-39.785150,17.433071,-1,-20056,123,legacy16
1754831177326,0x064,6,01 FF FF B1 A8 7B,1,-0.000381,-39.785150,17.433071,-1,-20056,123,legacy16
1754831177332,0x064,6,01 FF FF B1 A8 7B,1,-0.000381,-39.785150,17.433071,-1,-20056,123,legacy16
1754831177337,0x064,6,01 FF FF B1 A8 7B,1,-0.000381,-39.785150,17.433071,-1,-20056,123,legacy16
1754831177343,0x064,6,01 FF FF B1 A8 7B,1,-0.000381,-39.785150,17.433071,-1,-20056,123,legacy16
1754831177349,0x064,6,01 FF FF B1 A8 7B,1,-0.000381,-39.785150,17.433071,-1,-20056,123,legacy16
1754831177354,0x064,6,01 FF FF B1 A8 7B,1,-0.000381,-39.785150,17.433071,-1,-20056,123,legacy16
1754831177366,0x064,6,01 FF FF B1 A8 7B,1,-0.000381,-39.785150,17.433071,-1,-20056,123,legacy16
1754831177370,0x064,6,01 FF FF B1 A8 7B,1,-0.000381,-39.785150,17.433071,-1,-20056,123,legacy16
1754831177373,0x064,6,01 FF FF B1 A8 7B,1,-0.000381,-39.785150,17.433071,-1,-20056,123,legacy16
1754831177378,0x064,6,01 FF FF B1 A8 7B,1,-0.000381,-39.785150,17.433071,-1,-20056,123,legacy16
1754831177383,0x064,6,01 FF FF B1 A8 7B,1,-0.000381,-39.785150,17.433071,-1,-20056,123,legacy16
1754831177389,0x064,6,01 FF FF B1 A8 7B,1,-0.000381,-39.785150,17.433071,-1,-20056,123,legacy16
1754831177395,0x064,6,01 FF FF B1 A8 7B,1,-0.000381,-39.785150,17.433071,-1,-20056,123,legacy16
1754831177400,0x064,6,01 FF FF B1 A8 7B,1,-0.000381,-39.785150,17.433071,-1,-20056,123,legacy16
1754831177411,0x064,6,01 FF FF B1 A8 7B,1,-0.000381,-39.785150,17.433071,-1,-20056,123,legacy16
1754831177412,0x064,6,01 FF FF B3 98 4E,1,-0.000381,-38.801233,11.055118,-1,-19560,78,legacy16
1754831177417,0x064,6,01 FF FF B3 98 4E,1,-0.000381,-38.801233,11.055118,-1,-19560,78,legacy16
1754831177432,0x064,6,01 FF FF B3 98 4E,1,-0.000381,-38.801233,11.055118,-1,-19560,78,legacy16
1754831177447,0x064,6,01 FF FF B3 98 4E,1,-0.000381,-38.801233,11.055118,-1,-19560,78,legacy16
1754831177451,0x064,6,01 FF FF B3 98 4E,1,-0.000381,-38.801233,11.055118,-1,-19560,78,legacy16
1754831177453,0x064,6,01 FF FF B3 98 4E,1,-0.000381,-38.801233,11.055118,-1,-19560,78,legacy16
1754831177463,0x064,6,01 FF FF B3 98 4E,1,-0.000381,-38.801233,11.055118,-1,-19560,78,legacy16
1754831177470,0x064,6,01 FF FF B3 98 4E,1,-0.000381,-38.801233,11.055118,-1,-19560,78,legacy16
1754831177483,0x064,6,01 FF FF B3 98 4E,1,-0.000381,-38.801233,11.055118,-1,-19560,78,legacy16
1754831177486,0x064,6,01 FF FF B3 98 4E,1,-0.000381,-38.801233,11.055118,-1,-19560,78,legacy16
1754831177488,0x064,6,01 FF FF B3 98 4E,1,-0.000381,-38.801233,11.055118,-1,-19560,78,legacy16
1754831177494,0x064,6,01 FF FF B3 98 4E,1,-0.000381,-38.801233,11.055118,-1,-19560,78,legacy16
1754831177499,0x064,6,01 FF FF B3 98 4E,1,-0.000381,-38.801233,11.055118,-1,-19560,78,legacy16
1754831177505,0x064,6,01 FF FF B3 98 4E,1,-0.000381,-38.801233,11.055118,-1,-19560,78,legacy16
1754831177510,0x064,6,01 FF FF B3 98 4E,1,-0.000381,-38.801233,11.055118,-1,-19560,78,legacy16
1754831177523,0x064,6,01 FF FF B4 C8 13,1,-0.000381,-38.198187,2.692913,-1,-19256,19,legacy16
1754831177528,0x064,6,01 FF FF B4 C8 13,1,-0.000381,-38.198187,2.692913,-1,-19256,19,legacy16
1754831177531,0x064,6,01 FF FF B4 C8 13,1,-0.000381,-38.198187,2.692913,-1,-19256,19,legacy16
1754831177536,0x064,6,01 FF FF B4 C8 13,1,-0.000381,-38.198187,2.692913,-1,-19256,19,legacy16
1754831177543,0x064,6,01 FF FF B4 C8 13,1,-0.000381,-38.198187,2.692913,-1,-19256,19,legacy16
1754831177565,0x064,6,01 FF FF B4 C8 13,1,-0.000381,-38.198187,2.692913,-1,-19256,19,legacy16
1754831177565,0x064,6,01 FF FF B4 C8 13,1,-0.000381,-38.198187,2.692913,-1,-19256,19,legacy16
1754831177566,0x064,6,01 FF FF B4 C8 13,1,-0.000381,-38.198187,2.692913,-1,-19256,19,legacy16
1754831177573,0x064,6,01 FF FF B4 C8 13,1,-0.000381,-38.198187,2.692913,-1,-19256,19,legacy16
1754831177591,0x064,6,01 FF FF B4 C8 13,1,-0.000381,-38.198187,2.692913,-1,-19256,19,legacy16
1754831177610,0x064,6,01 FF FF B4 C8 13,1,-0.000381,-38.198187,2.692913,-1,-19256,19,legacy16
1754831177612,0x064,6,01 FF FF B4 C8 13,1,-0.000381,-38.198187,2.692913,-1,-19256,19,legacy16
1754831177634,0x064,6,01 FF FF B4 C8 13,1,-0.000381,-38.198187,2.692913,-1,-19256,19,legacy16
1754831177657,0x064,6,01 FF FF B4 C8 13,1,-0.000381,-38.198187,2.692913,-1,-19256,19,legacy16
1754831177665,0x064,6,01 FF FF B6 27 F5,1,-0.000381,-37.501907,-1.559055,-1,-18905,-11,legacy16
1754831177668,0x064,6,01 FF FF B6 27 F5,1,-0.000381,-37.501907,-1.559055,-1,-18905,-11,legacy16
1754831177668,0x064,6,01 FF FF B6 27 F5,1,-0.000381,-37.501907,-1.559055,-1,-18905,-11,legacy16
1754831177668,0x064,6,01 FF FF B6 27 F5,1,-0.000381,-37.501907,-1.559055,-1,-18905,-11,legacy16
1754831177669,0x064,6,01 FF FF B6 27 F5,1,-0.000381,-37.501907,-1.559055,-1,-18905,-11,legacy16
1754831177670,0x064,6,01 FF FF B6 27 F5,1,-0.000381,-37.501907,-1.559055,-1,-18905,-11,legacy16
1754831177670,0x064,6,01 FF FF B6 27 F5,1,-0.000381,-37.501907,-1.559055,-1,-18905,-11,legacy16
1754831177671,0x064,6,01 FF FF B6 27 F5,1,-0.000381,-37.501907,-1.559055,-1,-18905,-11,legacy16
1754831177686,0x064,6,01 FF FF B6 27 F5,1,-0.000381,-37.501907,-1.559055,-1,-18905,-11,legacy16
1754831177690,0x064,6,01 FF FF B6 27 F5,1,-0.000381,-37.501907,-1.559055,-1,-18905,-11,legacy16
1754831177693,0x064,6,01 FF FF B6 27 F5,1,-0.000381,-37.501907,-1.559055,-1,-18905,-11,legacy16
1754831177699,0x064,6,01 FF FF B6 27 F5,1,-0.000381,-37.501907,-1.559055,-1,-18905,-11,legacy16
1754831177704,0x064,6,01 FF FF B6 27 F5,1,-0.000381,-37.501907,-1.559055,-1,-18905,-11,legacy16
1754831177710,0x064,6,01 FF FF B6 27 F5,1,-0.000381,-37.501907,-1.559055,-1,-18905,-11,legacy16
1754831177715,0x064,6,01 FF FF BA A8 4F,1,-0.000381,-35.214698,11.196850,-1,-17752,79,legacy16
1754831177720,0x064,6,01 FF FF BA A8 4F,1,-0.000381,-35.214698,11.196850,-1,-17752,79,legacy16
1754831177726,0x064,6,01 FF FF BA A8 4F,1,-0.000381,-35.214698,11.196850,-1,-17752,79,legacy16
1754831177731,0x064,6,01 FF FF BA A8 4F,1,-0.000381,-35.214698,11.196850,-1,-17752,79,legacy16
1754831177738,0x064,6,01 FF FF BA A8 4F,1,-0.000381,-35.214698,11.196850,-1,-17752,79,legacy16
1754831177743,0x064,6,01 FF FF BA A8 4F,1,-0.000381,-35.214698,11.196850,-1,-17752,79,legacy16
1754831177750,0x064,6,01 FF FF BA A8 4F,1,-0.000381,-35.214698,11.196850,-1,-17752,79,legacy16
1754831177755,0x064,6,01 FF FF BA A8 4F,1,-0.000381,-35.214698,11.196850,-1,-17752,79,legacy16
1754831177765,0x064,6,01 FF FF BA A8 4F,1,-0.000381,-35.214698,11.196850,-1,-17752,79,legacy16
1754831177767,0x064,6,01 FF FF BA A8 4F,1,-0.000381,-35.214698,11.196850,-1,-17752,79,legacy16
1754831177773,0x064,6,01 FF FF BA A8 4F,1,-0.000381,-35.214698,11.196850,-1,-17752,79,legacy16
1754831177785,0x064,6,01 FF FF BA A8 4F,1,-0.000381,-35.214698,11.196850,-1,-17752,79,legacy16
1754831177788,0x064,6,01 FF FF BA A8 4F,1,-0.000381,-35.214698,11.196850,-1,-17752,79,legacy16
1754831177794,0x064,6,01 FF FF BA A8 4F,1,-0.000381,-35.214698,11.196850,-1,-17752,79,legacy16
1754831177798,0x064,6,01 FF FF BA A8 4F,1,-0.000381,-35.214698,11.196850,-1,-17752,79,legacy16
1754831177804,0x064,6,01 FF FF BA A8 4F,1,-0.000381,-35.214698,11.196850,-1,-17752,79,legacy16
1754831177809,0x064,6,01 FF FF BA A8 4F,1,-0.000381,-35.214698,11.196850,-1,-17752,79,legacy16
1754831177814,0x064,6,01 FF FF BA 78 3C,1,-0.000381,-35.309915,8.503937,-1,-17800,60,legacy16
1754831177820,0x064,6,01 FF FF BA 78 3C,1,-0.000381,-35.309915,8.503937,-1,-17800,60,legacy16
1754831177825,0x064,6,01 FF FF BA 78 3C,1,-0.000381,-35.309915,8.503937,-1,-17800,60,legacy16
1754831177830,0x064,6,01 FF FF BA 78 3C,1,-0.000381,-35.309915,8.503937,-1,-17800,60,legacy16
1754831177835,0x064,6,01 FF FF BA 78 3C,1,-0.000381,-35.309915,8.503937,-1,-17800,60,legacy16
1754831177850,0x064,6,01 FF FF BA 78 3C,1,-0.000381,-35.309915,8.503937,-1,-17800,60,legacy16
1754831177856,0x064,6,01 FF FF BA 78 3C,1,-0.000381,-35.309915,8.503937,-1,-17800,60,legacy16
1754831177861,0x064,6,01 FF FF BA 78 3C,1,-0.000381,-35.309915,8.503937,-1,-17800,60,legacy16
1754831177866,0x064,6,01 FF FF BA 78 3C,1,-0.000381,-35.309915,8.503937,-1,-17800,60,legacy16
1754831177872,0x064,6,01 FF FF BA 78 3C,1,-0.000381,-35.309915,8.503937,-1,-17800,60,legacy16
1754831177885,0x064,6,01 FF FF BA 78 3C,1,-0.000381,-35.309915,8.503937,-1,-17800,60,legacy16
1754831177899,0x064,6,01 FF FF BA 78 3C,1,-0.000381,-35.309915,8.503937,-1,-17800,60,legacy16
1754831177907,0x064,6,01 FF FF BA 78 3C,1,-0.000381,-35.309915,8.503937,-1,-17800,60,legacy16
1754831177910,0x064,6,01 FF FF BA 78 3C,1,-0.000381,-35.309915,8.503937,-1,-17800,60,legacy16
1754831177911,0x064,6,01 FF FF BA 78 3C,1,-0.000381,-35.309915,8.503937,-1,-17800,60,legacy16
1754831177913,0x064,6,01 FF FF BB F7 F2,1,-0.000381,-34.550157,-1.984252,-1,-17417,-14,legacy16
1754831177919,0x064,6,01 FF FF BB F7 F2,1,-0.000381,-34.550157,-1.984252,-1,-17417,-14,legacy16
1754831177923,0x064,6,01 FF FF BB F7 F2,1,-0.000381,-34.550157,-1.984252,-1,-17417,-14,legacy16
1754831177929,0x064,6,01 FF FF BB F7 F2,1,-0.000381,-34.550157,-1.984252,-1,-17417,-14,legacy16
1754831177935,0x064,6,01 FF FF BB F7 F2,1,-0.000381,-34.550157,-1.984252,-1,-17417,-14,legacy16
1754831177940,0x064,6,01 FF FF BB F7 F2,1,-0.000381,-34.550157,-1.984252,-1,-17417,-14,legacy16
1754831177947,0x064,6,01 FF FF BB F7 F2,1,-0.000381,-34.550157,-1.984252,-1,-17417,-14,legacy16
1754831177959,0x064,6,01 FF FF BB F7 F2,1,-0.000381,-34.550157,-1.984252,-1,-17417,-14,legacy16
1754831177966,0x064,6,01 FF FF BB F7 F2,1,-0.000381,-34.550157,-1.984252,-1,-17417,-14,legacy16
1754831177967,0x064,6,01 FF FF BB F7 F2,1,-0.000381,-34.550157,-1.984252,-1,-17417,-14,legacy16
1754831177976,0x064,6,01 FF FF BB F7 F2,1,-0.000381,-34.550157,-1.984252,-1,-17417,-14,legacy16
1754831177980,0x064,6,01 FF FF BB F7 F2,1,-0.000381,-34.550157,-1.984252,-1,-17417,-14,legacy16
1754831177988,0x064,6,01 FF FF BB F7 F2,1,-0.000381,-34.550157,-1.984252,-1,-17417,-14,legacy16
1754831177991,0x064,6,01 FF FF BB F7 F2,1,-0.000381,-34.550157,-1.984252,-1,-17417,-14,legacy16
1754831177996,0x064,6,01 FF FF BB F7 F2,1,-0.000381,-34.550157,-1.984252,-1,-17417,-14,legacy16
1754831178001,0x064,6,01 FF FF BB F7 F2,1,-0.000381,-34.550157,-1.984252,-1,-17417,-14,legacy16
1754831178008,0x064,6,01 FF FF BB F7 F2,1,-0.000381,-34.550157,-1.984252,-1,-17417,-14,legacy16
1754831178014,0x064,6,01 FF FF BD 48 35,1,-0.000381,-33.881649,7.511811,-1,-17080,53,legacy16
1754831178028,0x064,6,01 FF FF BD 48 35,1,-0.000381,-33.881649,7.511811,-1,-17080,53,legacy16
1754831178031,0x064,6,01 FF FF BD 48 35,1,-0.000381,-33.881649,7.511811,-1,-17080,53,legacy16
1754831178033,0x064,6,01 FF FF BD 48 35,1,-0.000381,-33.881649,7.511811,-1,-17080,53,legacy16
1754831178046,0x064,6,01 FF FF BD 48 35,1,-0.000381,-33.881649,7.511811,-1,-17080,53,legacy16
1754831178052,0x064,6,01 FF FF BD 48 35,1,-0.000381,-33.881649,7.511811,-1,-17080,53,legacy16
1754831178057,0x064,6,01 FF FF BD 48 35,1,-0.000381,-33.881649,7.511811,-1,-17080,53,legacy16
1754831178062,0x064,6,01 FF FF BD 48 35,1,-0.000381,-33.881649,7.511811,-1,-17080,53,legacy16
1754831178068,0x064,6,01 FF FF BD 48 35,1,-0.000381,-33.881649,7.511811,-1,-17080,53,legacy16
1754831178072,0x064,6,01 FF FF BD 48 35,1,-0.000381,-33.881649,7.511811,-1,-17080,53,legacy16
1754831178078,0x064,6,01 FF FF BD 48 35,1,-0.000381,-33.881649,7.511811,-1,-17080,53,legacy16
1754831178097,0x064,6,01 FF FF BD 48 35,1,-0.000381,-33.881649,7.511811,-1,-17080,53,legacy16
1754831178103,0x064,6,01 FF FF BD 48 35,1,-0.000381,-33.881649,7.511811,-1,-17080,53,legacy16
1754831178105,0x064,6,01 FF FF BD 48 35,1,-0.000381,-33.881649,7.511811,-1,-17080,53,legacy16
1754831178110,0x064,6,01 FF FF BD 48 35,1,-0.000381,-33.881649,7.511811,-1,-17080,53,legacy16
1754831178115,0x064,6,01 FF FF BE C8 76,1,-0.000381,-33.119907,16.724409,-1,-16696,118,legacy16
1754831178121,0x064,6,01 FF FF BE C8 76,1,-0.000381,-33.119907,16.724409,-1,-16696,118,legacy16
1754831178126,0x064,6,01 FF FF BE C8 76,1,-0.000381,-33.119907,16.724409,-1,-16696,118,legacy16
1754831178132,0x064,6,01 FF FF BE C8 76,1,-0.000381,-33.119907,16.724409,-1,-16696,118,legacy16
1754831178136,0x064,6,01 FF FF BE C8 76,1,-0.000381,-33.119907,16.724409,-1,-16696,118,legacy16
1754831178143,0x064,6,01 FF FF BE C8 76,1,-0.000381,-33.119907,16.724409,-1,-16696,118,legacy16
1754831178148,0x064,6,01 FF FF BE C8 76,1,-0.000381,-33.119907,16.724409,-1,-16696,118,legacy16
1754831178156,0x064,6,01 FF FF BE C8 76,1,-0.000381,-33.119907,16.724409,-1,-16696,118,legacy16
1754831178165,0x064,6,01 FF FF BE C8 76,1,-0.000381,-33.119907,16.724409,-1,-16696,118,legacy16
1754831178174,0x064,6,01 FF FF BE C8 76,1,-0.000381,-33.119907,16.724409,-1,-16696,118,legacy16
1754831178189,0x064,6,01 FF FF BE C8 76,1,-0.000381,-33.119907,16.724409,-1,-16696,118,legacy16
1754831178198,0x064,6,01 FF FF BE C8 76,1,-0.000381,-33.119907,16.724409,-1,-16696,118,legacy16
1754831178201,0x064,6,01 FF FF BE C8 76,1,-0.000381,-33.119907,16.724409,-1,-16696,118,legacy16
1754831178202,0x064,6,01 FF FF BE C8 76,1,-0.000381,-33.119907,16.724409,-1,-16696,118,legacy16
1754831178207,0x064,6,01 FF FF BE C8 76,1,-0.000381,-33.119907,16.724409,-1,-16696,118,legacy16
1754831178213,0x064,6,01 FF FF BF F8 32,1,-0.000381,-32.516861,7.086614,-1,-16392,50,legacy16
1754831178217,0x064,6,01 FF FF BF F8 32,1,-0.000381,-32.516861,7.086614,-1,-16392,50,legacy16
1754831178223,0x064,6,01 FF FF BF F8 32,1,-0.000381,-32.516861,7.086614,-1,-16392,50,legacy16
1754831178228,0x064,6,01 FF FF BF F8 32,1,-0.000381,-32.516861,7.086614,-1,-16392,50,legacy16
1754831178235,0x064,6,01 FF FF BF F8 32,1,-0.000381,-32.516861,7.086614,-1,-16392,50,legacy16
1754831178240,0x064,6,01 FF FF BF F8 32,1,-0.000381,-32.516861,7.086614,-1,-16392,50,legacy16
1754831178245,0x064,6,01 FF FF BF F8 32,1,-0.000381,-32.516861,7.086614,-1,-16392,50,legacy16
1754831178254,0x064,6,01 FF FF BF F8 32,1,-0.000381,-32.516861,7.086614,-1,-16392,50,legacy16
1754831178256,0x064,6,01 FF FF BF F8 32,1,-0.000381,-32.516861,7.086614,-1,-16392,50,legacy16
1754831178267,0x064,6,01 FF FF BF F8 32,1,-0.000381,-32.516861,7.086614,-1,-16392,50,legacy16
1754831178276,0x064,6,01 FF FF BF F8 32,1,-0.000381,-32.516861,7.086614,-1,-16392,50,legacy16
1754831178282,0x064,6,01 FF FF BF F8 32,1,-0.000381,-32.516861,7.086614,-1,-16392,50,legacy16
1754831178283,0x064,6,01 FF FF BF F8 32,1,-0.000381,-32.516861,7.086614,-1,-16392,50,legacy16
1754831178289,0x064,6,01 FF FF BF F8 32,1,-0.000381,-32.516861,7.086614,-1,-16392,50,legacy16
1754831178295,0x064,6,01 FF FF BF F8 32,1,-0.000381,-32.516861,7.086614,-1,-16392,50,legacy16
1754831178307,0x064,6,01 FF FF BF F8 32,1,-0.000381,-32.516861,7.086614,-1,-16392,50,legacy16
1754831178315,0x064,6,01 FF FF BF F8 32,1,-0.000381,-32.516861,7.086614,-1,-16392,50,legacy16
1754831178316,0x064,6,01 FF FF C1 C8 75,1,-0.000381,-31.596423,16.582677,-1,-15928,117,legacy16
1754831178332,0x064,6,01 FF FF C1 C8 75,1,-0.000381,-31.596423,16.582677,-1,-15928,117,legacy16
1754831178332,0x064,6,01 FF FF C1 C8 75,1,-0.000381,-31.596423,16.582677,-1,-15928,117,legacy16
1754831178335,0x064,6,01 FF FF C1 C8 75,1,-0.000381,-31.596423,16.582677,-1,-15928,117,legacy16
1754831178342,0x064,6,01 FF FF C1 C8 75,1,-0.000381,-31.596423,16.582677,-1,-15928,117,legacy16
1754831178349,0x064,6,01 FF FF C1 C8 75,1,-0.000381,-31.596423,16.582677,-1,-15928,117,legacy16
1754831178354,0x064,6,01 FF FF C1 C8 75,1,-0.000381,-31.596423,16.582677,-1,-15928,117,legacy16
1754831178361,0x064,6,01 FF FF C1 C8 75,1,-0.000381,-31.596423,16.582677,-1,-15928,117,legacy16
1754831178369,0x064,6,01 FF FF C1 C8 75,1,-0.000381,-31.596423,16.582677,-1,-15928,117,legacy16
1754831178375,0x064,6,01 FF FF C1 C8 75,1,-0.000381,-31.596423,16.582677,-1,-15928,117,legacy16
1754831178381,0x064,6,01 FF FF C1 C8 75,1,-0.000381,-31.596423,16.582677,-1,-15928,117,legacy16
1754831178383,0x064,6,01 FF FF C1 C8 75,1,-0.000381,-31.596423,16.582677,-1,-15928,117,legacy16
1754831178388,0x064,6,01 FF FF C1 C8 75,1,-0.000381,-31.596423,16.582677,-1,-15928,117,legacy16
1754831178393,0x064,6,01 FF FF C1 C8 75,1,-0.000381,-31.596423,16.582677,-1,-15928,117,legacy16
1754831178402,0x064,6,01 FF FF C1 C8 75,1,-0.000381,-31.596423,16.582677,-1,-15928,117,legacy16
1754831178405,0x064,6,01 FF FF C1 C8 75,1,-0.000381,-31.596423,16.582677,-1,-15928,117,legacy16
1754831178413,0x064,6,01 FF FF C1 C8 75,1,-0.000381,-31.596423,16.582677,-1,-15928,117,legacy16
1754831178418,0x064,6,01 FF FF C3 C7 BC,1,-0.000381,-30.582751,-9.637795,-1,-15417,-68,legacy16
1754831178428,0x064,6,01 FF FF C3 C7 BC,1,-0.000381,-30.582751,-9.637795,-1,-15417,-68,legacy16
1754831178430,0x064,6,01 FF FF C3 C7 BC,1,-0.000381,-30.582751,-9.637795,-1,-15417,-68,legacy16
1754831178435,0x064,6,01 FF FF C3 C7 BC,1,-0.000381,-30.582751,-9.637795,-1,-15417,-68,legacy16
1754831178445,0x064,6,01 FF FF C3 C7 BC,1,-0.000381,-30.582751,-9.637795,-1,-15417,-68,legacy16
1754831178446,0x064,6,01 FF FF C3 C7 BC,1,-0.000381,-30.582751,-9.637795,-1,-15417,-68,legacy16
1754831178452,0x064,6,01 FF FF C3 C7 BC,1,-0.000381,-30.582751,-9.637795,-1,-15417,-68,legacy16
1754831178456,0x064,6,01 FF FF C3 C7 BC,1,-0.000381,-30.582751,-9.637795,-1,-15417,-68,legacy16
1754831178478,0x064,6,01 FF FF C3 C7 BC,1,-0.000381,-30.582751,-9.637795,-1,-15417,-68,legacy16
1754831178478,0x064,6,01 FF FF C3 C7 BC,1,-0.000381,-30.582751,-9.637795,-1,-15417,-68,legacy16
1754831178479,0x064,6,01 FF FF C3 C7 BC,1,-0.000381,-30.582751,-9.637795,-1,-15417,-68,legacy16
1754831178480,0x064,6,01 FF FF C3 C7 BC,1,-0.000381,-30.582751,-9.637795,-1,-15417,-68,legacy16
1754831178485,0x064,6,01 FF FF C3 C7 BC,1,-0.000381,-30.582751,-9.637795,-1,-15417,-68,legacy16
1754831178492,0x064,6,01 FF FF C3 C7 BC,1,-0.000381,-30.582751,-9.637795,-1,-15417,-68,legacy16
1754831178497,0x064,6,01 FF FF C3 C7 BC,1,-0.000381,-30.582751,-9.637795,-1,-15417,-68,legacy16
1754831178503,0x064,6,01 FF FF C3 C7 BC,1,-0.000381,-30.582751,-9.637795,-1,-15417,-68,legacy16
1754831178509,0x064,6,01 FF FF C3 C7 BC,1,-0.000381,-30.582751,-9.637795,-1,-15417,-68,legacy16
1754831178515,0x064,6,01 FF FF C5 28 4E,1,-0.000381,-29.882504,11.055118,-1,-15064,78,legacy16
1754831178523,0x064,6,01 FF FF C5 28 4E,1,-0.000381,-29.882504,11.055118,-1,-15064,78,legacy16
1754831178529,0x064,6,01 FF FF C5 28 4E,1,-0.000381,-29.882504,11.055118,-1,-15064,78,legacy16
1754831178540,0x064,6,01 FF FF C5 28 4E,1,-0.000381,-29.882504,11.055118,-1,-15064,78,legacy16
1754831178545,0x064,6,01 FF FF C5 28 4E,1,-0.000381,-29.882504,11.055118,-1,-15064,78,legacy16
1754831178556,0x064,6,01 FF FF C5 28 4E,1,-0.000381,-29.882504,11.055118,-1,-15064,78,legacy16
1754831178563,0x064,6,01 FF FF C5 28 4E,1,-0.000381,-29.882504,11.055118,-1,-15064,78,legacy16
1754831178568,0x064,6,01 FF FF C5 28 4E,1,-0.000381,-29.882504,11.055118,-1,-15064,78,legacy16
1754831178574,0x064,6,01 FF FF C5 28 4E,1,-0.000381,-29.882504,11.055118,-1,-15064,78,legacy16
1754831178579,0x064,6,01 FF FF C5 28 4E,1,-0.000381,-29.882504,11.055118,-1,-15064,78,legacy16
1754831178584,0x064,6,01 FF FF C5 28 4E,1,-0.000381,-29.882504,11.055118,-1,-15064,78,legacy16
1754831178595,0x064,6,01 FF FF C5 28 4E,1,-0.000381,-29.882504,11.055118,-1,-15064,78,legacy16
1754831178596,0x064,6,01 FF FF C5 28 4E,1,-0.000381,-29.882504,11.055118,-1,-15064,78,legacy16
1754831178603,0x064,6,01 FF FF C5 28 4E,1,-0.000381,-29.882504,11.055118,-1,-15064,78,legacy16
1754831178606,0x064,6,01 FF FF C5 28 4E,1,-0.000381,-29.882504,11.055118,-1,-15064,78,legacy16
1754831178612,0x064,6,01 FF FF C5 28 4E,1,-0.000381,-29.882504,11.055118,-1,-15064,78,legacy16
1754831178624,0x064,6,01 FF FF C5 D8 4B,1,-0.000381,-29.533372,10.629921,-1,-14888,75,legacy16
1754831178631,0x064,6,01 FF FF C5 D8 4B,1,-0.000381,-29.533372,10.629921,-1,-14888,75,legacy16
1754831178637,0x064,6,01 FF FF C5 D8 4B,1,-0.000381,-29.533372,10.629921,-1,-14888,75,legacy16
1754831178651,0x064,6,01 FF FF C5 D8 4B,1,-0.000381,-29.533372,10.629921,-1,-14888,75,legacy16
1754831178660,0x064,6,01 FF FF C5 D8 4B,1,-0.000381,-29.533372,10.629921,-1,-14888,75,legacy16
1754831178669,0x064,6,01 FF FF C5 D8 4B,1,-0.000381,-29.533372,10.629921,-1,-14888,75,legacy16
1754831178681,0x064,6,01 FF FF C5 D8 4B,1,-0.000381,-29.533372,10.629921,-1,-14888,75,legacy16
1754831178682,0x064,6,01 FF FF C5 D8 4B,1,-0.000381,-29.533372,10.629921,-1,-14888,75,legacy16
1754831178693,0x064,6,01 FF FF C5 D8 4B,1,-0.000381,-29.533372,10.629921,-1,-14888,75,legacy16
1754831178716,0x064,6,01 FF FF C5 D8 4B,1,-0.000381,-29.533372,10.629921,-1,-14888,75,legacy16
1754831178725,0x064,6,01 FF FF C5 D8 4B,1,-0.000381,-29.533372,10.629921,-1,-14888,75,legacy16
1754831178736,0x064,6,01 FF FF C5 D8 4B,1,-0.000381,-29.533372,10.629921,-1,-14888,75,legacy16
1754831178743,0x064,6,01 FF FF C6 C8 25,1,-0.000381,-29.057283,5.244094,-1,-14648,37,legacy16
1754831178746,0x064,6,01 FF FF C6 C8 25,1,-0.000381,-29.057283,5.244094,-1,-14648,37,legacy16
1754831178753,0x064,6,01 FF FF C6 C8 25,1,-0.000381,-29.057283,5.244094,-1,-14648,37,legacy16
1754831178754,0x064,6,01 FF FF C6 C8 25,1,-0.000381,-29.057283,5.244094,-1,-14648,37,legacy16
1754831178769,0x064,6,01 FF FF C6 C8 25,1,-0.000381,-29.057283,5.244094,-1,-14648,37,legacy16
1754831178774,0x064,6,01 FF FF C6 C8 25,1,-0.000381,-29.057283,5.244094,-1,-14648,37,legacy16
1754831178780,0x064,6,01 FF FF C6 C8 25,1,-0.000381,-29.057283,5.244094,-1,-14648,37,legacy16
1754831178790,0x064,6,01 FF FF C6 C8 25,1,-0.000381,-29.057283,5.244094,-1,-14648,37,legacy16
1754831178799,0x064,6,01 FF FF C6 C8 25,1,-0.000381,-29.057283,5.244094,-1,-14648,37,legacy16
1754831178814,0x064,6,01 FF FF C6 C8 25,1,-0.000381,-29.057283,5.244094,-1,-14648,37,legacy16
1754831178815,0x064,6,01 FF FF C6 C8 25,1,-0.000381,-29.057283,5.244094,-1,-14648,37,legacy16
1754831178820,0x064,6,01 FF FF C9 27 F2,1,-0.000381,-27.853175,-1.984252,-1,-14041,-14,legacy16
1754831178827,0x064,6,01 FF FF C9 27 F2,1,-0.000381,-27.853175,-1.984252,-1,-14041,-14,legacy16
1754831178832,0x064,6,01 FF FF C9 27 F2,1,-0.000381,-27.853175,-1.984252,-1,-14041,-14,legacy16
1754831178837,0x064,6,01 FF FF C9 27 F2,1,-0.000381,-27.853175,-1.984252,-1,-14041,-14,legacy16
1754831178845,0x064,6,01 FF FF C9 27 F2,1,-0.000381,-27.853175,-1.984252,-1,-14041,-14,legacy16
1754831178864,0x064,6,01 FF FF C9 27 F2,1,-0.000381,-27.853175,-1.984252,-1,-14041,-14,legacy16
1754831178874,0x064,6,01 FF FF C9 27 F2,1,-0.000381,-27.853175,-1.984252,-1,-14041,-14,legacy16
1754831178878,0x064,6,01 FF FF C9 27 F2,1,-0.000381,-27.853175,-1.984252,-1,-14041,-14,legacy16
1754831178880,0x064,6,01 FF FF C9 27 F2,1,-0.000381,-27.853175,-1.984252,-1,-14041,-14,legacy16
1754831178905,0x064,6,01 FF FF C9 27 F2,1,-0.000381,-27.853175,-1.984252,-1,-14041,-14,legacy16
1754831178908,0x064,6,01 FF FF C9 27 F2,1,-0.000381,-27.853175,-1.984252,-1,-14041,-14,legacy16
1754831178916,0x064,6,01 FF FF C9 27 F2,1,-0.000381,-27.853175,-1.984252,-1,-14041,-14,legacy16
1754831178945,0x064,6,01 FF FF C9 27 F2,1,-0.000381,-27.853175,-1.984252,-1,-14041,-14,legacy16
1754831178954,0x064,6,01 FF FF C6 78 2F,1,-0.000381,-29.215979,6.661417,-1,-14728,47,legacy16
1754831178965,0x064,6,01 FF FF C6 78 2F,1,-0.000381,-29.215979,6.661417,-1,-14728,47,legacy16
1754831178981,0x064,6,01 FF FF C6 78 2F,1,-0.000381,-29.215979,6.661417,-1,-14728,47,legacy16
1754831178987,0x064,6,01 FF FF C6 78 2F,1,-0.000381,-29.215979,6.661417,-1,-14728,47,legacy16
1754831178993,0x064,6,01 FF FF C6 78 2F,1,-0.000381,-29.215979,6.661417,-1,-14728,47,legacy16
1754831178998,0x064,6,01 FF FF C6 78 2F,1,-0.000381,-29.215979,6.661417,-1,-14728,47,legacy16
1754831179010,0x064,6,01 FF FF C6 78 2F,1,-0.000381,-29.215979,6.661417,-1,-14728,47,legacy16
1754831179015,0x064,6,01 FF FF C6 78 2F,1,-0.000381,-29.215979,6.661417,-1,-14728,47,legacy16
1754831179018,0x064,6,01 FF FF C6 78 2F,1,-0.000381,-29.215979,6.661417,-1,-14728,47,legacy16
1754831179019,0x064,6,01 FF FF C7 28 EA,1,-0.000381,-28.866848,-3.118110,-1,-14552,-22,legacy16
1754831179020,0x064,6,01 FF FF C7 28 EA,1,-0.000381,-28.866848,-3.118110,-1,-14552,-22,legacy16
1754831179029,0x064,6,01 FF FF C7 28 EA,1,-0.000381,-28.866848,-3.118110,-1,-14552,-22,legacy16
1754831179035,0x064,6,01 FF FF C7 28 EA,1,-0.000381,-28.866848,-3.118110,-1,-14552,-22,legacy16
1754831179040,0x064,6,01 FF FF C7 28 EA,1,-0.000381,-28.866848,-3.118110,-1,-14552,-22,legacy16
1754831179057,0x064,6,01 FF FF C7 28 EA,1,-0.000381,-28.866848,-3.118110,-1,-14552,-22,legacy16
1754831179057,0x064,6,01 FF FF C7 28 EA,1,-0.000381,-28.866848,-3.118110,-1,-14552,-22,legacy16
1754831179062,0x064,6,01 FF FF C7 28 EA,1,-0.000381,-28.866848,-3.118110,-1,-14552,-22,legacy16
1754831179066,0x064,6,01 FF FF C7 28 EA,1,-0.000381,-28.866848,-3.118110,-1,-14552,-22,legacy16
1754831179078,0x064,6,01 FF FF C7 28 EA,1,-0.000381,-28.866848,-3.118110,-1,-14552,-22,legacy16
1754831179094,0x064,6,01 FF FF C7 28 EA,1,-0.000381,-28.866848,-3.118110,-1,-14552,-22,legacy16
1754831179095,0x064,6,01 FF FF C7 28 EA,1,-0.000381,-28.866848,-3.118110,-1,-14552,-22,legacy16
1754831179100,0x064,6,01 FF FF C7 28 EA,1,-0.000381,-28.866848,-3.118110,-1,-14552,-22,legacy16
1754831179114,0x064,6,01 FF FF C7 28 EA,1,-0.000381,-28.866848,-3.118110,-1,-14552,-22,legacy16
1754831179124,0x064,6,01 FF FF C7 28 EA,1,-0.000381,-28.866848,-3.118110,-1,-14552,-22,legacy16
1754831179126,0x064,6,01 FF FF C8 48 71,1,-0.000381,-28.295541,16.015748,-1,-14264,113,legacy16
1754831179139,0x064,6,01 FF FF C8 48 71,1,-0.000381,-28.295541,16.015748,-1,-14264,113,legacy16
1754831179152,0x064,6,01 FF FF C8 48 71,1,-0.000381,-28.295541,16.015748,-1,-14264,113,legacy16
1754831179166,0x064,6,01 FF FF C8 48 71,1,-0.000381,-28.295541,16.015748,-1,-14264,113,legacy16
1754831179180,0x064,6,01 FF FF C8 48 71,1,-0.000381,-28.295541,16.015748,-1,-14264,113,legacy16
1754831179183,0x064,6,01 FF FF C8 48 71,1,-0.000381,-28.295541,16.015748,-1,-14264,113,legacy16
1754831179191,0x064,6,01 FF FF C8 48 71,1,-0.000381,-28.295541,16.015748,-1,-14264,113,legacy16
1754831179193,0x064,6,01 FF FF C8 48 71,1,-0.000381,-28.295541,16.015748,-1,-14264,113,legacy16
1754831179204,0x064,6,01 FF FF C8 48 71,1,-0.000381,-28.295541,16.015748,-1,-14264,113,legacy16
1754831179212,0x064,6,01 FF FF C8 48 71,1,-0.000381,-28.295541,16.015748,-1,-14264,113,legacy16
1754831179219,0x064,6,01 FF FF C8 48 71,1,-0.000381,-28.295541,16.015748,-1,-14264,113,legacy16
1754831179222,0x064,6,01 FF FF C7 C8 27,1,-0.000381,-28.549455,5.527559,-1,-14392,39,legacy16
1754831179238,0x064,6,01 FF FF C7 C8 27,1,-0.000381,-28.549455,5.527559,-1,-14392,39,legacy16
1754831179242,0x064,6,01 FF FF C7 C8 27,1,-0.000381,-28.549455,5.527559,-1,-14392,39,legacy16
1754831179255,0x064,6,01 FF FF C7 C8 27,1,-0.000381,-28.549455,5.527559,-1,-14392,39,legacy16
1754831179255,0x064,6,01 FF FF C7 C8 27,1,-0.000381,-28.549455,5.527559,-1,-14392,39,legacy16
1754831179257,0x064,6,01 FF FF C7 C8 27,1,-0.000381,-28.549455,5.527559,-1,-14392,39,legacy16
1754831179263,0x064,6,01 FF FF C7 C8 27,1,-0.000381,-28.549455,5.527559,-1,-14392,39,legacy16
1754831179270,0x064,6,01 FF FF C7 C8 27,1,-0.000381,-28.549455,5.527559,-1,-14392,39,legacy16
1754831179285,0x064,6,01 FF FF C7 C8 27,1,-0.000381,-28.549455,5.527559,-1,-14392,39,legacy16
1754831179297,0x064,6,01 FF FF C7 C8 27,1,-0.000381,-28.549455,5.527559,-1,-14392,39,legacy16
1754831179308,0x064,6,01 FF FF C7 C8 27,1,-0.000381,-28.549455,5.527559,-1,-14392,39,legacy16
1754831179321,0x064,6,01 FF FF C7 C8 27,1,-0.000381,-28.549455,5.527559,-1,-14392,39,legacy16
1754831179323,0x064,6,01 FF FF C7 C8 27,1,-0.000381,-28.549455,5.527559,-1,-14392,39,legacy16
1754831179326,0x064,6,01 FF FF C7 C8 27,1,-0.000381,-28.549455,5.527559,-1,-14392,39,legacy16
1754831179328,0x064,6,01 FF FF C9 87 BB,1,-0.000381,-27.662740,-9.779528,-1,-13945,-69,legacy16
1754831179337,0x064,6,01 FF FF C9 87 BB,1,-0.000381,-27.662740,-9.779528,-1,-13945,-69,legacy16
1754831179338,0x064,6,01 FF FF C9 87 BB,1,-0.000381,-27.662740,-9.779528,-1,-13945,-69,legacy16
1754831179341,0x064,6,01 FF FF C9 87 BB,1,-0.000381,-27.662740,-9.779528,-1,-13945,-69,legacy16
1754831179354,0x064,6,01 FF FF C9 87 BB,1,-0.000381,-27.662740,-9.779528,-1,-13945,-69,legacy16
1754831179355,0x064,6,01 FF FF C9 87 BB,1,-0.000381,-27.662740,-9.779528,-1,-13945,-69,legacy16
1754831179366,0x064,6,01 FF FF C9 87 BB,1,-0.000381,-27.662740,-9.779528,-1,-13945,-69,legacy16
1754831179374,0x064,6,01 FF FF C9 87 BB,1,-0.000381,-27.662740,-9.779528,-1,-13945,-69,legacy16
1754831179378,0x064,6,01 FF FF C9 87 BB,1,-0.000381,-27.662740,-9.779528,-1,-13945,-69,legacy16
1754831179379,0x064,6,01 FF FF C9 87 BB,1,-0.000381,-27.662740,-9.779528,-1,-13945,-69,legacy16
1754831179384,0x064,6,01 FF FF C9 87 BB,1,-0.000381,-27.662740,-9.779528,-1,-13945,-69,legacy16
1754831179389,0x064,6,01 FF FF C9 87 BB,1,-0.000381,-27.662740,-9.779528,-1,-13945,-69,legacy16
1754831179398,0x064,6,01 FF FF C9 87 BB,1,-0.000381,-27.662740,-9.779528,-1,-13945,-69,legacy16
1754831179402,0x064,6,01 FF FF C9 87 BB,1,-0.000381,-27.662740,-9.779528,-1,-13945,-69,legacy16
1754831179407,0x064,6,01 FF FF C9 87 BB,1,-0.000381,-27.662740,-9.779528,-1,-13945,-69,legacy16
1754831179428,0x064,6,01 FF FF C9 A7 EA,1,-0.000381,-27.599261,-3.118110,-1,-13913,-22,legacy16
1754831179429,0x064,6,01 FF FF C9 A7 EA,1,-0.000381,-27.599261,-3.118110,-1,-13913,-22,legacy16
1754831179431,0x064,6,01 FF FF C9 A7 EA,1,-0.000381,-27.599261,-3.118110,-1,-13913,-22,legacy16
1754831179438,0x064,6,01 FF FF C9 A7 EA,1,-0.000381,-27.599261,-3.118110,-1,-13913,-22,legacy16
1754831179453,0x064,6,01 FF FF C9 A7 EA,1,-0.000381,-27.599261,-3.118110,-1,-13913,-22,legacy16
1754831179454,0x064,6,01 FF FF C9 A7 EA,1,-0.000381,-27.599261,-3.118110,-1,-13913,-22,legacy16
1754831179462,0x064,6,01 FF FF C9 A7 EA,1,-0.000381,-27.599261,-3.118110,-1,-13913,-22,legacy16
1754831179469,0x064,6,01 FF FF C9 A7 EA,1,-0.000381,-27.599261,-3.118110,-1,-13913,-22,legacy16
1754831179471,0x064,6,01 FF FF C9 A7 EA,1,-0.000381,-27.599261,-3.118110,-1,-13913,-22,legacy16
1754831179476,0x064,6,01 FF FF C9 A7 EA,1,-0.000381,-27.599261,-3.118110,-1,-13913,-22,legacy16
1754831179482,0x064,6,01 FF FF C9 A7 EA,1,-0.000381,-27.599261,-3.118110,-1,-13913,-22,legacy16
1754831179496,0x064,6,01 FF FF C9 A7 EA,1,-0.000381,-27.599261,-3.118110,-1,-13913,-22,legacy16
1754831179511,0x064,6,01 FF FF C9 A7 EA,1,-0.000381,-27.599261,-3.118110,-1,-13913,-22,legacy16
1754831179524,0x064,6,01 FF FF CA 68 39,1,-0.000381,-27.216407,8.078740,-1,-13720,57,legacy16
1754831179532,0x064,6,01 FF FF CA 68 39,1,-0.000381,-27.216407,8.078740,-1,-13720,57,legacy16
1754831179549,0x064,6,01 FF FF CA 68 39,1,-0.000381,-27.216407,8.078740,-1,-13720,57,legacy16
1754831179551,0x064,6,01 FF FF CA 68 39,1,-0.000381,-27.216407,8.078740,-1,-13720,57,legacy16
1754831179555,0x064,6,01 FF FF CA 68 39,1,-0.000381,-27.216407,8.078740,-1,-13720,57,legacy16
1754831179561,0x064,6,01 FF FF CA 68 39,1,-0.000381,-27.216407,8.078740,-1,-13720,57,legacy16
1754831179565,0x064,6,01 FF FF CA 68 39,1,-0.000381,-27.216407,8.078740,-1,-13720,57,legacy16
1754831179571,0x064,6,01 FF FF CA 68 39,1,-0.000381,-27.216407,8.078740,-1,-13720,57,legacy16
1754831179577,0x064,6,01 FF FF CA 68 39,1,-0.000381,-27.216407,8.078740,-1,-13720,57,legacy16
1754831179582,0x064,6,01 FF FF CA 68 39,1,-0.000381,-27.216407,8.078740,-1,-13720,57,legacy16
1754831179605,0x064,6,01 FF FF CA 68 39,1,-0.000381,-27.216407,8.078740,-1,-13720,57,legacy16
1754831179612,0x064,6,01 FF FF CA 68 39,1,-0.000381,-27.216407,8.078740,-1,-13720,57,legacy16
1754831179632,0x064,6,01 FF FF C9 C8 3C,1,-0.000381,-27.533799,8.503937,-1,-13880,60,legacy16
1754831179644,0x064,6,01 FF FF C9 C8 3C,1,-0.000381,-27.533799,8.503937,-1,-13880,60,legacy16
1754831179647,0x064,6,01 FF FF C9 C8 3C,1,-0.000381,-27.533799,8.503937,-1,-13880,60,legacy16
1754831179656,0x064,6,01 FF FF C9 C8 3C,1,-0.000381,-27.533799,8.503937,-1,-13880,60,legacy16
1754831179660,0x064,6,01 FF FF C9 C8 3C,1,-0.000381,-27.533799,8.503937,-1,-13880,60,legacy16
1754831179665,0x064,6,01 FF FF C9 C8 3C,1,-0.000381,-27.533799,8.503937,-1,-13880,60,legacy16
1754831179672,0x064,6,01 FF FF C9 C8 3C,1,-0.000381,-27.533799,8.503937,-1,-13880,60,legacy16
1754831179686,0x064,6,01 FF FF C9 C8 3C,1,-0.000381,-27.533799,8.503937,-1,-13880,60,legacy16
1754831179687,0x064,6,01 FF FF C9 C8 3C,1,-0.000381,-27.533799,8.503937,-1,-13880,60,legacy16
1754831179704,0x064,6,01 FF FF C9 C8 3C,1,-0.000381,-27.533799,8.503937,-1,-13880,60,legacy16
1754831179718,0x064,6,01 FF FF C9 C8 3C,1,-0.000381,-27.533799,8.503937,-1,-13880,60,legacy16
1754831179724,0x064,6,01 FF FF C9 C8 3C,1,-0.000381,-27.533799,8.503937,-1,-13880,60,legacy16
1754831179728,0x064,6,01 FF FF C7 B7 F0,1,-0.000381,-28.583178,-2.267717,-1,-14409,-16,legacy16
1754831179739,0x064,6,01 FF FF C7 B7 F0,1,-0.000381,-28.583178,-2.267717,-1,-14409,-16,legacy16
1754831179739,0x064,6,01 FF FF C7 B7 F0,1,-0.000381,-28.583178,-2.267717,-1,-14409,-16,legacy16
1754831179740,0x064,6,01 FF FF C7 B7 F0,1,-0.000381,-28.583178,-2.267717,-1,-14409,-16,legacy16
1754831179764,0x064,6,01 FF FF C7 B7 F0,1,-0.000381,-28.583178,-2.267717,-1,-14409,-16,legacy16
1754831179767,0x064,6,01 FF FF C7 B7 F0,1,-0.000381,-28.583178,-2.267717,-1,-14409,-16,legacy16
1754831179768,0x064,6,01 FF FF C7 B7 F0,1,-0.000381,-28.583178,-2.267717,-1,-14409,-16,legacy16
1754831179785,0x064,6,01 FF FF C7 B7 F0,1,-0.000381,-28.583178,-2.267717,-1,-14409,-16,legacy16
1754831179790,0x064,6,01 FF FF C7 B7 F0,1,-0.000381,-28.583178,-2.267717,-1,-14409,-16,legacy16
1754831179801,0x064,6,01 FF FF C7 B7 F0,1,-0.000381,-28.583178,-2.267717,-1,-14409,-16,legacy16
1754831179801,0x064,6,01 FF FF C7 B7 F0,1,-0.000381,-28.583178,-2.267717,-1,-14409,-16,legacy16
1754831179801,0x064,6,01 FF FF C7 B7 F0,1,-0.000381,-28.583178,-2.267717,-1,-14409,-16,legacy16
1754831179814,0x064,6,01 FF FF C7 B7 F0,1,-0.000381,-28.583178,-2.267717,-1,-14409,-16,legacy16
1754831179823,0x064,6,01 FF FF C9 D7 FA,1,-0.000381,-27.504044,-0.850394,-1,-13865,-6,legacy16
1754831179849,0x064,6,01 FF FF C9 D7 FA,1,-0.000381,-27.504044,-0.850394,-1,-13865,-6,legacy16
1754831179881,0x064,6,01 FF FF C9 D7 FA,1,-0.000381,-27.504044,-0.850394,-1,-13865,-6,legacy16
1754831179882,0x064,6,01 FF FF C9 D7 FA,1,-0.000381,-27.504044,-0.850394,-1,-13865,-6,legacy16
1754831179898,0x064,6,01 FF FF C9 D7 FA,1,-0.000381,-27.504044,-0.850394,-1,-13865,-6,legacy16
1754831179905,0x064,6,01 FF FF C9 D7 FA,1,-0.000381,-27.504044,-0.850394,-1,-13865,-6,legacy16
1754831179906,0x064,6,01 FF FF C9 D7 FA,1,-0.000381,-27.504044,-0.850394,-1,-13865,-6,legacy16
1754831179908,0x064,6,01 FF FF C9 D7 FA,1,-0.000381,-27.504044,-0.850394,-1,-13865,-6,legacy16
1754831179908,0x064,6,01 FF FF C9 D7 FA,1,-0.000381,-27.504044,-0.850394,-1,-13865,-6,legacy16
1754831179909,0x064,6,01 FF FF C9 D7 FA,1,-0.000381,-27.504044,-0.850394,-1,-13865,-6,legacy16
1754831179914,0x064,6,01 FF FF C9 D7 FA,1,-0.000381,-27.504044,-0.850394,-1,-13865,-6,legacy16
1754831179918,0x064,6,01 FF FF C9 D7 FA,1,-0.000381,-27.504044,-0.850394,-1,-13865,-6,legacy16
1754831179940,0x064,6,01 FF FF C9 D7 FA,1,-0.000381,-27.504044,-0.850394,-1,-13865,-6,legacy16
1754831179944,0x064,6,01 FF FF C8 78 3D,1,-0.000381,-28.200323,8.645669,-1,-14216,61,legacy16
1754831179945,0x064,6,01 FF FF C8 78 3D,1,-0.000381,-28.200323,8.645669,-1,-14216,61,legacy16
1754831179950,0x064,6,01 FF FF C8 78 3D,1,-0.000381,-28.200323,8.645669,-1,-14216,61,legacy16
1754831179951,0x064,6,01 FF FF C8 78 3D,1,-0.000381,-28.200323,8.645669,-1,-14216,61,legacy16
1754831179968,0x064,6,01 FF FF C8 78 3D,1,-0.000381,-28.200323,8.645669,-1,-14216,61,legacy16
1754831179973,0x064,6,01 FF FF C8 78 3D,1,-0.000381,-28.200323,8.645669,-1,-14216,61,legacy16
1754831179986,0x064,6,01 FF FF C8 78 3D,1,-0.000381,-28.200323,8.645669,-1,-14216,61,legacy16
1754831179989,0x064,6,01 FF FF C8 78 3D,1,-0.000381,-28.200323,8.645669,-1,-14216,61,legacy16
1754831179989,0x064,6,01 FF FF C8 78 3D,1,-0.000381,-28.200323,8.645669,-1,-14216,61,legacy16
1754831179990,0x064,6,01 FF FF C8 78 3D,1,-0.000381,-28.200323,8.645669,-1,-14216,61,legacy16
1754831180008,0x064,6,01 FF FF C8 78 3D,1,-0.000381,-28.200323,8.645669,-1,-14216,61,legacy16
1754831180044,0x064,6,01 FF FF C8 78 3D,1,-0.000381,-28.200323,8.645669,-1,-14216,61,legacy16
1754831180059,0x064,6,01 FF FF C9 08 01,1,-0.000381,-27.914670,0.141732,-1,-14072,1,legacy16
1754831180069,0x064,6,01 FF FF C9 08 01,1,-0.000381,-27.914670,0.141732,-1,-14072,1,legacy16
1754831180083,0x064,6,01 FF FF C9 08 01,1,-0.000381,-27.914670,0.141732,-1,-14072,1,legacy16
1754831180091,0x064,6,01 FF FF C9 08 01,1,-0.000381,-27.914670,0.141732,-1,-14072,1,legacy16
1754831180099,0x064,6,01 FF FF C9 08 01,1,-0.000381,-27.914670,0.141732,-1,-14072,1,legacy16
1754831180107,0x064,6,01 FF FF C9 08 01,1,-0.000381,-27.914670,0.141732,-1,-14072,1,legacy16
1754831180107,0x064,6,01 FF FF C9 08 01,1,-0.000381,-27.914670,0.141732,-1,-14072,1,legacy16
1754831180108,0x064,6,01 FF FF C9 08 01,1,-0.000381,-27.914670,0.141732,-1,-14072,1,legacy16
1754831180108,0x064,6,01 FF FF C9 08 01,1,-0.000381,-27.914670,0.141732,-1,-14072,1,legacy16
1754831180108,0x064,6,01 FF FF C9 08 01,1,-0.000381,-27.914670,0.141732,-1,-14072,1,legacy16
1754831180109,0x064,6,01 FF FF C9 08 01,1,-0.000381,-27.914670,0.141732,-1,-14072,1,legacy16
1754831180113,0x064,6,01 FF FF C9 08 01,1,-0.000381,-27.914670,0.141732,-1,-14072,1,legacy16
1754831180118,0x064,6,01 FF FF C8 C8 0A,1,-0.000381,-28.041627,1.417323,-1,-14136,10,legacy16
1754831180123,0x064,6,01 FF FF C8 C8 0A,1,-0.000381,-28.041627,1.417323,-1,-14136,10,legacy16
1754831180129,0x064,6,01 FF FF C8 C8 0A,1,-0.000381,-28.041627,1.417323,-1,-14136,10,legacy16
1754831180135,0x064,6,01 FF FF C8 C8 0A,1,-0.000381,-28.041627,1.417323,-1,-14136,10,legacy16
1754831180139,0x064,6,01 FF FF C8 C8 0A,1,-0.000381,-28.041627,1.417323,-1,-14136,10,legacy16
1754831180151,0x064,6,01 FF FF C8 C8 0A,1,-0.000381,-28.041627,1.417323,-1,-14136,10,legacy16
1754831180151,0x064,6,01 FF FF C8 C8 0A,1,-0.000381,-28.041627,1.417323,-1,-14136,10,legacy16
1754831180157,0x064,6,01 FF FF C8 C8 0A,1,-0.000381,-28.041627,1.417323,-1,-14136,10,legacy16
1754831180169,0x064,6,01 FF FF C8 C8 0A,1,-0.000381,-28.041627,1.417323,-1,-14136,10,legacy16
1754831180174,0x064,6,01 FF FF C8 C8 0A,1,-0.000381,-28.041627,1.417323,-1,-14136,10,legacy16
1754831180183,0x064,6,01 FF FF C8 C8 0A,1,-0.000381,-28.041627,1.417323,-1,-14136,10,legacy16
1754831180198,0x064,6,01 FF FF C8 C8 0A,1,-0.000381,-28.041627,1.417323,-1,-14136,10,legacy16
1754831180211,0x064,6,01 FF FF C8 C8 0A,1,-0.000381,-28.041627,1.417323,-1,-14136,10,legacy16
1754831180216,0x064,6,01 FF FF C8 C8 0A,1,-0.000381,-28.041627,1.417323,-1,-14136,10,legacy16
1754831180221,0x064,6,01 FF FF C8 08 23,1,-0.000381,-28.422498,4.960630,-1,-14328,35,legacy16
1754831180232,0x064,6,01 FF FF C8 08 23,1,-0.000381,-28.422498,4.960630,-1,-14328,35,legacy16
1754831180232,0x064,6,01 FF FF C8 08 23,1,-0.000381,-28.422498,4.960630,-1,-14328,35,legacy16
1754831180233,0x064,6,01 FF FF C8 08 23,1,-0.000381,-28.422498,4.960630,-1,-14328,35,legacy16
1754831180252,0x064,6,01 FF FF C8 08 23,1,-0.000381,-28.422498,4.960630,-1,-14328,35,legacy16
1754831180255,0x064,6,01 FF FF C8 08 23,1,-0.000381,-28.422498,4.960630,-1,-14328,35,legacy16
1754831180259,0x064,6,01 FF FF C8 08 23,1,-0.000381,-28.422498,4.960630,-1,-14328,35,legacy16
1754831180264,0x064,6,01 FF FF C8 08 23,1,-0.000381,-28.422498,4.960630,-1,-14328,35,legacy16
1754831180270,0x064,6,01 FF FF C8 08 23,1,-0.000381,-28.422498,4.960630,-1,-14328,35,legacy16
1754831180287,0x064,6,01 FF FF C8 08 23,1,-0.000381,-28.422498,4.960630,-1,-14328,35,legacy16
1754831180296,0x064,6,01 FF FF C8 08 23,1,-0.000381,-28.422498,4.960630,-1,-14328,35,legacy16
1754831180319,0x064,6,01 FF FF C8 08 23,1,-0.000381,-28.422498,4.960630,-1,-14328,35,legacy16
1754831180320,0x064,6,01 FF FF C8 08 23,1,-0.000381,-28.422498,4.960630,-1,-14328,35,legacy16
1754831180326,0x064,6,01 FF FF C7 C7 BE,1,-0.000381,-28.551439,-9.354331,-1,-14393,-66,legacy16
1754831180339,0x064,6,01 FF FF C7 C7 BE,1,-0.000381,-28.551439,-9.354331,-1,-14393,-66,legacy16
1754831180346,0x064,6,01 FF FF C7 C7 BE,1,-0.000381,-28.551439,-9.354331,-1,-14393,-66,legacy16
1754831180346,0x064,6,01 FF FF C7 C7 BE,1,-0.000381,-28.551439,-9.354331,-1,-14393,-66,legacy16
1754831180352,0x064,6,01 FF FF C7 C7 BE,1,-0.000381,-28.551439,-9.354331,-1,-14393,-66,legacy16
1754831180361,0x064,6,01 FF FF C7 C7 BE,1,-0.000381,-28.551439,-9.354331,-1,-14393,-66,legacy16
1754831180367,0x064,6,01 FF FF C7 C7 BE,1,-0.000381,-28.551439,-9.354331,-1,-14393,-66,legacy16
1754831180374,0x064,6,01 FF FF C7 C7 BE,1,-0.000381,-28.551439,-9.354331,-1,-14393,-66,legacy16
1754831180388,0x064,6,01 FF FF C7 C7 BE,1,-0.000381,-28.551439,-9.354331,-1,-14393,-66,legacy16
1754831180391,0x064,6,01 FF FF C7 C7 BE,1,-0.000381,-28.551439,-9.354331,-1,-14393,-66,legacy16
1754831180397,0x064,6,01 FF FF C7 C7 BE,1,-0.000381,-28.551439,-9.354331,-1,-14393,-66,legacy16
1754831180412,0x064,6,01 FF FF C7 C7 BE,1,-0.000381,-28.551439,-9.354331,-1,-14393,-66,legacy16
1754831180422,0x064,6,01 FF FF C7 C7 BE,1,-0.000381,-28.551439,-9.354331,-1,-14393,-66,legacy16
1754831180428,0x064,6,01 FF FF C7 C7 BE,1,-0.000381,-28.551439,-9.354331,-1,-14393,-66,legacy16
1754831180431,0x064,6,01 FF FF C9 28 37,1,-0.000381,-27.851192,7.795276,-1,-14040,55,legacy16
1754831180431,0x064,6,01 FF FF C9 28 37,1,-0.000381,-27.851192,7.795276,-1,-14040,55,legacy16
1754831180432,0x064,6,01 FF FF C9 28 37,1,-0.000381,-27.851192,7.795276,-1,-14040,55,legacy16
1754831180438,0x064,6,01 FF FF C9 28 37,1,-0.000381,-27.851192,7.795276,-1,-14040,55,legacy16
1754831180443,0x064,6,01 FF FF C9 28 37,1,-0.000381,-27.851192,7.795276,-1,-14040,55,legacy16
1754831180449,0x064,6,01 FF FF C9 28 37,1,-0.000381,-27.851192,7.795276,-1,-14040,55,legacy16
1754831180454,0x064,6,01 FF FF C9 28 37,1,-0.000381,-27.851192,7.795276,-1,-14040,55,legacy16
1754831180459,0x064,6,01 FF FF C9 28 37,1,-0.000381,-27.851192,7.795276,-1,-14040,55,legacy16
1754831180465,0x064,6,01 FF FF C9 28 37,1,-0.000381,-27.851192,7.795276,-1,-14040,55,legacy16
1754831180471,0x064,6,01 FF FF C9 28 37,1,-0.000381,-27.851192,7.795276,-1,-14040,55,legacy16
1754831180476,0x064,6,01 FF FF C9 28 37,1,-0.000381,-27.851192,7.795276,-1,-14040,55,legacy16
1754831180491,0x064,6,01 FF FF C9 28 37,1,-0.000381,-27.851192,7.795276,-1,-14040,55,legacy16
1754831180491,0x064,6,01 FF FF C9 28 37,1,-0.000381,-27.851192,7.795276,-1,-14040,55,legacy16
1754831180507,0x064,6,01 FF FF C9 28 37,1,-0.000381,-27.851192,7.795276,-1,-14040,55,legacy16
1754831180512,0x064,6,01 FF FF C9 28 37,1,-0.000381,-27.851192,7.795276,-1,-14040,55,legacy16
1754831180524,0x064,6,01 FF FF C9 28 37,1,-0.000381,-27.851192,7.795276,-1,-14040,55,legacy16
1754831180526,0x064,6,01 FF FF C8 A7 C4,1,-0.000381,-28.107089,-8.503937,-1,-14169,-60,legacy16
1754831180529,0x064,6,01 FF FF C8 A7 C4,1,-0.000381,-28.107089,-8.503937,-1,-14169,-60,legacy16
1754831180529,0x064,6,01 FF FF C8 A7 C4,1,-0.000381,-28.107089,-8.503937,-1,-14169,-60,legacy16
1754831180535,0x064,6,01 FF FF C8 A7 C4,1,-0.000381,-28.107089,-8.503937,-1,-14169,-60,legacy16
1754831180545,0x064,6,01 FF FF C8 A7 C4,1,-0.000381,-28.107089,-8.503937,-1,-14169,-60,legacy16
1754831180551,0x064,6,01 FF FF C8 A7 C4,1,-0.000381,-28.107089,-8.503937,-1,-14169,-60,legacy16
1754831180553,0x064,6,01 FF FF C8 A7 C4,1,-0.000381,-28.107089,-8.503937,-1,-14169,-60,legacy16
1754831180572,0x064,6,01 FF FF C8 A7 C4,1,-0.000381,-28.107089,-8.503937,-1,-14169,-60,legacy16
1754831180577,0x064,6,01 FF FF C8 A7 C4,1,-0.000381,-28.107089,-8.503937,-1,-14169,-60,legacy16
1754831180583,0x064,6,01 FF FF C8 A7 C4,1,-0.000381,-28.107089,-8.503937,-1,-14169,-60,legacy16
1754831180588,0x064,6,01 FF FF C8 A7 C4,1,-0.000381,-28.107089,-8.503937,-1,-14169,-60,legacy16
1754831180589,0x064,6,01 FF FF C8 A7 C4,1,-0.000381,-28.107089,-8.503937,-1,-14169,-60,legacy16
1754831180595,0x064,6,01 FF FF C8 A7 C4,1,-0.000381,-28.107089,-8.503937,-1,-14169,-60,legacy16
1754831180600,0x064,6,01 FF FF C8 A7 C4,1,-0.000381,-28.107089,-8.503937,-1,-14169,-60,legacy16
1754831180608,0x064,6,01 FF FF C8 A7 C4,1,-0.000381,-28.107089,-8.503937,-1,-14169,-60,legacy16
1754831180613,0x064,6,01 FF FF C8 A7 C4,1,-0.000381,-28.107089,-8.503937,-1,-14169,-60,legacy16
1754831180617,0x064,6,01 FF FF C7 28 9D,1,-0.000381,-28.866848,-14.031496,-1,-14552,-99,legacy16
1754831180623,0x064,6,01 FF FF C7 28 9D,1,-0.000381,-28.866848,-14.031496,-1,-14552,-99,legacy16
1754831180638,0x064,6,01 FF FF C7 28 9D,1,-0.000381,-28.866848,-14.031496,-1,-14552,-99,legacy16
1754831180645,0x064,6,01 FF FF C7 28 9D,1,-0.000381,-28.866848,-14.031496,-1,-14552,-99,legacy16
1754831180646,0x064,6,01 FF FF C7 28 9D,1,-0.000381,-28.866848,-14.031496,-1,-14552,-99,legacy16
1754831180650,0x064,6,01 FF FF C7 28 9D,1,-0.000381,-28.866848,-14.031496,-1,-14552,-99,legacy16
1754831180656,0x064,6,01 FF FF C7 28 9D,1,-0.000381,-28.866848,-14.031496,-1,-14552,-99,legacy16
1754831180664,0x064,6,01 FF FF C7 28 9D,1,-0.000381,-28.866848,-14.031496,-1,-14552,-99,legacy16
1754831180672,0x064,6,01 FF FF C7 28 9D,1,-0.000381,-28.866848,-14.031496,-1,-14552,-99,legacy16
1754831180676,0x064,6,01 FF FF C7 28 9D,1,-0.000381,-28.866848,-14.031496,-1,-14552,-99,legacy16
1754831180680,0x064,6,01 FF FF C7 28 9D,1,-0.000381,-28.866848,-14.031496,-1,-14552,-99,legacy16
1754831180684,0x064,6,01 FF FF C7 28 9D,1,-0.000381,-28.866848,-14.031496,-1,-14552,-99,legacy16
1754831180686,0x064,6,01 FF FF C7 28 9D,1,-0.000381,-28.866848,-14.031496,-1,-14552,-99,legacy16
1754831180707,0x064,6,01 FF FF C7 28 9D,1,-0.000381,-28.866848,-14.031496,-1,-14552,-99,legacy16
