ts_ms,can_id,dlc,raw_hex,driver_id,pos_rad,vel_rad_s,tau_Nm,pos_raw_i16,vel_raw_s12,tau_raw_s12
1754829521576,0x064,6,01 FF FF 80 08 28,1,12.500000,0.015873,0.356044,-1,-2048,-2008
1754829521576,0x064,6,01 FF FF 80 08 28,1,12.500000,0.015873,0.356044,-1,-2048,-2008
1754829521577,0x064,6,01 FF FF 80 07 D8,1,12.500000,0.015873,-0.347253,-1,-2048,2008
1754829521584,0x064,6,01 FF FF 80 07 D8,1,12.500000,0.015873,-0.347253,-1,-2048,2008
1754829521589,0x064,6,01 FF FF 80 07 D8,1,12.500000,0.015873,-0.347253,-1,-2048,2008
1754829521598,0x064,6,01 FF FF 80 07 D8,1,12.500000,0.015873,-0.347253,-1,-2048,2008
1754829521609,0x064,6,01 FF FF 80 07 D8,1,12.500000,0.015873,-0.347253,-1,-2048,2008
1754829521610,0x064,6,01 FF FF 80 07 D8,1,12.500000,0.015873,-0.347253,-1,-2048,2008
1754829521615,0x064,6,01 FF FF 80 07 E9,1,12.500000,0.015873,-0.197802,-1,-2048,2025
1754829521621,0x064,6,01 FF FF 80 07 E9,1,12.500000,0.015873,-0.197802,-1,-2048,2025
1754829521626,0x064,6,01 FF FF 80 07 E9,1,12.500000,0.015873,-0.197802,-1,-2048,2025
1754829521632,0x064,6,01 FF FF 80 07 E9,1,12.500000,0.015873,-0.197802,-1,-2048,2025
1754829521637,0x064,6,01 FF FF 80 07 E9,1,12.500000,0.015873,-0.197802,-1,-2048,2025
1754829521644,0x064,6,01 FF FF 80 07 E9,1,12.500000,0.015873,-0.197802,-1,-2048,2025
1754829521649,0x064,6,01 FF FF 80 07 E9,1,12.500000,0.015873,-0.197802,-1,-2048,2025
1754829521655,0x064,6,01 FF FF 80 07 E9,1,12.500000,0.015873,-0.197802,-1,-2048,2025
1754829521661,0x064,6,01 FF FF 80 07 E9,1,12.500000,0.015873,-0.197802,-1,-2048,2025
1754829521667,0x064,6,01 FF FF 80 07 E9,1,12.500000,0.015873,-0.197802,-1,-2048,2025
1754829521673,0x064,6,01 FF FF 80 07 E9,1,12.500000,0.015873,-0.197802,-1,-2048,2025
1754829521682,0x064,6,01 FF FF 80 07 E9,1,12.500000,0.015873,-0.197802,-1,-2048,2025
1754829521689,0x064,6,01 FF FF 80 07 E9,1,12.500000,0.015873,-0.197802,-1,-2048,2025
1754829521692,0x064,6,01 FF FF 80 07 E9,1,12.500000,0.015873,-0.197802,-1,-2048,2025
1754829521696,0x064,6,01 FF FF 80 07 E9,1,12.500000,0.015873,-0.197802,-1,-2048,2025
1754829521702,0x064,6,01 FF FF 80 07 E9,1,12.500000,0.015873,-0.197802,-1,-2048,2025
1754829521707,0x064,6,01 FF FF 80 07 E9,1,12.500000,0.015873,-0.197802,-1,-2048,2025
1754829521713,0x064,6,01 FF FF 80 08 29,1,12.500000,0.015873,0.364835,-1,-2048,-2007
1754829521718,0x064,6,01 FF FF 80 08 29,1,12.500000,0.015873,0.364835,-1,-2048,-2007
1754829521723,0x064,6,01 FF FF 80 08 29,1,12.500000,0.015873,0.364835,-1,-2048,-2007
1754829521730,0x064,6,01 FF FF 80 08 29,1,12.500000,0.015873,0.364835,-1,-2048,-2007
1754829521739,0x064,6,01 FF FF 80 08 29,1,12.500000,0.015873,0.364835,-1,-2048,-2007
1754829521750,0x064,6,01 FF FF 80 08 29,1,12.500000,0.015873,0.364835,-1,-2048,-2007
1754829521750,0x064,6,01 FF FF 80 08 29,1,12.500000,0.015873,0.364835,-1,-2048,-2007
1754829521756,0x064,6,01 FF FF 80 08 29,1,12.500000,0.015873,0.364835,-1,-2048,-2007
1754829521761,0x064,6,01 FF FF 80 08 29,1,12.500000,0.015873,0.364835,-1,-2048,-2007
1754829521766,0x064,6,01 FF FF 80 08 29,1,12.500000,0.015873,0.364835,-1,-2048,-2007
1754829521772,0x064,6,01 FF FF 80 08 29,1,12.500000,0.015873,0.364835,-1,-2048,-2007
1754829521777,0x064,6,01 FF FF 80 08 29,1,12.500000,0.015873,0.364835,-1,-2048,-2007
1754829521783,0x064,6,01 FF FF 80 08 29,1,12.500000,0.015873,0.364835,-1,-2048,-2007
1754829521790,0x064,6,01 FF FF 80 08 29,1,12.500000,0.015873,0.364835,-1,-2048,-2007
1754829521803,0x064,6,01 FF FF 80 08 29,1,12.500000,0.015873,0.364835,-1,-2048,-2007
1754829521804,0x064,6,01 FF FF 80 08 29,1,12.500000,0.015873,0.364835,-1,-2048,-2007
1754829521813,0x064,6,01 FF FF 80 08 29,1,12.500000,0.015873,0.364835,-1,-2048,-2007
1754829521825,0x064,6,01 FF FF 80 07 BA,1,12.500000,0.015873,-0.610989,-1,-2048,1978
1754829521827,0x064,6,01 FF FF 80 07 BA,1,12.500000,0.015873,-0.610989,-1,-2048,1978
1754829521830,0x064,6,01 FF FF 80 07 BA,1,12.500000,0.015873,-0.610989,-1,-2048,1978
1754829521832,0x064,6,01 FF FF 80 07 BA,1,12.500000,0.015873,-0.610989,-1,-2048,1978
1754829521838,0x064,6,01 FF FF 80 07 BA,1,12.500000,0.015873,-0.610989,-1,-2048,1978
1754829521845,0x064,6,01 FF FF 80 07 BA,1,12.500000,0.015873,-0.610989,-1,-2048,1978
1754829521848,0x064,6,01 FF FF 80 07 BA,1,12.500000,0.015873,-0.610989,-1,-2048,1978
1754829521858,0x064,6,01 FF FF 80 07 BA,1,12.500000,0.015873,-0.610989,-1,-2048,1978
1754829521859,0x064,6,01 FF FF 80 07 BA,1,12.500000,0.015873,-0.610989,-1,-2048,1978
1754829521864,0x064,6,01 FF FF 80 07 BA,1,12.500000,0.015873,-0.610989,-1,-2048,1978
1754829521869,0x064,6,01 FF FF 80 07 BA,1,12.500000,0.015873,-0.610989,-1,-2048,1978
1754829521875,0x064,6,01 FF FF 80 07 BA,1,12.500000,0.015873,-0.610989,-1,-2048,1978
1754829521881,0x064,6,01 FF FF 80 07 BA,1,12.500000,0.015873,-0.610989,-1,-2048,1978
1754829521887,0x064,6,01 FF FF 80 07 BA,1,12.500000,0.015873,-0.610989,-1,-2048,1978
1754829521891,0x064,6,01 FF FF 80 07 BA,1,12.500000,0.015873,-0.610989,-1,-2048,1978
1754829521901,0x064,6,01 FF FF 80 07 BA,1,12.500000,0.015873,-0.610989,-1,-2048,1978
1754829521904,0x064,6,01 FF FF 80 07 BA,1,12.500000,0.015873,-0.610989,-1,-2048,1978
1754829521915,0x064,6,01 FF FF 80 07 BA,1,12.500000,0.015873,-0.610989,-1,-2048,1978
1754829521920,0x064,6,01 FF FF 80 07 F3,1,12.500000,0.015873,-0.109890,-1,-2048,2035
1754829521928,0x064,6,01 FF FF 80 07 F3,1,12.500000,0.015873,-0.109890,-1,-2048,2035
1754829521935,0x064,6,01 FF FF 80 07 F3,1,12.500000,0.015873,-0.109890,-1,-2048,2035
1754829521940,0x064,6,01 FF FF 80 07 F3,1,12.500000,0.015873,-0.109890,-1,-2048,2035
1754829521941,0x064,6,01 FF FF 80 07 F3,1,12.500000,0.015873,-0.109890,-1,-2048,2035
1754829521947,0x064,6,01 FF FF 80 07 F3,1,12.500000,0.015873,-0.109890,-1,-2048,2035
1754829521956,0x064,6,01 FF FF 80 07 F3,1,12.500000,0.015873,-0.109890,-1,-2048,2035
1754829521961,0x064,6,01 FF FF 80 07 F3,1,12.500000,0.015873,-0.109890,-1,-2048,2035
1754829521967,0x064,6,01 FF FF 80 07 F3,1,12.500000,0.015873,-0.109890,-1,-2048,2035
1754829521975,0x064,6,01 FF FF 80 07 F3,1,12.500000,0.015873,-0.109890,-1,-2048,2035
1754829521984,0x064,6,01 FF FF 80 07 F3,1,12.500000,0.015873,-0.109890,-1,-2048,2035
1754829521986,0x064,6,01 FF FF 80 07 F3,1,12.500000,0.015873,-0.109890,-1,-2048,2035
1754829521991,0x064,6,01 FF FF 80 07 F3,1,12.500000,0.015873,-0.109890,-1,-2048,2035
1754829522002,0x064,6,01 FF FF 80 07 F3,1,12.500000,0.015873,-0.109890,-1,-2048,2035
1754829522002,0x064,6,01 FF FF 80 07 F3,1,12.500000,0.015873,-0.109890,-1,-2048,2035
1754829522010,0x064,6,01 FF FF 80 07 F3,1,12.500000,0.015873,-0.109890,-1,-2048,2035
1754829522013,0x064,6,01 FF FF 80 07 FD,1,12.500000,0.015873,-0.021978,-1,-2048,2045
1754829522020,0x064,6,01 FF FF 80 07 FD,1,12.500000,0.015873,-0.021978,-1,-2048,2045
1754829522024,0x064,6,01 FF FF 80 07 FD,1,12.500000,0.015873,-0.021978,-1,-2048,2045
1754829522029,0x064,6,01 FF FF 80 07 FD,1,12.500000,0.015873,-0.021978,-1,-2048,2045
1754829522034,0x064,6,01 FF FF 80 07 FD,1,12.500000,0.015873,-0.021978,-1,-2048,2045
1754829522040,0x064,6,01 FF FF 80 07 FD,1,12.500000,0.015873,-0.021978,-1,-2048,2045
1754829522046,0x064,6,01 FF FF 80 07 FD,1,12.500000,0.015873,-0.021978,-1,-2048,2045
1754829522051,0x064,6,01 FF FF 80 07 FD,1,12.500000,0.015873,-0.021978,-1,-2048,2045
1754829522056,0x064,6,01 FF FF 80 07 FD,1,12.500000,0.015873,-0.021978,-1,-2048,2045
1754829522071,0x064,6,01 FF FF 80 07 FD,1,12.500000,0.015873,-0.021978,-1,-2048,2045
1754829522074,0x064,6,01 FF FF 80 07 FD,1,12.500000,0.015873,-0.021978,-1,-2048,2045
1754829522080,0x064,6,01 FF FF 80 07 FD,1,12.500000,0.015873,-0.021978,-1,-2048,2045
1754829522082,0x064,6,01 FF FF 80 07 FD,1,12.500000,0.015873,-0.021978,-1,-2048,2045
1754829522089,0x064,6,01 FF FF 80 07 FD,1,12.500000,0.015873,-0.021978,-1,-2048,2045
1754829522094,0x064,6,01 FF FF 80 07 FD,1,12.500000,0.015873,-0.021978,-1,-2048,2045
1754829522100,0x064,6,01 FF FF 80 07 FD,1,12.500000,0.015873,-0.021978,-1,-2048,2045
1754829522106,0x064,6,01 FF FF 80 07 FD,1,12.500000,0.015873,-0.021978,-1,-2048,2045
1754829522120,0x064,6,01 FF FF 80 08 34,1,12.500000,0.015873,0.461538,-1,-2048,-1996
1754829522125,0x064,6,01 FF FF 80 08 34,1,12.500000,0.015873,0.461538,-1,-2048,-1996
1754829522129,0x064,6,01 FF FF 80 08 34,1,12.500000,0.015873,0.461538,-1,-2048,-1996
1754829522133,0x064,6,01 FF FF 80 08 34,1,12.500000,0.015873,0.461538,-1,-2048,-1996
1754829522142,0x064,6,01 FF FF 80 08 34,1,12.500000,0.015873,0.461538,-1,-2048,-1996
1754829522152,0x064,6,01 FF FF 80 08 34,1,12.500000,0.015873,0.461538,-1,-2048,-1996
1754829522153,0x064,6,01 FF FF 80 08 34,1,12.500000,0.015873,0.461538,-1,-2048,-1996
1754829522161,0x064,6,01 FF FF 80 08 34,1,12.500000,0.015873,0.461538,-1,-2048,-1996
1754829522165,0x064,6,01 FF FF 80 08 34,1,12.500000,0.015873,0.461538,-1,-2048,-1996
1754829522169,0x064,6,01 FF FF 80 08 34,1,12.500000,0.015873,0.461538,-1,-2048,-1996
1754829522175,0x064,6,01 FF FF 80 08 34,1,12.500000,0.015873,0.461538,-1,-2048,-1996
1754829522180,0x064,6,01 FF FF 80 08 34,1,12.500000,0.015873,0.461538,-1,-2048,-1996
1754829522188,0x064,6,01 FF FF 80 08 34,1,12.500000,0.015873,0.461538,-1,-2048,-1996
1754829522200,0x064,6,01 FF FF 80 08 34,1,12.500000,0.015873,0.461538,-1,-2048,-1996
1754829522206,0x064,6,01 FF FF 80 08 34,1,12.500000,0.015873,0.461538,-1,-2048,-1996
1754829522210,0x064,6,01 FF FF 80 08 34,1,12.500000,0.015873,0.461538,-1,-2048,-1996
1754829522214,0x064,6,01 FF FF 80 28 36,1,12.500000,0.079365,0.479121,-1,-2046,-1994
1754829522218,0x064,6,01 FF FF 80 28 36,1,12.500000,0.079365,0.479121,-1,-2046,-1994
1754829522231,0x064,6,01 FF FF 80 28 36,1,12.500000,0.079365,0.479121,-1,-2046,-1994
1754829522234,0x064,6,01 FF FF 80 28 36,1,12.500000,0.079365,0.479121,-1,-2046,-1994
1754829522237,0x064,6,01 FF FF 80 28 36,1,12.500000,0.079365,0.479121,-1,-2046,-1994
1754829522241,0x064,6,01 FF FF 80 28 36,1,12.500000,0.079365,0.479121,-1,-2046,-1994
1754829522248,0x064,6,01 FF FF 80 28 36,1,12.500000,0.079365,0.479121,-1,-2046,-1994
1754829522253,0x064,6,01 FF FF 80 28 36,1,12.500000,0.079365,0.479121,-1,-2046,-1994
1754829522259,0x064,6,01 FF FF 80 28 36,1,12.500000,0.079365,0.479121,-1,-2046,-1994
1754829522264,0x064,6,01 FF FF 80 28 36,1,12.500000,0.079365,0.479121,-1,-2046,-1994
1754829522270,0x064,6,01 FF FF 80 28 36,1,12.500000,0.079365,0.479121,-1,-2046,-1994
1754829522275,0x064,6,01 FF FF 80 28 36,1,12.500000,0.079365,0.479121,-1,-2046,-1994
1754829522281,0x064,6,01 FF FF 80 28 36,1,12.500000,0.079365,0.479121,-1,-2046,-1994
1754829522286,0x064,6,01 FF FF 80 28 36,1,12.500000,0.079365,0.479121,-1,-2046,-1994
1754829522291,0x064,6,01 FF FF 80 28 36,1,12.500000,0.079365,0.479121,-1,-2046,-1994
1754829522299,0x064,6,01 FF FF 80 28 36,1,12.500000,0.079365,0.479121,-1,-2046,-1994
1754829522303,0x064,6,01 FF FF 80 28 36,1,12.500000,0.079365,0.479121,-1,-2046,-1994
1754829522309,0x064,6,01 FF FF 80 28 36,1,12.500000,0.079365,0.479121,-1,-2046,-1994
1754829522313,0x064,6,01 FF FF 80 A7 EC,1,12.500000,0.333333,-0.171429,-1,-2038,2028
1754829522322,0x064,6,01 FF FF 80 A7 EC,1,12.500000,0.333333,-0.171429,-1,-2038,2028
1754829522326,0x064,6,01 FF FF 80 A7 EC,1,12.500000,0.333333,-0.171429,-1,-2038,2028
1754829522330,0x064,6,01 FF FF 80 A7 EC,1,12.500000,0.333333,-0.171429,-1,-2038,2028
1754829522336,0x064,6,01 FF FF 80 A7 EC,1,12.500000,0.333333,-0.171429,-1,-2038,2028
1754829522349,0x064,6,01 FF FF 80 A7 EC,1,12.500000,0.333333,-0.171429,-1,-2038,2028
1754829522350,0x064,6,01 FF FF 80 A7 EC,1,12.500000,0.333333,-0.171429,-1,-2038,2028
1754829522367,0x064,6,01 FF FF 80 A7 EC,1,12.500000,0.333333,-0.171429,-1,-2038,2028
1754829522392,0x064,6,01 FF FF 80 A7 EC,1,12.500000,0.333333,-0.171429,-1,-2038,2028
1754829522393,0x064,6,01 FF FF 80 A7 EC,1,12.500000,0.333333,-0.171429,-1,-2038,2028
1754829522393,0x064,6,01 FF FF 80 A7 EC,1,12.500000,0.333333,-0.171429,-1,-2038,2028
1754829522394,0x064,6,01 FF FF 80 A7 EC,1,12.500000,0.333333,-0.171429,-1,-2038,2028
1754829522394,0x064,6,01 FF FF 80 A7 EC,1,12.500000,0.333333,-0.171429,-1,-2038,2028
1754829522407,0x064,6,01 FF FF 80 A7 EC,1,12.500000,0.333333,-0.171429,-1,-2038,2028
1754829522416,0x064,6,01 FF FF 80 A7 EC,1,12.500000,0.333333,-0.171429,-1,-2038,2028
1754829522425,0x064,6,01 FF FF 81 38 50,1,12.500000,0.619048,0.707692,-1,-2029,-1968
1754829522439,0x064,6,01 FF FF 81 38 50,1,12.500000,0.619048,0.707692,-1,-2029,-1968
1754829522444,0x064,6,01 FF FF 81 38 50,1,12.500000,0.619048,0.707692,-1,-2029,-1968
1754829522455,0x064,6,01 FF FF 81 38 50,1,12.500000,0.619048,0.707692,-1,-2029,-1968
1754829522462,0x064,6,01 FF FF 81 38 50,1,12.500000,0.619048,0.707692,-1,-2029,-1968
1754829522467,0x064,6,01 FF FF 81 38 50,1,12.500000,0.619048,0.707692,-1,-2029,-1968
1754829522468,0x064,6,01 FF FF 81 38 50,1,12.500000,0.619048,0.707692,-1,-2029,-1968
1754829522473,0x064,6,01 FF FF 81 38 50,1,12.500000,0.619048,0.707692,-1,-2029,-1968
1754829522479,0x064,6,01 FF FF 81 38 50,1,12.500000,0.619048,0.707692,-1,-2029,-1968
1754829522484,0x064,6,01 FF FF 81 38 50,1,12.500000,0.619048,0.707692,-1,-2029,-1968
1754829522490,0x064,6,01 FF FF 81 38 50,1,12.500000,0.619048,0.707692,-1,-2029,-1968
1754829522504,0x064,6,01 FF FF 81 38 50,1,12.500000,0.619048,0.707692,-1,-2029,-1968
1754829522506,0x064,6,01 FF FF 81 38 50,1,12.500000,0.619048,0.707692,-1,-2029,-1968
1754829522511,0x064,6,01 FF FF 81 38 50,1,12.500000,0.619048,0.707692,-1,-2029,-1968
1754829522517,0x064,6,01 FF FF 81 C7 F6,1,12.500000,0.904762,-0.083516,-1,-2020,2038
1754829522523,0x064,6,01 FF FF 81 C7 F6,1,12.500000,0.904762,-0.083516,-1,-2020,2038
1754829522527,0x064,6,01 FF FF 81 C7 F6,1,12.500000,0.904762,-0.083516,-1,-2020,2038
1754829522533,0x064,6,01 FF FF 81 C7 F6,1,12.500000,0.904762,-0.083516,-1,-2020,2038
1754829522539,0x064,6,01 FF FF 81 C7 F6,1,12.500000,0.904762,-0.083516,-1,-2020,2038
1754829522548,0x064,6,01 FF FF 81 C7 F6,1,12.500000,0.904762,-0.083516,-1,-2020,2038
1754829522552,0x064,6,01 FF FF 81 C7 F6,1,12.500000,0.904762,-0.083516,-1,-2020,2038
1754829522570,0x064,6,01 FF FF 81 C7 F6,1,12.500000,0.904762,-0.083516,-1,-2020,2038
1754829522570,0x064,6,01 FF FF 81 C7 F6,1,12.500000,0.904762,-0.083516,-1,-2020,2038
1754829522572,0x064,6,01 FF FF 81 C7 F6,1,12.500000,0.904762,-0.083516,-1,-2020,2038
1754829522579,0x064,6,01 FF FF 81 C7 F6,1,12.500000,0.904762,-0.083516,-1,-2020,2038
1754829522584,0x064,6,01 FF FF 81 C7 F6,1,12.500000,0.904762,-0.083516,-1,-2020,2038
1754829522590,0x064,6,01 FF FF 81 C7 F6,1,12.500000,0.904762,-0.083516,-1,-2020,2038
1754829522598,0x064,6,01 FF FF 81 C7 F6,1,12.500000,0.904762,-0.083516,-1,-2020,2038
1754829522604,0x064,6,01 FF FF 81 C7 F6,1,12.500000,0.904762,-0.083516,-1,-2020,2038
1754829522610,0x064,6,01 FF FF 81 C7 F6,1,12.500000,0.904762,-0.083516,-1,-2020,2038
1754829522613,0x064,6,01 FF FF 82 A7 B4,1,12.500000,1.349206,-0.663736,-1,-2006,1972
1754829522623,0x064,6,01 FF FF 82 A7 B4,1,12.500000,1.349206,-0.663736,-1,-2006,1972
1754829522625,0x064,6,01 FF FF 82 A7 B4,1,12.500000,1.349206,-0.663736,-1,-2006,1972
1754829522631,0x064,6,01 FF FF 82 A7 B4,1,12.500000,1.349206,-0.663736,-1,-2006,1972
1754829522636,0x064,6,01 FF FF 82 A7 B4,1,12.500000,1.349206,-0.663736,-1,-2006,1972
1754829522642,0x064,6,01 FF FF 82 A7 B4,1,12.500000,1.349206,-0.663736,-1,-2006,1972
1754829522649,0x064,6,01 FF FF 82 A7 B4,1,12.500000,1.349206,-0.663736,-1,-2006,1972
1754829522653,0x064,6,01 FF FF 82 A7 B4,1,12.500000,1.349206,-0.663736,-1,-2006,1972
1754829522663,0x064,6,01 FF FF 82 A7 B4,1,12.500000,1.349206,-0.663736,-1,-2006,1972
1754829522665,0x064,6,01 FF FF 82 A7 B4,1,12.500000,1.349206,-0.663736,-1,-2006,1972
1754829522673,0x064,6,01 FF FF 82 A7 B4,1,12.500000,1.349206,-0.663736,-1,-2006,1972
1754829522676,0x064,6,01 FF FF 82 A7 B4,1,12.500000,1.349206,-0.663736,-1,-2006,1972
1754829522683,0x064,6,01 FF FF 82 A7 B4,1,12.500000,1.349206,-0.663736,-1,-2006,1972
1754829522689,0x064,6,01 FF FF 82 A7 B4,1,12.500000,1.349206,-0.663736,-1,-2006,1972
1754829522694,0x064,6,01 FF FF 82 A7 B4,1,12.500000,1.349206,-0.663736,-1,-2006,1972
1754829522699,0x064,6,01 FF FF 82 A7 B4,1,12.500000,1.349206,-0.663736,-1,-2006,1972
1754829522704,0x064,6,01 FF FF 82 A7 B4,1,12.500000,1.349206,-0.663736,-1,-2006,1972
1754829522710,0x064,6,01 FF FF 82 A7 B4,1,12.500000,1.349206,-0.663736,-1,-2006,1972
1754829522715,0x064,6,01 FF FF 83 77 68,1,12.500000,1.761905,-1.331868,-1,-1993,1896
1754829522722,0x064,6,01 FF FF 83 77 68,1,12.500000,1.761905,-1.331868,-1,-1993,1896
1754829522730,0x064,6,01 FF FF 83 77 68,1,12.500000,1.761905,-1.331868,-1,-1993,1896
1754829522736,0x064,6,01 FF FF 83 77 68,1,12.500000,1.761905,-1.331868,-1,-1993,1896
1754829522744,0x064,6,01 FF FF 83 77 68,1,12.500000,1.761905,-1.331868,-1,-1993,1896
1754829522747,0x064,6,01 FF FF 83 77 68,1,12.500000,1.761905,-1.331868,-1,-1993,1896
1754829522754,0x064,6,01 FF FF 83 77 68,1,12.500000,1.761905,-1.331868,-1,-1993,1896
1754829522759,0x064,6,01 FF FF 83 77 68,1,12.500000,1.761905,-1.331868,-1,-1993,1896
1754829522769,0x064,6,01 FF FF 83 77 68,1,12.500000,1.761905,-1.331868,-1,-1993,1896
1754829522773,0x064,6,01 FF FF 83 77 68,1,12.500000,1.761905,-1.331868,-1,-1993,1896
1754829522778,0x064,6,01 FF FF 83 77 68,1,12.500000,1.761905,-1.331868,-1,-1993,1896
1754829522781,0x064,6,01 FF FF 83 77 68,1,12.500000,1.761905,-1.331868,-1,-1993,1896
1754829522788,0x064,6,01 FF FF 83 77 68,1,12.500000,1.761905,-1.331868,-1,-1993,1896
1754829522792,0x064,6,01 FF FF 83 77 68,1,12.500000,1.761905,-1.331868,-1,-1993,1896
1754829522799,0x064,6,01 FF FF 83 77 68,1,12.500000,1.761905,-1.331868,-1,-1993,1896
1754829522805,0x064,6,01 FF FF 83 77 68,1,12.500000,1.761905,-1.331868,-1,-1993,1896
1754829522812,0x064,6,01 FF FF 83 77 68,1,12.500000,1.761905,-1.331868,-1,-1993,1896
1754829522824,0x064,6,01 FF FF 84 67 F9,1,12.500000,2.238095,-0.057143,-1,-1978,2041
1754829522835,0x064,6,01 FF FF 84 67 F9,1,12.500000,2.238095,-0.057143,-1,-1978,2041
1754829522841,0x064,6,01 FF FF 84 67 F9,1,12.500000,2.238095,-0.057143,-1,-1978,2041
1754829522844,0x064,6,01 FF FF 84 67 F9,1,12.500000,2.238095,-0.057143,-1,-1978,2041
1754829522850,0x064,6,01 FF FF 84 67 F9,1,12.500000,2.238095,-0.057143,-1,-1978,2041
1754829522863,0x064,6,01 FF FF 84 67 F9,1,12.500000,2.238095,-0.057143,-1,-1978,2041
1754829522863,0x064,6,01 FF FF 84 67 F9,1,12.500000,2.238095,-0.057143,-1,-1978,2041
1754829522874,0x064,6,01 FF FF 84 67 F9,1,12.500000,2.238095,-0.057143,-1,-1978,2041
1754829522876,0x064,6,01 FF FF 84 67 F9,1,12.500000,2.238095,-0.057143,-1,-1978,2041
1754829522884,0x064,6,01 FF FF 84 67 F9,1,12.500000,2.238095,-0.057143,-1,-1978,2041
1754829522887,0x064,6,01 FF FF 84 67 F9,1,12.500000,2.238095,-0.057143,-1,-1978,2041
1754829522892,0x064,6,01 FF FF 84 67 F9,1,12.500000,2.238095,-0.057143,-1,-1978,2041
1754829522901,0x064,6,01 FF FF 84 67 F9,1,12.500000,2.238095,-0.057143,-1,-1978,2041
1754829522905,0x064,6,01 FF FF 84 67 F9,1,12.500000,2.238095,-0.057143,-1,-1978,2041
1754829522912,0x064,6,01 FF FF 84 67 F9,1,12.500000,2.238095,-0.057143,-1,-1978,2041
1754829522915,0x064,6,01 FF FF 85 78 0C,1,12.500000,2.777778,0.109890,-1,-1961,-2036
1754829522927,0x064,6,01 FF FF 85 78 0C,1,12.500000,2.777778,0.109890,-1,-1961,-2036
1754829522934,0x064,6,01 FF FF 85 78 0C,1,12.500000,2.777778,0.109890,-1,-1961,-2036
1754829522943,0x064,6,01 FF FF 85 78 0C,1,12.500000,2.777778,0.109890,-1,-1961,-2036
1754829522947,0x064,6,01 FF FF 85 78 0C,1,12.500000,2.777778,0.109890,-1,-1961,-2036
1754829522950,0x064,6,01 FF FF 85 78 0C,1,12.500000,2.777778,0.109890,-1,-1961,-2036
1754829522955,0x064,6,01 FF FF 85 78 0C,1,12.500000,2.777778,0.109890,-1,-1961,-2036
1754829522962,0x064,6,01 FF FF 85 78 0C,1,12.500000,2.777778,0.109890,-1,-1961,-2036
1754829522967,0x064,6,01 FF FF 85 78 0C,1,12.500000,2.777778,0.109890,-1,-1961,-2036
1754829522975,0x064,6,01 FF FF 85 78 0C,1,12.500000,2.777778,0.109890,-1,-1961,-2036
1754829522981,0x064,6,01 FF FF 85 78 0C,1,12.500000,2.777778,0.109890,-1,-1961,-2036
1754829522985,0x064,6,01 FF FF 85 78 0C,1,12.500000,2.777778,0.109890,-1,-1961,-2036
1754829522991,0x064,6,01 FF FF 85 78 0C,1,12.500000,2.777778,0.109890,-1,-1961,-2036
1754829523000,0x064,6,01 FF FF 85 78 0C,1,12.500000,2.777778,0.109890,-1,-1961,-2036
1754829523023,0x064,6,01 FF FF 85 78 0C,1,12.500000,2.777778,0.109890,-1,-1961,-2036
1754829523031,0x064,6,01 FF FF 85 78 0C,1,12.500000,2.777778,0.109890,-1,-1961,-2036
1754829523039,0x064,6,01 FF FF 86 A8 86,1,12.500000,3.380952,1.182418,-1,-1942,-1914
1754829523040,0x064,6,01 FF FF 86 A8 86,1,12.500000,3.380952,1.182418,-1,-1942,-1914
1754829523040,0x064,6,01 FF FF 86 A8 86,1,12.500000,3.380952,1.182418,-1,-1942,-1914
1754829523044,0x064,6,01 FF FF 86 A8 86,1,12.500000,3.380952,1.182418,-1,-1942,-1914
1754829523047,0x064,6,01 FF FF 86 A8 86,1,12.500000,3.380952,1.182418,-1,-1942,-1914
1754829523052,0x064,6,01 FF FF 86 A8 86,1,12.500000,3.380952,1.182418,-1,-1942,-1914
1754829523065,0x064,6,01 FF FF 86 A8 86,1,12.500000,3.380952,1.182418,-1,-1942,-1914
1754829523068,0x064,6,01 FF FF 86 A8 86,1,12.500000,3.380952,1.182418,-1,-1942,-1914
1754829523078,0x064,6,01 FF FF 86 A8 86,1,12.500000,3.380952,1.182418,-1,-1942,-1914
1754829523083,0x064,6,01 FF FF 86 A8 86,1,12.500000,3.380952,1.182418,-1,-1942,-1914
1754829523091,0x064,6,01 FF FF 86 A8 86,1,12.500000,3.380952,1.182418,-1,-1942,-1914
1754829523098,0x064,6,01 FF FF 86 A8 86,1,12.500000,3.380952,1.182418,-1,-1942,-1914
1754829523105,0x064,6,01 FF FF 86 A8 86,1,12.500000,3.380952,1.182418,-1,-1942,-1914
1754829523107,0x064,6,01 FF FF 86 A8 86,1,12.500000,3.380952,1.182418,-1,-1942,-1914
1754829523114,0x064,6,01 FF FF 87 D8 44,1,12.500000,3.984127,0.602198,-1,-1923,-1980
1754829523118,0x064,6,01 FF FF 87 D8 44,1,12.500000,3.984127,0.602198,-1,-1923,-1980
1754829523127,0x064,6,01 FF FF 87 D8 44,1,12.500000,3.984127,0.602198,-1,-1923,-1980
1754829523131,0x064,6,01 FF FF 87 D8 44,1,12.500000,3.984127,0.602198,-1,-1923,-1980
1754829523135,0x064,6,01 FF FF 87 D8 44,1,12.500000,3.984127,0.602198,-1,-1923,-1980
1754829523140,0x064,6,01 FF FF 87 D8 44,1,12.500000,3.984127,0.602198,-1,-1923,-1980
1754829523146,0x064,6,01 FF FF 87 D8 44,1,12.500000,3.984127,0.602198,-1,-1923,-1980
1754829523151,0x064,6,01 FF FF 87 D8 44,1,12.500000,3.984127,0.602198,-1,-1923,-1980
1754829523156,0x064,6,01 FF FF 87 D8 44,1,12.500000,3.984127,0.602198,-1,-1923,-1980
1754829523162,0x064,6,01 FF FF 87 D8 44,1,12.500000,3.984127,0.602198,-1,-1923,-1980
1754829523167,0x064,6,01 FF FF 87 D8 44,1,12.500000,3.984127,0.602198,-1,-1923,-1980
1754829523173,0x064,6,01 FF FF 87 D8 44,1,12.500000,3.984127,0.602198,-1,-1923,-1980
1754829523185,0x064,6,01 FF FF 87 D8 44,1,12.500000,3.984127,0.602198,-1,-1923,-1980
1754829523192,0x064,6,01 FF FF 87 D8 44,1,12.500000,3.984127,0.602198,-1,-1923,-1980
1754829523194,0x064,6,01 FF FF 87 D8 44,1,12.500000,3.984127,0.602198,-1,-1923,-1980
1754829523202,0x064,6,01 FF FF 87 D8 44,1,12.500000,3.984127,0.602198,-1,-1923,-1980
1754829523205,0x064,6,01 FF FF 87 D8 44,1,12.500000,3.984127,0.602198,-1,-1923,-1980
1754829523210,0x064,6,01 FF FF 87 D8 44,1,12.500000,3.984127,0.602198,-1,-1923,-1980
1754829523215,0x064,6,01 FF FF 89 27 DB,1,12.500000,4.650794,-0.320879,-1,-1902,2011
1754829523224,0x064,6,01 FF FF 89 27 DB,1,12.500000,4.650794,-0.320879,-1,-1902,2011
1754829523231,0x064,6,01 FF FF 89 27 DB,1,12.500000,4.650794,-0.320879,-1,-1902,2011
1754829523248,0x064,6,01 FF FF 89 27 DB,1,12.500000,4.650794,-0.320879,-1,-1902,2011
1754829523248,0x064,6,01 FF FF 89 27 DB,1,12.500000,4.650794,-0.320879,-1,-1902,2011
1754829523249,0x064,6,01 FF FF 89 27 DB,1,12.500000,4.650794,-0.320879,-1,-1902,2011
1754829523255,0x064,6,01 FF FF 89 27 DB,1,12.500000,4.650794,-0.320879,-1,-1902,2011
1754829523259,0x064,6,01 FF FF 89 27 DB,1,12.500000,4.650794,-0.320879,-1,-1902,2011
1754829523265,0x064,6,01 FF FF 89 27 DB,1,12.500000,4.650794,-0.320879,-1,-1902,2011
1754829523271,0x064,6,01 FF FF 89 27 DB,1,12.500000,4.650794,-0.320879,-1,-1902,2011
1754829523275,0x064,6,01 FF FF 89 27 DB,1,12.500000,4.650794,-0.320879,-1,-1902,2011
1754829523284,0x064,6,01 FF FF 89 27 DB,1,12.500000,4.650794,-0.320879,-1,-1902,2011
1754829523295,0x064,6,01 FF FF 89 27 DB,1,12.500000,4.650794,-0.320879,-1,-1902,2011
1754829523305,0x064,6,01 FF FF 89 27 DB,1,12.500000,4.650794,-0.320879,-1,-1902,2011
1754829523307,0x064,6,01 FF FF 89 27 DB,1,12.500000,4.650794,-0.320879,-1,-1902,2011
1754829523310,0x064,6,01 FF FF 89 27 DB,1,12.500000,4.650794,-0.320879,-1,-1902,2011
1754829523317,0x064,6,01 FF FF 8A 97 F2,1,12.500000,5.380952,-0.118681,-1,-1879,2034
1754829523321,0x064,6,01 FF FF 8A 97 F2,1,12.500000,5.380952,-0.118681,-1,-1879,2034
1754829523331,0x064,6,01 FF FF 8A 97 F2,1,12.500000,5.380952,-0.118681,-1,-1879,2034
1754829523336,0x064,6,01 FF FF 8A 97 F2,1,12.500000,5.380952,-0.118681,-1,-1879,2034
1754829523350,0x064,6,01 FF FF 8A 97 F2,1,12.500000,5.380952,-0.118681,-1,-1879,2034
1754829523393,0x064,6,01 FF FF 8A 97 F2,1,12.500000,5.380952,-0.118681,-1,-1879,2034
1754829523409,0x064,6,01 FF FF 8A 97 F2,1,12.500000,5.380952,-0.118681,-1,-1879,2034
1754829523411,0x064,6,01 FF FF 8A 97 F2,1,12.500000,5.380952,-0.118681,-1,-1879,2034
1754829523411,0x064,6,01 FF FF 8A 97 F2,1,12.500000,5.380952,-0.118681,-1,-1879,2034
1754829523411,0x064,6,01 FF FF 8A 97 F2,1,12.500000,5.380952,-0.118681,-1,-1879,2034
1754829523414,0x064,6,01 FF FF 8A 97 F2,1,12.500000,5.380952,-0.118681,-1,-1879,2034
1754829523414,0x064,6,01 FF FF 8A 97 F2,1,12.500000,5.380952,-0.118681,-1,-1879,2034
1754829523415,0x064,6,01 FF FF 8A 97 F2,1,12.500000,5.380952,-0.118681,-1,-1879,2034
1754829523419,0x064,6,01 FF FF 8C 68 2E,1,12.500000,6.301587,0.408791,-1,-1850,-2002
1754829523422,0x064,6,01 FF FF 8C 68 2E,1,12.500000,6.301587,0.408791,-1,-1850,-2002
1754829523429,0x064,6,01 FF FF 8C 68 2E,1,12.500000,6.301587,0.408791,-1,-1850,-2002
1754829523433,0x064,6,01 FF FF 8C 68 2E,1,12.500000,6.301587,0.408791,-1,-1850,-2002
1754829523440,0x064,6,01 FF FF 8C 68 2E,1,12.500000,6.301587,0.408791,-1,-1850,-2002
1754829523444,0x064,6,01 FF FF 8C 68 2E,1,12.500000,6.301587,0.408791,-1,-1850,-2002
1754829523450,0x064,6,01 FF FF 8C 68 2E,1,12.500000,6.301587,0.408791,-1,-1850,-2002
1754829523455,0x064,6,01 FF FF 8C 68 2E,1,12.500000,6.301587,0.408791,-1,-1850,-2002
1754829523466,0x064,6,01 FF FF 8C 68 2E,1,12.500000,6.301587,0.408791,-1,-1850,-2002
1754829523481,0x064,6,01 FF FF 8C 68 2E,1,12.500000,6.301587,0.408791,-1,-1850,-2002
1754829523490,0x064,6,01 FF FF 8C 68 2E,1,12.500000,6.301587,0.408791,-1,-1850,-2002
1754829523495,0x064,6,01 FF FF 8C 68 2E,1,12.500000,6.301587,0.408791,-1,-1850,-2002
1754829523501,0x064,6,01 FF FF 8C 68 2E,1,12.500000,6.301587,0.408791,-1,-1850,-2002
1754829523529,0x064,6,01 FF FF 8C 68 2E,1,12.500000,6.301587,0.408791,-1,-1850,-2002
1754829523535,0x064,6,01 FF FF 8C 68 2E,1,12.500000,6.301587,0.408791,-1,-1850,-2002
1754829523544,0x064,6,01 FF FF 8D E7 F0,1,12.500000,7.063492,-0.136264,-1,-1826,2032
1754829523550,0x064,6,01 FF FF 8D E7 F0,1,12.500000,7.063492,-0.136264,-1,-1826,2032
1754829523552,0x064,6,01 FF FF 8D E7 F0,1,12.500000,7.063492,-0.136264,-1,-1826,2032
1754829523552,0x064,6,01 FF FF 8D E7 F0,1,12.500000,7.063492,-0.136264,-1,-1826,2032
1754829523554,0x064,6,01 FF FF 8D E7 F0,1,12.500000,7.063492,-0.136264,-1,-1826,2032
1754829523565,0x064,6,01 FF FF 8D E7 F0,1,12.500000,7.063492,-0.136264,-1,-1826,2032
1754829523579,0x064,6,01 FF FF 8D E7 F0,1,12.500000,7.063492,-0.136264,-1,-1826,2032
1754829523583,0x064,6,01 FF FF 8D E7 F0,1,12.500000,7.063492,-0.136264,-1,-1826,2032
1754829523583,0x064,6,01 FF FF 8D E7 F0,1,12.500000,7.063492,-0.136264,-1,-1826,2032
1754829523588,0x064,6,01 FF FF 8D E7 F0,1,12.500000,7.063492,-0.136264,-1,-1826,2032
1754829523605,0x064,6,01 FF FF 8D E7 F0,1,12.500000,7.063492,-0.136264,-1,-1826,2032
1754829523610,0x064,6,01 FF FF 8D E7 F0,1,12.500000,7.063492,-0.136264,-1,-1826,2032
1754829523611,0x064,6,01 FF FF 8D E7 F0,1,12.500000,7.063492,-0.136264,-1,-1826,2032
1754829523616,0x064,6,01 FF FF 8F 68 0A,1,12.500000,7.825397,0.092308,-1,-1802,-2038
1754829523623,0x064,6,01 FF FF 8F 68 0A,1,12.500000,7.825397,0.092308,-1,-1802,-2038
1754829523628,0x064,6,01 FF FF 8F 68 0A,1,12.500000,7.825397,0.092308,-1,-1802,-2038
1754829523632,0x064,6,01 FF FF 8F 68 0A,1,12.500000,7.825397,0.092308,-1,-1802,-2038
1754829523641,0x064,6,01 FF FF 8F 68 0A,1,12.500000,7.825397,0.092308,-1,-1802,-2038
1754829523645,0x064,6,01 FF FF 8F 68 0A,1,12.500000,7.825397,0.092308,-1,-1802,-2038
1754829523651,0x064,6,01 FF FF 8F 68 0A,1,12.500000,7.825397,0.092308,-1,-1802,-2038
1754829523653,0x064,6,01 FF FF 8F 68 0A,1,12.500000,7.825397,0.092308,-1,-1802,-2038
1754829523660,0x064,6,01 FF FF 8F 68 0A,1,12.500000,7.825397,0.092308,-1,-1802,-2038
1754829523670,0x064,6,01 FF FF 8F 68 0A,1,12.500000,7.825397,0.092308,-1,-1802,-2038
1754829523678,0x064,6,01 FF FF 8F 68 0A,1,12.500000,7.825397,0.092308,-1,-1802,-2038
1754829523693,0x064,6,01 FF FF 8F 68 0A,1,12.500000,7.825397,0.092308,-1,-1802,-2038
1754829523703,0x064,6,01 FF FF 8F 68 0A,1,12.500000,7.825397,0.092308,-1,-1802,-2038
1754829523716,0x064,6,01 FF FF 8F 68 0A,1,12.500000,7.825397,0.092308,-1,-1802,-2038
1754829523726,0x064,6,01 FF FF 8F 68 0A,1,12.500000,7.825397,0.092308,-1,-1802,-2038
1754829523727,0x064,6,01 FF FF 91 D8 39,1,12.500000,9.063492,0.505495,-1,-1763,-1991
1754829523727,0x064,6,01 FF FF 91 D8 39,1,12.500000,9.063492,0.505495,-1,-1763,-1991
1754829523729,0x064,6,01 FF FF 91 D8 39,1,12.500000,9.063492,0.505495,-1,-1763,-1991
1754829523736,0x064,6,01 FF FF 91 D8 39,1,12.500000,9.063492,0.505495,-1,-1763,-1991
1754829523740,0x064,6,01 FF FF 91 D8 39,1,12.500000,9.063492,0.505495,-1,-1763,-1991
1754829523746,0x064,6,01 FF FF 91 D8 39,1,12.500000,9.063492,0.505495,-1,-1763,-1991
1754829523752,0x064,6,01 FF FF 91 D8 39,1,12.500000,9.063492,0.505495,-1,-1763,-1991
1754829523757,0x064,6,01 FF FF 91 D8 39,1,12.500000,9.063492,0.505495,-1,-1763,-1991
1754829523773,0x064,6,01 FF FF 91 D8 39,1,12.500000,9.063492,0.505495,-1,-1763,-1991
1754829523774,0x064,6,01 FF FF 91 D8 39,1,12.500000,9.063492,0.505495,-1,-1763,-1991
1754829523780,0x064,6,01 FF FF 91 D8 39,1,12.500000,9.063492,0.505495,-1,-1763,-1991
1754829523783,0x064,6,01 FF FF 91 D8 39,1,12.500000,9.063492,0.505495,-1,-1763,-1991
1754829523788,0x064,6,01 FF FF 91 D8 39,1,12.500000,9.063492,0.505495,-1,-1763,-1991
1754829523795,0x064,6,01 FF FF 91 D8 39,1,12.500000,9.063492,0.505495,-1,-1763,-1991
1754829523802,0x064,6,01 FF FF 91 D8 39,1,12.500000,9.063492,0.505495,-1,-1763,-1991
1754829523805,0x064,6,01 FF FF 91 D8 39,1,12.500000,9.063492,0.505495,-1,-1763,-1991
1754829523811,0x064,6,01 FF FF 91 D8 39,1,12.500000,9.063492,0.505495,-1,-1763,-1991
1754829523823,0x064,6,01 FF FF 93 38 90,1,12.500000,9.761905,1.270330,-1,-1741,-1904
1754829523828,0x064,6,01 FF FF 93 38 90,1,12.500000,9.761905,1.270330,-1,-1741,-1904
1754829523828,0x064,6,01 FF FF 93 38 90,1,12.500000,9.761905,1.270330,-1,-1741,-1904
1754829523839,0x064,6,01 FF FF 93 38 90,1,12.500000,9.761905,1.270330,-1,-1741,-1904
1754829523847,0x064,6,01 FF FF 93 38 90,1,12.500000,9.761905,1.270330,-1,-1741,-1904
1754829523863,0x064,6,01 FF FF 93 38 90,1,12.500000,9.761905,1.270330,-1,-1741,-1904
1754829523869,0x064,6,01 FF FF 93 38 90,1,12.500000,9.761905,1.270330,-1,-1741,-1904
1754829523869,0x064,6,01 FF FF 93 38 90,1,12.500000,9.761905,1.270330,-1,-1741,-1904
1754829523873,0x064,6,01 FF FF 93 38 90,1,12.500000,9.761905,1.270330,-1,-1741,-1904
1754829523877,0x064,6,01 FF FF 93 38 90,1,12.500000,9.761905,1.270330,-1,-1741,-1904
1754829523882,0x064,6,01 FF FF 93 38 90,1,12.500000,9.761905,1.270330,-1,-1741,-1904
1754829523888,0x064,6,01 FF FF 93 38 90,1,12.500000,9.761905,1.270330,-1,-1741,-1904
1754829523894,0x064,6,01 FF FF 93 38 90,1,12.500000,9.761905,1.270330,-1,-1741,-1904
1754829523903,0x064,6,01 FF FF 93 38 90,1,12.500000,9.761905,1.270330,-1,-1741,-1904
1754829523904,0x064,6,01 FF FF 93 38 90,1,12.500000,9.761905,1.270330,-1,-1741,-1904
1754829523909,0x064,6,01 FF FF 93 38 90,1,12.500000,9.761905,1.270330,-1,-1741,-1904
1754829523917,0x064,6,01 FF FF 96 18 2F,1,12.500000,11.222222,0.417582,-1,-1695,-2001
1754829523926,0x064,6,01 FF FF 96 18 2F,1,12.500000,11.222222,0.417582,-1,-1695,-2001
1754829523936,0x064,6,01 FF FF 96 18 2F,1,12.500000,11.222222,0.417582,-1,-1695,-2001
1754829523947,0x064,6,01 FF FF 96 18 2F,1,12.500000,11.222222,0.417582,-1,-1695,-2001
1754829523947,0x064,6,01 FF FF 96 18 2F,1,12.500000,11.222222,0.417582,-1,-1695,-2001
1754829523948,0x064,6,01 FF FF 96 18 2F,1,12.500000,11.222222,0.417582,-1,-1695,-2001
1754829523954,0x064,6,01 FF FF 96 18 2F,1,12.500000,11.222222,0.417582,-1,-1695,-2001
1754829523968,0x064,6,01 FF FF 96 18 2F,1,12.500000,11.222222,0.417582,-1,-1695,-2001
1754829523975,0x064,6,01 FF FF 96 18 2F,1,12.500000,11.222222,0.417582,-1,-1695,-2001
1754829523980,0x064,6,01 FF FF 96 18 2F,1,12.500000,11.222222,0.417582,-1,-1695,-2001
1754829523992,0x064,6,01 FF FF 96 18 2F,1,12.500000,11.222222,0.417582,-1,-1695,-2001
1754829523997,0x064,6,01 FF FF 96 18 2F,1,12.500000,11.222222,0.417582,-1,-1695,-2001
1754829523998,0x064,6,01 FF FF 96 18 2F,1,12.500000,11.222222,0.417582,-1,-1695,-2001
1754829524003,0x064,6,01 FF FF 96 18 2F,1,12.500000,11.222222,0.417582,-1,-1695,-2001
1754829524009,0x064,6,01 FF FF 96 18 2F,1,12.500000,11.222222,0.417582,-1,-1695,-2001
1754829524016,0x064,6,01 FF FF 98 08 2B,1,12.500000,12.206349,0.382418,-1,-1664,-2005
1754829524022,0x064,6,01 FF FF 98 08 2B,1,12.500000,12.206349,0.382418,-1,-1664,-2005
1754829524025,0x064,6,01 FF FF 98 08 2B,1,12.500000,12.206349,0.382418,-1,-1664,-2005
1754829524030,0x064,6,01 FF FF 98 08 2B,1,12.500000,12.206349,0.382418,-1,-1664,-2005
1754829524036,0x064,6,01 FF FF 98 08 2B,1,12.500000,12.206349,0.382418,-1,-1664,-2005
1754829524050,0x064,6,01 FF FF 98 08 2B,1,12.500000,12.206349,0.382418,-1,-1664,-2005
1754829524053,0x064,6,01 FF FF 98 08 2B,1,12.500000,12.206349,0.382418,-1,-1664,-2005
1754829524058,0x064,6,01 FF FF 98 08 2B,1,12.500000,12.206349,0.382418,-1,-1664,-2005
1754829524063,0x064,6,01 FF FF 98 08 2B,1,12.500000,12.206349,0.382418,-1,-1664,-2005
1754829524072,0x064,6,01 FF FF 98 08 2B,1,12.500000,12.206349,0.382418,-1,-1664,-2005
1754829524083,0x064,6,01 FF FF 98 08 2B,1,12.500000,12.206349,0.382418,-1,-1664,-2005
1754829524088,0x064,6,01 FF FF 98 08 2B,1,12.500000,12.206349,0.382418,-1,-1664,-2005
1754829524089,0x064,6,01 FF FF 98 08 2B,1,12.500000,12.206349,0.382418,-1,-1664,-2005
1754829524096,0x064,6,01 FF FF 98 08 2B,1,12.500000,12.206349,0.382418,-1,-1664,-2005
1754829524100,0x064,6,01 FF FF 98 08 2B,1,12.500000,12.206349,0.382418,-1,-1664,-2005
1754829524105,0x064,6,01 FF FF 98 08 2B,1,12.500000,12.206349,0.382418,-1,-1664,-2005
1754829524110,0x064,6,01 FF FF 98 08 2B,1,12.500000,12.206349,0.382418,-1,-1664,-2005
1754829524115,0x064,6,01 FF FF 9A 38 6E,1,12.500000,13.317460,0.971429,-1,-1629,-1938
1754829524120,0x064,6,01 FF FF 9A 38 6E,1,12.500000,13.317460,0.971429,-1,-1629,-1938
1754829524130,0x064,6,01 FF FF 9A 38 6E,1,12.500000,13.317460,0.971429,-1,-1629,-1938
1754829524135,0x064,6,01 FF FF 9A 38 6E,1,12.500000,13.317460,0.971429,-1,-1629,-1938
1754829524143,0x064,6,01 FF FF 9A 38 6E,1,12.500000,13.317460,0.971429,-1,-1629,-1938
1754829524150,0x064,6,01 FF FF 9A 38 6E,1,12.500000,13.317460,0.971429,-1,-1629,-1938
1754829524162,0x064,6,01 FF FF 9A 38 6E,1,12.500000,13.317460,0.971429,-1,-1629,-1938
1754829524165,0x064,6,01 FF FF 9A 38 6E,1,12.500000,13.317460,0.971429,-1,-1629,-1938
1754829524172,0x064,6,01 FF FF 9A 38 6E,1,12.500000,13.317460,0.971429,-1,-1629,-1938
1754829524173,0x064,6,01 FF FF 9A 38 6E,1,12.500000,13.317460,0.971429,-1,-1629,-1938
1754829524179,0x064,6,01 FF FF 9A 38 6E,1,12.500000,13.317460,0.971429,-1,-1629,-1938
1754829524188,0x064,6,01 FF FF 9A 38 6E,1,12.500000,13.317460,0.971429,-1,-1629,-1938
1754829524189,0x064,6,01 FF FF 9A 38 6E,1,12.500000,13.317460,0.971429,-1,-1629,-1938
1754829524195,0x064,6,01 FF FF 9A 38 6E,1,12.500000,13.317460,0.971429,-1,-1629,-1938
1754829524200,0x064,6,01 FF FF 9A 38 6E,1,12.500000,13.317460,0.971429,-1,-1629,-1938
1754829524209,0x064,6,01 FF FF 9A 38 6E,1,12.500000,13.317460,0.971429,-1,-1629,-1938
1754829524215,0x064,6,01 FF FF 9C 88 4B,1,12.500000,14.492063,0.663736,-1,-1592,-1973
1754829524224,0x064,6,01 FF FF 9C 88 4B,1,12.500000,14.492063,0.663736,-1,-1592,-1973
1754829524226,0x064,6,01 FF FF 9C 88 4B,1,12.500000,14.492063,0.663736,-1,-1592,-1973
1754829524231,0x064,6,01 FF FF 9C 88 4B,1,12.500000,14.492063,0.663736,-1,-1592,-1973
1754829524238,0x064,6,01 FF FF 9C 88 4B,1,12.500000,14.492063,0.663736,-1,-1592,-1973
1754829524257,0x064,6,01 FF FF 9C 88 4B,1,12.500000,14.492063,0.663736,-1,-1592,-1973
1754829524264,0x064,6,01 FF FF 9C 88 4B,1,12.500000,14.492063,0.663736,-1,-1592,-1973
1754829524264,0x064,6,01 FF FF 9C 88 4B,1,12.500000,14.492063,0.663736,-1,-1592,-1973
1754829524282,0x064,6,01 FF FF 9C 88 4B,1,12.500000,14.492063,0.663736,-1,-1592,-1973
1754829524294,0x064,6,01 FF FF 9C 88 4B,1,12.500000,14.492063,0.663736,-1,-1592,-1973
1754829524303,0x064,6,01 FF FF 9C 88 4B,1,12.500000,14.492063,0.663736,-1,-1592,-1973
1754829524313,0x064,6,01 FF FF 9C 88 4B,1,12.500000,14.492063,0.663736,-1,-1592,-1973
1754829524331,0x064,6,01 FF FF 9D 58 2C,1,12.500000,14.904762,0.391209,-1,-1579,-2004
1754829524334,0x064,6,01 FF FF 9D 58 2C,1,12.500000,14.904762,0.391209,-1,-1579,-2004
1754829524334,0x064,6,01 FF FF 9D 58 2C,1,12.500000,14.904762,0.391209,-1,-1579,-2004
1754829524343,0x064,6,01 FF FF 9D 58 2C,1,12.500000,14.904762,0.391209,-1,-1579,-2004
1754829524353,0x064,6,01 FF FF 9D 58 2C,1,12.500000,14.904762,0.391209,-1,-1579,-2004
1754829524357,0x064,6,01 FF FF 9D 58 2C,1,12.500000,14.904762,0.391209,-1,-1579,-2004
1754829524365,0x064,6,01 FF FF 9D 58 2C,1,12.500000,14.904762,0.391209,-1,-1579,-2004
1754829524365,0x064,6,01 FF FF 9D 58 2C,1,12.500000,14.904762,0.391209,-1,-1579,-2004
1754829524371,0x064,6,01 FF FF 9D 58 2C,1,12.500000,14.904762,0.391209,-1,-1579,-2004
1754829524376,0x064,6,01 FF FF 9D 58 2C,1,12.500000,14.904762,0.391209,-1,-1579,-2004
1754829524382,0x064,6,01 FF FF 9D 58 2C,1,12.500000,14.904762,0.391209,-1,-1579,-2004
1754829524387,0x064,6,01 FF FF 9D 58 2C,1,12.500000,14.904762,0.391209,-1,-1579,-2004
1754829524393,0x064,6,01 FF FF 9D 58 2C,1,12.500000,14.904762,0.391209,-1,-1579,-2004
1754829524398,0x064,6,01 FF FF 9D 58 2C,1,12.500000,14.904762,0.391209,-1,-1579,-2004
1754829524409,0x064,6,01 FF FF 9D 58 2C,1,12.500000,14.904762,0.391209,-1,-1579,-2004
1754829524411,0x064,6,01 FF FF 9D 58 2C,1,12.500000,14.904762,0.391209,-1,-1579,-2004
1754829524416,0x064,6,01 FF FF A0 68 0F,1,12.500000,16.460317,0.136264,-1,-1530,-2033
1754829524421,0x064,6,01 FF FF A0 68 0F,1,12.500000,16.460317,0.136264,-1,-1530,-2033
1754829524427,0x064,6,01 FF FF A0 68 0F,1,12.500000,16.460317,0.136264,-1,-1530,-2033
1754829524437,0x064,6,01 FF FF A0 68 0F,1,12.500000,16.460317,0.136264,-1,-1530,-2033
1754829524454,0x064,6,01 FF FF A0 68 0F,1,12.500000,16.460317,0.136264,-1,-1530,-2033
1754829524454,0x064,6,01 FF FF A0 68 0F,1,12.500000,16.460317,0.136264,-1,-1530,-2033
1754829524459,0x064,6,01 FF FF A0 68 0F,1,12.500000,16.460317,0.136264,-1,-1530,-2033
1754829524472,0x064,6,01 FF FF A0 68 0F,1,12.500000,16.460317,0.136264,-1,-1530,-2033
1754829524483,0x064,6,01 FF FF A0 68 0F,1,12.500000,16.460317,0.136264,-1,-1530,-2033
1754829524488,0x064,6,01 FF FF A0 68 0F,1,12.500000,16.460317,0.136264,-1,-1530,-2033
1754829524489,0x064,6,01 FF FF A0 68 0F,1,12.500000,16.460317,0.136264,-1,-1530,-2033
1754829524495,0x064,6,01 FF FF A0 68 0F,1,12.500000,16.460317,0.136264,-1,-1530,-2033
1754829524501,0x064,6,01 FF FF A0 68 0F,1,12.500000,16.460317,0.136264,-1,-1530,-2033
1754829524506,0x064,6,01 FF FF A0 68 0F,1,12.500000,16.460317,0.136264,-1,-1530,-2033
1754829524512,0x064,6,01 FF FF A0 68 0F,1,12.500000,16.460317,0.136264,-1,-1530,-2033
1754829524517,0x064,6,01 FF FF A2 08 3D,1,12.500000,17.285714,0.540659,-1,-1504,-1987
1754829524529,0x064,6,01 FF FF A2 08 3D,1,12.500000,17.285714,0.540659,-1,-1504,-1987
1754829524531,0x064,6,01 FF FF A2 08 3D,1,12.500000,17.285714,0.540659,-1,-1504,-1987
1754829524536,0x064,6,01 FF FF A2 08 3D,1,12.500000,17.285714,0.540659,-1,-1504,-1987
1754829524542,0x064,6,01 FF FF A2 08 3D,1,12.500000,17.285714,0.540659,-1,-1504,-1987
1754829524548,0x064,6,01 FF FF A2 08 3D,1,12.500000,17.285714,0.540659,-1,-1504,-1987
1754829524553,0x064,6,01 FF FF A2 08 3D,1,12.500000,17.285714,0.540659,-1,-1504,-1987
1754829524560,0x064,6,01 FF FF A2 08 3D,1,12.500000,17.285714,0.540659,-1,-1504,-1987
1754829524565,0x064,6,01 FF FF A2 08 3D,1,12.500000,17.285714,0.540659,-1,-1504,-1987
1754829524570,0x064,6,01 FF FF A2 08 3D,1,12.500000,17.285714,0.540659,-1,-1504,-1987
1754829524577,0x064,6,01 FF FF A2 08 3D,1,12.500000,17.285714,0.540659,-1,-1504,-1987
1754829524582,0x064,6,01 FF FF A2 08 3D,1,12.500000,17.285714,0.540659,-1,-1504,-1987
1754829524587,0x064,6,01 FF FF A2 08 3D,1,12.500000,17.285714,0.540659,-1,-1504,-1987
1754829524592,0x064,6,01 FF FF A2 08 3D,1,12.500000,17.285714,0.540659,-1,-1504,-1987
1754829524599,0x064,6,01 FF FF A2 08 3D,1,12.500000,17.285714,0.540659,-1,-1504,-1987
1754829524607,0x064,6,01 FF FF A2 08 3D,1,12.500000,17.285714,0.540659,-1,-1504,-1987
1754829524608,0x064,6,01 FF FF A2 08 3D,1,12.500000,17.285714,0.540659,-1,-1504,-1987
1754829524617,0x064,6,01 FF FF A2 08 3D,1,12.500000,17.285714,0.540659,-1,-1504,-1987
1754829524633,0x064,6,01 FF FF A4 08 1E,1,12.500000,18.301587,0.268132,-1,-1472,-2018
1754829524639,0x064,6,01 FF FF A4 08 1E,1,12.500000,18.301587,0.268132,-1,-1472,-2018
1754829524645,0x064,6,01 FF FF A4 08 1E,1,12.500000,18.301587,0.268132,-1,-1472,-2018
1754829524650,0x064,6,01 FF FF A4 08 1E,1,12.500000,18.301587,0.268132,-1,-1472,-2018
1754829524655,0x064,6,01 FF FF A4 08 1E,1,12.500000,18.301587,0.268132,-1,-1472,-2018
1754829524662,0x064,6,01 FF FF A4 08 1E,1,12.500000,18.301587,0.268132,-1,-1472,-2018
1754829524673,0x064,6,01 FF FF A4 08 1E,1,12.500000,18.301587,0.268132,-1,-1472,-2018
1754829524684,0x064,6,01 FF FF A4 08 1E,1,12.500000,18.301587,0.268132,-1,-1472,-2018
1754829524692,0x064,6,01 FF FF A4 08 1E,1,12.500000,18.301587,0.268132,-1,-1472,-2018
1754829524700,0x064,6,01 FF FF A4 08 1E,1,12.500000,18.301587,0.268132,-1,-1472,-2018
1754829524700,0x064,6,01 FF FF A4 08 1E,1,12.500000,18.301587,0.268132,-1,-1472,-2018
1754829524703,0x064,6,01 FF FF A4 08 1E,1,12.500000,18.301587,0.268132,-1,-1472,-2018
1754829524708,0x064,6,01 FF FF A4 08 1E,1,12.500000,18.301587,0.268132,-1,-1472,-2018
1754829524713,0x064,6,01 FF FF A4 08 1E,1,12.500000,18.301587,0.268132,-1,-1472,-2018
1754829524722,0x064,6,01 FF FF A5 D7 E7,1,12.500000,19.222222,-0.215385,-1,-1443,2023
1754829524729,0x064,6,01 FF FF A5 D7 E7,1,12.500000,19.222222,-0.215385,-1,-1443,2023
1754829524735,0x064,6,01 FF FF A5 D7 E7,1,12.500000,19.222222,-0.215385,-1,-1443,2023
1754829524738,0x064,6,01 FF FF A5 D7 E7,1,12.500000,19.222222,-0.215385,-1,-1443,2023
1754829524752,0x064,6,01 FF FF A5 D7 E7,1,12.500000,19.222222,-0.215385,-1,-1443,2023
1754829524761,0x064,6,01 FF FF A5 D7 E7,1,12.500000,19.222222,-0.215385,-1,-1443,2023
1754829524776,0x064,6,01 FF FF A5 D7 E7,1,12.500000,19.222222,-0.215385,-1,-1443,2023
1754829524780,0x064,6,01 FF FF A5 D7 E7,1,12.500000,19.222222,-0.215385,-1,-1443,2023
1754829524781,0x064,6,01 FF FF A5 D7 E7,1,12.500000,19.222222,-0.215385,-1,-1443,2023
1754829524783,0x064,6,01 FF FF A5 D7 E7,1,12.500000,19.222222,-0.215385,-1,-1443,2023
1754829524800,0x064,6,01 FF FF A5 D7 E7,1,12.500000,19.222222,-0.215385,-1,-1443,2023
1754829524802,0x064,6,01 FF FF A5 D7 E7,1,12.500000,19.222222,-0.215385,-1,-1443,2023
1754829524807,0x064,6,01 FF FF A5 D7 E7,1,12.500000,19.222222,-0.215385,-1,-1443,2023
1754829524820,0x064,6,01 FF FF A5 D7 E7,1,12.500000,19.222222,-0.215385,-1,-1443,2023
1754829524827,0x064,6,01 FF FF A7 A8 54,1,12.500000,20.142857,0.742857,-1,-1414,-1964
1754829524833,0x064,6,01 FF FF A7 A8 54,1,12.500000,20.142857,0.742857,-1,-1414,-1964
1754829524838,0x064,6,01 FF FF A7 A8 54,1,12.500000,20.142857,0.742857,-1,-1414,-1964
1754829524840,0x064,6,01 FF FF A7 A8 54,1,12.500000,20.142857,0.742857,-1,-1414,-1964
1754829524847,0x064,6,01 FF FF A7 A8 54,1,12.500000,20.142857,0.742857,-1,-1414,-1964
1754829524853,0x064,6,01 FF FF A7 A8 54,1,12.500000,20.142857,0.742857,-1,-1414,-1964
1754829524859,0x064,6,01 FF FF A7 A8 54,1,12.500000,20.142857,0.742857,-1,-1414,-1964
1754829524867,0x064,6,01 FF FF A7 A8 54,1,12.500000,20.142857,0.742857,-1,-1414,-1964
1754829524869,0x064,6,01 FF FF A7 A8 54,1,12.500000,20.142857,0.742857,-1,-1414,-1964
1754829524885,0x064,6,01 FF FF A7 A8 54,1,12.500000,20.142857,0.742857,-1,-1414,-1964
1754829524893,0x064,6,01 FF FF A7 A8 54,1,12.500000,20.142857,0.742857,-1,-1414,-1964
1754829524893,0x064,6,01 FF FF A7 A8 54,1,12.500000,20.142857,0.742857,-1,-1414,-1964
1754829524901,0x064,6,01 FF FF A7 A8 54,1,12.500000,20.142857,0.742857,-1,-1414,-1964
1754829524909,0x064,6,01 FF FF A7 A8 54,1,12.500000,20.142857,0.742857,-1,-1414,-1964
1754829524919,0x064,6,01 FF FF AB C8 67,1,12.500000,22.238095,0.909890,-1,-1348,-1945
1754829524924,0x064,6,01 FF FF AB C8 67,1,12.500000,22.238095,0.909890,-1,-1348,-1945
1754829524951,0x064,6,01 FF FF AB C8 67,1,12.500000,22.238095,0.909890,-1,-1348,-1945
1754829524967,0x064,6,01 FF FF AB C8 67,1,12.500000,22.238095,0.909890,-1,-1348,-1945
1754829524970,0x064,6,01 FF FF AB C8 67,1,12.500000,22.238095,0.909890,-1,-1348,-1945
1754829524973,0x064,6,01 FF FF AB C8 67,1,12.500000,22.238095,0.909890,-1,-1348,-1945
1754829524974,0x064,6,01 FF FF AB C8 67,1,12.500000,22.238095,0.909890,-1,-1348,-1945
1754829524975,0x064,6,01 FF FF AB C8 67,1,12.500000,22.238095,0.909890,-1,-1348,-1945
1754829524978,0x064,6,01 FF FF AB C8 67,1,12.500000,22.238095,0.909890,-1,-1348,-1945
1754829525005,0x064,6,01 FF FF AB C8 67,1,12.500000,22.238095,0.909890,-1,-1348,-1945
1754829525016,0x064,6,01 FF FF AB C8 67,1,12.500000,22.238095,0.909890,-1,-1348,-1945
1754829525017,0x064,6,01 FF FF AB C8 67,1,12.500000,22.238095,0.909890,-1,-1348,-1945
1754829525017,0x064,6,01 FF FF AB C8 67,1,12.500000,22.238095,0.909890,-1,-1348,-1945
1754829525017,0x064,6,01 FF FF AB C8 67,1,12.500000,22.238095,0.909890,-1,-1348,-1945
1754829525017,0x064,6,01 FF FF AC E8 98,1,12.500000,22.809524,1.340659,-1,-1330,-1896
1754829525022,0x064,6,01 FF FF AC E8 98,1,12.500000,22.809524,1.340659,-1,-1330,-1896
1754829525032,0x064,6,01 FF FF AC E8 98,1,12.500000,22.809524,1.340659,-1,-1330,-1896
1754829525035,0x064,6,01 FF FF AC E8 98,1,12.500000,22.809524,1.340659,-1,-1330,-1896
1754829525049,0x064,6,01 FF FF AC E8 98,1,12.500000,22.809524,1.340659,-1,-1330,-1896
1754829525051,0x064,6,01 FF FF AC E8 98,1,12.500000,22.809524,1.340659,-1,-1330,-1896
1754829525054,0x064,6,01 FF FF AC E8 98,1,12.500000,22.809524,1.340659,-1,-1330,-1896
1754829525059,0x064,6,01 FF FF AC E8 98,1,12.500000,22.809524,1.340659,-1,-1330,-1896
1754829525068,0x064,6,01 FF FF AC E8 98,1,12.500000,22.809524,1.340659,-1,-1330,-1896
1754829525072,0x064,6,01 FF FF AC E8 98,1,12.500000,22.809524,1.340659,-1,-1330,-1896
1754829525080,0x064,6,01 FF FF AC E8 98,1,12.500000,22.809524,1.340659,-1,-1330,-1896
1754829525092,0x064,6,01 FF FF AC E8 98,1,12.500000,22.809524,1.340659,-1,-1330,-1896
1754829525096,0x064,6,01 FF FF AC E8 98,1,12.500000,22.809524,1.340659,-1,-1330,-1896
1754829525100,0x064,6,01 FF FF AC E8 98,1,12.500000,22.809524,1.340659,-1,-1330,-1896
1754829525122,0x064,6,01 FF FF AC E8 98,1,12.500000,22.809524,1.340659,-1,-1330,-1896
1754829525151,0x064,6,01 FF FF AC E8 98,1,12.500000,22.809524,1.340659,-1,-1330,-1896
1754829525151,0x064,6,01 FF FF AF 18 5E,1,12.500000,23.920635,0.830769,-1,-1295,-1954
1754829525151,0x064,6,01 FF FF AF 18 5E,1,12.500000,23.920635,0.830769,-1,-1295,-1954
1754829525151,0x064,6,01 FF FF AF 18 5E,1,12.500000,23.920635,0.830769,-1,-1295,-1954
1754829525152,0x064,6,01 FF FF AF 18 5E,1,12.500000,23.920635,0.830769,-1,-1295,-1954
1754829525156,0x064,6,01 FF FF AF 18 5E,1,12.500000,23.920635,0.830769,-1,-1295,-1954
1754829525164,0x064,6,01 FF FF AF 18 5E,1,12.500000,23.920635,0.830769,-1,-1295,-1954
1754829525167,0x064,6,01 FF FF AF 18 5E,1,12.500000,23.920635,0.830769,-1,-1295,-1954
1754829525172,0x064,6,01 FF FF AF 18 5E,1,12.500000,23.920635,0.830769,-1,-1295,-1954
1754829525179,0x064,6,01 FF FF AF 18 5E,1,12.500000,23.920635,0.830769,-1,-1295,-1954
1754829525185,0x064,6,01 FF FF AF 18 5E,1,12.500000,23.920635,0.830769,-1,-1295,-1954
1754829525197,0x064,6,01 FF FF AF 18 5E,1,12.500000,23.920635,0.830769,-1,-1295,-1954
1754829525200,0x064,6,01 FF FF AF 18 5E,1,12.500000,23.920635,0.830769,-1,-1295,-1954
1754829525203,0x064,6,01 FF FF AF 18 5E,1,12.500000,23.920635,0.830769,-1,-1295,-1954
1754829525217,0x064,6,01 FF FF AF 18 5E,1,12.500000,23.920635,0.830769,-1,-1295,-1954
1754829525218,0x064,6,01 FF FF B0 A8 44,1,12.500000,24.714286,0.602198,-1,-1270,-1980
1754829525225,0x064,6,01 FF FF B0 A8 44,1,12.500000,24.714286,0.602198,-1,-1270,-1980
1754829525230,0x064,6,01 FF FF B0 A8 44,1,12.500000,24.714286,0.602198,-1,-1270,-1980
1754829525234,0x064,6,01 FF FF B0 A8 44,1,12.500000,24.714286,0.602198,-1,-1270,-1980
1754829525240,0x064,6,01 FF FF B0 A8 44,1,12.500000,24.714286,0.602198,-1,-1270,-1980
1754829525252,0x064,6,01 FF FF B0 A8 44,1,12.500000,24.714286,0.602198,-1,-1270,-1980
1754829525259,0x064,6,01 FF FF B0 A8 44,1,12.500000,24.714286,0.602198,-1,-1270,-1980
1754829525268,0x064,6,01 FF FF B0 A8 44,1,12.500000,24.714286,0.602198,-1,-1270,-1980
1754829525281,0x064,6,01 FF FF B0 A8 44,1,12.500000,24.714286,0.602198,-1,-1270,-1980
1754829525298,0x064,6,01 FF FF B0 A8 44,1,12.500000,24.714286,0.602198,-1,-1270,-1980
1754829525302,0x064,6,01 FF FF B0 A8 44,1,12.500000,24.714286,0.602198,-1,-1270,-1980
1754829525305,0x064,6,01 FF FF B0 A8 44,1,12.500000,24.714286,0.602198,-1,-1270,-1980
1754829525308,0x064,6,01 FF FF B0 A8 44,1,12.500000,24.714286,0.602198,-1,-1270,-1980
1754829525314,0x064,6,01 FF FF B0 A8 44,1,12.500000,24.714286,0.602198,-1,-1270,-1980
1754829525321,0x064,6,01 FF FF B2 48 5B,1,12.500000,25.539683,0.804396,-1,-1244,-1957
1754829525332,0x064,6,01 FF FF B2 48 5B,1,12.500000,25.539683,0.804396,-1,-1244,-1957
1754829525336,0x064,6,01 FF FF B2 48 5B,1,12.500000,25.539683,0.804396,-1,-1244,-1957
1754829525339,0x064,6,01 FF FF B2 48 5B,1,12.500000,25.539683,0.804396,-1,-1244,-1957
1754829525346,0x064,6,01 FF FF B2 48 5B,1,12.500000,25.539683,0.804396,-1,-1244,-1957
1754829525352,0x064,6,01 FF FF B2 48 5B,1,12.500000,25.539683,0.804396,-1,-1244,-1957
1754829525357,0x064,6,01 FF FF B2 48 5B,1,12.500000,25.539683,0.804396,-1,-1244,-1957
1754829525362,0x064,6,01 FF FF B2 48 5B,1,12.500000,25.539683,0.804396,-1,-1244,-1957
1754829525368,0x064,6,01 FF FF B2 48 5B,1,12.500000,25.539683,0.804396,-1,-1244,-1957
1754829525374,0x064,6,01 FF FF B2 48 5B,1,12.500000,25.539683,0.804396,-1,-1244,-1957
1754829525380,0x064,6,01 FF FF B2 48 5B,1,12.500000,25.539683,0.804396,-1,-1244,-1957
1754829525383,0x064,6,01 FF FF B2 48 5B,1,12.500000,25.539683,0.804396,-1,-1244,-1957
1754829525391,0x064,6,01 FF FF B2 48 5B,1,12.500000,25.539683,0.804396,-1,-1244,-1957
1754829525394,0x064,6,01 FF FF B2 48 5B,1,12.500000,25.539683,0.804396,-1,-1244,-1957
1754829525400,0x064,6,01 FF FF B2 48 5B,1,12.500000,25.539683,0.804396,-1,-1244,-1957
1754829525413,0x064,6,01 FF FF B2 48 5B,1,12.500000,25.539683,0.804396,-1,-1244,-1957
1754829525414,0x064,6,01 FF FF B2 48 5B,1,12.500000,25.539683,0.804396,-1,-1244,-1957
1754829525420,0x064,6,01 FF FF B5 28 36,1,12.500000,27.000000,0.479121,-1,-1198,-1994
1754829525430,0x064,6,01 FF FF B5 28 36,1,12.500000,27.000000,0.479121,-1,-1198,-1994
1754829525431,0x064,6,01 FF FF B5 28 36,1,12.500000,27.000000,0.479121,-1,-1198,-1994
1754829525438,0x064,6,01 FF FF B5 28 36,1,12.500000,27.000000,0.479121,-1,-1198,-1994
1754829525451,0x064,6,01 FF FF B5 28 36,1,12.500000,27.000000,0.479121,-1,-1198,-1994
1754829525457,0x064,6,01 FF FF B5 28 36,1,12.500000,27.000000,0.479121,-1,-1198,-1994
1754829525496,0x064,6,01 FF FF B5 28 36,1,12.500000,27.000000,0.479121,-1,-1198,-1994
1754829525499,0x064,6,01 FF FF B5 28 36,1,12.500000,27.000000,0.479121,-1,-1198,-1994
1754829525507,0x064,6,01 FF FF B5 28 36,1,12.500000,27.000000,0.479121,-1,-1198,-1994
1754829525508,0x064,6,01 FF FF B5 28 36,1,12.500000,27.000000,0.479121,-1,-1198,-1994
1754829525508,0x064,6,01 FF FF B5 28 36,1,12.500000,27.000000,0.479121,-1,-1198,-1994
1754829525508,0x064,6,01 FF FF B5 28 36,1,12.500000,27.000000,0.479121,-1,-1198,-1994
1754829525508,0x064,6,01 FF FF B5 28 36,1,12.500000,27.000000,0.479121,-1,-1198,-1994
1754829525512,0x064,6,01 FF FF B5 28 36,1,12.500000,27.000000,0.479121,-1,-1198,-1994
1754829525516,0x064,6,01 FF FF B7 A7 E9,1,12.500000,28.269841,-0.197802,-1,-1158,2025
1754829525521,0x064,6,01 FF FF B7 A7 E9,1,12.500000,28.269841,-0.197802,-1,-1158,2025
1754829525529,0x064,6,01 FF FF B7 A7 E9,1,12.500000,28.269841,-0.197802,-1,-1158,2025
1754829525532,0x064,6,01 FF FF B7 A7 E9,1,12.500000,28.269841,-0.197802,-1,-1158,2025
1754829525538,0x064,6,01 FF FF B7 A7 E9,1,12.500000,28.269841,-0.197802,-1,-1158,2025
1754829525543,0x064,6,01 FF FF B7 A7 E9,1,12.500000,28.269841,-0.197802,-1,-1158,2025
1754829525549,0x064,6,01 FF FF B7 A7 E9,1,12.500000,28.269841,-0.197802,-1,-1158,2025
1754829525554,0x064,6,01 FF FF B7 A7 E9,1,12.500000,28.269841,-0.197802,-1,-1158,2025
1754829525560,0x064,6,01 FF FF B7 A7 E9,1,12.500000,28.269841,-0.197802,-1,-1158,2025
1754829525572,0x064,6,01 FF FF B7 A7 E9,1,12.500000,28.269841,-0.197802,-1,-1158,2025
1754829525575,0x064,6,01 FF FF B7 A7 E9,1,12.500000,28.269841,-0.197802,-1,-1158,2025
1754829525577,0x064,6,01 FF FF B7 A7 E9,1,12.500000,28.269841,-0.197802,-1,-1158,2025
1754829525582,0x064,6,01 FF FF B7 A7 E9,1,12.500000,28.269841,-0.197802,-1,-1158,2025
1754829525587,0x064,6,01 FF FF B7 A7 E9,1,12.500000,28.269841,-0.197802,-1,-1158,2025
1754829525593,0x064,6,01 FF FF B7 A7 E9,1,12.500000,28.269841,-0.197802,-1,-1158,2025
1754829525598,0x064,6,01 FF FF B7 A7 E9,1,12.500000,28.269841,-0.197802,-1,-1158,2025
1754829525606,0x064,6,01 FF FF B7 A7 E9,1,12.500000,28.269841,-0.197802,-1,-1158,2025
1754829525623,0x064,6,01 FF FF B7 A7 E9,1,12.500000,28.269841,-0.197802,-1,-1158,2025
1754829525633,0x064,6,01 FF FF B7 88 55,1,12.500000,28.206349,0.751648,-1,-1160,-1963
1754829525634,0x064,6,01 FF FF B7 88 55,1,12.500000,28.206349,0.751648,-1,-1160,-1963
1754829525646,0x064,6,01 FF FF B7 88 55,1,12.500000,28.206349,0.751648,-1,-1160,-1963
1754829525654,0x064,6,01 FF FF B7 88 55,1,12.500000,28.206349,0.751648,-1,-1160,-1963
1754829525655,0x064,6,01 FF FF B7 88 55,1,12.500000,28.206349,0.751648,-1,-1160,-1963
1754829525655,0x064,6,01 FF FF B7 88 55,1,12.500000,28.206349,0.751648,-1,-1160,-1963
1754829525661,0x064,6,01 FF FF B7 88 55,1,12.500000,28.206349,0.751648,-1,-1160,-1963
1754829525668,0x064,6,01 FF FF B7 88 55,1,12.500000,28.206349,0.751648,-1,-1160,-1963
1754829525678,0x064,6,01 FF FF B7 88 55,1,12.500000,28.206349,0.751648,-1,-1160,-1963
1754829525687,0x064,6,01 FF FF B7 88 55,1,12.500000,28.206349,0.751648,-1,-1160,-1963
1754829525696,0x064,6,01 FF FF B7 88 55,1,12.500000,28.206349,0.751648,-1,-1160,-1963
1754829525700,0x064,6,01 FF FF B7 88 55,1,12.500000,28.206349,0.751648,-1,-1160,-1963
1754829525709,0x064,6,01 FF FF B7 88 55,1,12.500000,28.206349,0.751648,-1,-1160,-1963
1754829525710,0x064,6,01 FF FF B7 88 55,1,12.500000,28.206349,0.751648,-1,-1160,-1963
1754829525715,0x064,6,01 FF FF BB 68 39,1,12.500000,30.174603,0.505495,-1,-1098,-1991
1754829525720,0x064,6,01 FF FF BB 68 39,1,12.500000,30.174603,0.505495,-1,-1098,-1991
1754829525734,0x064,6,01 FF FF BB 68 39,1,12.500000,30.174603,0.505495,-1,-1098,-1991
1754829525741,0x064,6,01 FF FF BB 68 39,1,12.500000,30.174603,0.505495,-1,-1098,-1991
1754829525746,0x064,6,01 FF FF BB 68 39,1,12.500000,30.174603,0.505495,-1,-1098,-1991
1754829525755,0x064,6,01 FF FF BB 68 39,1,12.500000,30.174603,0.505495,-1,-1098,-1991
1754829525773,0x064,6,01 FF FF BB 68 39,1,12.500000,30.174603,0.505495,-1,-1098,-1991
1754829525795,0x064,6,01 FF FF BB 68 39,1,12.500000,30.174603,0.505495,-1,-1098,-1991
1754829525795,0x064,6,01 FF FF BB 68 39,1,12.500000,30.174603,0.505495,-1,-1098,-1991
1754829525796,0x064,6,01 FF FF BB 68 39,1,12.500000,30.174603,0.505495,-1,-1098,-1991
1754829525796,0x064,6,01 FF FF BB 68 39,1,12.500000,30.174603,0.505495,-1,-1098,-1991
1754829525796,0x064,6,01 FF FF BB 68 39,1,12.500000,30.174603,0.505495,-1,-1098,-1991
1754829525801,0x064,6,01 FF FF BB 68 39,1,12.500000,30.174603,0.505495,-1,-1098,-1991
1754829525823,0x064,6,01 FF FF BB 68 39,1,12.500000,30.174603,0.505495,-1,-1098,-1991
1754829525831,0x064,6,01 FF FF BD D8 3F,1,12.500000,31.412698,0.558242,-1,-1059,-1985
1754829525853,0x064,6,01 FF FF BD D8 3F,1,12.500000,31.412698,0.558242,-1,-1059,-1985
1754829525853,0x064,6,01 FF FF BD D8 3F,1,12.500000,31.412698,0.558242,-1,-1059,-1985
1754829525854,0x064,6,01 FF FF BD D8 3F,1,12.500000,31.412698,0.558242,-1,-1059,-1985
1754829525854,0x064,6,01 FF FF BD D8 3F,1,12.500000,31.412698,0.558242,-1,-1059,-1985
1754829525854,0x064,6,01 FF FF BD D8 3F,1,12.500000,31.412698,0.558242,-1,-1059,-1985
1754829525859,0x064,6,01 FF FF BD D8 3F,1,12.500000,31.412698,0.558242,-1,-1059,-1985
1754829525864,0x064,6,01 FF FF BD D8 3F,1,12.500000,31.412698,0.558242,-1,-1059,-1985
1754829525870,0x064,6,01 FF FF BD D8 3F,1,12.500000,31.412698,0.558242,-1,-1059,-1985
1754829525877,0x064,6,01 FF FF BD D8 3F,1,12.500000,31.412698,0.558242,-1,-1059,-1985
1754829525900,0x064,6,01 FF FF BD D8 3F,1,12.500000,31.412698,0.558242,-1,-1059,-1985
1754829525903,0x064,6,01 FF FF BD D8 3F,1,12.500000,31.412698,0.558242,-1,-1059,-1985
1754829525904,0x064,6,01 FF FF BD D8 3F,1,12.500000,31.412698,0.558242,-1,-1059,-1985
1754829525911,0x064,6,01 FF FF BD D8 3F,1,12.500000,31.412698,0.558242,-1,-1059,-1985
1754829525914,0x064,6,01 FF FF BD D8 3F,1,12.500000,31.412698,0.558242,-1,-1059,-1985
1754829525922,0x064,6,01 FF FF BE 07 DC,1,12.500000,31.507937,-0.312088,-1,-1056,2012
1754829525930,0x064,6,01 FF FF BE 07 DC,1,12.500000,31.507937,-0.312088,-1,-1056,2012
1754829525933,0x064,6,01 FF FF BE 07 DC,1,12.500000,31.507937,-0.312088,-1,-1056,2012
1754829525939,0x064,6,01 FF FF BE 07 DC,1,12.500000,31.507937,-0.312088,-1,-1056,2012
1754829525947,0x064,6,01 FF FF BE 07 DC,1,12.500000,31.507937,-0.312088,-1,-1056,2012
1754829525950,0x064,6,01 FF FF BE 07 DC,1,12.500000,31.507937,-0.312088,-1,-1056,2012
1754829525958,0x064,6,01 FF FF BE 07 DC,1,12.500000,31.507937,-0.312088,-1,-1056,2012
1754829525963,0x064,6,01 FF FF BE 07 DC,1,12.500000,31.507937,-0.312088,-1,-1056,2012
1754829525975,0x064,6,01 FF FF BE 07 DC,1,12.500000,31.507937,-0.312088,-1,-1056,2012
1754829526001,0x064,6,01 FF FF BE 07 DC,1,12.500000,31.507937,-0.312088,-1,-1056,2012
1754829526001,0x064,6,01 FF FF BE 07 DC,1,12.500000,31.507937,-0.312088,-1,-1056,2012
1754829526001,0x064,6,01 FF FF BE 07 DC,1,12.500000,31.507937,-0.312088,-1,-1056,2012
1754829526002,0x064,6,01 FF FF BE 07 DC,1,12.500000,31.507937,-0.312088,-1,-1056,2012
1754829526004,0x064,6,01 FF FF BE 07 DC,1,12.500000,31.507937,-0.312088,-1,-1056,2012
1754829526016,0x064,6,01 FF FF BE 07 DC,1,12.500000,31.507937,-0.312088,-1,-1056,2012
1754829526018,0x064,6,01 FF FF BF 18 32,1,12.500000,32.047619,0.443956,-1,-1039,-1998
1754829526022,0x064,6,01 FF FF BF 18 32,1,12.500000,32.047619,0.443956,-1,-1039,-1998
1754829526027,0x064,6,01 FF FF BF 18 32,1,12.500000,32.047619,0.443956,-1,-1039,-1998
1754829526034,0x064,6,01 FF FF BF 18 32,1,12.500000,32.047619,0.443956,-1,-1039,-1998
1754829526040,0x064,6,01 FF FF BF 18 32,1,12.500000,32.047619,0.443956,-1,-1039,-1998
1754829526054,0x064,6,01 FF FF BF 18 32,1,12.500000,32.047619,0.443956,-1,-1039,-1998
1754829526072,0x064,6,01 FF FF BF 18 32,1,12.500000,32.047619,0.443956,-1,-1039,-1998
1754829526073,0x064,6,01 FF FF BF 18 32,1,12.500000,32.047619,0.443956,-1,-1039,-1998
1754829526075,0x064,6,01 FF FF BF 18 32,1,12.500000,32.047619,0.443956,-1,-1039,-1998
1754829526077,0x064,6,01 FF FF BF 18 32,1,12.500000,32.047619,0.443956,-1,-1039,-1998
1754829526084,0x064,6,01 FF FF BF 18 32,1,12.500000,32.047619,0.443956,-1,-1039,-1998
1754829526085,0x064,6,01 FF FF BF 18 32,1,12.500000,32.047619,0.443956,-1,-1039,-1998
1754829526091,0x064,6,01 FF FF BF 18 32,1,12.500000,32.047619,0.443956,-1,-1039,-1998
1754829526096,0x064,6,01 FF FF BF 18 32,1,12.500000,32.047619,0.443956,-1,-1039,-1998
1754829526109,0x064,6,01 FF FF BF 18 32,1,12.500000,32.047619,0.443956,-1,-1039,-1998
1754829526115,0x064,6,01 FF FF BF 18 32,1,12.500000,32.047619,0.443956,-1,-1039,-1998
1754829526135,0x064,6,01 FF FF C0 E8 16,1,12.500000,32.968254,0.197802,-1,-1010,-2026
1754829526138,0x064,6,01 FF FF C0 E8 16,1,12.500000,32.968254,0.197802,-1,-1010,-2026
1754829526148,0x064,6,01 FF FF C0 E8 16,1,12.500000,32.968254,0.197802,-1,-1010,-2026
1754829526150,0x064,6,01 FF FF C0 E8 16,1,12.500000,32.968254,0.197802,-1,-1010,-2026
1754829526150,0x064,6,01 FF FF C0 E8 16,1,12.500000,32.968254,0.197802,-1,-1010,-2026
1754829526156,0x064,6,01 FF FF C0 E8 16,1,12.500000,32.968254,0.197802,-1,-1010,-2026
1754829526159,0x064,6,01 FF FF C0 E8 16,1,12.500000,32.968254,0.197802,-1,-1010,-2026
1754829526168,0x064,6,01 FF FF C0 E8 16,1,12.500000,32.968254,0.197802,-1,-1010,-2026
1754829526171,0x064,6,01 FF FF C0 E8 16,1,12.500000,32.968254,0.197802,-1,-1010,-2026
1754829526176,0x064,6,01 FF FF C0 E8 16,1,12.500000,32.968254,0.197802,-1,-1010,-2026
1754829526182,0x064,6,01 FF FF C0 E8 16,1,12.500000,32.968254,0.197802,-1,-1010,-2026
1754829526189,0x064,6,01 FF FF C0 E8 16,1,12.500000,32.968254,0.197802,-1,-1010,-2026
1754829526195,0x064,6,01 FF FF C0 E8 16,1,12.500000,32.968254,0.197802,-1,-1010,-2026
1754829526198,0x064,6,01 FF FF C0 E8 16,1,12.500000,32.968254,0.197802,-1,-1010,-2026
1754829526204,0x064,6,01 FF FF C0 E8 16,1,12.500000,32.968254,0.197802,-1,-1010,-2026
1754829526226,0x064,6,01 FF FF C1 D8 42,1,12.500000,33.444444,0.584615,-1,-995,-1982
1754829526237,0x064,6,01 FF FF C1 D8 42,1,12.500000,33.444444,0.584615,-1,-995,-1982
1754829526246,0x064,6,01 FF FF C1 D8 42,1,12.500000,33.444444,0.584615,-1,-995,-1982
1754829526246,0x064,6,01 FF FF C1 D8 42,1,12.500000,33.444444,0.584615,-1,-995,-1982
1754829526252,0x064,6,01 FF FF C1 D8 42,1,12.500000,33.444444,0.584615,-1,-995,-1982
1754829526257,0x064,6,01 FF FF C1 D8 42,1,12.500000,33.444444,0.584615,-1,-995,-1982
1754829526261,0x064,6,01 FF FF C1 D8 42,1,12.500000,33.444444,0.584615,-1,-995,-1982
1754829526268,0x064,6,01 FF FF C1 D8 42,1,12.500000,33.444444,0.584615,-1,-995,-1982
1754829526278,0x064,6,01 FF FF C1 D8 42,1,12.500000,33.444444,0.584615,-1,-995,-1982
1754829526284,0x064,6,01 FF FF C1 D8 42,1,12.500000,33.444444,0.584615,-1,-995,-1982
1754829526285,0x064,6,01 FF FF C1 D8 42,1,12.500000,33.444444,0.584615,-1,-995,-1982
1754829526291,0x064,6,01 FF FF C1 D8 42,1,12.500000,33.444444,0.584615,-1,-995,-1982
1754829526297,0x064,6,01 FF FF C1 D8 42,1,12.500000,33.444444,0.584615,-1,-995,-1982
1754829526303,0x064,6,01 FF FF C1 D8 42,1,12.500000,33.444444,0.584615,-1,-995,-1982
1754829526311,0x064,6,01 FF FF C1 D8 42,1,12.500000,33.444444,0.584615,-1,-995,-1982
1754829526324,0x064,6,01 FF FF C3 17 FE,1,12.500000,34.079365,-0.013187,-1,-975,2046
1754829526326,0x064,6,01 FF FF C3 17 FE,1,12.500000,34.079365,-0.013187,-1,-975,2046
1754829526331,0x064,6,01 FF FF C3 17 FE,1,12.500000,34.079365,-0.013187,-1,-975,2046
1754829526337,0x064,6,01 FF FF C3 17 FE,1,12.500000,34.079365,-0.013187,-1,-975,2046
1754829526349,0x064,6,01 FF FF C3 17 FE,1,12.500000,34.079365,-0.013187,-1,-975,2046
1754829526358,0x064,6,01 FF FF C3 17 FE,1,12.500000,34.079365,-0.013187,-1,-975,2046
1754829526381,0x064,6,01 FF FF C3 17 FE,1,12.500000,34.079365,-0.013187,-1,-975,2046
1754829526390,0x064,6,01 FF FF C3 17 FE,1,12.500000,34.079365,-0.013187,-1,-975,2046
1754829526424,0x064,6,01 FF FF C3 17 FE,1,12.500000,34.079365,-0.013187,-1,-975,2046
1754829526432,0x064,6,01 FF FF C3 17 FE,1,12.500000,34.079365,-0.013187,-1,-975,2046
1754829526435,0x064,6,01 FF FF C3 17 FE,1,12.500000,34.079365,-0.013187,-1,-975,2046
1754829526438,0x064,6,01 FF FF C3 17 FE,1,12.500000,34.079365,-0.013187,-1,-975,2046
1754829526439,0x064,6,01 FF FF C3 17 FE,1,12.500000,34.079365,-0.013187,-1,-975,2046
1754829526454,0x064,6,01 FF FF C3 17 FE,1,12.500000,34.079365,-0.013187,-1,-975,2046
1754829526457,0x064,6,01 FF FF C5 07 DC,1,12.500000,35.063492,-0.312088,-1,-944,2012
1754829526491,0x064,6,01 FF FF C5 07 DC,1,12.500000,35.063492,-0.312088,-1,-944,2012
1754829526499,0x064,6,01 FF FF C5 07 DC,1,12.500000,35.063492,-0.312088,-1,-944,2012
1754829526500,0x064,6,01 FF FF C5 07 DC,1,12.500000,35.063492,-0.312088,-1,-944,2012
1754829526504,0x064,6,01 FF FF C5 07 DC,1,12.500000,35.063492,-0.312088,-1,-944,2012
1754829526518,0x064,6,01 FF FF C5 07 DC,1,12.500000,35.063492,-0.312088,-1,-944,2012
1754829526519,0x064,6,01 FF FF C5 07 DC,1,12.500000,35.063492,-0.312088,-1,-944,2012
1754829526520,0x064,6,01 FF FF C5 07 DC,1,12.500000,35.063492,-0.312088,-1,-944,2012
1754829526522,0x064,6,01 FF FF C5 07 DC,1,12.500000,35.063492,-0.312088,-1,-944,2012
1754829526523,0x064,6,01 FF FF C5 07 DC,1,12.500000,35.063492,-0.312088,-1,-944,2012
1754829526523,0x064,6,01 FF FF C5 07 DC,1,12.500000,35.063492,-0.312088,-1,-944,2012
1754829526524,0x064,6,01 FF FF C5 07 DC,1,12.500000,35.063492,-0.312088,-1,-944,2012
1754829526524,0x064,6,01 FF FF C5 07 DC,1,12.500000,35.063492,-0.312088,-1,-944,2012
1754829526524,0x064,6,01 FF FF C5 07 DC,1,12.500000,35.063492,-0.312088,-1,-944,2012
1754829526525,0x064,6,01 FF FF C5 07 DC,1,12.500000,35.063492,-0.312088,-1,-944,2012
1754829526525,0x064,6,01 FF FF C3 78 1B,1,12.500000,34.269841,0.241758,-1,-969,-2021
1754829526528,0x064,6,01 FF FF C3 78 1B,1,12.500000,34.269841,0.241758,-1,-969,-2021
1754829526534,0x064,6,01 FF FF C3 78 1B,1,12.500000,34.269841,0.241758,-1,-969,-2021
1754829526540,0x064,6,01 FF FF C3 78 1B,1,12.500000,34.269841,0.241758,-1,-969,-2021
1754829526549,0x064,6,01 FF FF C3 78 1B,1,12.500000,34.269841,0.241758,-1,-969,-2021
1754829526569,0x064,6,01 FF FF C3 78 1B,1,12.500000,34.269841,0.241758,-1,-969,-2021
1754829526571,0x064,6,01 FF FF C3 78 1B,1,12.500000,34.269841,0.241758,-1,-969,-2021
1754829526594,0x064,6,01 FF FF C3 78 1B,1,12.500000,34.269841,0.241758,-1,-969,-2021
1754829526597,0x064,6,01 FF FF C3 78 1B,1,12.500000,34.269841,0.241758,-1,-969,-2021
1754829526605,0x064,6,01 FF FF C3 78 1B,1,12.500000,34.269841,0.241758,-1,-969,-2021
1754829526613,0x064,6,01 FF FF C3 78 1B,1,12.500000,34.269841,0.241758,-1,-969,-2021
1754829526616,0x064,6,01 FF FF C3 78 1B,1,12.500000,34.269841,0.241758,-1,-969,-2021
1754829526621,0x064,6,01 FF FF C3 78 1B,1,12.500000,34.269841,0.241758,-1,-969,-2021
1754829526621,0x064,6,01 FF FF C3 78 1B,1,12.500000,34.269841,0.241758,-1,-969,-2021
1754829526622,0x064,6,01 FF FF C8 18 62,1,12.500000,36.619048,0.865934,-1,-895,-1950
1754829526627,0x064,6,01 FF FF C8 18 62,1,12.500000,36.619048,0.865934,-1,-895,-1950
1754829526636,0x064,6,01 FF FF C8 18 62,1,12.500000,36.619048,0.865934,-1,-895,-1950
1754829526645,0x064,6,01 FF FF C8 18 62,1,12.500000,36.619048,0.865934,-1,-895,-1950
1754829526657,0x064,6,01 FF FF C8 18 62,1,12.500000,36.619048,0.865934,-1,-895,-1950
1754829526668,0x064,6,01 FF FF C8 18 62,1,12.500000,36.619048,0.865934,-1,-895,-1950
1754829526669,0x064,6,01 FF FF C8 18 62,1,12.500000,36.619048,0.865934,-1,-895,-1950
1754829526670,0x064,6,01 FF FF C8 18 62,1,12.500000,36.619048,0.865934,-1,-895,-1950
1754829526685,0x064,6,01 FF FF C8 18 62,1,12.500000,36.619048,0.865934,-1,-895,-1950
1754829526690,0x064,6,01 FF FF C8 18 62,1,12.500000,36.619048,0.865934,-1,-895,-1950
1754829526696,0x064,6,01 FF FF C8 18 62,1,12.500000,36.619048,0.865934,-1,-895,-1950
1754829526701,0x064,6,01 FF FF C8 18 62,1,12.500000,36.619048,0.865934,-1,-895,-1950
1754829526708,0x064,6,01 FF FF C8 18 62,1,12.500000,36.619048,0.865934,-1,-895,-1950
1754829526717,0x064,6,01 FF FF C8 18 62,1,12.500000,36.619048,0.865934,-1,-895,-1950
1754829526721,0x064,6,01 FF FF C8 C7 E7,1,12.500000,36.968254,-0.215385,-1,-884,2023
1754829526726,0x064,6,01 FF FF C8 C7 E7,1,12.500000,36.968254,-0.215385,-1,-884,2023
1754829526731,0x064,6,01 FF FF C8 C7 E7,1,12.500000,36.968254,-0.215385,-1,-884,2023
1754829526737,0x064,6,01 FF FF C8 C7 E7,1,12.500000,36.968254,-0.215385,-1,-884,2023
1754829526742,0x064,6,01 FF FF C8 C7 E7,1,12.500000,36.968254,-0.215385,-1,-884,2023
1754829526747,0x064,6,01 FF FF C8 C7 E7,1,12.500000,36.968254,-0.215385,-1,-884,2023
1754829526755,0x064,6,01 FF FF C8 C7 E7,1,12.500000,36.968254,-0.215385,-1,-884,2023
1754829526762,0x064,6,01 FF FF C8 C7 E7,1,12.500000,36.968254,-0.215385,-1,-884,2023
1754829526770,0x064,6,01 FF FF C8 C7 E7,1,12.500000,36.968254,-0.215385,-1,-884,2023
1754829526771,0x064,6,01 FF FF C8 C7 E7,1,12.500000,36.968254,-0.215385,-1,-884,2023
1754829526777,0x064,6,01 FF FF C8 C7 E7,1,12.500000,36.968254,-0.215385,-1,-884,2023
1754829526782,0x064,6,01 FF FF C8 C7 E7,1,12.500000,36.968254,-0.215385,-1,-884,2023
1754829526787,0x064,6,01 FF FF C8 C7 E7,1,12.500000,36.968254,-0.215385,-1,-884,2023
1754829526801,0x064,6,01 FF FF C8 C7 E7,1,12.500000,36.968254,-0.215385,-1,-884,2023
1754829526805,0x064,6,01 FF FF C8 C7 E7,1,12.500000,36.968254,-0.215385,-1,-884,2023
1754829526827,0x064,6,01 FF FF C8 C7 E7,1,12.500000,36.968254,-0.215385,-1,-884,2023
1754829526829,0x064,6,01 FF FF C5 E8 04,1,12.500000,35.507937,0.039560,-1,-930,-2044
1754829526829,0x064,6,01 FF FF C5 E8 04,1,12.500000,35.507937,0.039560,-1,-930,-2044
1754829526832,0x064,6,01 FF FF C5 E8 04,1,12.500000,35.507937,0.039560,-1,-930,-2044
1754829526843,0x064,6,01 FF FF C5 E8 04,1,12.500000,35.507937,0.039560,-1,-930,-2044
1754829526850,0x064,6,01 FF FF C5 E8 04,1,12.500000,35.507937,0.039560,-1,-930,-2044
1754829526858,0x064,6,01 FF FF C5 E8 04,1,12.500000,35.507937,0.039560,-1,-930,-2044
1754829526864,0x064,6,01 FF FF C5 E8 04,1,12.500000,35.507937,0.039560,-1,-930,-2044
1754829526866,0x064,6,01 FF FF C5 E8 04,1,12.500000,35.507937,0.039560,-1,-930,-2044
1754829526871,0x064,6,01 FF FF C5 E8 04,1,12.500000,35.507937,0.039560,-1,-930,-2044
1754829526877,0x064,6,01 FF FF C5 E8 04,1,12.500000,35.507937,0.039560,-1,-930,-2044
1754829526882,0x064,6,01 FF FF C5 E8 04,1,12.500000,35.507937,0.039560,-1,-930,-2044
1754829526887,0x064,6,01 FF FF C5 E8 04,1,12.500000,35.507937,0.039560,-1,-930,-2044
1754829526897,0x064,6,01 FF FF C5 E8 04,1,12.500000,35.507937,0.039560,-1,-930,-2044
1754829526900,0x064,6,01 FF FF C5 E8 04,1,12.500000,35.507937,0.039560,-1,-930,-2044
1754829526904,0x064,6,01 FF FF C5 E8 04,1,12.500000,35.507937,0.039560,-1,-930,-2044
1754829526911,0x064,6,01 FF FF C5 E8 04,1,12.500000,35.507937,0.039560,-1,-930,-2044
1754829526915,0x064,6,01 FF FF C5 E8 04,1,12.500000,35.507937,0.039560,-1,-930,-2044
1754829526922,0x064,6,01 FF FF C7 98 3D,1,12.500000,36.365079,0.540659,-1,-903,-1987
1754829526929,0x064,6,01 FF FF C7 98 3D,1,12.500000,36.365079,0.540659,-1,-903,-1987
1754829526935,0x064,6,01 FF FF C7 98 3D,1,12.500000,36.365079,0.540659,-1,-903,-1987
1754829526950,0x064,6,01 FF FF C7 98 3D,1,12.500000,36.365079,0.540659,-1,-903,-1987
1754829526950,0x064,6,01 FF FF C7 98 3D,1,12.500000,36.365079,0.540659,-1,-903,-1987
1754829526951,0x064,6,01 FF FF C7 98 3D,1,12.500000,36.365079,0.540659,-1,-903,-1987
1754829526957,0x064,6,01 FF FF C7 98 3D,1,12.500000,36.365079,0.540659,-1,-903,-1987
1754829526962,0x064,6,01 FF FF C7 98 3D,1,12.500000,36.365079,0.540659,-1,-903,-1987
1754829526968,0x064,6,01 FF FF C7 98 3D,1,12.500000,36.365079,0.540659,-1,-903,-1987
1754829526973,0x064,6,01 FF FF C7 98 3D,1,12.500000,36.365079,0.540659,-1,-903,-1987
1754829526988,0x064,6,01 FF FF C7 98 3D,1,12.500000,36.365079,0.540659,-1,-903,-1987
1754829527010,0x064,6,01 FF FF C7 98 3D,1,12.500000,36.365079,0.540659,-1,-903,-1987
1754829527037,0x064,6,01 FF FF C7 98 3D,1,12.500000,36.365079,0.540659,-1,-903,-1987
1754829527038,0x064,6,01 FF FF C7 98 3D,1,12.500000,36.365079,0.540659,-1,-903,-1987
1754829527044,0x064,6,01 FF FF C7 98 3D,1,12.500000,36.365079,0.540659,-1,-903,-1987
1754829527048,0x064,6,01 FF FF C6 D7 C3,1,12.500000,35.984127,-0.531868,-1,-915,1987
1754829527052,0x064,6,01 FF FF C6 D7 C3,1,12.500000,35.984127,-0.531868,-1,-915,1987
1754829527058,0x064,6,01 FF FF C6 D7 C3,1,12.500000,35.984127,-0.531868,-1,-915,1987
1754829527065,0x064,6,01 FF FF C6 D7 C3,1,12.500000,35.984127,-0.531868,-1,-915,1987
1754829527069,0x064,6,01 FF FF C6 D7 C3,1,12.500000,35.984127,-0.531868,-1,-915,1987
1754829527069,0x064,6,01 FF FF C6 D7 C3,1,12.500000,35.984127,-0.531868,-1,-915,1987
1754829527070,0x064,6,01 FF FF C6 D7 C3,1,12.500000,35.984127,-0.531868,-1,-915,1987
1754829527072,0x064,6,01 FF FF C6 D7 C3,1,12.500000,35.984127,-0.531868,-1,-915,1987
1754829527078,0x064,6,01 FF FF C6 D7 C3,1,12.500000,35.984127,-0.531868,-1,-915,1987
1754829527083,0x064,6,01 FF FF C6 D7 C3,1,12.500000,35.984127,-0.531868,-1,-915,1987
1754829527088,0x064,6,01 FF FF C6 D7 C3,1,12.500000,35.984127,-0.531868,-1,-915,1987
1754829527095,0x064,6,01 FF FF C6 D7 C3,1,12.500000,35.984127,-0.531868,-1,-915,1987
1754829527100,0x064,6,01 FF FF C6 D7 C3,1,12.500000,35.984127,-0.531868,-1,-915,1987
1754829527105,0x064,6,01 FF FF C6 D7 C3,1,12.500000,35.984127,-0.531868,-1,-915,1987
1754829527112,0x064,6,01 FF FF C6 D7 C3,1,12.500000,35.984127,-0.531868,-1,-915,1987
1754829527117,0x064,6,01 FF FF C8 C7 D4,1,12.500000,36.968254,-0.382418,-1,-884,2004
1754829527122,0x064,6,01 FF FF C8 C7 D4,1,12.500000,36.968254,-0.382418,-1,-884,2004
1754829527127,0x064,6,01 FF FF C8 C7 D4,1,12.500000,36.968254,-0.382418,-1,-884,2004
1754829527132,0x064,6,01 FF FF C8 C7 D4,1,12.500000,36.968254,-0.382418,-1,-884,2004
1754829527138,0x064,6,01 FF FF C8 C7 D4,1,12.500000,36.968254,-0.382418,-1,-884,2004
1754829527144,0x064,6,01 FF FF C8 C7 D4,1,12.500000,36.968254,-0.382418,-1,-884,2004
1754829527158,0x064,6,01 FF FF C8 C7 D4,1,12.500000,36.968254,-0.382418,-1,-884,2004
1754829527168,0x064,6,01 FF FF C8 C7 D4,1,12.500000,36.968254,-0.382418,-1,-884,2004
1754829527168,0x064,6,01 FF FF C8 C7 D4,1,12.500000,36.968254,-0.382418,-1,-884,2004
1754829527182,0x064,6,01 FF FF C8 C7 D4,1,12.500000,36.968254,-0.382418,-1,-884,2004
1754829527182,0x064,6,01 FF FF C8 C7 D4,1,12.500000,36.968254,-0.382418,-1,-884,2004
1754829527190,0x064,6,01 FF FF C8 C7 D4,1,12.500000,36.968254,-0.382418,-1,-884,2004
1754829527194,0x064,6,01 FF FF C8 C7 D4,1,12.500000,36.968254,-0.382418,-1,-884,2004
1754829527196,0x064,6,01 FF FF C8 C7 D4,1,12.500000,36.968254,-0.382418,-1,-884,2004
1754829527201,0x064,6,01 FF FF C8 C7 D4,1,12.500000,36.968254,-0.382418,-1,-884,2004
1754829527208,0x064,6,01 FF FF C8 C7 D4,1,12.500000,36.968254,-0.382418,-1,-884,2004
1754829527213,0x064,6,01 FF FF C8 C7 D4,1,12.500000,36.968254,-0.382418,-1,-884,2004
1754829527219,0x064,6,01 FF FF C8 87 A7,1,12.500000,36.841270,-0.778022,-1,-888,1959
1754829527224,0x064,6,01 FF FF C8 87 A7,1,12.500000,36.841270,-0.778022,-1,-888,1959
1754829527229,0x064,6,01 FF FF C8 87 A7,1,12.500000,36.841270,-0.778022,-1,-888,1959
1754829527239,0x064,6,01 FF FF C8 87 A7,1,12.500000,36.841270,-0.778022,-1,-888,1959
1754829527245,0x064,6,01 FF FF C8 87 A7,1,12.500000,36.841270,-0.778022,-1,-888,1959
1754829527253,0x064,6,01 FF FF C8 87 A7,1,12.500000,36.841270,-0.778022,-1,-888,1959
1754829527257,0x064,6,01 FF FF C8 87 A7,1,12.500000,36.841270,-0.778022,-1,-888,1959
1754829527262,0x064,6,01 FF FF C8 87 A7,1,12.500000,36.841270,-0.778022,-1,-888,1959
1754829527267,0x064,6,01 FF FF C8 87 A7,1,12.500000,36.841270,-0.778022,-1,-888,1959
1754829527273,0x064,6,01 FF FF C8 87 A7,1,12.500000,36.841270,-0.778022,-1,-888,1959
1754829527279,0x064,6,01 FF FF C8 87 A7,1,12.500000,36.841270,-0.778022,-1,-888,1959
1754829527284,0x064,6,01 FF FF C8 87 A7,1,12.500000,36.841270,-0.778022,-1,-888,1959
1754829527290,0x064,6,01 FF FF C8 87 A7,1,12.500000,36.841270,-0.778022,-1,-888,1959
1754829527295,0x064,6,01 FF FF C8 87 A7,1,12.500000,36.841270,-0.778022,-1,-888,1959
1754829527301,0x064,6,01 FF FF C8 87 A7,1,12.500000,36.841270,-0.778022,-1,-888,1959
1754829527313,0x064,6,01 FF FF C8 87 A7,1,12.500000,36.841270,-0.778022,-1,-888,1959
1754829527322,0x064,6,01 FF FF C8 87 A7,1,12.500000,36.841270,-0.778022,-1,-888,1959
1754829527336,0x064,6,01 FF FF C7 78 C0,1,12.500000,36.301587,1.692308,-1,-905,-1856
1754829527342,0x064,6,01 FF FF C7 78 C0,1,12.500000,36.301587,1.692308,-1,-905,-1856
1754829527350,0x064,6,01 FF FF C7 78 C0,1,12.500000,36.301587,1.692308,-1,-905,-1856
1754829527362,0x064,6,01 FF FF C7 78 C0,1,12.500000,36.301587,1.692308,-1,-905,-1856
1754829527365,0x064,6,01 FF FF C7 78 C0,1,12.500000,36.301587,1.692308,-1,-905,-1856
1754829527367,0x064,6,01 FF FF C7 78 C0,1,12.500000,36.301587,1.692308,-1,-905,-1856
1754829527380,0x064,6,01 FF FF C7 78 C0,1,12.500000,36.301587,1.692308,-1,-905,-1856
1754829527384,0x064,6,01 FF FF C7 78 C0,1,12.500000,36.301587,1.692308,-1,-905,-1856
1754829527401,0x064,6,01 FF FF C7 78 C0,1,12.500000,36.301587,1.692308,-1,-905,-1856
1754829527406,0x064,6,01 FF FF C7 78 C0,1,12.500000,36.301587,1.692308,-1,-905,-1856
1754829527406,0x064,6,01 FF FF C7 78 C0,1,12.500000,36.301587,1.692308,-1,-905,-1856
1754829527408,0x064,6,01 FF FF C7 78 C0,1,12.500000,36.301587,1.692308,-1,-905,-1856
1754829527417,0x064,6,01 FF FF C7 78 C0,1,12.500000,36.301587,1.692308,-1,-905,-1856
1754829527421,0x064,6,01 FF FF C8 B8 1B,1,12.500000,36.936508,0.241758,-1,-885,-2021
1754829527427,0x064,6,01 FF FF C8 B8 1B,1,12.500000,36.936508,0.241758,-1,-885,-2021
1754829527447,0x064,6,01 FF FF C8 B8 1B,1,12.500000,36.936508,0.241758,-1,-885,-2021
1754829527454,0x064,6,01 FF FF C8 B8 1B,1,12.500000,36.936508,0.241758,-1,-885,-2021
1754829527470,0x064,6,01 FF FF C8 B8 1B,1,12.500000,36.936508,0.241758,-1,-885,-2021
1754829527475,0x064,6,01 FF FF C8 B8 1B,1,12.500000,36.936508,0.241758,-1,-885,-2021
1754829527479,0x064,6,01 FF FF C8 B8 1B,1,12.500000,36.936508,0.241758,-1,-885,-2021
1754829527479,0x064,6,01 FF FF C8 B8 1B,1,12.500000,36.936508,0.241758,-1,-885,-2021
1754829527481,0x064,6,01 FF FF C8 B8 1B,1,12.500000,36.936508,0.241758,-1,-885,-2021
1754829527487,0x064,6,01 FF FF C8 B8 1B,1,12.500000,36.936508,0.241758,-1,-885,-2021
1754829527497,0x064,6,01 FF FF C8 B8 1B,1,12.500000,36.936508,0.241758,-1,-885,-2021
1754829527500,0x064,6,01 FF FF C8 B8 1B,1,12.500000,36.936508,0.241758,-1,-885,-2021
1754829527503,0x064,6,01 FF FF C8 B8 1B,1,12.500000,36.936508,0.241758,-1,-885,-2021
1754829527509,0x064,6,01 FF FF C8 B8 1B,1,12.500000,36.936508,0.241758,-1,-885,-2021
1754829527514,0x064,6,01 FF FF C8 B8 1B,1,12.500000,36.936508,0.241758,-1,-885,-2021
1754829527520,0x064,6,01 FF FF C7 C8 0D,1,12.500000,36.460317,0.118681,-1,-900,-2035
1754829527527,0x064,6,01 FF FF C7 C8 0D,1,12.500000,36.460317,0.118681,-1,-900,-2035
1754829527538,0x064,6,01 FF FF C7 C8 0D,1,12.500000,36.460317,0.118681,-1,-900,-2035
1754829527551,0x064,6,01 FF FF C7 C8 0D,1,12.500000,36.460317,0.118681,-1,-900,-2035
1754829527551,0x064,6,01 FF FF C7 C8 0D,1,12.500000,36.460317,0.118681,-1,-900,-2035
1754829527553,0x064,6,01 FF FF C7 C8 0D,1,12.500000,36.460317,0.118681,-1,-900,-2035
1754829527562,0x064,6,01 FF FF C7 C8 0D,1,12.500000,36.460317,0.118681,-1,-900,-2035
1754829527563,0x064,6,01 FF FF C7 C8 0D,1,12.500000,36.460317,0.118681,-1,-900,-2035
1754829527568,0x064,6,01 FF FF C7 C8 0D,1,12.500000,36.460317,0.118681,-1,-900,-2035
1754829527574,0x064,6,01 FF FF C7 C8 0D,1,12.500000,36.460317,0.118681,-1,-900,-2035
1754829527580,0x064,6,01 FF FF C7 C8 0D,1,12.500000,36.460317,0.118681,-1,-900,-2035
1754829527586,0x064,6,01 FF FF C7 C8 0D,1,12.500000,36.460317,0.118681,-1,-900,-2035
1754829527591,0x064,6,01 FF FF C7 C8 0D,1,12.500000,36.460317,0.118681,-1,-900,-2035
1754829527598,0x064,6,01 FF FF C7 C8 0D,1,12.500000,36.460317,0.118681,-1,-900,-2035
1754829527608,0x064,6,01 FF FF C7 C8 0D,1,12.500000,36.460317,0.118681,-1,-900,-2035
1754829527610,0x064,6,01 FF FF C7 C8 0D,1,12.500000,36.460317,0.118681,-1,-900,-2035
1754829527626,0x064,6,01 FF FF C7 C8 0D,1,12.500000,36.460317,0.118681,-1,-900,-2035
1754829527639,0x064,6,01 FF FF C8 E7 B6,1,12.500000,37.031746,-0.646154,-1,-882,1974
1754829527648,0x064,6,01 FF FF C8 E7 B6,1,12.500000,37.031746,-0.646154,-1,-882,1974
1754829527653,0x064,6,01 FF FF C8 E7 B6,1,12.500000,37.031746,-0.646154,-1,-882,1974
1754829527661,0x064,6,01 FF FF C8 E7 B6,1,12.500000,37.031746,-0.646154,-1,-882,1974
1754829527670,0x064,6,01 FF FF C8 E7 B6,1,12.500000,37.031746,-0.646154,-1,-882,1974
1754829527678,0x064,6,01 FF FF C8 E7 B6,1,12.500000,37.031746,-0.646154,-1,-882,1974
1754829527678,0x064,6,01 FF FF C8 E7 B6,1,12.500000,37.031746,-0.646154,-1,-882,1974
1754829527682,0x064,6,01 FF FF C8 E7 B6,1,12.500000,37.031746,-0.646154,-1,-882,1974
1754829527695,0x064,6,01 FF FF C8 E7 B6,1,12.500000,37.031746,-0.646154,-1,-882,1974
1754829527701,0x064,6,01 FF FF C8 E7 B6,1,12.500000,37.031746,-0.646154,-1,-882,1974
1754829527709,0x064,6,01 FF FF C8 E7 B6,1,12.500000,37.031746,-0.646154,-1,-882,1974
1754829527711,0x064,6,01 FF FF C8 E7 B6,1,12.500000,37.031746,-0.646154,-1,-882,1974
1754829527716,0x064,6,01 FF FF C8 E7 B6,1,12.500000,37.031746,-0.646154,-1,-882,1974
1754829527720,0x064,6,01 FF FF C9 08 C3,1,12.500000,37.095238,1.718681,-1,-880,-1853
1754829527726,0x064,6,01 FF FF C9 08 C3,1,12.500000,37.095238,1.718681,-1,-880,-1853
1754829527732,0x064,6,01 FF FF C9 08 C3,1,12.500000,37.095238,1.718681,-1,-880,-1853
1754829527737,0x064,6,01 FF FF C9 08 C3,1,12.500000,37.095238,1.718681,-1,-880,-1853
1754829527742,0x064,6,01 FF FF C9 08 C3,1,12.500000,37.095238,1.718681,-1,-880,-1853
1754829527751,0x064,6,01 FF FF C9 08 C3,1,12.500000,37.095238,1.718681,-1,-880,-1853
1754829527754,0x064,6,01 FF FF C9 08 C3,1,12.500000,37.095238,1.718681,-1,-880,-1853
1754829527761,0x064,6,01 FF FF C9 08 C3,1,12.500000,37.095238,1.718681,-1,-880,-1853
1754829527764,0x064,6,01 FF FF C9 08 C3,1,12.500000,37.095238,1.718681,-1,-880,-1853
1754829527770,0x064,6,01 FF FF C9 08 C3,1,12.500000,37.095238,1.718681,-1,-880,-1853
1754829527776,0x064,6,01 FF FF C9 08 C3,1,12.500000,37.095238,1.718681,-1,-880,-1853
1754829527785,0x064,6,01 FF FF C9 08 C3,1,12.500000,37.095238,1.718681,-1,-880,-1853
1754829527786,0x064,6,01 FF FF C9 08 C3,1,12.500000,37.095238,1.718681,-1,-880,-1853
1754829527792,0x064,6,01 FF FF C9 08 C3,1,12.500000,37.095238,1.718681,-1,-880,-1853
1754829527798,0x064,6,01 FF FF C9 08 C3,1,12.500000,37.095238,1.718681,-1,-880,-1853
1754829527803,0x064,6,01 FF FF C9 08 C3,1,12.500000,37.095238,1.718681,-1,-880,-1853
1754829527809,0x064,6,01 FF FF C9 08 C3,1,12.500000,37.095238,1.718681,-1,-880,-1853
1754829527814,0x064,6,01 FF FF C9 08 C3,1,12.500000,37.095238,1.718681,-1,-880,-1853
1754829527829,0x064,6,01 FF FF C9 98 0D,1,12.500000,37.380952,0.118681,-1,-871,-2035
1754829527855,0x064,6,01 FF FF C9 98 0D,1,12.500000,37.380952,0.118681,-1,-871,-2035
1754829527864,0x064,6,01 FF FF C9 98 0D,1,12.500000,37.380952,0.118681,-1,-871,-2035
1754829527868,0x064,6,01 FF FF C9 98 0D,1,12.500000,37.380952,0.118681,-1,-871,-2035
1754829527870,0x064,6,01 FF FF C9 98 0D,1,12.500000,37.380952,0.118681,-1,-871,-2035
1754829527881,0x064,6,01 FF FF C9 98 0D,1,12.500000,37.380952,0.118681,-1,-871,-2035
1754829527887,0x064,6,01 FF FF C9 98 0D,1,12.500000,37.380952,0.118681,-1,-871,-2035
1754829527892,0x064,6,01 FF FF C9 98 0D,1,12.500000,37.380952,0.118681,-1,-871,-2035
1754829527895,0x064,6,01 FF FF C9 98 0D,1,12.500000,37.380952,0.118681,-1,-871,-2035
1754829527901,0x064,6,01 FF FF C9 98 0D,1,12.500000,37.380952,0.118681,-1,-871,-2035
1754829527906,0x064,6,01 FF FF C9 98 0D,1,12.500000,37.380952,0.118681,-1,-871,-2035
1754829527915,0x064,6,01 FF FF C9 98 0D,1,12.500000,37.380952,0.118681,-1,-871,-2035
1754829527926,0x064,6,01 FF FF C7 38 07,1,12.500000,36.174603,0.065934,-1,-909,-2041
1754829527933,0x064,6,01 FF FF C7 38 07,1,12.500000,36.174603,0.065934,-1,-909,-2041
1754829527943,0x064,6,01 FF FF C7 38 07,1,12.500000,36.174603,0.065934,-1,-909,-2041
1754829527949,0x064,6,01 FF FF C7 38 07,1,12.500000,36.174603,0.065934,-1,-909,-2041
1754829527953,0x064,6,01 FF FF C7 38 07,1,12.500000,36.174603,0.065934,-1,-909,-2041
1754829527960,0x064,6,01 FF FF C7 38 07,1,12.500000,36.174603,0.065934,-1,-909,-2041
1754829527965,0x064,6,01 FF FF C7 38 07,1,12.500000,36.174603,0.065934,-1,-909,-2041
1754829527971,0x064,6,01 FF FF C7 38 07,1,12.500000,36.174603,0.065934,-1,-909,-2041
1754829527976,0x064,6,01 FF FF C7 38 07,1,12.500000,36.174603,0.065934,-1,-909,-2041
1754829528000,0x064,6,01 FF FF C7 38 07,1,12.500000,36.174603,0.065934,-1,-909,-2041
1754829528019,0x064,6,01 FF FF C7 38 07,1,12.500000,36.174603,0.065934,-1,-909,-2041
1754829528034,0x064,6,01 FF FF C9 77 DB,1,12.500000,37.317460,-0.320879,-1,-873,2011
1754829528044,0x064,6,01 FF FF C9 77 DB,1,12.500000,37.317460,-0.320879,-1,-873,2011
1754829528053,0x064,6,01 FF FF C9 77 DB,1,12.500000,37.317460,-0.320879,-1,-873,2011
1754829528062,0x064,6,01 FF FF C9 77 DB,1,12.500000,37.317460,-0.320879,-1,-873,2011
1754829528067,0x064,6,01 FF FF C9 77 DB,1,12.500000,37.317460,-0.320879,-1,-873,2011
1754829528067,0x064,6,01 FF FF C9 77 DB,1,12.500000,37.317460,-0.320879,-1,-873,2011
1754829528069,0x064,6,01 FF FF C9 77 DB,1,12.500000,37.317460,-0.320879,-1,-873,2011
1754829528074,0x064,6,01 FF FF C9 77 DB,1,12.500000,37.317460,-0.320879,-1,-873,2011
1754829528080,0x064,6,01 FF FF C9 77 DB,1,12.500000,37.317460,-0.320879,-1,-873,2011
1754829528094,0x064,6,01 FF FF C9 77 DB,1,12.500000,37.317460,-0.320879,-1,-873,2011
1754829528114,0x064,6,01 FF FF C9 77 DB,1,12.500000,37.317460,-0.320879,-1,-873,2011
1754829528114,0x064,6,01 FF FF C9 77 DB,1,12.500000,37.317460,-0.320879,-1,-873,2011
1754829528115,0x064,6,01 FF FF C9 77 DB,1,12.500000,37.317460,-0.320879,-1,-873,2011
1754829528117,0x064,6,01 FF FF C9 77 DB,1,12.500000,37.317460,-0.320879,-1,-873,2011
1754829528124,0x064,6,01 FF FF C9 28 36,1,12.500000,37.158730,0.479121,-1,-878,-1994
1754829528129,0x064,6,01 FF FF C9 28 36,1,12.500000,37.158730,0.479121,-1,-878,-1994
1754829528134,0x064,6,01 FF FF C9 28 36,1,12.500000,37.158730,0.479121,-1,-878,-1994
1754829528141,0x064,6,01 FF FF C9 28 36,1,12.500000,37.158730,0.479121,-1,-878,-1994
1754829528149,0x064,6,01 FF FF C9 28 36,1,12.500000,37.158730,0.479121,-1,-878,-1994
1754829528159,0x064,6,01 FF FF C9 28 36,1,12.500000,37.158730,0.479121,-1,-878,-1994
1754829528171,0x064,6,01 FF FF C9 28 36,1,12.500000,37.158730,0.479121,-1,-878,-1994
1754829528171,0x064,6,01 FF FF C9 28 36,1,12.500000,37.158730,0.479121,-1,-878,-1994
1754829528174,0x064,6,01 FF FF C9 28 36,1,12.500000,37.158730,0.479121,-1,-878,-1994
1754829528180,0x064,6,01 FF FF C9 28 36,1,12.500000,37.158730,0.479121,-1,-878,-1994
1754829528184,0x064,6,01 FF FF C9 28 36,1,12.500000,37.158730,0.479121,-1,-878,-1994
1754829528190,0x064,6,01 FF FF C9 28 36,1,12.500000,37.158730,0.479121,-1,-878,-1994
1754829528200,0x064,6,01 FF FF C9 28 36,1,12.500000,37.158730,0.479121,-1,-878,-1994
1754829528206,0x064,6,01 FF FF C9 28 36,1,12.500000,37.158730,0.479121,-1,-878,-1994
1754829528212,0x064,6,01 FF FF C9 28 36,1,12.500000,37.158730,0.479121,-1,-878,-1994
1754829528217,0x064,6,01 FF FF C9 28 36,1,12.500000,37.158730,0.479121,-1,-878,-1994
1754829528220,0x064,6,01 FF FF C5 08 0E,1,12.500000,35.063492,0.127473,-1,-944,-2034
1754829528225,0x064,6,01 FF FF C5 08 0E,1,12.500000,35.063492,0.127473,-1,-944,-2034
1754829528231,0x064,6,01 FF FF C5 08 0E,1,12.500000,35.063492,0.127473,-1,-944,-2034
1754829528237,0x064,6,01 FF FF C5 08 0E,1,12.500000,35.063492,0.127473,-1,-944,-2034
1754829528242,0x064,6,01 FF FF C5 08 0E,1,12.500000,35.063492,0.127473,-1,-944,-2034
1754829528253,0x064,6,01 FF FF C5 08 0E,1,12.500000,35.063492,0.127473,-1,-944,-2034
1754829528264,0x064,6,01 FF FF C5 08 0E,1,12.500000,35.063492,0.127473,-1,-944,-2034
1754829528279,0x064,6,01 FF FF C5 08 0E,1,12.500000,35.063492,0.127473,-1,-944,-2034
1754829528280,0x064,6,01 FF FF C5 08 0E,1,12.500000,35.063492,0.127473,-1,-944,-2034
1754829528282,0x064,6,01 FF FF C5 08 0E,1,12.500000,35.063492,0.127473,-1,-944,-2034
1754829528294,0x064,6,01 FF FF C5 08 0E,1,12.500000,35.063492,0.127473,-1,-944,-2034
1754829528297,0x064,6,01 FF FF C5 08 0E,1,12.500000,35.063492,0.127473,-1,-944,-2034
1754829528301,0x064,6,01 FF FF C5 08 0E,1,12.500000,35.063492,0.127473,-1,-944,-2034
1754829528306,0x064,6,01 FF FF C5 08 0E,1,12.500000,35.063492,0.127473,-1,-944,-2034
1754829528313,0x064,6,01 FF FF C5 08 0E,1,12.500000,35.063492,0.127473,-1,-944,-2034
1754829528317,0x064,6,01 FF FF C7 18 74,1,12.500000,36.111111,1.024176,-1,-911,-1932
1754829528324,0x064,6,01 FF FF C7 18 74,1,12.500000,36.111111,1.024176,-1,-911,-1932
1754829528330,0x064,6,01 FF FF C7 18 74,1,12.500000,36.111111,1.024176,-1,-911,-1932
1754829528336,0x064,6,01 FF FF C7 18 74,1,12.500000,36.111111,1.024176,-1,-911,-1932
1754829528346,0x064,6,01 FF FF C7 18 74,1,12.500000,36.111111,1.024176,-1,-911,-1932
1754829528346,0x064,6,01 FF FF C7 18 74,1,12.500000,36.111111,1.024176,-1,-911,-1932
1754829528352,0x064,6,01 FF FF C7 18 74,1,12.500000,36.111111,1.024176,-1,-911,-1932
1754829528357,0x064,6,01 FF FF C7 18 74,1,12.500000,36.111111,1.024176,-1,-911,-1932
1754829528362,0x064,6,01 FF FF C7 18 74,1,12.500000,36.111111,1.024176,-1,-911,-1932
1754829528368,0x064,6,01 FF FF C7 18 74,1,12.500000,36.111111,1.024176,-1,-911,-1932
1754829528373,0x064,6,01 FF FF C7 18 74,1,12.500000,36.111111,1.024176,-1,-911,-1932
1754829528379,0x064,6,01 FF FF C7 18 74,1,12.500000,36.111111,1.024176,-1,-911,-1932
1754829528385,0x064,6,01 FF FF C7 18 74,1,12.500000,36.111111,1.024176,-1,-911,-1932
1754829528394,0x064,6,01 FF FF C7 18 74,1,12.500000,36.111111,1.024176,-1,-911,-1932
1754829528399,0x064,6,01 FF FF C7 18 74,1,12.500000,36.111111,1.024176,-1,-911,-1932
1754829528401,0x064,6,01 FF FF C7 18 74,1,12.500000,36.111111,1.024176,-1,-911,-1932
1754829528406,0x064,6,01 FF FF C7 18 74,1,12.500000,36.111111,1.024176,-1,-911,-1932
1754829528411,0x064,6,01 FF FF C7 18 74,1,12.500000,36.111111,1.024176,-1,-911,-1932
1754829942101,0x064,6,01 FF FF 80 07 D7,1,12.500000,0.015873,-0.356044,-1,-2048,2007
1754829942101,0x064,6,01 FF FF 80 07 D7,1,12.500000,0.015873,-0.356044,-1,-2048,2007
1754829942102,0x064,6,01 FF FF 80 07 ED,1,12.500000,0.015873,-0.162637,-1,-2048,2029
1754829942108,0x064,6,01 FF FF 80 07 ED,1,12.500000,0.015873,-0.162637,-1,-2048,2029
1754829942114,0x064,6,01 FF FF 80 07 ED,1,12.500000,0.015873,-0.162637,-1,-2048,2029
1754829942127,0x064,6,01 FF FF 80 07 ED,1,12.500000,0.015873,-0.162637,-1,-2048,2029
1754829942128,0x064,6,01 FF FF 80 07 ED,1,12.500000,0.015873,-0.162637,-1,-2048,2029
1754829942134,0x064,6,01 FF FF 80 07 ED,1,12.500000,0.015873,-0.162637,-1,-2048,2029
1754829942140,0x064,6,01 FF FF 80 07 ED,1,12.500000,0.015873,-0.162637,-1,-2048,2029
1754829942145,0x064,6,01 FF FF 80 07 ED,1,12.500000,0.015873,-0.162637,-1,-2048,2029
1754829942150,0x064,6,01 FF FF 80 07 ED,1,12.500000,0.015873,-0.162637,-1,-2048,2029
1754829942156,0x064,6,01 FF FF 80 07 ED,1,12.500000,0.015873,-0.162637,-1,-2048,2029
1754829942162,0x064,6,01 FF FF 80 07 ED,1,12.500000,0.015873,-0.162637,-1,-2048,2029
1754829942167,0x064,6,01 FF FF 80 07 ED,1,12.500000,0.015873,-0.162637,-1,-2048,2029
1754829942172,0x064,6,01 FF FF 80 07 ED,1,12.500000,0.015873,-0.162637,-1,-2048,2029
1754829942178,0x064,6,01 FF FF 80 07 C9,1,12.500000,0.015873,-0.479121,-1,-2048,1993
1754829942189,0x064,6,01 FF FF 80 07 C9,1,12.500000,0.015873,-0.479121,-1,-2048,1993
1754829942194,0x064,6,01 FF FF 80 07 C9,1,12.500000,0.015873,-0.479121,-1,-2048,1993
1754829942195,0x064,6,01 FF FF 80 07 C9,1,12.500000,0.015873,-0.479121,-1,-2048,1993
1754829942201,0x064,6,01 FF FF 80 07 C9,1,12.500000,0.015873,-0.479121,-1,-2048,1993
1754829942212,0x064,6,01 FF FF 80 07 C9,1,12.500000,0.015873,-0.479121,-1,-2048,1993
1754829942218,0x064,6,01 FF FF 80 07 C9,1,12.500000,0.015873,-0.479121,-1,-2048,1993
1754829942223,0x064,6,01 FF FF 80 07 C9,1,12.500000,0.015873,-0.479121,-1,-2048,1993
1754829942227,0x064,6,01 FF FF 80 07 C9,1,12.500000,0.015873,-0.479121,-1,-2048,1993
1754829942233,0x064,6,01 FF FF 80 07 C9,1,12.500000,0.015873,-0.479121,-1,-2048,1993
1754829942238,0x064,6,01 FF FF 80 07 C9,1,12.500000,0.015873,-0.479121,-1,-2048,1993
1754829942244,0x064,6,01 FF FF 80 07 C9,1,12.500000,0.015873,-0.479121,-1,-2048,1993
1754829942249,0x064,6,01 FF FF 80 07 C9,1,12.500000,0.015873,-0.479121,-1,-2048,1993
1754829942254,0x064,6,01 FF FF 80 07 C9,1,12.500000,0.015873,-0.479121,-1,-2048,1993
1754829942262,0x064,6,01 FF FF 80 07 C9,1,12.500000,0.015873,-0.479121,-1,-2048,1993
1754829942265,0x064,6,01 FF FF 80 07 C9,1,12.500000,0.015873,-0.479121,-1,-2048,1993
1754829942271,0x064,6,01 FF FF 80 07 C9,1,12.500000,0.015873,-0.479121,-1,-2048,1993
1754829942279,0x064,6,01 FF FF 80 08 38,1,12.500000,0.015873,0.496703,-1,-2048,-1992
1754829942291,0x064,6,01 FF FF 80 08 38,1,12.500000,0.015873,0.496703,-1,-2048,-1992
1754829942302,0x064,6,01 FF FF 80 08 38,1,12.500000,0.015873,0.496703,-1,-2048,-1992
1754829942303,0x064,6,01 FF FF 80 08 38,1,12.500000,0.015873,0.496703,-1,-2048,-1992
1754829942313,0x064,6,01 FF FF 80 08 38,1,12.500000,0.015873,0.496703,-1,-2048,-1992
1754829942323,0x064,6,01 FF FF 80 08 38,1,12.500000,0.015873,0.496703,-1,-2048,-1992
1754829942330,0x064,6,01 FF FF 80 08 38,1,12.500000,0.015873,0.496703,-1,-2048,-1992
1754829942334,0x064,6,01 FF FF 80 08 38,1,12.500000,0.015873,0.496703,-1,-2048,-1992
1754829942339,0x064,6,01 FF FF 80 08 38,1,12.500000,0.015873,0.496703,-1,-2048,-1992
1754829942346,0x064,6,01 FF FF 80 08 38,1,12.500000,0.015873,0.496703,-1,-2048,-1992
1754829942356,0x064,6,01 FF FF 80 08 38,1,12.500000,0.015873,0.496703,-1,-2048,-1992
1754829942368,0x064,6,01 FF FF 80 08 38,1,12.500000,0.015873,0.496703,-1,-2048,-1992
1754829942372,0x064,6,01 FF FF 80 08 38,1,12.500000,0.015873,0.496703,-1,-2048,-1992
1754829942378,0x064,6,01 FF FF 80 07 CC,1,12.500000,0.015873,-0.452747,-1,-2048,1996
1754829942383,0x064,6,01 FF FF 80 07 CC,1,12.500000,0.015873,-0.452747,-1,-2048,1996
1754829942388,0x064,6,01 FF FF 80 07 CC,1,12.500000,0.015873,-0.452747,-1,-2048,1996
1754829942394,0x064,6,01 FF FF 80 07 CC,1,12.500000,0.015873,-0.452747,-1,-2048,1996
1754829942406,0x064,6,01 FF FF 80 07 CC,1,12.500000,0.015873,-0.452747,-1,-2048,1996
1754829942418,0x064,6,01 FF FF 80 07 CC,1,12.500000,0.015873,-0.452747,-1,-2048,1996
1754829942418,0x064,6,01 FF FF 80 07 CC,1,12.500000,0.015873,-0.452747,-1,-2048,1996
1754829942420,0x064,6,01 FF FF 80 07 CC,1,12.500000,0.015873,-0.452747,-1,-2048,1996
1754829942426,0x064,6,01 FF FF 80 07 CC,1,12.500000,0.015873,-0.452747,-1,-2048,1996
1754829942431,0x064,6,01 FF FF 80 07 CC,1,12.500000,0.015873,-0.452747,-1,-2048,1996
1754829942436,0x064,6,01 FF FF 80 07 CC,1,12.500000,0.015873,-0.452747,-1,-2048,1996
1754829942446,0x064,6,01 FF FF 80 07 CC,1,12.500000,0.015873,-0.452747,-1,-2048,1996
1754829942447,0x064,6,01 FF FF 80 07 CC,1,12.500000,0.015873,-0.452747,-1,-2048,1996
1754829942457,0x064,6,01 FF FF 80 07 CC,1,12.500000,0.015873,-0.452747,-1,-2048,1996
1754829942462,0x064,6,01 FF FF 80 07 CC,1,12.500000,0.015873,-0.452747,-1,-2048,1996
1754829942465,0x064,6,01 FF FF 80 07 CC,1,12.500000,0.015873,-0.452747,-1,-2048,1996
1754829942472,0x064,6,01 FF FF 80 07 CC,1,12.500000,0.015873,-0.452747,-1,-2048,1996
1754829942475,0x064,6,01 FF FF 80 07 BE,1,12.500000,0.015873,-0.575824,-1,-2048,1982
1754829942482,0x064,6,01 FF FF 80 07 BE,1,12.500000,0.015873,-0.575824,-1,-2048,1982
1754829942493,0x064,6,01 FF FF 80 07 BE,1,12.500000,0.015873,-0.575824,-1,-2048,1982
1754829942497,0x064,6,01 FF FF 80 07 BE,1,12.500000,0.015873,-0.575824,-1,-2048,1982
1754829942499,0x064,6,01 FF FF 80 07 BE,1,12.500000,0.015873,-0.575824,-1,-2048,1982
1754829942505,0x064,6,01 FF FF 80 07 BE,1,12.500000,0.015873,-0.575824,-1,-2048,1982
1754829942510,0x064,6,01 FF FF 80 07 BE,1,12.500000,0.015873,-0.575824,-1,-2048,1982
1754829942515,0x064,6,01 FF FF 80 07 BE,1,12.500000,0.015873,-0.575824,-1,-2048,1982
1754829942521,0x064,6,01 FF FF 80 07 BE,1,12.500000,0.015873,-0.575824,-1,-2048,1982
1754829942527,0x064,6,01 FF FF 80 07 BE,1,12.500000,0.015873,-0.575824,-1,-2048,1982
1754829942532,0x064,6,01 FF FF 80 07 BE,1,12.500000,0.015873,-0.575824,-1,-2048,1982
1754829942537,0x064,6,01 FF FF 80 07 BE,1,12.500000,0.015873,-0.575824,-1,-2048,1982
1754829942542,0x064,6,01 FF FF 80 07 BE,1,12.500000,0.015873,-0.575824,-1,-2048,1982
1754829942551,0x064,6,01 FF FF 80 07 BE,1,12.500000,0.015873,-0.575824,-1,-2048,1982
1754829942552,0x064,6,01 FF FF 80 07 BE,1,12.500000,0.015873,-0.575824,-1,-2048,1982
1754829942557,0x064,6,01 FF FF 80 07 BE,1,12.500000,0.015873,-0.575824,-1,-2048,1982
1754829942571,0x064,6,01 FF FF 80 07 BE,1,12.500000,0.015873,-0.575824,-1,-2048,1982
1754829942575,0x064,6,01 FF FF 80 07 BE,1,12.500000,0.015873,-0.575824,-1,-2048,1982
1754829942583,0x064,6,01 FF FF 80 27 DB,1,12.500000,0.079365,-0.320879,-1,-2046,2011
1754829942594,0x064,6,01 FF FF 80 27 DB,1,12.500000,0.079365,-0.320879,-1,-2046,2011
1754829942599,0x064,6,01 FF FF 80 27 DB,1,12.500000,0.079365,-0.320879,-1,-2046,2011
1754829942607,0x064,6,01 FF FF 80 27 DB,1,12.500000,0.079365,-0.320879,-1,-2046,2011
1754829942614,0x064,6,01 FF FF 80 27 DB,1,12.500000,0.079365,-0.320879,-1,-2046,2011
1754829942615,0x064,6,01 FF FF 80 27 DB,1,12.500000,0.079365,-0.320879,-1,-2046,2011
1754829942619,0x064,6,01 FF FF 80 27 DB,1,12.500000,0.079365,-0.320879,-1,-2046,2011
1754829942629,0x064,6,01 FF FF 80 27 DB,1,12.500000,0.079365,-0.320879,-1,-2046,2011
1754829942633,0x064,6,01 FF FF 80 27 DB,1,12.500000,0.079365,-0.320879,-1,-2046,2011
1754829942637,0x064,6,01 FF FF 80 27 DB,1,12.500000,0.079365,-0.320879,-1,-2046,2011
1754829942642,0x064,6,01 FF FF 80 27 DB,1,12.500000,0.079365,-0.320879,-1,-2046,2011
1754829942648,0x064,6,01 FF FF 80 27 DB,1,12.500000,0.079365,-0.320879,-1,-2046,2011
1754829942653,0x064,6,01 FF FF 80 27 DB,1,12.500000,0.079365,-0.320879,-1,-2046,2011
1754829942658,0x064,6,01 FF FF 80 27 DB,1,12.500000,0.079365,-0.320879,-1,-2046,2011
1754829942663,0x064,6,01 FF FF 80 27 DB,1,12.500000,0.079365,-0.320879,-1,-2046,2011
1754829942674,0x064,6,01 FF FF 80 27 DB,1,12.500000,0.079365,-0.320879,-1,-2046,2011
1754829942675,0x064,6,01 FF FF 80 B8 29,1,12.500000,0.365079,0.364835,-1,-2037,-2007
1754829942681,0x064,6,01 FF FF 80 B8 29,1,12.500000,0.365079,0.364835,-1,-2037,-2007
1754829942693,0x064,6,01 FF FF 80 B8 29,1,12.500000,0.365079,0.364835,-1,-2037,-2007
1754829942696,0x064,6,01 FF FF 80 B8 29,1,12.500000,0.365079,0.364835,-1,-2037,-2007
1754829942701,0x064,6,01 FF FF 80 B8 29,1,12.500000,0.365079,0.364835,-1,-2037,-2007
1754829942708,0x064,6,01 FF FF 80 B8 29,1,12.500000,0.365079,0.364835,-1,-2037,-2007
1754829942713,0x064,6,01 FF FF 80 B8 29,1,12.500000,0.365079,0.364835,-1,-2037,-2007
1754829942719,0x064,6,01 FF FF 80 B8 29,1,12.500000,0.365079,0.364835,-1,-2037,-2007
1754829942729,0x064,6,01 FF FF 80 B8 29,1,12.500000,0.365079,0.364835,-1,-2037,-2007
1754829942731,0x064,6,01 FF FF 80 B8 29,1,12.500000,0.365079,0.364835,-1,-2037,-2007
1754829942740,0x064,6,01 FF FF 80 B8 29,1,12.500000,0.365079,0.364835,-1,-2037,-2007
1754829942742,0x064,6,01 FF FF 80 B8 29,1,12.500000,0.365079,0.364835,-1,-2037,-2007
1754829942747,0x064,6,01 FF FF 80 B8 29,1,12.500000,0.365079,0.364835,-1,-2037,-2007
1754829942752,0x064,6,01 FF FF 80 B8 29,1,12.500000,0.365079,0.364835,-1,-2037,-2007
1754829942757,0x064,6,01 FF FF 80 B8 29,1,12.500000,0.365079,0.364835,-1,-2037,-2007
1754829942763,0x064,6,01 FF FF 80 B8 29,1,12.500000,0.365079,0.364835,-1,-2037,-2007
1754829942770,0x064,6,01 FF FF 80 B8 29,1,12.500000,0.365079,0.364835,-1,-2037,-2007
1754829942779,0x064,6,01 FF FF 80 F8 0C,1,12.500000,0.492063,0.109890,-1,-2033,-2036
1754829942782,0x064,6,01 FF FF 80 F8 0C,1,12.500000,0.492063,0.109890,-1,-2033,-2036
1754829942786,0x064,6,01 FF FF 80 F8 0C,1,12.500000,0.492063,0.109890,-1,-2033,-2036
1754829942799,0x064,6,01 FF FF 80 F8 0C,1,12.500000,0.492063,0.109890,-1,-2033,-2036
1754829942801,0x064,6,01 FF FF 80 F8 0C,1,12.500000,0.492063,0.109890,-1,-2033,-2036
1754829942811,0x064,6,01 FF FF 80 F8 0C,1,12.500000,0.492063,0.109890,-1,-2033,-2036
1754829942823,0x064,6,01 FF FF 80 F8 0C,1,12.500000,0.492063,0.109890,-1,-2033,-2036
1754829942829,0x064,6,01 FF FF 80 F8 0C,1,12.500000,0.492063,0.109890,-1,-2033,-2036
1754829942837,0x064,6,01 FF FF 80 F8 0C,1,12.500000,0.492063,0.109890,-1,-2033,-2036
1754829942851,0x064,6,01 FF FF 80 F8 0C,1,12.500000,0.492063,0.109890,-1,-2033,-2036
1754829942852,0x064,6,01 FF FF 80 F8 0C,1,12.500000,0.492063,0.109890,-1,-2033,-2036
1754829942853,0x064,6,01 FF FF 80 F8 0C,1,12.500000,0.492063,0.109890,-1,-2033,-2036
1754829942858,0x064,6,01 FF FF 80 F8 0C,1,12.500000,0.492063,0.109890,-1,-2033,-2036
1754829942864,0x064,6,01 FF FF 80 F8 0C,1,12.500000,0.492063,0.109890,-1,-2033,-2036
1754829942872,0x064,6,01 FF FF 80 F8 0C,1,12.500000,0.492063,0.109890,-1,-2033,-2036
1754829942878,0x064,6,01 FF FF 81 68 7B,1,12.500000,0.714286,1.085714,-1,-2026,-1925
1754829942883,0x064,6,01 FF FF 81 68 7B,1,12.500000,0.714286,1.085714,-1,-2026,-1925
1754829942889,0x064,6,01 FF FF 81 68 7B,1,12.500000,0.714286,1.085714,-1,-2026,-1925
1754829942894,0x064,6,01 FF FF 81 68 7B,1,12.500000,0.714286,1.085714,-1,-2026,-1925
1754829942907,0x064,6,01 FF FF 81 68 7B,1,12.500000,0.714286,1.085714,-1,-2026,-1925
1754829942909,0x064,6,01 FF FF 81 68 7B,1,12.500000,0.714286,1.085714,-1,-2026,-1925
1754829942916,0x064,6,01 FF FF 81 68 7B,1,12.500000,0.714286,1.085714,-1,-2026,-1925
1754829942917,0x064,6,01 FF FF 81 68 7B,1,12.500000,0.714286,1.085714,-1,-2026,-1925
1754829942922,0x064,6,01 FF FF 81 68 7B,1,12.500000,0.714286,1.085714,-1,-2026,-1925
1754829942928,0x064,6,01 FF FF 81 68 7B,1,12.500000,0.714286,1.085714,-1,-2026,-1925
1754829942936,0x064,6,01 FF FF 81 68 7B,1,12.500000,0.714286,1.085714,-1,-2026,-1925
1754829942943,0x064,6,01 FF FF 81 68 7B,1,12.500000,0.714286,1.085714,-1,-2026,-1925
1754829942944,0x064,6,01 FF FF 81 68 7B,1,12.500000,0.714286,1.085714,-1,-2026,-1925
1754829942955,0x064,6,01 FF FF 81 68 7B,1,12.500000,0.714286,1.085714,-1,-2026,-1925
1754829942956,0x064,6,01 FF FF 81 68 7B,1,12.500000,0.714286,1.085714,-1,-2026,-1925
1754829942962,0x064,6,01 FF FF 81 68 7B,1,12.500000,0.714286,1.085714,-1,-2026,-1925
1754829942967,0x064,6,01 FF FF 81 68 7B,1,12.500000,0.714286,1.085714,-1,-2026,-1925
1754829942974,0x064,6,01 FF FF 81 68 7B,1,12.500000,0.714286,1.085714,-1,-2026,-1925
1754829942980,0x064,6,01 FF FF 82 27 E9,1,12.500000,1.095238,-0.197802,-1,-2014,2025
1754829942985,0x064,6,01 FF FF 82 27 E9,1,12.500000,1.095238,-0.197802,-1,-2014,2025
1754829942990,0x064,6,01 FF FF 82 27 E9,1,12.500000,1.095238,-0.197802,-1,-2014,2025
1754829943003,0x064,6,01 FF FF 82 27 E9,1,12.500000,1.095238,-0.197802,-1,-2014,2025
1754829943004,0x064,6,01 FF FF 82 27 E9,1,12.500000,1.095238,-0.197802,-1,-2014,2025
1754829943015,0x064,6,01 FF FF 82 27 E9,1,12.500000,1.095238,-0.197802,-1,-2014,2025
1754829943020,0x064,6,01 FF FF 82 27 E9,1,12.500000,1.095238,-0.197802,-1,-2014,2025
1754829943021,0x064,6,01 FF FF 82 27 E9,1,12.500000,1.095238,-0.197802,-1,-2014,2025
1754829943027,0x064,6,01 FF FF 82 27 E9,1,12.500000,1.095238,-0.197802,-1,-2014,2025
1754829943033,0x064,6,01 FF FF 82 27 E9,1,12.500000,1.095238,-0.197802,-1,-2014,2025
1754829943038,0x064,6,01 FF FF 82 27 E9,1,12.500000,1.095238,-0.197802,-1,-2014,2025
1754829943043,0x064,6,01 FF FF 82 27 E9,1,12.500000,1.095238,-0.197802,-1,-2014,2025
1754829943048,0x064,6,01 FF FF 82 27 E9,1,12.500000,1.095238,-0.197802,-1,-2014,2025
1754829943053,0x064,6,01 FF FF 82 27 E9,1,12.500000,1.095238,-0.197802,-1,-2014,2025
1754829943061,0x064,6,01 FF FF 82 27 E9,1,12.500000,1.095238,-0.197802,-1,-2014,2025
1754829943064,0x064,6,01 FF FF 82 27 E9,1,12.500000,1.095238,-0.197802,-1,-2014,2025
1754829943069,0x064,6,01 FF FF 82 27 E9,1,12.500000,1.095238,-0.197802,-1,-2014,2025
1754829943077,0x064,6,01 FF FF 83 47 6E,1,12.500000,1.666667,-1.279121,-1,-1996,1902
1754829943083,0x064,6,01 FF FF 83 47 6E,1,12.500000,1.666667,-1.279121,-1,-1996,1902
1754829943088,0x064,6,01 FF FF 83 47 6E,1,12.500000,1.666667,-1.279121,-1,-1996,1902
1754829943093,0x064,6,01 FF FF 83 47 6E,1,12.500000,1.666667,-1.279121,-1,-1996,1902
1754829943103,0x064,6,01 FF FF 83 47 6E,1,12.500000,1.666667,-1.279121,-1,-1996,1902
1754829943105,0x064,6,01 FF FF 83 47 6E,1,12.500000,1.666667,-1.279121,-1,-1996,1902
1754829943110,0x064,6,01 FF FF 83 47 6E,1,12.500000,1.666667,-1.279121,-1,-1996,1902
1754829943119,0x064,6,01 FF FF 83 47 6E,1,12.500000,1.666667,-1.279121,-1,-1996,1902
1754829943125,0x064,6,01 FF FF 83 47 6E,1,12.500000,1.666667,-1.279121,-1,-1996,1902
1754829943130,0x064,6,01 FF FF 83 47 6E,1,12.500000,1.666667,-1.279121,-1,-1996,1902
1754829943141,0x064,6,01 FF FF 83 47 6E,1,12.500000,1.666667,-1.279121,-1,-1996,1902
1754829943157,0x064,6,01 FF FF 83 47 6E,1,12.500000,1.666667,-1.279121,-1,-1996,1902
1754829943161,0x064,6,01 FF FF 83 47 6E,1,12.500000,1.666667,-1.279121,-1,-1996,1902
1754829943165,0x064,6,01 FF FF 83 47 6E,1,12.500000,1.666667,-1.279121,-1,-1996,1902
1754829943176,0x064,6,01 FF FF 83 47 6E,1,12.500000,1.666667,-1.279121,-1,-1996,1902
1754829943180,0x064,6,01 FF FF 83 E7 ED,1,12.500000,1.984127,-0.162637,-1,-1986,2029
1754829943199,0x064,6,01 FF FF 83 E7 ED,1,12.500000,1.984127,-0.162637,-1,-1986,2029
1754829943206,0x064,6,01 FF FF 83 E7 ED,1,12.500000,1.984127,-0.162637,-1,-1986,2029
1754829943210,0x064,6,01 FF FF 83 E7 ED,1,12.500000,1.984127,-0.162637,-1,-1986,2029
1754829943211,0x064,6,01 FF FF 83 E7 ED,1,12.500000,1.984127,-0.162637,-1,-1986,2029
1754829943211,0x064,6,01 FF FF 83 E7 ED,1,12.500000,1.984127,-0.162637,-1,-1986,2029
1754829943219,0x064,6,01 FF FF 83 E7 ED,1,12.500000,1.984127,-0.162637,-1,-1986,2029
1754829943221,0x064,6,01 FF FF 83 E7 ED,1,12.500000,1.984127,-0.162637,-1,-1986,2029
1754829943226,0x064,6,01 FF FF 83 E7 ED,1,12.500000,1.984127,-0.162637,-1,-1986,2029
1754829943232,0x064,6,01 FF FF 83 E7 ED,1,12.500000,1.984127,-0.162637,-1,-1986,2029
1754829943237,0x064,6,01 FF FF 83 E7 ED,1,12.500000,1.984127,-0.162637,-1,-1986,2029
1754829943242,0x064,6,01 FF FF 83 E7 ED,1,12.500000,1.984127,-0.162637,-1,-1986,2029
1754829943247,0x064,6,01 FF FF 83 E7 ED,1,12.500000,1.984127,-0.162637,-1,-1986,2029
1754829943252,0x064,6,01 FF FF 83 E7 ED,1,12.500000,1.984127,-0.162637,-1,-1986,2029
1754829943259,0x064,6,01 FF FF 83 E7 ED,1,12.500000,1.984127,-0.162637,-1,-1986,2029
1754829943263,0x064,6,01 FF FF 83 E7 ED,1,12.500000,1.984127,-0.162637,-1,-1986,2029
1754829943268,0x064,6,01 FF FF 83 E7 ED,1,12.500000,1.984127,-0.162637,-1,-1986,2029
1754829943280,0x064,6,01 FF FF 83 E7 ED,1,12.500000,1.984127,-0.162637,-1,-1986,2029
1754829943299,0x064,6,01 FF FF 84 B8 1D,1,12.500000,2.396825,0.259341,-1,-1973,-2019
1754829943301,0x064,6,01 FF FF 84 B8 1D,1,12.500000,2.396825,0.259341,-1,-1973,-2019
1754829943304,0x064,6,01 FF FF 84 B8 1D,1,12.500000,2.396825,0.259341,-1,-1973,-2019
1754829943305,0x064,6,01 FF FF 84 B8 1D,1,12.500000,2.396825,0.259341,-1,-1973,-2019
1754829943307,0x064,6,01 FF FF 84 B8 1D,1,12.500000,2.396825,0.259341,-1,-1973,-2019
1754829943313,0x064,6,01 FF FF 84 B8 1D,1,12.500000,2.396825,0.259341,-1,-1973,-2019
1754829943325,0x064,6,01 FF FF 84 B8 1D,1,12.500000,2.396825,0.259341,-1,-1973,-2019
1754829943333,0x064,6,01 FF FF 84 B8 1D,1,12.500000,2.396825,0.259341,-1,-1973,-2019
1754829943334,0x064,6,01 FF FF 84 B8 1D,1,12.500000,2.396825,0.259341,-1,-1973,-2019
1754829943338,0x064,6,01 FF FF 84 B8 1D,1,12.500000,2.396825,0.259341,-1,-1973,-2019
1754829943344,0x064,6,01 FF FF 84 B8 1D,1,12.500000,2.396825,0.259341,-1,-1973,-2019
1754829943350,0x064,6,01 FF FF 84 B8 1D,1,12.500000,2.396825,0.259341,-1,-1973,-2019
1754829943354,0x064,6,01 FF FF 84 B8 1D,1,12.500000,2.396825,0.259341,-1,-1973,-2019
1754829943361,0x064,6,01 FF FF 84 B8 1D,1,12.500000,2.396825,0.259341,-1,-1973,-2019
1754829943365,0x064,6,01 FF FF 84 B8 1D,1,12.500000,2.396825,0.259341,-1,-1973,-2019
1754829943371,0x064,6,01 FF FF 84 B8 1D,1,12.500000,2.396825,0.259341,-1,-1973,-2019
1754829943376,0x064,6,01 FF FF 85 D7 C4,1,12.500000,2.968254,-0.523077,-1,-1955,1988
1754829943391,0x064,6,01 FF FF 85 D7 C4,1,12.500000,2.968254,-0.523077,-1,-1955,1988
1754829943397,0x064,6,01 FF FF 85 D7 C4,1,12.500000,2.968254,-0.523077,-1,-1955,1988
1754829943405,0x064,6,01 FF FF 85 D7 C4,1,12.500000,2.968254,-0.523077,-1,-1955,1988
1754829943412,0x064,6,01 FF FF 85 D7 C4,1,12.500000,2.968254,-0.523077,-1,-1955,1988
1754829943418,0x064,6,01 FF FF 85 D7 C4,1,12.500000,2.968254,-0.523077,-1,-1955,1988
1754829943423,0x064,6,01 FF FF 85 D7 C4,1,12.500000,2.968254,-0.523077,-1,-1955,1988
1754829943429,0x064,6,01 FF FF 85 D7 C4,1,12.500000,2.968254,-0.523077,-1,-1955,1988
1754829943434,0x064,6,01 FF FF 85 D7 C4,1,12.500000,2.968254,-0.523077,-1,-1955,1988
1754829943439,0x064,6,01 FF FF 85 D7 C4,1,12.500000,2.968254,-0.523077,-1,-1955,1988
1754829943445,0x064,6,01 FF FF 85 D7 C4,1,12.500000,2.968254,-0.523077,-1,-1955,1988
1754829943450,0x064,6,01 FF FF 85 D7 C4,1,12.500000,2.968254,-0.523077,-1,-1955,1988
1754829943456,0x064,6,01 FF FF 85 D7 C4,1,12.500000,2.968254,-0.523077,-1,-1955,1988
1754829943465,0x064,6,01 FF FF 85 D7 C4,1,12.500000,2.968254,-0.523077,-1,-1955,1988
1754829943467,0x064,6,01 FF FF 85 D7 C4,1,12.500000,2.968254,-0.523077,-1,-1955,1988
1754829943472,0x064,6,01 FF FF 85 D7 C4,1,12.500000,2.968254,-0.523077,-1,-1955,1988
1754829943477,0x064,6,01 FF FF 86 D8 29,1,12.500000,3.476190,0.364835,-1,-1939,-2007
1754829943483,0x064,6,01 FF FF 86 D8 29,1,12.500000,3.476190,0.364835,-1,-1939,-2007
1754829943488,0x064,6,01 FF FF 86 D8 29,1,12.500000,3.476190,0.364835,-1,-1939,-2007
1754829943501,0x064,6,01 FF FF 86 D8 29,1,12.500000,3.476190,0.364835,-1,-1939,-2007
1754829943506,0x064,6,01 FF FF 86 D8 29,1,12.500000,3.476190,0.364835,-1,-1939,-2007
1754829943514,0x064,6,01 FF FF 86 D8 29,1,12.500000,3.476190,0.364835,-1,-1939,-2007
1754829943520,0x064,6,01 FF FF 86 D8 29,1,12.500000,3.476190,0.364835,-1,-1939,-2007
1754829943526,0x064,6,01 FF FF 86 D8 29,1,12.500000,3.476190,0.364835,-1,-1939,-2007
1754829943528,0x064,6,01 FF FF 86 D8 29,1,12.500000,3.476190,0.364835,-1,-1939,-2007
1754829943533,0x064,6,01 FF FF 86 D8 29,1,12.500000,3.476190,0.364835,-1,-1939,-2007
1754829943538,0x064,6,01 FF FF 86 D8 29,1,12.500000,3.476190,0.364835,-1,-1939,-2007
1754829943544,0x064,6,01 FF FF 86 D8 29,1,12.500000,3.476190,0.364835,-1,-1939,-2007
1754829943549,0x064,6,01 FF FF 86 D8 29,1,12.500000,3.476190,0.364835,-1,-1939,-2007
1754829943555,0x064,6,01 FF FF 86 D8 29,1,12.500000,3.476190,0.364835,-1,-1939,-2007
1754829943560,0x064,6,01 FF FF 86 D8 29,1,12.500000,3.476190,0.364835,-1,-1939,-2007
1754829943566,0x064,6,01 FF FF 86 D8 29,1,12.500000,3.476190,0.364835,-1,-1939,-2007
1754829943572,0x064,6,01 FF FF 86 D8 29,1,12.500000,3.476190,0.364835,-1,-1939,-2007
1754829943578,0x064,6,01 FF FF 88 58 5C,1,12.500000,4.238095,0.813187,-1,-1915,-1956
1754829943589,0x064,6,01 FF FF 88 58 5C,1,12.500000,4.238095,0.813187,-1,-1915,-1956
1754829943589,0x064,6,01 FF FF 88 58 5C,1,12.500000,4.238095,0.813187,-1,-1915,-1956
1754829943599,0x064,6,01 FF FF 88 58 5C,1,12.500000,4.238095,0.813187,-1,-1915,-1956
1754829943601,0x064,6,01 FF FF 88 58 5C,1,12.500000,4.238095,0.813187,-1,-1915,-1956
1754829943606,0x064,6,01 FF FF 88 58 5C,1,12.500000,4.238095,0.813187,-1,-1915,-1956
1754829943613,0x064,6,01 FF FF 88 58 5C,1,12.500000,4.238095,0.813187,-1,-1915,-1956
1754829943622,0x064,6,01 FF FF 88 58 5C,1,12.500000,4.238095,0.813187,-1,-1915,-1956
1754829943627,0x064,6,01 FF FF 88 58 5C,1,12.500000,4.238095,0.813187,-1,-1915,-1956
1754829943633,0x064,6,01 FF FF 88 58 5C,1,12.500000,4.238095,0.813187,-1,-1915,-1956
1754829943638,0x064,6,01 FF FF 88 58 5C,1,12.500000,4.238095,0.813187,-1,-1915,-1956
1754829943645,0x064,6,01 FF FF 88 58 5C,1,12.500000,4.238095,0.813187,-1,-1915,-1956
1754829943650,0x064,6,01 FF FF 88 58 5C,1,12.500000,4.238095,0.813187,-1,-1915,-1956
1754829943662,0x064,6,01 FF FF 88 58 5C,1,12.500000,4.238095,0.813187,-1,-1915,-1956
1754829943668,0x064,6,01 FF FF 88 58 5C,1,12.500000,4.238095,0.813187,-1,-1915,-1956
1754829943673,0x064,6,01 FF FF 88 58 5C,1,12.500000,4.238095,0.813187,-1,-1915,-1956
1754829943678,0x064,6,01 FF FF 89 58 1A,1,12.500000,4.746032,0.232967,-1,-1899,-2022
1754829943687,0x064,6,01 FF FF 89 58 1A,1,12.500000,4.746032,0.232967,-1,-1899,-2022
1754829943691,0x064,6,01 FF FF 89 58 1A,1,12.500000,4.746032,0.232967,-1,-1899,-2022
1754829943698,0x064,6,01 FF FF 89 58 1A,1,12.500000,4.746032,0.232967,-1,-1899,-2022
1754829943702,0x064,6,01 FF FF 89 58 1A,1,12.500000,4.746032,0.232967,-1,-1899,-2022
1754829943716,0x064,6,01 FF FF 89 58 1A,1,12.500000,4.746032,0.232967,-1,-1899,-2022
1754829943720,0x064,6,01 FF FF 89 58 1A,1,12.500000,4.746032,0.232967,-1,-1899,-2022
1754829943727,0x064,6,01 FF FF 89 58 1A,1,12.500000,4.746032,0.232967,-1,-1899,-2022
1754829943732,0x064,6,01 FF FF 89 58 1A,1,12.500000,4.746032,0.232967,-1,-1899,-2022
1754829943737,0x064,6,01 FF FF 89 58 1A,1,12.500000,4.746032,0.232967,-1,-1899,-2022
1754829943742,0x064,6,01 FF FF 89 58 1A,1,12.500000,4.746032,0.232967,-1,-1899,-2022
1754829943749,0x064,6,01 FF FF 89 58 1A,1,12.500000,4.746032,0.232967,-1,-1899,-2022
1754829943755,0x064,6,01 FF FF 89 58 1A,1,12.500000,4.746032,0.232967,-1,-1899,-2022
1754829943760,0x064,6,01 FF FF 89 58 1A,1,12.500000,4.746032,0.232967,-1,-1899,-2022
1754829943772,0x064,6,01 FF FF 89 58 1A,1,12.500000,4.746032,0.232967,-1,-1899,-2022
1754829943773,0x064,6,01 FF FF 89 58 1A,1,12.500000,4.746032,0.232967,-1,-1899,-2022
1754829943781,0x064,6,01 FF FF 8A 97 E3,1,12.500000,5.380952,-0.250549,-1,-1879,2019
1754829943786,0x064,6,01 FF FF 8A 97 E3,1,12.500000,5.380952,-0.250549,-1,-1879,2019
1754829943789,0x064,6,01 FF FF 8A 97 E3,1,12.500000,5.380952,-0.250549,-1,-1879,2019
1754829943794,0x064,6,01 FF FF 8A 97 E3,1,12.500000,5.380952,-0.250549,-1,-1879,2019
1754829943800,0x064,6,01 FF FF 8A 97 E3,1,12.500000,5.380952,-0.250549,-1,-1879,2019
1754829943810,0x064,6,01 FF FF 8A 97 E3,1,12.500000,5.380952,-0.250549,-1,-1879,2019
1754829943812,0x064,6,01 FF FF 8A 97 E3,1,12.500000,5.380952,-0.250549,-1,-1879,2019
1754829943817,0x064,6,01 FF FF 8A 97 E3,1,12.500000,5.380952,-0.250549,-1,-1879,2019
1754829943823,0x064,6,01 FF FF 8A 97 E3,1,12.500000,5.380952,-0.250549,-1,-1879,2019
1754829943828,0x064,6,01 FF FF 8A 97 E3,1,12.500000,5.380952,-0.250549,-1,-1879,2019
1754829943833,0x064,6,01 FF FF 8A 97 E3,1,12.500000,5.380952,-0.250549,-1,-1879,2019
1754829943839,0x064,6,01 FF FF 8A 97 E3,1,12.500000,5.380952,-0.250549,-1,-1879,2019
1754829943848,0x064,6,01 FF FF 8A 97 E3,1,12.500000,5.380952,-0.250549,-1,-1879,2019
1754829943850,0x064,6,01 FF FF 8A 97 E3,1,12.500000,5.380952,-0.250549,-1,-1879,2019
1754829943855,0x064,6,01 FF FF 8A 97 E3,1,12.500000,5.380952,-0.250549,-1,-1879,2019
1754829943860,0x064,6,01 FF FF 8A 97 E3,1,12.500000,5.380952,-0.250549,-1,-1879,2019
1754829943867,0x064,6,01 FF FF 8A 97 E3,1,12.500000,5.380952,-0.250549,-1,-1879,2019
1754829943873,0x064,6,01 FF FF 8A 97 E3,1,12.500000,5.380952,-0.250549,-1,-1879,2019
1754829943877,0x064,6,01 FF FF 8C 37 CA,1,12.500000,6.206349,-0.470330,-1,-1853,1994
1754829943883,0x064,6,01 FF FF 8C 37 CA,1,12.500000,6.206349,-0.470330,-1,-1853,1994
1754829943888,0x064,6,01 FF FF 8C 37 CA,1,12.500000,6.206349,-0.470330,-1,-1853,1994
1754829943894,0x064,6,01 FF FF 8C 37 CA,1,12.500000,6.206349,-0.470330,-1,-1853,1994
1754829943899,0x064,6,01 FF FF 8C 37 CA,1,12.500000,6.206349,-0.470330,-1,-1853,1994
1754829943905,0x064,6,01 FF FF 8C 37 CA,1,12.500000,6.206349,-0.470330,-1,-1853,1994
1754829943910,0x064,6,01 FF FF 8C 37 CA,1,12.500000,6.206349,-0.470330,-1,-1853,1994
1754829943916,0x064,6,01 FF FF 8C 37 CA,1,12.500000,6.206349,-0.470330,-1,-1853,1994
1754829943922,0x064,6,01 FF FF 8C 37 CA,1,12.500000,6.206349,-0.470330,-1,-1853,1994
1754829943931,0x064,6,01 FF FF 8C 37 CA,1,12.500000,6.206349,-0.470330,-1,-1853,1994
1754829943932,0x064,6,01 FF FF 8C 37 CA,1,12.500000,6.206349,-0.470330,-1,-1853,1994
1754829943941,0x064,6,01 FF FF 8C 37 CA,1,12.500000,6.206349,-0.470330,-1,-1853,1994
1754829943948,0x064,6,01 FF FF 8C 37 CA,1,12.500000,6.206349,-0.470330,-1,-1853,1994
1754829943953,0x064,6,01 FF FF 8C 37 CA,1,12.500000,6.206349,-0.470330,-1,-1853,1994
1754829943955,0x064,6,01 FF FF 8C 37 CA,1,12.500000,6.206349,-0.470330,-1,-1853,1994
1754829943960,0x064,6,01 FF FF 8C 37 CA,1,12.500000,6.206349,-0.470330,-1,-1853,1994
1754829943965,0x064,6,01 FF FF 8C 37 CA,1,12.500000,6.206349,-0.470330,-1,-1853,1994
1754829943971,0x064,6,01 FF FF 8C 37 CA,1,12.500000,6.206349,-0.470330,-1,-1853,1994
1754829943976,0x064,6,01 FF FF 8D A8 0C,1,12.500000,6.936508,0.109890,-1,-1830,-2036
1754829943982,0x064,6,01 FF FF 8D A8 0C,1,12.500000,6.936508,0.109890,-1,-1830,-2036
1754829943990,0x064,6,01 FF FF 8D A8 0C,1,12.500000,6.936508,0.109890,-1,-1830,-2036
1754829943992,0x064,6,01 FF FF 8D A8 0C,1,12.500000,6.936508,0.109890,-1,-1830,-2036
1754829943998,0x064,6,01 FF FF 8D A8 0C,1,12.500000,6.936508,0.109890,-1,-1830,-2036
1754829944003,0x064,6,01 FF FF 8D A8 0C,1,12.500000,6.936508,0.109890,-1,-1830,-2036
1754829944012,0x064,6,01 FF FF 8D A8 0C,1,12.500000,6.936508,0.109890,-1,-1830,-2036
1754829944015,0x064,6,01 FF FF 8D A8 0C,1,12.500000,6.936508,0.109890,-1,-1830,-2036
1754829944020,0x064,6,01 FF FF 8D A8 0C,1,12.500000,6.936508,0.109890,-1,-1830,-2036
1754829944032,0x064,6,01 FF FF 8D A8 0C,1,12.500000,6.936508,0.109890,-1,-1830,-2036
1754829944038,0x064,6,01 FF FF 8D A8 0C,1,12.500000,6.936508,0.109890,-1,-1830,-2036
1754829944042,0x064,6,01 FF FF 8D A8 0C,1,12.500000,6.936508,0.109890,-1,-1830,-2036
1754829944051,0x064,6,01 FF FF 8D A8 0C,1,12.500000,6.936508,0.109890,-1,-1830,-2036
1754829944053,0x064,6,01 FF FF 8D A8 0C,1,12.500000,6.936508,0.109890,-1,-1830,-2036
1754829944059,0x064,6,01 FF FF 8D A8 0C,1,12.500000,6.936508,0.109890,-1,-1830,-2036
1754829944064,0x064,6,01 FF FF 8D A8 0C,1,12.500000,6.936508,0.109890,-1,-1830,-2036
1754829944070,0x064,6,01 FF FF 8D A8 0C,1,12.500000,6.936508,0.109890,-1,-1830,-2036
1754829944075,0x064,6,01 FF FF 90 18 3D,1,12.500000,8.174603,0.540659,-1,-1791,-1987
1754829944091,0x064,6,01 FF FF 90 18 3D,1,12.500000,8.174603,0.540659,-1,-1791,-1987
1754829944092,0x064,6,01 FF FF 90 18 3D,1,12.500000,8.174603,0.540659,-1,-1791,-1987
1754829944103,0x064,6,01 FF FF 90 18 3D,1,12.500000,8.174603,0.540659,-1,-1791,-1987
1754829944103,0x064,6,01 FF FF 90 18 3D,1,12.500000,8.174603,0.540659,-1,-1791,-1987
1754829944114,0x064,6,01 FF FF 90 18 3D,1,12.500000,8.174603,0.540659,-1,-1791,-1987
1754829944119,0x064,6,01 FF FF 90 18 3D,1,12.500000,8.174603,0.540659,-1,-1791,-1987
1754829944125,0x064,6,01 FF FF 90 18 3D,1,12.500000,8.174603,0.540659,-1,-1791,-1987
1754829944128,0x064,6,01 FF FF 90 18 3D,1,12.500000,8.174603,0.540659,-1,-1791,-1987
1754829944133,0x064,6,01 FF FF 90 18 3D,1,12.500000,8.174603,0.540659,-1,-1791,-1987
1754829944138,0x064,6,01 FF FF 90 18 3D,1,12.500000,8.174603,0.540659,-1,-1791,-1987
1754829944144,0x064,6,01 FF FF 90 18 3D,1,12.500000,8.174603,0.540659,-1,-1791,-1987
1754829944152,0x064,6,01 FF FF 90 18 3D,1,12.500000,8.174603,0.540659,-1,-1791,-1987
1754829944160,0x064,6,01 FF FF 90 18 3D,1,12.500000,8.174603,0.540659,-1,-1791,-1987
1754829944165,0x064,6,01 FF FF 90 18 3D,1,12.500000,8.174603,0.540659,-1,-1791,-1987
1754829944167,0x064,6,01 FF FF 90 18 3D,1,12.500000,8.174603,0.540659,-1,-1791,-1987
1754829944172,0x064,6,01 FF FF 90 18 3D,1,12.500000,8.174603,0.540659,-1,-1791,-1987
1754829944181,0x064,6,01 FF FF 91 E8 42,1,12.500000,9.095238,0.584615,-1,-1762,-1982
1754829944183,0x064,6,01 FF FF 91 E8 42,1,12.500000,9.095238,0.584615,-1,-1762,-1982
1754829944189,0x064,6,01 FF FF 91 E8 42,1,12.500000,9.095238,0.584615,-1,-1762,-1982
1754829944194,0x064,6,01 FF FF 91 E8 42,1,12.500000,9.095238,0.584615,-1,-1762,-1982
1754829944199,0x064,6,01 FF FF 91 E8 42,1,12.500000,9.095238,0.584615,-1,-1762,-1982
1754829944204,0x064,6,01 FF FF 91 E8 42,1,12.500000,9.095238,0.584615,-1,-1762,-1982
1754829944210,0x064,6,01 FF FF 91 E8 42,1,12.500000,9.095238,0.584615,-1,-1762,-1982
1754829944219,0x064,6,01 FF FF 91 E8 42,1,12.500000,9.095238,0.584615,-1,-1762,-1982
1754829944224,0x064,6,01 FF FF 91 E8 42,1,12.500000,9.095238,0.584615,-1,-1762,-1982
1754829944227,0x064,6,01 FF FF 91 E8 42,1,12.500000,9.095238,0.584615,-1,-1762,-1982
1754829944236,0x064,6,01 FF FF 91 E8 42,1,12.500000,9.095238,0.584615,-1,-1762,-1982
1754829944248,0x064,6,01 FF FF 91 E8 42,1,12.500000,9.095238,0.584615,-1,-1762,-1982
1754829944250,0x064,6,01 FF FF 91 E8 42,1,12.500000,9.095238,0.584615,-1,-1762,-1982
1754829944252,0x064,6,01 FF FF 91 E8 42,1,12.500000,9.095238,0.584615,-1,-1762,-1982
1754829944258,0x064,6,01 FF FF 91 E8 42,1,12.500000,9.095238,0.584615,-1,-1762,-1982
1754829944263,0x064,6,01 FF FF 91 E8 42,1,12.500000,9.095238,0.584615,-1,-1762,-1982
1754829944268,0x064,6,01 FF FF 91 E8 42,1,12.500000,9.095238,0.584615,-1,-1762,-1982
1754829944274,0x064,6,01 FF FF 91 E8 42,1,12.500000,9.095238,0.584615,-1,-1762,-1982
1754829944279,0x064,6,01 FF FF 93 68 22,1,12.500000,9.857143,0.303297,-1,-1738,-2014
1754829944284,0x064,6,01 FF FF 93 68 22,1,12.500000,9.857143,0.303297,-1,-1738,-2014
1754829944290,0x064,6,01 FF FF 93 68 22,1,12.500000,9.857143,0.303297,-1,-1738,-2014
1754829944298,0x064,6,01 FF FF 93 68 22,1,12.500000,9.857143,0.303297,-1,-1738,-2014
1754829944300,0x064,6,01 FF FF 93 68 22,1,12.500000,9.857143,0.303297,-1,-1738,-2014
1754829944308,0x064,6,01 FF FF 93 68 22,1,12.500000,9.857143,0.303297,-1,-1738,-2014
1754829944311,0x064,6,01 FF FF 93 68 22,1,12.500000,9.857143,0.303297,-1,-1738,-2014
1754829944316,0x064,6,01 FF FF 93 68 22,1,12.500000,9.857143,0.303297,-1,-1738,-2014
1754829944321,0x064,6,01 FF FF 93 68 22,1,12.500000,9.857143,0.303297,-1,-1738,-2014
1754829944327,0x064,6,01 FF FF 93 68 22,1,12.500000,9.857143,0.303297,-1,-1738,-2014
1754829944332,0x064,6,01 FF FF 93 68 22,1,12.500000,9.857143,0.303297,-1,-1738,-2014
1754829944338,0x064,6,01 FF FF 93 68 22,1,12.500000,9.857143,0.303297,-1,-1738,-2014
1754829944353,0x064,6,01 FF FF 93 68 22,1,12.500000,9.857143,0.303297,-1,-1738,-2014
1754829944368,0x064,6,01 FF FF 93 68 22,1,12.500000,9.857143,0.303297,-1,-1738,-2014
1754829944371,0x064,6,01 FF FF 93 68 22,1,12.500000,9.857143,0.303297,-1,-1738,-2014
1754829944372,0x064,6,01 FF FF 93 68 22,1,12.500000,9.857143,0.303297,-1,-1738,-2014
1754829944377,0x064,6,01 FF FF 93 68 22,1,12.500000,9.857143,0.303297,-1,-1738,-2014
1754829944380,0x064,6,01 FF FF 95 68 3B,1,12.500000,10.873016,0.523077,-1,-1706,-1989
1754829944388,0x064,6,01 FF FF 95 68 3B,1,12.500000,10.873016,0.523077,-1,-1706,-1989
1754829944389,0x064,6,01 FF FF 95 68 3B,1,12.500000,10.873016,0.523077,-1,-1706,-1989
1754829944397,0x064,6,01 FF FF 95 68 3B,1,12.500000,10.873016,0.523077,-1,-1706,-1989
1754829944402,0x064,6,01 FF FF 95 68 3B,1,12.500000,10.873016,0.523077,-1,-1706,-1989
1754829944408,0x064,6,01 FF FF 95 68 3B,1,12.500000,10.873016,0.523077,-1,-1706,-1989
1754829944412,0x064,6,01 FF FF 95 68 3B,1,12.500000,10.873016,0.523077,-1,-1706,-1989
1754829944418,0x064,6,01 FF FF 95 68 3B,1,12.500000,10.873016,0.523077,-1,-1706,-1989
1754829944424,0x064,6,01 FF FF 95 68 3B,1,12.500000,10.873016,0.523077,-1,-1706,-1989
1754829944430,0x064,6,01 FF FF 95 68 3B,1,12.500000,10.873016,0.523077,-1,-1706,-1989
1754829944439,0x064,6,01 FF FF 95 68 3B,1,12.500000,10.873016,0.523077,-1,-1706,-1989
1754829944443,0x064,6,01 FF FF 95 68 3B,1,12.500000,10.873016,0.523077,-1,-1706,-1989
1754829944449,0x064,6,01 FF FF 95 68 3B,1,12.500000,10.873016,0.523077,-1,-1706,-1989
1754829944456,0x064,6,01 FF FF 95 68 3B,1,12.500000,10.873016,0.523077,-1,-1706,-1989
1754829944463,0x064,6,01 FF FF 95 68 3B,1,12.500000,10.873016,0.523077,-1,-1706,-1989
1754829944469,0x064,6,01 FF FF 95 68 3B,1,12.500000,10.873016,0.523077,-1,-1706,-1989
1754829944475,0x064,6,01 FF FF 95 68 3B,1,12.500000,10.873016,0.523077,-1,-1706,-1989
1754829944481,0x064,6,01 FF FF 97 E7 74,1,12.500000,12.142857,-1.226374,-1,-1666,1908
1754829944487,0x064,6,01 FF FF 97 E7 74,1,12.500000,12.142857,-1.226374,-1,-1666,1908
1754829944493,0x064,6,01 FF FF 97 E7 74,1,12.500000,12.142857,-1.226374,-1,-1666,1908
1754829944499,0x064,6,01 FF FF 97 E7 74,1,12.500000,12.142857,-1.226374,-1,-1666,1908
1754829944505,0x064,6,01 FF FF 97 E7 74,1,12.500000,12.142857,-1.226374,-1,-1666,1908
1754829944511,0x064,6,01 FF FF 97 E7 74,1,12.500000,12.142857,-1.226374,-1,-1666,1908
1754829944517,0x064,6,01 FF FF 97 E7 74,1,12.500000,12.142857,-1.226374,-1,-1666,1908
1754829944524,0x064,6,01 FF FF 97 E7 74,1,12.500000,12.142857,-1.226374,-1,-1666,1908
1754829944534,0x064,6,01 FF FF 97 E7 74,1,12.500000,12.142857,-1.226374,-1,-1666,1908
1754829944539,0x064,6,01 FF FF 97 E7 74,1,12.500000,12.142857,-1.226374,-1,-1666,1908
1754829944543,0x064,6,01 FF FF 97 E7 74,1,12.500000,12.142857,-1.226374,-1,-1666,1908
1754829944549,0x064,6,01 FF FF 97 E7 74,1,12.500000,12.142857,-1.226374,-1,-1666,1908
1754829944559,0x064,6,01 FF FF 97 E7 74,1,12.500000,12.142857,-1.226374,-1,-1666,1908
1754829944560,0x064,6,01 FF FF 97 E7 74,1,12.500000,12.142857,-1.226374,-1,-1666,1908
1754829944566,0x064,6,01 FF FF 97 E7 74,1,12.500000,12.142857,-1.226374,-1,-1666,1908
1754829944571,0x064,6,01 FF FF 97 E7 74,1,12.500000,12.142857,-1.226374,-1,-1666,1908
1754829944578,0x064,6,01 FF FF 9A 08 6D,1,12.500000,13.222222,0.962637,-1,-1632,-1939
1754829944582,0x064,6,01 FF FF 9A 08 6D,1,12.500000,13.222222,0.962637,-1,-1632,-1939
1754829944591,0x064,6,01 FF FF 9A 08 6D,1,12.500000,13.222222,0.962637,-1,-1632,-1939
1754829944592,0x064,6,01 FF FF 9A 08 6D,1,12.500000,13.222222,0.962637,-1,-1632,-1939
1754829944604,0x064,6,01 FF FF 9A 08 6D,1,12.500000,13.222222,0.962637,-1,-1632,-1939
1754829944614,0x064,6,01 FF FF 9A 08 6D,1,12.500000,13.222222,0.962637,-1,-1632,-1939
1754829944623,0x064,6,01 FF FF 9A 08 6D,1,12.500000,13.222222,0.962637,-1,-1632,-1939
1754829944635,0x064,6,01 FF FF 9A 08 6D,1,12.500000,13.222222,0.962637,-1,-1632,-1939
1754829944640,0x064,6,01 FF FF 9A 08 6D,1,12.500000,13.222222,0.962637,-1,-1632,-1939
1754829944644,0x064,6,01 FF FF 9A 08 6D,1,12.500000,13.222222,0.962637,-1,-1632,-1939
1754829944651,0x064,6,01 FF FF 9A 08 6D,1,12.500000,13.222222,0.962637,-1,-1632,-1939
1754829944654,0x064,6,01 FF FF 9A 08 6D,1,12.500000,13.222222,0.962637,-1,-1632,-1939
1754829944662,0x064,6,01 FF FF 9A 08 6D,1,12.500000,13.222222,0.962637,-1,-1632,-1939
1754829944664,0x064,6,01 FF FF 9A 08 6D,1,12.500000,13.222222,0.962637,-1,-1632,-1939
1754829944669,0x064,6,01 FF FF 9A 08 6D,1,12.500000,13.222222,0.962637,-1,-1632,-1939
1754829944674,0x064,6,01 FF FF 9A 08 6D,1,12.500000,13.222222,0.962637,-1,-1632,-1939
1754829944680,0x064,6,01 FF FF 9B A8 6C,1,12.500000,14.047619,0.953846,-1,-1606,-1940
1754829944685,0x064,6,01 FF FF 9B A8 6C,1,12.500000,14.047619,0.953846,-1,-1606,-1940
1754829944691,0x064,6,01 FF FF 9B A8 6C,1,12.500000,14.047619,0.953846,-1,-1606,-1940
1754829944697,0x064,6,01 FF FF 9B A8 6C,1,12.500000,14.047619,0.953846,-1,-1606,-1940
1754829944702,0x064,6,01 FF FF 9B A8 6C,1,12.500000,14.047619,0.953846,-1,-1606,-1940
1754829944709,0x064,6,01 FF FF 9B A8 6C,1,12.500000,14.047619,0.953846,-1,-1606,-1940
1754829944713,0x064,6,01 FF FF 9B A8 6C,1,12.500000,14.047619,0.953846,-1,-1606,-1940
1754829944719,0x064,6,01 FF FF 9B A8 6C,1,12.500000,14.047619,0.953846,-1,-1606,-1940
1754829944723,0x064,6,01 FF FF 9B A8 6C,1,12.500000,14.047619,0.953846,-1,-1606,-1940
1754829944729,0x064,6,01 FF FF 9B A8 6C,1,12.500000,14.047619,0.953846,-1,-1606,-1940
1754829944734,0x064,6,01 FF FF 9B A8 6C,1,12.500000,14.047619,0.953846,-1,-1606,-1940
1754829944740,0x064,6,01 FF FF 9B A8 6C,1,12.500000,14.047619,0.953846,-1,-1606,-1940
1754829944745,0x064,6,01 FF FF 9B A8 6C,1,12.500000,14.047619,0.953846,-1,-1606,-1940
1754829944750,0x064,6,01 FF FF 9B A8 6C,1,12.500000,14.047619,0.953846,-1,-1606,-1940
1754829944756,0x064,6,01 FF FF 9B A8 6C,1,12.500000,14.047619,0.953846,-1,-1606,-1940
1754829944764,0x064,6,01 FF FF 9B A8 6C,1,12.500000,14.047619,0.953846,-1,-1606,-1940
1754829944767,0x064,6,01 FF FF 9B A8 6C,1,12.500000,14.047619,0.953846,-1,-1606,-1940
1754829944775,0x064,6,01 FF FF 9B A8 6C,1,12.500000,14.047619,0.953846,-1,-1606,-1940
1754829944777,0x064,6,01 FF FF 9E 68 52,1,12.500000,15.444444,0.725275,-1,-1562,-1966
1754829944784,0x064,6,01 FF FF 9E 68 52,1,12.500000,15.444444,0.725275,-1,-1562,-1966
1754829944793,0x064,6,01 FF FF 9E 68 52,1,12.500000,15.444444,0.725275,-1,-1562,-1966
1754829944796,0x064,6,01 FF FF 9E 68 52,1,12.500000,15.444444,0.725275,-1,-1562,-1966
1754829944800,0x064,6,01 FF FF 9E 68 52,1,12.500000,15.444444,0.725275,-1,-1562,-1966
1754829944805,0x064,6,01 FF FF 9E 68 52,1,12.500000,15.444444,0.725275,-1,-1562,-1966
1754829944810,0x064,6,01 FF FF 9E 68 52,1,12.500000,15.444444,0.725275,-1,-1562,-1966
1754829944815,0x064,6,01 FF FF 9E 68 52,1,12.500000,15.444444,0.725275,-1,-1562,-1966
1754829944828,0x064,6,01 FF FF 9E 68 52,1,12.500000,15.444444,0.725275,-1,-1562,-1966
1754829944833,0x064,6,01 FF FF 9E 68 52,1,12.500000,15.444444,0.725275,-1,-1562,-1966
1754829944833,0x064,6,01 FF FF 9E 68 52,1,12.500000,15.444444,0.725275,-1,-1562,-1966
1754829944839,0x064,6,01 FF FF 9E 68 52,1,12.500000,15.444444,0.725275,-1,-1562,-1966
1754829944845,0x064,6,01 FF FF 9E 68 52,1,12.500000,15.444444,0.725275,-1,-1562,-1966
1754829944849,0x064,6,01 FF FF 9E 68 52,1,12.500000,15.444444,0.725275,-1,-1562,-1966
1754829944855,0x064,6,01 FF FF 9E 68 52,1,12.500000,15.444444,0.725275,-1,-1562,-1966
1754829944867,0x064,6,01 FF FF 9E 68 52,1,12.500000,15.444444,0.725275,-1,-1562,-1966
1754829944870,0x064,6,01 FF FF 9E 68 52,1,12.500000,15.444444,0.725275,-1,-1562,-1966
1754829944874,0x064,6,01 FF FF 9E 68 52,1,12.500000,15.444444,0.725275,-1,-1562,-1966
1754829944881,0x064,6,01 FF FF A0 98 57,1,12.500000,16.555556,0.769231,-1,-1527,-1961
1754829944884,0x064,6,01 FF FF A0 98 57,1,12.500000,16.555556,0.769231,-1,-1527,-1961
1754829944890,0x064,6,01 FF FF A0 98 57,1,12.500000,16.555556,0.769231,-1,-1527,-1961
1754829944896,0x064,6,01 FF FF A0 98 57,1,12.500000,16.555556,0.769231,-1,-1527,-1961
1754829944901,0x064,6,01 FF FF A0 98 57,1,12.500000,16.555556,0.769231,-1,-1527,-1961
1754829944906,0x064,6,01 FF FF A0 98 57,1,12.500000,16.555556,0.769231,-1,-1527,-1961
1754829944912,0x064,6,01 FF FF A0 98 57,1,12.500000,16.555556,0.769231,-1,-1527,-1961
1754829944918,0x064,6,01 FF FF A0 98 57,1,12.500000,16.555556,0.769231,-1,-1527,-1961
1754829944927,0x064,6,01 FF FF A0 98 57,1,12.500000,16.555556,0.769231,-1,-1527,-1961
1754829944939,0x064,6,01 FF FF A0 98 57,1,12.500000,16.555556,0.769231,-1,-1527,-1961
1754829944948,0x064,6,01 FF FF A0 98 57,1,12.500000,16.555556,0.769231,-1,-1527,-1961
1754829944949,0x064,6,01 FF FF A0 98 57,1,12.500000,16.555556,0.769231,-1,-1527,-1961
1754829944952,0x064,6,01 FF FF A0 98 57,1,12.500000,16.555556,0.769231,-1,-1527,-1961
1754829944957,0x064,6,01 FF FF A0 98 57,1,12.500000,16.555556,0.769231,-1,-1527,-1961
1754829944964,0x064,6,01 FF FF A0 98 57,1,12.500000,16.555556,0.769231,-1,-1527,-1961
1754829944968,0x064,6,01 FF FF A0 98 57,1,12.500000,16.555556,0.769231,-1,-1527,-1961
1754829944973,0x064,6,01 FF FF A0 98 57,1,12.500000,16.555556,0.769231,-1,-1527,-1961
1754829944978,0x064,6,01 FF FF A3 38 1D,1,12.500000,17.888889,0.259341,-1,-1485,-2019
1754829944983,0x064,6,01 FF FF A3 38 1D,1,12.500000,17.888889,0.259341,-1,-1485,-2019
1754829944989,0x064,6,01 FF FF A3 38 1D,1,12.500000,17.888889,0.259341,-1,-1485,-2019
1754829944999,0x064,6,01 FF FF A3 38 1D,1,12.500000,17.888889,0.259341,-1,-1485,-2019
1754829945018,0x064,6,01 FF FF A3 38 1D,1,12.500000,17.888889,0.259341,-1,-1485,-2019
1754829945020,0x064,6,01 FF FF A3 38 1D,1,12.500000,17.888889,0.259341,-1,-1485,-2019
1754829945021,0x064,6,01 FF FF A3 38 1D,1,12.500000,17.888889,0.259341,-1,-1485,-2019
1754829945024,0x064,6,01 FF FF A3 38 1D,1,12.500000,17.888889,0.259341,-1,-1485,-2019
1754829945028,0x064,6,01 FF FF A3 38 1D,1,12.500000,17.888889,0.259341,-1,-1485,-2019
1754829945034,0x064,6,01 FF FF A3 38 1D,1,12.500000,17.888889,0.259341,-1,-1485,-2019
1754829945039,0x064,6,01 FF FF A3 38 1D,1,12.500000,17.888889,0.259341,-1,-1485,-2019
1754829945044,0x064,6,01 FF FF A3 38 1D,1,12.500000,17.888889,0.259341,-1,-1485,-2019
1754829945052,0x064,6,01 FF FF A3 38 1D,1,12.500000,17.888889,0.259341,-1,-1485,-2019
1754829945055,0x064,6,01 FF FF A3 38 1D,1,12.500000,17.888889,0.259341,-1,-1485,-2019
1754829945060,0x064,6,01 FF FF A3 38 1D,1,12.500000,17.888889,0.259341,-1,-1485,-2019
1754829945066,0x064,6,01 FF FF A3 38 1D,1,12.500000,17.888889,0.259341,-1,-1485,-2019
1754829945072,0x064,6,01 FF FF A3 38 1D,1,12.500000,17.888889,0.259341,-1,-1485,-2019
1754829945076,0x064,6,01 FF FF A3 38 1D,1,12.500000,17.888889,0.259341,-1,-1485,-2019
1754829945090,0x064,6,01 FF FF A5 A8 01,1,12.500000,19.126984,0.013187,-1,-1446,-2047
1754829945100,0x064,6,01 FF FF A5 A8 01,1,12.500000,19.126984,0.013187,-1,-1446,-2047
1754829945110,0x064,6,01 FF FF A5 A8 01,1,12.500000,19.126984,0.013187,-1,-1446,-2047
1754829945114,0x064,6,01 FF FF A5 A8 01,1,12.500000,19.126984,0.013187,-1,-1446,-2047
1754829945114,0x064,6,01 FF FF A5 A8 01,1,12.500000,19.126984,0.013187,-1,-1446,-2047
1754829945117,0x064,6,01 FF FF A5 A8 01,1,12.500000,19.126984,0.013187,-1,-1446,-2047
1754829945127,0x064,6,01 FF FF A5 A8 01,1,12.500000,19.126984,0.013187,-1,-1446,-2047
1754829945132,0x064,6,01 FF FF A5 A8 01,1,12.500000,19.126984,0.013187,-1,-1446,-2047
1754829945137,0x064,6,01 FF FF A5 A8 01,1,12.500000,19.126984,0.013187,-1,-1446,-2047
1754829945151,0x064,6,01 FF FF A5 A8 01,1,12.500000,19.126984,0.013187,-1,-1446,-2047
1754829945158,0x064,6,01 FF FF A5 A8 01,1,12.500000,19.126984,0.013187,-1,-1446,-2047
1754829945172,0x064,6,01 FF FF A5 A8 01,1,12.500000,19.126984,0.013187,-1,-1446,-2047
1754829945175,0x064,6,01 FF FF A5 A8 01,1,12.500000,19.126984,0.013187,-1,-1446,-2047
1754829945178,0x064,6,01 FF FF A7 68 51,1,12.500000,20.015873,0.716484,-1,-1418,-1967
1754829945184,0x064,6,01 FF FF A7 68 51,1,12.500000,20.015873,0.716484,-1,-1418,-1967
1754829945191,0x064,6,01 FF FF A7 68 51,1,12.500000,20.015873,0.716484,-1,-1418,-1967
1754829945197,0x064,6,01 FF FF A7 68 51,1,12.500000,20.015873,0.716484,-1,-1418,-1967
1754829945202,0x064,6,01 FF FF A7 68 51,1,12.500000,20.015873,0.716484,-1,-1418,-1967
1754829945209,0x064,6,01 FF FF A7 68 51,1,12.500000,20.015873,0.716484,-1,-1418,-1967
1754829945213,0x064,6,01 FF FF A7 68 51,1,12.500000,20.015873,0.716484,-1,-1418,-1967
1754829945218,0x064,6,01 FF FF A7 68 51,1,12.500000,20.015873,0.716484,-1,-1418,-1967
1754829945224,0x064,6,01 FF FF A7 68 51,1,12.500000,20.015873,0.716484,-1,-1418,-1967
1754829945232,0x064,6,01 FF FF A7 68 51,1,12.500000,20.015873,0.716484,-1,-1418,-1967
1754829945237,0x064,6,01 FF FF A7 68 51,1,12.500000,20.015873,0.716484,-1,-1418,-1967
1754829945245,0x064,6,01 FF FF A7 68 51,1,12.500000,20.015873,0.716484,-1,-1418,-1967
1754829945248,0x064,6,01 FF FF A7 68 51,1,12.500000,20.015873,0.716484,-1,-1418,-1967
1754829945254,0x064,6,01 FF FF A7 68 51,1,12.500000,20.015873,0.716484,-1,-1418,-1967
1754829945260,0x064,6,01 FF FF A7 68 51,1,12.500000,20.015873,0.716484,-1,-1418,-1967
1754829945269,0x064,6,01 FF FF A7 68 51,1,12.500000,20.015873,0.716484,-1,-1418,-1967
1754829945273,0x064,6,01 FF FF A7 68 51,1,12.500000,20.015873,0.716484,-1,-1418,-1967
1754829945281,0x064,6,01 FF FF A8 A8 66,1,12.500000,20.650794,0.901099,-1,-1398,-1946
1754829945287,0x064,6,01 FF FF A8 A8 66,1,12.500000,20.650794,0.901099,-1,-1398,-1946
1754829945289,0x064,6,01 FF FF A8 A8 66,1,12.500000,20.650794,0.901099,-1,-1398,-1946
1754829945295,0x064,6,01 FF FF A8 A8 66,1,12.500000,20.650794,0.901099,-1,-1398,-1946
1754829945299,0x064,6,01 FF FF A8 A8 66,1,12.500000,20.650794,0.901099,-1,-1398,-1946
1754829945307,0x064,6,01 FF FF A8 A8 66,1,12.500000,20.650794,0.901099,-1,-1398,-1946
1754829945311,0x064,6,01 FF FF A8 A8 66,1,12.500000,20.650794,0.901099,-1,-1398,-1946
1754829945317,0x064,6,01 FF FF A8 A8 66,1,12.500000,20.650794,0.901099,-1,-1398,-1946
1754829945322,0x064,6,01 FF FF A8 A8 66,1,12.500000,20.650794,0.901099,-1,-1398,-1946
1754829945327,0x064,6,01 FF FF A8 A8 66,1,12.500000,20.650794,0.901099,-1,-1398,-1946
1754829945333,0x064,6,01 FF FF A8 A8 66,1,12.500000,20.650794,0.901099,-1,-1398,-1946
1754829945338,0x064,6,01 FF FF A8 A8 66,1,12.500000,20.650794,0.901099,-1,-1398,-1946
1754829945344,0x064,6,01 FF FF A8 A8 66,1,12.500000,20.650794,0.901099,-1,-1398,-1946
1754829945350,0x064,6,01 FF FF A8 A8 66,1,12.500000,20.650794,0.901099,-1,-1398,-1946
1754829945355,0x064,6,01 FF FF A8 A8 66,1,12.500000,20.650794,0.901099,-1,-1398,-1946
1754829945361,0x064,6,01 FF FF A8 A8 66,1,12.500000,20.650794,0.901099,-1,-1398,-1946
1754829945367,0x064,6,01 FF FF A8 A8 66,1,12.500000,20.650794,0.901099,-1,-1398,-1946
1754829945373,0x064,6,01 FF FF A8 A8 66,1,12.500000,20.650794,0.901099,-1,-1398,-1946
1754829945378,0x064,6,01 FF FF AB 18 3B,1,12.500000,21.888889,0.523077,-1,-1359,-1989
1754829945383,0x064,6,01 FF FF AB 18 3B,1,12.500000,21.888889,0.523077,-1,-1359,-1989
1754829945388,0x064,6,01 FF FF AB 18 3B,1,12.500000,21.888889,0.523077,-1,-1359,-1989
1754829945397,0x064,6,01 FF FF AB 18 3B,1,12.500000,21.888889,0.523077,-1,-1359,-1989
1754829945399,0x064,6,01 FF FF AB 18 3B,1,12.500000,21.888889,0.523077,-1,-1359,-1989
1754829945405,0x064,6,01 FF FF AB 18 3B,1,12.500000,21.888889,0.523077,-1,-1359,-1989
1754829945419,0x064,6,01 FF FF AB 18 3B,1,12.500000,21.888889,0.523077,-1,-1359,-1989
1754829945421,0x064,6,01 FF FF AB 18 3B,1,12.500000,21.888889,0.523077,-1,-1359,-1989
1754829945425,0x064,6,01 FF FF AB 18 3B,1,12.500000,21.888889,0.523077,-1,-1359,-1989
1754829945431,0x064,6,01 FF FF AB 18 3B,1,12.500000,21.888889,0.523077,-1,-1359,-1989
1754829945436,0x064,6,01 FF FF AB 18 3B,1,12.500000,21.888889,0.523077,-1,-1359,-1989
1754829945442,0x064,6,01 FF FF AB 18 3B,1,12.500000,21.888889,0.523077,-1,-1359,-1989
1754829945458,0x064,6,01 FF FF AB 18 3B,1,12.500000,21.888889,0.523077,-1,-1359,-1989
1754829945465,0x064,6,01 FF FF AB 18 3B,1,12.500000,21.888889,0.523077,-1,-1359,-1989
1754829945472,0x064,6,01 FF FF AB 18 3B,1,12.500000,21.888889,0.523077,-1,-1359,-1989
1754829945476,0x064,6,01 FF FF AB 18 3B,1,12.500000,21.888889,0.523077,-1,-1359,-1989
1754829945482,0x064,6,01 FF FF AD 78 28,1,12.500000,23.095238,0.356044,-1,-1321,-2008
1754829945487,0x064,6,01 FF FF AD 78 28,1,12.500000,23.095238,0.356044,-1,-1321,-2008
1754829945492,0x064,6,01 FF FF AD 78 28,1,12.500000,23.095238,0.356044,-1,-1321,-2008
1754829945499,0x064,6,01 FF FF AD 78 28,1,12.500000,23.095238,0.356044,-1,-1321,-2008
1754829945504,0x064,6,01 FF FF AD 78 28,1,12.500000,23.095238,0.356044,-1,-1321,-2008
1754829945515,0x064,6,01 FF FF AD 78 28,1,12.500000,23.095238,0.356044,-1,-1321,-2008
1754829945519,0x064,6,01 FF FF AD 78 28,1,12.500000,23.095238,0.356044,-1,-1321,-2008
1754829945525,0x064,6,01 FF FF AD 78 28,1,12.500000,23.095238,0.356044,-1,-1321,-2008
1754829945530,0x064,6,01 FF FF AD 78 28,1,12.500000,23.095238,0.356044,-1,-1321,-2008
1754829945535,0x064,6,01 FF FF AD 78 28,1,12.500000,23.095238,0.356044,-1,-1321,-2008
1754829945540,0x064,6,01 FF FF AD 78 28,1,12.500000,23.095238,0.356044,-1,-1321,-2008
1754829945552,0x064,6,01 FF FF AD 78 28,1,12.500000,23.095238,0.356044,-1,-1321,-2008
1754829945555,0x064,6,01 FF FF AD 78 28,1,12.500000,23.095238,0.356044,-1,-1321,-2008
1754829945558,0x064,6,01 FF FF AD 78 28,1,12.500000,23.095238,0.356044,-1,-1321,-2008
1754829945571,0x064,6,01 FF FF AD 78 28,1,12.500000,23.095238,0.356044,-1,-1321,-2008
1754829945576,0x064,6,01 FF FF AD 78 28,1,12.500000,23.095238,0.356044,-1,-1321,-2008
1754829945582,0x064,6,01 FF FF AF D8 4D,1,12.500000,24.301587,0.681319,-1,-1283,-1971
1754829945585,0x064,6,01 FF FF AF D8 4D,1,12.500000,24.301587,0.681319,-1,-1283,-1971
1754829945595,0x064,6,01 FF FF AF D8 4D,1,12.500000,24.301587,0.681319,-1,-1283,-1971
1754829945599,0x064,6,01 FF FF AF D8 4D,1,12.500000,24.301587,0.681319,-1,-1283,-1971
1754829945611,0x064,6,01 FF FF AF D8 4D,1,12.500000,24.301587,0.681319,-1,-1283,-1971
1754829945611,0x064,6,01 FF FF AF D8 4D,1,12.500000,24.301587,0.681319,-1,-1283,-1971
1754829945617,0x064,6,01 FF FF AF D8 4D,1,12.500000,24.301587,0.681319,-1,-1283,-1971
1754829945622,0x064,6,01 FF FF AF D8 4D,1,12.500000,24.301587,0.681319,-1,-1283,-1971
1754829945629,0x064,6,01 FF FF AF D8 4D,1,12.500000,24.301587,0.681319,-1,-1283,-1971
1754829945641,0x064,6,01 FF FF AF D8 4D,1,12.500000,24.301587,0.681319,-1,-1283,-1971
1754829945647,0x064,6,01 FF FF AF D8 4D,1,12.500000,24.301587,0.681319,-1,-1283,-1971
1754829945669,0x064,6,01 FF FF AF D8 4D,1,12.500000,24.301587,0.681319,-1,-1283,-1971
1754829945669,0x064,6,01 FF FF AF D8 4D,1,12.500000,24.301587,0.681319,-1,-1283,-1971
1754829945678,0x064,6,01 FF FF AF D8 4D,1,12.500000,24.301587,0.681319,-1,-1283,-1971
1754829945681,0x064,6,01 FF FF AF D8 4D,1,12.500000,24.301587,0.681319,-1,-1283,-1971
1754829945683,0x064,6,01 FF FF B2 78 14,1,12.500000,25.634921,0.180220,-1,-1241,-2028
1754829945685,0x064,6,01 FF FF B2 78 14,1,12.500000,25.634921,0.180220,-1,-1241,-2028
1754829945691,0x064,6,01 FF FF B2 78 14,1,12.500000,25.634921,0.180220,-1,-1241,-2028
1754829945700,0x064,6,01 FF FF B2 78 14,1,12.500000,25.634921,0.180220,-1,-1241,-2028
1754829945701,0x064,6,01 FF FF B2 78 14,1,12.500000,25.634921,0.180220,-1,-1241,-2028
1754829945707,0x064,6,01 FF FF B2 78 14,1,12.500000,25.634921,0.180220,-1,-1241,-2028
1754829945714,0x064,6,01 FF FF B2 78 14,1,12.500000,25.634921,0.180220,-1,-1241,-2028
1754829945729,0x064,6,01 FF FF B2 78 14,1,12.500000,25.634921,0.180220,-1,-1241,-2028
1754829945735,0x064,6,01 FF FF B2 78 14,1,12.500000,25.634921,0.180220,-1,-1241,-2028
1754829945739,0x064,6,01 FF FF B2 78 14,1,12.500000,25.634921,0.180220,-1,-1241,-2028
1754829945747,0x064,6,01 FF FF B2 78 14,1,12.500000,25.634921,0.180220,-1,-1241,-2028
1754829945754,0x064,6,01 FF FF B2 78 14,1,12.500000,25.634921,0.180220,-1,-1241,-2028
1754829945756,0x064,6,01 FF FF B2 78 14,1,12.500000,25.634921,0.180220,-1,-1241,-2028
1754829945760,0x064,6,01 FF FF B2 78 14,1,12.500000,25.634921,0.180220,-1,-1241,-2028
1754829945765,0x064,6,01 FF FF B2 78 14,1,12.500000,25.634921,0.180220,-1,-1241,-2028
1754829945771,0x064,6,01 FF FF B2 78 14,1,12.500000,25.634921,0.180220,-1,-1241,-2028
1754829945776,0x064,6,01 FF FF B2 78 14,1,12.500000,25.634921,0.180220,-1,-1241,-2028
1754829945782,0x064,6,01 FF FF B3 28 09,1,12.500000,25.984127,0.083516,-1,-1230,-2039
1754829945787,0x064,6,01 FF FF B3 28 09,1,12.500000,25.984127,0.083516,-1,-1230,-2039
1754829945796,0x064,6,01 FF FF B3 28 09,1,12.500000,25.984127,0.083516,-1,-1230,-2039
1754829945798,0x064,6,01 FF FF B3 28 09,1,12.500000,25.984127,0.083516,-1,-1230,-2039
1754829945803,0x064,6,01 FF FF B3 28 09,1,12.500000,25.984127,0.083516,-1,-1230,-2039
1754829945809,0x064,6,01 FF FF B3 28 09,1,12.500000,25.984127,0.083516,-1,-1230,-2039
1754829945816,0x064,6,01 FF FF B3 28 09,1,12.500000,25.984127,0.083516,-1,-1230,-2039
1754829945822,0x064,6,01 FF FF B3 28 09,1,12.500000,25.984127,0.083516,-1,-1230,-2039
1754829945826,0x064,6,01 FF FF B3 28 09,1,12.500000,25.984127,0.083516,-1,-1230,-2039
1754829945832,0x064,6,01 FF FF B3 28 09,1,12.500000,25.984127,0.083516,-1,-1230,-2039
1754829945838,0x064,6,01 FF FF B3 28 09,1,12.500000,25.984127,0.083516,-1,-1230,-2039
1754829945843,0x064,6,01 FF FF B3 28 09,1,12.500000,25.984127,0.083516,-1,-1230,-2039
1754829945849,0x064,6,01 FF FF B3 28 09,1,12.500000,25.984127,0.083516,-1,-1230,-2039
1754829945856,0x064,6,01 FF FF B3 28 09,1,12.500000,25.984127,0.083516,-1,-1230,-2039
1754829945861,0x064,6,01 FF FF B3 28 09,1,12.500000,25.984127,0.083516,-1,-1230,-2039
1754829945866,0x064,6,01 FF FF B3 28 09,1,12.500000,25.984127,0.083516,-1,-1230,-2039
1754829945875,0x064,6,01 FF FF B3 28 09,1,12.500000,25.984127,0.083516,-1,-1230,-2039
1754829945882,0x064,6,01 FF FF B5 D8 63,1,12.500000,27.349206,0.874725,-1,-1187,-1949
1754829945887,0x064,6,01 FF FF B5 D8 63,1,12.500000,27.349206,0.874725,-1,-1187,-1949
1754829945898,0x064,6,01 FF FF B5 D8 63,1,12.500000,27.349206,0.874725,-1,-1187,-1949
1754829945898,0x064,6,01 FF FF B5 D8 63,1,12.500000,27.349206,0.874725,-1,-1187,-1949
1754829945904,0x064,6,01 FF FF B5 D8 63,1,12.500000,27.349206,0.874725,-1,-1187,-1949
1754829945909,0x064,6,01 FF FF B5 D8 63,1,12.500000,27.349206,0.874725,-1,-1187,-1949
1754829945915,0x064,6,01 FF FF B5 D8 63,1,12.500000,27.349206,0.874725,-1,-1187,-1949
1754829945920,0x064,6,01 FF FF B5 D8 63,1,12.500000,27.349206,0.874725,-1,-1187,-1949
1754829945926,0x064,6,01 FF FF B5 D8 63,1,12.500000,27.349206,0.874725,-1,-1187,-1949
1754829945931,0x064,6,01 FF FF B5 D8 63,1,12.500000,27.349206,0.874725,-1,-1187,-1949
1754829945939,0x064,6,01 FF FF B5 D8 63,1,12.500000,27.349206,0.874725,-1,-1187,-1949
1754829945942,0x064,6,01 FF FF B5 D8 63,1,12.500000,27.349206,0.874725,-1,-1187,-1949
1754829945948,0x064,6,01 FF FF B5 D8 63,1,12.500000,27.349206,0.874725,-1,-1187,-1949
1754829945952,0x064,6,01 FF FF B5 D8 63,1,12.500000,27.349206,0.874725,-1,-1187,-1949
1754829945959,0x064,6,01 FF FF B5 D8 63,1,12.500000,27.349206,0.874725,-1,-1187,-1949
1754829945964,0x064,6,01 FF FF B5 D8 63,1,12.500000,27.349206,0.874725,-1,-1187,-1949
1754829945970,0x064,6,01 FF FF B5 D8 63,1,12.500000,27.349206,0.874725,-1,-1187,-1949
1754829945981,0x064,6,01 FF FF B5 D8 63,1,12.500000,27.349206,0.874725,-1,-1187,-1949
1754829945989,0x064,6,01 FF FF B7 27 DC,1,12.500000,28.015873,-0.312088,-1,-1166,2012
1754829946012,0x064,6,01 FF FF B7 27 DC,1,12.500000,28.015873,-0.312088,-1,-1166,2012
1754829946033,0x064,6,01 FF FF B7 27 DC,1,12.500000,28.015873,-0.312088,-1,-1166,2012
1754829946037,0x064,6,01 FF FF B7 27 DC,1,12.500000,28.015873,-0.312088,-1,-1166,2012
1754829946046,0x064,6,01 FF FF B7 27 DC,1,12.500000,28.015873,-0.312088,-1,-1166,2012
1754829946050,0x064,6,01 FF FF B7 27 DC,1,12.500000,28.015873,-0.312088,-1,-1166,2012
1754829946051,0x064,6,01 FF FF B7 27 DC,1,12.500000,28.015873,-0.312088,-1,-1166,2012
1754829946052,0x064,6,01 FF FF B7 27 DC,1,12.500000,28.015873,-0.312088,-1,-1166,2012
1754829946052,0x064,6,01 FF FF B7 27 DC,1,12.500000,28.015873,-0.312088,-1,-1166,2012
1754829946060,0x064,6,01 FF FF B7 27 DC,1,12.500000,28.015873,-0.312088,-1,-1166,2012
1754829946073,0x064,6,01 FF FF B7 27 DC,1,12.500000,28.015873,-0.312088,-1,-1166,2012
1754829946073,0x064,6,01 FF FF B7 27 DC,1,12.500000,28.015873,-0.312088,-1,-1166,2012
1754829946075,0x064,6,01 FF FF B7 27 DC,1,12.500000,28.015873,-0.312088,-1,-1166,2012
1754829946082,0x064,6,01 FF FF B8 98 7C,1,12.500000,28.746032,1.094505,-1,-1143,-1924
1754829946085,0x064,6,01 FF FF B8 98 7C,1,12.500000,28.746032,1.094505,-1,-1143,-1924
1754829946094,0x064,6,01 FF FF B8 98 7C,1,12.500000,28.746032,1.094505,-1,-1143,-1924
1754829946098,0x064,6,01 FF FF B8 98 7C,1,12.500000,28.746032,1.094505,-1,-1143,-1924
1754829946110,0x064,6,01 FF FF B8 98 7C,1,12.500000,28.746032,1.094505,-1,-1143,-1924
1754829946111,0x064,6,01 FF FF B8 98 7C,1,12.500000,28.746032,1.094505,-1,-1143,-1924
1754829946116,0x064,6,01 FF FF B8 98 7C,1,12.500000,28.746032,1.094505,-1,-1143,-1924
1754829946123,0x064,6,01 FF FF B8 98 7C,1,12.500000,28.746032,1.094505,-1,-1143,-1924
1754829946129,0x064,6,01 FF FF B8 98 7C,1,12.500000,28.746032,1.094505,-1,-1143,-1924
1754829946134,0x064,6,01 FF FF B8 98 7C,1,12.500000,28.746032,1.094505,-1,-1143,-1924
1754829946140,0x064,6,01 FF FF B8 98 7C,1,12.500000,28.746032,1.094505,-1,-1143,-1924
1754829946146,0x064,6,01 FF FF B8 98 7C,1,12.500000,28.746032,1.094505,-1,-1143,-1924
1754829946151,0x064,6,01 FF FF B8 98 7C,1,12.500000,28.746032,1.094505,-1,-1143,-1924
1754829946157,0x064,6,01 FF FF B8 98 7C,1,12.500000,28.746032,1.094505,-1,-1143,-1924
1754829946162,0x064,6,01 FF FF B8 98 7C,1,12.500000,28.746032,1.094505,-1,-1143,-1924
1754829946169,0x064,6,01 FF FF B8 98 7C,1,12.500000,28.746032,1.094505,-1,-1143,-1924
1754829946175,0x064,6,01 FF FF B8 98 7C,1,12.500000,28.746032,1.094505,-1,-1143,-1924
1754829946185,0x064,6,01 FF FF BA 88 12,1,12.500000,29.730159,0.162637,-1,-1112,-2030
1754829946190,0x064,6,01 FF FF BA 88 12,1,12.500000,29.730159,0.162637,-1,-1112,-2030
1754829946192,0x064,6,01 FF FF BA 88 12,1,12.500000,29.730159,0.162637,-1,-1112,-2030
1754829946199,0x064,6,01 FF FF BA 88 12,1,12.500000,29.730159,0.162637,-1,-1112,-2030
1754829946204,0x064,6,01 FF FF BA 88 12,1,12.500000,29.730159,0.162637,-1,-1112,-2030
1754829946210,0x064,6,01 FF FF BA 88 12,1,12.500000,29.730159,0.162637,-1,-1112,-2030
1754829946216,0x064,6,01 FF FF BA 88 12,1,12.500000,29.730159,0.162637,-1,-1112,-2030
1754829946220,0x064,6,01 FF FF BA 88 12,1,12.500000,29.730159,0.162637,-1,-1112,-2030
1754829946228,0x064,6,01 FF FF BA 88 12,1,12.500000,29.730159,0.162637,-1,-1112,-2030
1754829946231,0x064,6,01 FF FF BA 88 12,1,12.500000,29.730159,0.162637,-1,-1112,-2030
1754829946237,0x064,6,01 FF FF BA 88 12,1,12.500000,29.730159,0.162637,-1,-1112,-2030
1754829946257,0x064,6,01 FF FF BA 88 12,1,12.500000,29.730159,0.162637,-1,-1112,-2030
1754829946258,0x064,6,01 FF FF BA 88 12,1,12.500000,29.730159,0.162637,-1,-1112,-2030
1754829946258,0x064,6,01 FF FF BA 88 12,1,12.500000,29.730159,0.162637,-1,-1112,-2030
1754829946263,0x064,6,01 FF FF BA 88 12,1,12.500000,29.730159,0.162637,-1,-1112,-2030
1754829946273,0x064,6,01 FF FF BA 88 12,1,12.500000,29.730159,0.162637,-1,-1112,-2030
1754829946276,0x064,6,01 FF FF BA 88 12,1,12.500000,29.730159,0.162637,-1,-1112,-2030
1754829946283,0x064,6,01 FF FF BB 57 D2,1,12.500000,30.142857,-0.400000,-1,-1099,2002
1754829946286,0x064,6,01 FF FF BB 57 D2,1,12.500000,30.142857,-0.400000,-1,-1099,2002
1754829946293,0x064,6,01 FF FF BB 57 D2,1,12.500000,30.142857,-0.400000,-1,-1099,2002
1754829946296,0x064,6,01 FF FF BB 57 D2,1,12.500000,30.142857,-0.400000,-1,-1099,2002
1754829946302,0x064,6,01 FF FF BB 57 D2,1,12.500000,30.142857,-0.400000,-1,-1099,2002
1754829946309,0x064,6,01 FF FF BB 57 D2,1,12.500000,30.142857,-0.400000,-1,-1099,2002
1754829946316,0x064,6,01 FF FF BB 57 D2,1,12.500000,30.142857,-0.400000,-1,-1099,2002
1754829946321,0x064,6,01 FF FF BB 57 D2,1,12.500000,30.142857,-0.400000,-1,-1099,2002
1754829946330,0x064,6,01 FF FF BB 57 D2,1,12.500000,30.142857,-0.400000,-1,-1099,2002
1754829946332,0x064,6,01 FF FF BB 57 D2,1,12.500000,30.142857,-0.400000,-1,-1099,2002
1754829946337,0x064,6,01 FF FF BB 57 D2,1,12.500000,30.142857,-0.400000,-1,-1099,2002
1754829946343,0x064,6,01 FF FF BB 57 D2,1,12.500000,30.142857,-0.400000,-1,-1099,2002
1754829946349,0x064,6,01 FF FF BB 57 D2,1,12.500000,30.142857,-0.400000,-1,-1099,2002
1754829946359,0x064,6,01 FF FF BB 57 D2,1,12.500000,30.142857,-0.400000,-1,-1099,2002
1754829946362,0x064,6,01 FF FF BB 57 D2,1,12.500000,30.142857,-0.400000,-1,-1099,2002
1754829946371,0x064,6,01 FF FF BB 57 D2,1,12.500000,30.142857,-0.400000,-1,-1099,2002
1754829946379,0x064,6,01 FF FF BB 57 D2,1,12.500000,30.142857,-0.400000,-1,-1099,2002
1754829946379,0x064,6,01 FF FF BC B8 80,1,12.500000,30.841270,1.129670,-1,-1077,-1920
1754829946385,0x064,6,01 FF FF BC B8 80,1,12.500000,30.841270,1.129670,-1,-1077,-1920
1754829946390,0x064,6,01 FF FF BC B8 80,1,12.500000,30.841270,1.129670,-1,-1077,-1920
1754829946397,0x064,6,01 FF FF BC B8 80,1,12.500000,30.841270,1.129670,-1,-1077,-1920
1754829946401,0x064,6,01 FF FF BC B8 80,1,12.500000,30.841270,1.129670,-1,-1077,-1920
1754829946412,0x064,6,01 FF FF BC B8 80,1,12.500000,30.841270,1.129670,-1,-1077,-1920
1754829946418,0x064,6,01 FF FF BC B8 80,1,12.500000,30.841270,1.129670,-1,-1077,-1920
1754829946420,0x064,6,01 FF FF BC B8 80,1,12.500000,30.841270,1.129670,-1,-1077,-1920
1754829946427,0x064,6,01 FF FF BC B8 80,1,12.500000,30.841270,1.129670,-1,-1077,-1920
1754829946431,0x064,6,01 FF FF BC B8 80,1,12.500000,30.841270,1.129670,-1,-1077,-1920
1754829946436,0x064,6,01 FF FF BC B8 80,1,12.500000,30.841270,1.129670,-1,-1077,-1920
1754829946442,0x064,6,01 FF FF BC B8 80,1,12.500000,30.841270,1.129670,-1,-1077,-1920
1754829946447,0x064,6,01 FF FF BC B8 80,1,12.500000,30.841270,1.129670,-1,-1077,-1920
1754829946453,0x064,6,01 FF FF BC B8 80,1,12.500000,30.841270,1.129670,-1,-1077,-1920
1754829946461,0x064,6,01 FF FF BC B8 80,1,12.500000,30.841270,1.129670,-1,-1077,-1920
1754829946463,0x064,6,01 FF FF BC B8 80,1,12.500000,30.841270,1.129670,-1,-1077,-1920
1754829946472,0x064,6,01 FF FF BC B8 80,1,12.500000,30.841270,1.129670,-1,-1077,-1920
1754829946475,0x064,6,01 FF FF BC B8 80,1,12.500000,30.841270,1.129670,-1,-1077,-1920
1754829946481,0x064,6,01 FF FF BD 08 25,1,12.500000,31.000000,0.329670,-1,-1072,-2011
1754829946487,0x064,6,01 FF FF BD 08 25,1,12.500000,31.000000,0.329670,-1,-1072,-2011
1754829946501,0x064,6,01 FF FF BD 08 25,1,12.500000,31.000000,0.329670,-1,-1072,-2011
1754829946506,0x064,6,01 FF FF BD 08 25,1,12.500000,31.000000,0.329670,-1,-1072,-2011
1754829946511,0x064,6,01 FF FF BD 08 25,1,12.500000,31.000000,0.329670,-1,-1072,-2011
1754829946515,0x064,6,01 FF FF BD 08 25,1,12.500000,31.000000,0.329670,-1,-1072,-2011
1754829946520,0x064,6,01 FF FF BD 08 25,1,12.500000,31.000000,0.329670,-1,-1072,-2011
1754829946529,0x064,6,01 FF FF BD 08 25,1,12.500000,31.000000,0.329670,-1,-1072,-2011
1754829946534,0x064,6,01 FF FF BD 08 25,1,12.500000,31.000000,0.329670,-1,-1072,-2011
1754829946536,0x064,6,01 FF FF BD 08 25,1,12.500000,31.000000,0.329670,-1,-1072,-2011
1754829946541,0x064,6,01 FF FF BD 08 25,1,12.500000,31.000000,0.329670,-1,-1072,-2011
1754829946546,0x064,6,01 FF FF BD 08 25,1,12.500000,31.000000,0.329670,-1,-1072,-2011
1754829946557,0x064,6,01 FF FF BD 08 25,1,12.500000,31.000000,0.329670,-1,-1072,-2011
1754829946568,0x064,6,01 FF FF BD 08 25,1,12.500000,31.000000,0.329670,-1,-1072,-2011
1754829946579,0x064,6,01 FF FF BD 08 25,1,12.500000,31.000000,0.329670,-1,-1072,-2011
1754829946587,0x064,6,01 FF FF BD 08 25,1,12.500000,31.000000,0.329670,-1,-1072,-2011
1754829946599,0x064,6,01 FF FF BE 18 62,1,12.500000,31.539683,0.865934,-1,-1055,-1950
1754829946599,0x064,6,01 FF FF BE 18 62,1,12.500000,31.539683,0.865934,-1,-1055,-1950
1754829946599,0x064,6,01 FF FF BE 18 62,1,12.500000,31.539683,0.865934,-1,-1055,-1950
1754829946602,0x064,6,01 FF FF BE 18 62,1,12.500000,31.539683,0.865934,-1,-1055,-1950
1754829946609,0x064,6,01 FF FF BE 18 62,1,12.500000,31.539683,0.865934,-1,-1055,-1950
1754829946613,0x064,6,01 FF FF BE 18 62,1,12.500000,31.539683,0.865934,-1,-1055,-1950
1754829946617,0x064,6,01 FF FF BE 18 62,1,12.500000,31.539683,0.865934,-1,-1055,-1950
1754829946630,0x064,6,01 FF FF BE 18 62,1,12.500000,31.539683,0.865934,-1,-1055,-1950
1754829946633,0x064,6,01 FF FF BE 18 62,1,12.500000,31.539683,0.865934,-1,-1055,-1950
1754829946636,0x064,6,01 FF FF BE 18 62,1,12.500000,31.539683,0.865934,-1,-1055,-1950
1754829946642,0x064,6,01 FF FF BE 18 62,1,12.500000,31.539683,0.865934,-1,-1055,-1950
1754829946651,0x064,6,01 FF FF BE 18 62,1,12.500000,31.539683,0.865934,-1,-1055,-1950
1754829946665,0x064,6,01 FF FF BE 18 62,1,12.500000,31.539683,0.865934,-1,-1055,-1950
1754829946669,0x064,6,01 FF FF BE 18 62,1,12.500000,31.539683,0.865934,-1,-1055,-1950
1754829946671,0x064,6,01 FF FF BE 18 62,1,12.500000,31.539683,0.865934,-1,-1055,-1950
1754829946675,0x064,6,01 FF FF BE 18 62,1,12.500000,31.539683,0.865934,-1,-1055,-1950
1754829946680,0x064,6,01 FF FF C2 68 36,1,12.500000,33.730159,0.479121,-1,-986,-1994
1754829946686,0x064,6,01 FF FF C2 68 36,1,12.500000,33.730159,0.479121,-1,-986,-1994
1754829946692,0x064,6,01 FF FF C2 68 36,1,12.500000,33.730159,0.479121,-1,-986,-1994
1754829946698,0x064,6,01 FF FF C2 68 36,1,12.500000,33.730159,0.479121,-1,-986,-1994
1754829946715,0x064,6,01 FF FF C2 68 36,1,12.500000,33.730159,0.479121,-1,-986,-1994
1754829946722,0x064,6,01 FF FF C2 68 36,1,12.500000,33.730159,0.479121,-1,-986,-1994
1754829946722,0x064,6,01 FF FF C2 68 36,1,12.500000,33.730159,0.479121,-1,-986,-1994
1754829946723,0x064,6,01 FF FF C2 68 36,1,12.500000,33.730159,0.479121,-1,-986,-1994
1754829946734,0x064,6,01 FF FF C2 68 36,1,12.500000,33.730159,0.479121,-1,-986,-1994
1754829946738,0x064,6,01 FF FF C2 68 36,1,12.500000,33.730159,0.479121,-1,-986,-1994
1754829946744,0x064,6,01 FF FF C2 68 36,1,12.500000,33.730159,0.479121,-1,-986,-1994
1754829946771,0x064,6,01 FF FF C2 68 36,1,12.500000,33.730159,0.479121,-1,-986,-1994
1754829946792,0x064,6,01 FF FF C2 68 36,1,12.500000,33.730159,0.479121,-1,-986,-1994
1754829946821,0x064,6,01 FF FF C2 68 36,1,12.500000,33.730159,0.479121,-1,-986,-1994
1754829946827,0x064,6,01 FF FF C2 68 36,1,12.500000,33.730159,0.479121,-1,-986,-1994
1754829946829,0x064,6,01 FF FF C1 18 00,1,12.500000,33.063492,0.004396,-1,-1007,-2048
1754829946834,0x064,6,01 FF FF C1 18 00,1,12.500000,33.063492,0.004396,-1,-1007,-2048
1754829946835,0x064,6,01 FF FF C1 18 00,1,12.500000,33.063492,0.004396,-1,-1007,-2048
1754829946835,0x064,6,01 FF FF C1 18 00,1,12.500000,33.063492,0.004396,-1,-1007,-2048
1754829946835,0x064,6,01 FF FF C1 18 00,1,12.500000,33.063492,0.004396,-1,-1007,-2048
1754829946835,0x064,6,01 FF FF C1 18 00,1,12.500000,33.063492,0.004396,-1,-1007,-2048
1754829946835,0x064,6,01 FF FF C1 18 00,1,12.500000,33.063492,0.004396,-1,-1007,-2048
1754829946836,0x064,6,01 FF FF C1 18 00,1,12.500000,33.063492,0.004396,-1,-1007,-2048
1754829946841,0x064,6,01 FF FF C1 18 00,1,12.500000,33.063492,0.004396,-1,-1007,-2048
1754829946846,0x064,6,01 FF FF C1 18 00,1,12.500000,33.063492,0.004396,-1,-1007,-2048
1754829946854,0x064,6,01 FF FF C1 18 00,1,12.500000,33.063492,0.004396,-1,-1007,-2048
1754829946858,0x064,6,01 FF FF C1 18 00,1,12.500000,33.063492,0.004396,-1,-1007,-2048
1754829946866,0x064,6,01 FF FF C1 18 00,1,12.500000,33.063492,0.004396,-1,-1007,-2048
1754829946870,0x064,6,01 FF FF C1 18 00,1,12.500000,33.063492,0.004396,-1,-1007,-2048
1754829946878,0x064,6,01 FF FF C1 18 00,1,12.500000,33.063492,0.004396,-1,-1007,-2048
1754829946881,0x064,6,01 FF FF C2 C8 55,1,12.500000,33.920635,0.751648,-1,-980,-1963
1754829946886,0x064,6,01 FF FF C2 C8 55,1,12.500000,33.920635,0.751648,-1,-980,-1963
1754829946892,0x064,6,01 FF FF C2 C8 55,1,12.500000,33.920635,0.751648,-1,-980,-1963
1754829946897,0x064,6,01 FF FF C2 C8 55,1,12.500000,33.920635,0.751648,-1,-980,-1963
1754829946902,0x064,6,01 FF FF C2 C8 55,1,12.500000,33.920635,0.751648,-1,-980,-1963
1754829946907,0x064,6,01 FF FF C2 C8 55,1,12.500000,33.920635,0.751648,-1,-980,-1963
1754829946916,0x064,6,01 FF FF C2 C8 55,1,12.500000,33.920635,0.751648,-1,-980,-1963
1754829946920,0x064,6,01 FF FF C2 C8 55,1,12.500000,33.920635,0.751648,-1,-980,-1963
1754829946926,0x064,6,01 FF FF C2 C8 55,1,12.500000,33.920635,0.751648,-1,-980,-1963
1754829946932,0x064,6,01 FF FF C2 C8 55,1,12.500000,33.920635,0.751648,-1,-980,-1963
1754829946946,0x064,6,01 FF FF C2 C8 55,1,12.500000,33.920635,0.751648,-1,-980,-1963
1754829946958,0x064,6,01 FF FF C2 C8 55,1,12.500000,33.920635,0.751648,-1,-980,-1963
1754829946963,0x064,6,01 FF FF C2 C8 55,1,12.500000,33.920635,0.751648,-1,-980,-1963
1754829946973,0x064,6,01 FF FF C2 C8 55,1,12.500000,33.920635,0.751648,-1,-980,-1963
1754829946984,0x064,6,01 FF FF C2 C8 55,1,12.500000,33.920635,0.751648,-1,-980,-1963
1754829946988,0x064,6,01 FF FF C2 C8 55,1,12.500000,33.920635,0.751648,-1,-980,-1963
1754829947004,0x064,6,01 FF FF C5 68 8B,1,12.500000,35.253968,1.226374,-1,-938,-1909
1754829947004,0x064,6,01 FF FF C5 68 8B,1,12.500000,35.253968,1.226374,-1,-938,-1909
1754829947005,0x064,6,01 FF FF C5 68 8B,1,12.500000,35.253968,1.226374,-1,-938,-1909
1754829947006,0x064,6,01 FF FF C5 68 8B,1,12.500000,35.253968,1.226374,-1,-938,-1909
1754829947020,0x064,6,01 FF FF C5 68 8B,1,12.500000,35.253968,1.226374,-1,-938,-1909
1754829947031,0x064,6,01 FF FF C5 68 8B,1,12.500000,35.253968,1.226374,-1,-938,-1909
1754829947031,0x064,6,01 FF FF C5 68 8B,1,12.500000,35.253968,1.226374,-1,-938,-1909
1754829947032,0x064,6,01 FF FF C5 68 8B,1,12.500000,35.253968,1.226374,-1,-938,-1909
1754829947037,0x064,6,01 FF FF C5 68 8B,1,12.500000,35.253968,1.226374,-1,-938,-1909
1754829947042,0x064,6,01 FF FF C5 68 8B,1,12.500000,35.253968,1.226374,-1,-938,-1909
1754829947049,0x064,6,01 FF FF C5 68 8B,1,12.500000,35.253968,1.226374,-1,-938,-1909
1754829947053,0x064,6,01 FF FF C5 68 8B,1,12.500000,35.253968,1.226374,-1,-938,-1909
1754829947065,0x064,6,01 FF FF C5 68 8B,1,12.500000,35.253968,1.226374,-1,-938,-1909
1754829947066,0x064,6,01 FF FF C5 68 8B,1,12.500000,35.253968,1.226374,-1,-938,-1909
1754829947072,0x064,6,01 FF FF C5 68 8B,1,12.500000,35.253968,1.226374,-1,-938,-1909
1754829947085,0x064,6,01 FF FF C5 68 8B,1,12.500000,35.253968,1.226374,-1,-938,-1909
1754829947112,0x064,6,01 FF FF C4 38 20,1,12.500000,34.650794,0.285714,-1,-957,-2016
1754829947117,0x064,6,01 FF FF C4 38 20,1,12.500000,34.650794,0.285714,-1,-957,-2016
1754829947119,0x064,6,01 FF FF C4 38 20,1,12.500000,34.650794,0.285714,-1,-957,-2016
1754829947123,0x064,6,01 FF FF C4 38 20,1,12.500000,34.650794,0.285714,-1,-957,-2016
1754829947128,0x064,6,01 FF FF C4 38 20,1,12.500000,34.650794,0.285714,-1,-957,-2016
1754829947147,0x064,6,01 FF FF C4 38 20,1,12.500000,34.650794,0.285714,-1,-957,-2016
1754829947155,0x064,6,01 FF FF C4 38 20,1,12.500000,34.650794,0.285714,-1,-957,-2016
1754829947156,0x064,6,01 FF FF C4 38 20,1,12.500000,34.650794,0.285714,-1,-957,-2016
1754829947157,0x064,6,01 FF FF C4 38 20,1,12.500000,34.650794,0.285714,-1,-957,-2016
1754829947159,0x064,6,01 FF FF C4 38 20,1,12.500000,34.650794,0.285714,-1,-957,-2016
1754829947163,0x064,6,01 FF FF C4 38 20,1,12.500000,34.650794,0.285714,-1,-957,-2016
1754829947168,0x064,6,01 FF FF C4 38 20,1,12.500000,34.650794,0.285714,-1,-957,-2016
1754829947174,0x064,6,01 FF FF C4 38 20,1,12.500000,34.650794,0.285714,-1,-957,-2016
1754829947187,0x064,6,01 FF FF C5 A7 A4,1,12.500000,35.380952,-0.804396,-1,-934,1956
1754829947202,0x064,6,01 FF FF C5 A7 A4,1,12.500000,35.380952,-0.804396,-1,-934,1956
1754829947205,0x064,6,01 FF FF C5 A7 A4,1,12.500000,35.380952,-0.804396,-1,-934,1956
1754829947214,0x064,6,01 FF FF C5 A7 A4,1,12.500000,35.380952,-0.804396,-1,-934,1956
1754829947216,0x064,6,01 FF FF C5 A7 A4,1,12.500000,35.380952,-0.804396,-1,-934,1956
1754829947219,0x064,6,01 FF FF C5 A7 A4,1,12.500000,35.380952,-0.804396,-1,-934,1956
1754829947226,0x064,6,01 FF FF C5 A7 A4,1,12.500000,35.380952,-0.804396,-1,-934,1956
1754829947229,0x064,6,01 FF FF C5 A7 A4,1,12.500000,35.380952,-0.804396,-1,-934,1956
1754829947235,0x064,6,01 FF FF C5 A7 A4,1,12.500000,35.380952,-0.804396,-1,-934,1956
1754829947240,0x064,6,01 FF FF C5 A7 A4,1,12.500000,35.380952,-0.804396,-1,-934,1956
1754829947246,0x064,6,01 FF FF C5 A7 A4,1,12.500000,35.380952,-0.804396,-1,-934,1956
1754829947251,0x064,6,01 FF FF C5 A7 A4,1,12.500000,35.380952,-0.804396,-1,-934,1956
1754829947256,0x064,6,01 FF FF C5 A7 A4,1,12.500000,35.380952,-0.804396,-1,-934,1956
1754829947262,0x064,6,01 FF FF C5 A7 A4,1,12.500000,35.380952,-0.804396,-1,-934,1956
1754829947267,0x064,6,01 FF FF C5 A7 A4,1,12.500000,35.380952,-0.804396,-1,-934,1956
1754829947272,0x064,6,01 FF FF C5 A7 A4,1,12.500000,35.380952,-0.804396,-1,-934,1956
1754829947284,0x064,6,01 FF FF C4 48 40,1,12.500000,34.682540,0.567033,-1,-956,-1984
1754829947291,0x064,6,01 FF FF C4 48 40,1,12.500000,34.682540,0.567033,-1,-956,-1984
1754829947304,0x064,6,01 FF FF C4 48 40,1,12.500000,34.682540,0.567033,-1,-956,-1984
1754829947306,0x064,6,01 FF FF C4 48 40,1,12.500000,34.682540,0.567033,-1,-956,-1984
1754829947313,0x064,6,01 FF FF C4 48 40,1,12.500000,34.682540,0.567033,-1,-956,-1984
1754829947318,0x064,6,01 FF FF C4 48 40,1,12.500000,34.682540,0.567033,-1,-956,-1984
1754829947324,0x064,6,01 FF FF C4 48 40,1,12.500000,34.682540,0.567033,-1,-956,-1984
1754829947329,0x064,6,01 FF FF C4 48 40,1,12.500000,34.682540,0.567033,-1,-956,-1984
1754829947339,0x064,6,01 FF FF C4 48 40,1,12.500000,34.682540,0.567033,-1,-956,-1984
1754829947349,0x064,6,01 FF FF C4 48 40,1,12.500000,34.682540,0.567033,-1,-956,-1984
1754829947361,0x064,6,01 FF FF C4 48 40,1,12.500000,34.682540,0.567033,-1,-956,-1984
1754829947370,0x064,6,01 FF FF C4 48 40,1,12.500000,34.682540,0.567033,-1,-956,-1984
1754829947370,0x064,6,01 FF FF C4 48 40,1,12.500000,34.682540,0.567033,-1,-956,-1984
1754829947372,0x064,6,01 FF FF C4 48 40,1,12.500000,34.682540,0.567033,-1,-956,-1984
1754829947377,0x064,6,01 FF FF C4 48 40,1,12.500000,34.682540,0.567033,-1,-956,-1984
1754829947384,0x064,6,01 FF FF C4 E8 4A,1,12.500000,35.000000,0.654945,-1,-946,-1974
1754829947390,0x064,6,01 FF FF C4 E8 4A,1,12.500000,35.000000,0.654945,-1,-946,-1974
1754829947399,0x064,6,01 FF FF C4 E8 4A,1,12.500000,35.000000,0.654945,-1,-946,-1974
1754829947404,0x064,6,01 FF FF C4 E8 4A,1,12.500000,35.000000,0.654945,-1,-946,-1974
1754829947410,0x064,6,01 FF FF C4 E8 4A,1,12.500000,35.000000,0.654945,-1,-946,-1974
1754829947419,0x064,6,01 FF FF C4 E8 4A,1,12.500000,35.000000,0.654945,-1,-946,-1974
1754829947422,0x064,6,01 FF FF C4 E8 4A,1,12.500000,35.000000,0.654945,-1,-946,-1974
1754829947430,0x064,6,01 FF FF C4 E8 4A,1,12.500000,35.000000,0.654945,-1,-946,-1974
1754829947432,0x064,6,01 FF FF C4 E8 4A,1,12.500000,35.000000,0.654945,-1,-946,-1974
1754829947438,0x064,6,01 FF FF C4 E8 4A,1,12.500000,35.000000,0.654945,-1,-946,-1974
1754829947446,0x064,6,01 FF FF C4 E8 4A,1,12.500000,35.000000,0.654945,-1,-946,-1974
1754829947454,0x064,6,01 FF FF C4 E8 4A,1,12.500000,35.000000,0.654945,-1,-946,-1974
1754829947457,0x064,6,01 FF FF C4 E8 4A,1,12.500000,35.000000,0.654945,-1,-946,-1974
1754829947467,0x064,6,01 FF FF C4 E8 4A,1,12.500000,35.000000,0.654945,-1,-946,-1974
1754829947467,0x064,6,01 FF FF C4 E8 4A,1,12.500000,35.000000,0.654945,-1,-946,-1974
1754829947474,0x064,6,01 FF FF C4 E8 4A,1,12.500000,35.000000,0.654945,-1,-946,-1974
1754829947478,0x064,6,01 FF FF C4 E8 4A,1,12.500000,35.000000,0.654945,-1,-946,-1974
1754829947484,0x064,6,01 FF FF C8 E7 A0,1,12.500000,37.031746,-0.839560,-1,-882,1952
1754829947489,0x064,6,01 FF FF C8 E7 A0,1,12.500000,37.031746,-0.839560,-1,-882,1952
1754829947494,0x064,6,01 FF FF C8 E7 A0,1,12.500000,37.031746,-0.839560,-1,-882,1952
1754829947511,0x064,6,01 FF FF C8 E7 A0,1,12.500000,37.031746,-0.839560,-1,-882,1952
1754829947512,0x064,6,01 FF FF C8 E7 A0,1,12.500000,37.031746,-0.839560,-1,-882,1952
1754829947513,0x064,6,01 FF FF C8 E7 A0,1,12.500000,37.031746,-0.839560,-1,-882,1952
1754829947525,0x064,6,01 FF FF C8 E7 A0,1,12.500000,37.031746,-0.839560,-1,-882,1952
1754829947528,0x064,6,01 FF FF C8 E7 A0,1,12.500000,37.031746,-0.839560,-1,-882,1952
1754829947533,0x064,6,01 FF FF C8 E7 A0,1,12.500000,37.031746,-0.839560,-1,-882,1952
1754829947539,0x064,6,01 FF FF C8 E7 A0,1,12.500000,37.031746,-0.839560,-1,-882,1952
1754829947544,0x064,6,01 FF FF C8 E7 A0,1,12.500000,37.031746,-0.839560,-1,-882,1952
1754829947549,0x064,6,01 FF FF C8 E7 A0,1,12.500000,37.031746,-0.839560,-1,-882,1952
1754829947556,0x064,6,01 FF FF C8 E7 A0,1,12.500000,37.031746,-0.839560,-1,-882,1952
1754829947564,0x064,6,01 FF FF C8 E7 A0,1,12.500000,37.031746,-0.839560,-1,-882,1952
1754829947568,0x064,6,01 FF FF C8 E7 A0,1,12.500000,37.031746,-0.839560,-1,-882,1952
1754829947576,0x064,6,01 FF FF C8 E7 A0,1,12.500000,37.031746,-0.839560,-1,-882,1952
1754829947581,0x064,6,01 FF FF C6 98 07,1,12.500000,35.857143,0.065934,-1,-919,-2041
1754829947587,0x064,6,01 FF FF C6 98 07,1,12.500000,35.857143,0.065934,-1,-919,-2041
1754829947598,0x064,6,01 FF FF C6 98 07,1,12.500000,35.857143,0.065934,-1,-919,-2041
1754829947605,0x064,6,01 FF FF C6 98 07,1,12.500000,35.857143,0.065934,-1,-919,-2041
1754829947606,0x064,6,01 FF FF C6 98 07,1,12.500000,35.857143,0.065934,-1,-919,-2041
1754829947611,0x064,6,01 FF FF C6 98 07,1,12.500000,35.857143,0.065934,-1,-919,-2041
1754829947617,0x064,6,01 FF FF C6 98 07,1,12.500000,35.857143,0.065934,-1,-919,-2041
1754829947622,0x064,6,01 FF FF C6 98 07,1,12.500000,35.857143,0.065934,-1,-919,-2041
1754829947628,0x064,6,01 FF FF C6 98 07,1,12.500000,35.857143,0.065934,-1,-919,-2041
1754829947633,0x064,6,01 FF FF C6 98 07,1,12.500000,35.857143,0.065934,-1,-919,-2041
1754829947638,0x064,6,01 FF FF C6 98 07,1,12.500000,35.857143,0.065934,-1,-919,-2041
1754829947644,0x064,6,01 FF FF C6 98 07,1,12.500000,35.857143,0.065934,-1,-919,-2041
1754829947649,0x064,6,01 FF FF C6 98 07,1,12.500000,35.857143,0.065934,-1,-919,-2041
1754829947656,0x064,6,01 FF FF C6 98 07,1,12.500000,35.857143,0.065934,-1,-919,-2041
1754829947666,0x064,6,01 FF FF C6 98 07,1,12.500000,35.857143,0.065934,-1,-919,-2041
1754829947672,0x064,6,01 FF FF C6 98 07,1,12.500000,35.857143,0.065934,-1,-919,-2041
1754829947679,0x064,6,01 FF FF C6 98 07,1,12.500000,35.857143,0.065934,-1,-919,-2041
1754829947687,0x064,6,01 FF FF C5 C8 08,1,12.500000,35.444444,0.074725,-1,-932,-2040
1754829947690,0x064,6,01 FF FF C5 C8 08,1,12.500000,35.444444,0.074725,-1,-932,-2040
1754829947695,0x064,6,01 FF FF C5 C8 08,1,12.500000,35.444444,0.074725,-1,-932,-2040
1754829947700,0x064,6,01 FF FF C5 C8 08,1,12.500000,35.444444,0.074725,-1,-932,-2040
1754829947705,0x064,6,01 FF FF C5 C8 08,1,12.500000,35.444444,0.074725,-1,-932,-2040
1754829947711,0x064,6,01 FF FF C5 C8 08,1,12.500000,35.444444,0.074725,-1,-932,-2040
1754829947716,0x064,6,01 FF FF C5 C8 08,1,12.500000,35.444444,0.074725,-1,-932,-2040
1754829947721,0x064,6,01 FF FF C5 C8 08,1,12.500000,35.444444,0.074725,-1,-932,-2040
1754829947733,0x064,6,01 FF FF C5 C8 08,1,12.500000,35.444444,0.074725,-1,-932,-2040
1754829947737,0x064,6,01 FF FF C5 C8 08,1,12.500000,35.444444,0.074725,-1,-932,-2040
1754829947744,0x064,6,01 FF FF C5 C8 08,1,12.500000,35.444444,0.074725,-1,-932,-2040
1754829947753,0x064,6,01 FF FF C5 C8 08,1,12.500000,35.444444,0.074725,-1,-932,-2040
1754829947754,0x064,6,01 FF FF C5 C8 08,1,12.500000,35.444444,0.074725,-1,-932,-2040
1754829947759,0x064,6,01 FF FF C5 C8 08,1,12.500000,35.444444,0.074725,-1,-932,-2040
1754829947765,0x064,6,01 FF FF C5 C8 08,1,12.500000,35.444444,0.074725,-1,-932,-2040
1754829947771,0x064,6,01 FF FF C5 C8 08,1,12.500000,35.444444,0.074725,-1,-932,-2040
1754829947778,0x064,6,01 FF FF C5 C8 08,1,12.500000,35.444444,0.074725,-1,-932,-2040
1754829947791,0x064,6,01 FF FF C6 98 1E,1,12.500000,35.857143,0.268132,-1,-919,-2018
1754829947804,0x064,6,01 FF FF C6 98 1E,1,12.500000,35.857143,0.268132,-1,-919,-2018
1754829947807,0x064,6,01 FF FF C6 98 1E,1,12.500000,35.857143,0.268132,-1,-919,-2018
1754829947814,0x064,6,01 FF FF C6 98 1E,1,12.500000,35.857143,0.268132,-1,-919,-2018
1754829947828,0x064,6,01 FF FF C6 98 1E,1,12.500000,35.857143,0.268132,-1,-919,-2018
1754829947844,0x064,6,01 FF FF C6 98 1E,1,12.500000,35.857143,0.268132,-1,-919,-2018
1754829947853,0x064,6,01 FF FF C6 98 1E,1,12.500000,35.857143,0.268132,-1,-919,-2018
1754829947862,0x064,6,01 FF FF C6 98 1E,1,12.500000,35.857143,0.268132,-1,-919,-2018
1754829947870,0x064,6,01 FF FF C6 98 1E,1,12.500000,35.857143,0.268132,-1,-919,-2018
1754829947871,0x064,6,01 FF FF C6 98 1E,1,12.500000,35.857143,0.268132,-1,-919,-2018
1754829947871,0x064,6,01 FF FF C6 98 1E,1,12.500000,35.857143,0.268132,-1,-919,-2018
1754829947871,0x064,6,01 FF FF C6 98 1E,1,12.500000,35.857143,0.268132,-1,-919,-2018
1754829947884,0x064,6,01 FF FF C6 98 1E,1,12.500000,35.857143,0.268132,-1,-919,-2018
1754829947899,0x064,6,01 FF FF C8 68 10,1,12.500000,36.777778,0.145055,-1,-890,-2032
1754829947900,0x064,6,01 FF FF C8 68 10,1,12.500000,36.777778,0.145055,-1,-890,-2032
1754829947910,0x064,6,01 FF FF C8 68 10,1,12.500000,36.777778,0.145055,-1,-890,-2032
1754829947916,0x064,6,01 FF FF C8 68 10,1,12.500000,36.777778,0.145055,-1,-890,-2032
1754829947920,0x064,6,01 FF FF C8 68 10,1,12.500000,36.777778,0.145055,-1,-890,-2032
1754829947926,0x064,6,01 FF FF C8 68 10,1,12.500000,36.777778,0.145055,-1,-890,-2032
1754829947931,0x064,6,01 FF FF C8 68 10,1,12.500000,36.777778,0.145055,-1,-890,-2032
1754829947937,0x064,6,01 FF FF C8 68 10,1,12.500000,36.777778,0.145055,-1,-890,-2032
1754829947955,0x064,6,01 FF FF C8 68 10,1,12.500000,36.777778,0.145055,-1,-890,-2032
1754829947978,0x064,6,01 FF FF C8 68 10,1,12.500000,36.777778,0.145055,-1,-890,-2032
1754829947978,0x064,6,01 FF FF C8 68 10,1,12.500000,36.777778,0.145055,-1,-890,-2032
1754829947978,0x064,6,01 FF FF C8 68 10,1,12.500000,36.777778,0.145055,-1,-890,-2032
1754829947978,0x064,6,01 FF FF C8 68 10,1,12.500000,36.777778,0.145055,-1,-890,-2032
1754829947980,0x064,6,01 FF FF C5 48 2C,1,12.500000,35.190476,0.391209,-1,-940,-2004
1754829947990,0x064,6,01 FF FF C5 48 2C,1,12.500000,35.190476,0.391209,-1,-940,-2004
1754829947998,0x064,6,01 FF FF C5 48 2C,1,12.500000,35.190476,0.391209,-1,-940,-2004
1754829947999,0x064,6,01 FF FF C5 48 2C,1,12.500000,35.190476,0.391209,-1,-940,-2004
1754829948005,0x064,6,01 FF FF C5 48 2C,1,12.500000,35.190476,0.391209,-1,-940,-2004
1754829948010,0x064,6,01 FF FF C5 48 2C,1,12.500000,35.190476,0.391209,-1,-940,-2004
1754829948015,0x064,6,01 FF FF C5 48 2C,1,12.500000,35.190476,0.391209,-1,-940,-2004
1754829948021,0x064,6,01 FF FF C5 48 2C,1,12.500000,35.190476,0.391209,-1,-940,-2004
1754829948027,0x064,6,01 FF FF C5 48 2C,1,12.500000,35.190476,0.391209,-1,-940,-2004
1754829948032,0x064,6,01 FF FF C5 48 2C,1,12.500000,35.190476,0.391209,-1,-940,-2004
1754829948037,0x064,6,01 FF FF C5 48 2C,1,12.500000,35.190476,0.391209,-1,-940,-2004
1754829948046,0x064,6,01 FF FF C5 48 2C,1,12.500000,35.190476,0.391209,-1,-940,-2004
1754829948048,0x064,6,01 FF FF C5 48 2C,1,12.500000,35.190476,0.391209,-1,-940,-2004
1754829948053,0x064,6,01 FF FF C5 48 2C,1,12.500000,35.190476,0.391209,-1,-940,-2004
1754829948059,0x064,6,01 FF FF C5 48 2C,1,12.500000,35.190476,0.391209,-1,-940,-2004
1754829948068,0x064,6,01 FF FF C5 48 2C,1,12.500000,35.190476,0.391209,-1,-940,-2004
1754829948074,0x064,6,01 FF FF C5 48 2C,1,12.500000,35.190476,0.391209,-1,-940,-2004
1754829948076,0x064,6,01 FF FF C5 48 2C,1,12.500000,35.190476,0.391209,-1,-940,-2004
1754829948082,0x064,6,01 FF FF C6 E7 ED,1,12.500000,36.015873,-0.162637,-1,-914,2029
1754829948098,0x064,6,01 FF FF C6 E7 ED,1,12.500000,36.015873,-0.162637,-1,-914,2029
1754829948102,0x064,6,01 FF FF C6 E7 ED,1,12.500000,36.015873,-0.162637,-1,-914,2029
1754829948104,0x064,6,01 FF FF C6 E7 ED,1,12.500000,36.015873,-0.162637,-1,-914,2029
1754829948113,0x064,6,01 FF FF C6 E7 ED,1,12.500000,36.015873,-0.162637,-1,-914,2029
1754829948115,0x064,6,01 FF FF C6 E7 ED,1,12.500000,36.015873,-0.162637,-1,-914,2029
1754829948120,0x064,6,01 FF FF C6 E7 ED,1,12.500000,36.015873,-0.162637,-1,-914,2029
1754829948127,0x064,6,01 FF FF C6 E7 ED,1,12.500000,36.015873,-0.162637,-1,-914,2029
1754829948131,0x064,6,01 FF FF C6 E7 ED,1,12.500000,36.015873,-0.162637,-1,-914,2029
1754829948137,0x064,6,01 FF FF C6 E7 ED,1,12.500000,36.015873,-0.162637,-1,-914,2029
1754829948142,0x064,6,01 FF FF C6 E7 ED,1,12.500000,36.015873,-0.162637,-1,-914,2029
1754829948148,0x064,6,01 FF FF C6 E7 ED,1,12.500000,36.015873,-0.162637,-1,-914,2029
1754829948153,0x064,6,01 FF FF C6 E7 ED,1,12.500000,36.015873,-0.162637,-1,-914,2029
1754829948159,0x064,6,01 FF FF C6 E7 ED,1,12.500000,36.015873,-0.162637,-1,-914,2029
1754829948164,0x064,6,01 FF FF C6 E7 ED,1,12.500000,36.015873,-0.162637,-1,-914,2029
1754829948172,0x064,6,01 FF FF C6 E7 ED,1,12.500000,36.015873,-0.162637,-1,-914,2029
1754829948176,0x064,6,01 FF FF C6 E7 ED,1,12.500000,36.015873,-0.162637,-1,-914,2029
1754829948184,0x064,6,01 FF FF C6 08 2B,1,12.500000,35.571429,0.382418,-1,-928,-2005
1754829948190,0x064,6,01 FF FF C6 08 2B,1,12.500000,35.571429,0.382418,-1,-928,-2005
1754829948201,0x064,6,01 FF FF C6 08 2B,1,12.500000,35.571429,0.382418,-1,-928,-2005
1754829948202,0x064,6,01 FF FF C6 08 2B,1,12.500000,35.571429,0.382418,-1,-928,-2005
1754829948208,0x064,6,01 FF FF C6 08 2B,1,12.500000,35.571429,0.382418,-1,-928,-2005
1754829948220,0x064,6,01 FF FF C6 08 2B,1,12.500000,35.571429,0.382418,-1,-928,-2005
1754829948222,0x064,6,01 FF FF C6 08 2B,1,12.500000,35.571429,0.382418,-1,-928,-2005
1754829948232,0x064,6,01 FF FF C6 08 2B,1,12.500000,35.571429,0.382418,-1,-928,-2005
1754829948235,0x064,6,01 FF FF C6 08 2B,1,12.500000,35.571429,0.382418,-1,-928,-2005
1754829948240,0x064,6,01 FF FF C6 08 2B,1,12.500000,35.571429,0.382418,-1,-928,-2005
1754829948248,0x064,6,01 FF FF C6 08 2B,1,12.500000,35.571429,0.382418,-1,-928,-2005
1754829948251,0x064,6,01 FF FF C6 08 2B,1,12.500000,35.571429,0.382418,-1,-928,-2005
1754829948257,0x064,6,01 FF FF C6 08 2B,1,12.500000,35.571429,0.382418,-1,-928,-2005
1754829948262,0x064,6,01 FF FF C6 08 2B,1,12.500000,35.571429,0.382418,-1,-928,-2005
1754829948272,0x064,6,01 FF FF C6 08 2B,1,12.500000,35.571429,0.382418,-1,-928,-2005
1754829948278,0x064,6,01 FF FF C6 08 2B,1,12.500000,35.571429,0.382418,-1,-928,-2005
1754829948281,0x064,6,01 FF FF C4 27 BA,1,12.500000,34.619048,-0.610989,-1,-958,1978
1754829948289,0x064,6,01 FF FF C4 27 BA,1,12.500000,34.619048,-0.610989,-1,-958,1978
1754829948292,0x064,6,01 FF FF C4 27 BA,1,12.500000,34.619048,-0.610989,-1,-958,1978
1754829948297,0x064,6,01 FF FF C4 27 BA,1,12.500000,34.619048,-0.610989,-1,-958,1978
1754829948302,0x064,6,01 FF FF C4 27 BA,1,12.500000,34.619048,-0.610989,-1,-958,1978
1754829948312,0x064,6,01 FF FF C4 27 BA,1,12.500000,34.619048,-0.610989,-1,-958,1978
1754829948315,0x064,6,01 FF FF C4 27 BA,1,12.500000,34.619048,-0.610989,-1,-958,1978
1754829948325,0x064,6,01 FF FF C4 27 BA,1,12.500000,34.619048,-0.610989,-1,-958,1978
1754829948332,0x064,6,01 FF FF C4 27 BA,1,12.500000,34.619048,-0.610989,-1,-958,1978
1754829948337,0x064,6,01 FF FF C4 27 BA,1,12.500000,34.619048,-0.610989,-1,-958,1978
1754829948350,0x064,6,01 FF FF C4 27 BA,1,12.500000,34.619048,-0.610989,-1,-958,1978
1754829948359,0x064,6,01 FF FF C4 27 BA,1,12.500000,34.619048,-0.610989,-1,-958,1978
1754829948363,0x064,6,01 FF FF C4 27 BA,1,12.500000,34.619048,-0.610989,-1,-958,1978
1754829948368,0x064,6,01 FF FF C4 27 BA,1,12.500000,34.619048,-0.610989,-1,-958,1978
1754829948374,0x064,6,01 FF FF C4 27 BA,1,12.500000,34.619048,-0.610989,-1,-958,1978
1754829948385,0x064,6,01 FF FF C4 27 BA,1,12.500000,34.619048,-0.610989,-1,-958,1978
1754829948391,0x064,6,01 FF FF C5 07 E1,1,12.500000,35.063492,-0.268132,-1,-944,2017
1754829948393,0x064,6,01 FF FF C5 07 E1,1,12.500000,35.063492,-0.268132,-1,-944,2017
1754829948401,0x064,6,01 FF FF C5 07 E1,1,12.500000,35.063492,-0.268132,-1,-944,2017
1754829948403,0x064,6,01 FF FF C5 07 E1,1,12.500000,35.063492,-0.268132,-1,-944,2017
1754829948416,0x064,6,01 FF FF C5 07 E1,1,12.500000,35.063492,-0.268132,-1,-944,2017
1754829948424,0x064,6,01 FF FF C5 07 E1,1,12.500000,35.063492,-0.268132,-1,-944,2017
1754829948424,0x064,6,01 FF FF C5 07 E1,1,12.500000,35.063492,-0.268132,-1,-944,2017
1754829948426,0x064,6,01 FF FF C5 07 E1,1,12.500000,35.063492,-0.268132,-1,-944,2017
1754829948432,0x064,6,01 FF FF C5 07 E1,1,12.500000,35.063492,-0.268132,-1,-944,2017
1754829948443,0x064,6,01 FF FF C5 07 E1,1,12.500000,35.063492,-0.268132,-1,-944,2017
1754829948449,0x064,6,01 FF FF C5 07 E1,1,12.500000,35.063492,-0.268132,-1,-944,2017
1754829948452,0x064,6,01 FF FF C5 07 E1,1,12.500000,35.063492,-0.268132,-1,-944,2017
1754829948457,0x064,6,01 FF FF C5 07 E1,1,12.500000,35.063492,-0.268132,-1,-944,2017
1754829948463,0x064,6,01 FF FF C5 07 E1,1,12.500000,35.063492,-0.268132,-1,-944,2017
1754829948470,0x064,6,01 FF FF C5 07 E1,1,12.500000,35.063492,-0.268132,-1,-944,2017
1754829948477,0x064,6,01 FF FF C5 07 E1,1,12.500000,35.063492,-0.268132,-1,-944,2017
1754829948480,0x064,6,01 FF FF C5 17 E5,1,12.500000,35.095238,-0.232967,-1,-943,2021
1754829948488,0x064,6,01 FF FF C5 17 E5,1,12.500000,35.095238,-0.232967,-1,-943,2021
1754829948492,0x064,6,01 FF FF C5 17 E5,1,12.500000,35.095238,-0.232967,-1,-943,2021
1754829948497,0x064,6,01 FF FF C5 17 E5,1,12.500000,35.095238,-0.232967,-1,-943,2021
1754829948502,0x064,6,01 FF FF C5 17 E5,1,12.500000,35.095238,-0.232967,-1,-943,2021
1754829948507,0x064,6,01 FF FF C5 17 E5,1,12.500000,35.095238,-0.232967,-1,-943,2021
1754829948512,0x064,6,01 FF FF C5 17 E5,1,12.500000,35.095238,-0.232967,-1,-943,2021
1754829948519,0x064,6,01 FF FF C5 17 E5,1,12.500000,35.095238,-0.232967,-1,-943,2021
1754829948526,0x064,6,01 FF FF C5 17 E5,1,12.500000,35.095238,-0.232967,-1,-943,2021
1754829948534,0x064,6,01 FF FF C5 17 E5,1,12.500000,35.095238,-0.232967,-1,-943,2021
1754829948536,0x064,6,01 FF FF C5 17 E5,1,12.500000,35.095238,-0.232967,-1,-943,2021
1754829948542,0x064,6,01 FF FF C5 17 E5,1,12.500000,35.095238,-0.232967,-1,-943,2021
1754829948548,0x064,6,01 FF FF C5 17 E5,1,12.500000,35.095238,-0.232967,-1,-943,2021
1754829948552,0x064,6,01 FF FF C5 17 E5,1,12.500000,35.095238,-0.232967,-1,-943,2021
1754829948558,0x064,6,01 FF FF C5 17 E5,1,12.500000,35.095238,-0.232967,-1,-943,2021
1754829948571,0x064,6,01 FF FF C5 17 E5,1,12.500000,35.095238,-0.232967,-1,-943,2021
1754829948578,0x064,6,01 FF FF C5 17 E5,1,12.500000,35.095238,-0.232967,-1,-943,2021
1754829948603,0x064,6,01 FF FF C3 47 A6,1,12.500000,34.174603,-0.786813,-1,-972,1958
1754829948605,0x064,6,01 FF FF C3 47 A6,1,12.500000,34.174603,-0.786813,-1,-972,1958
1754829948611,0x064,6,01 FF FF C3 47 A6,1,12.500000,34.174603,-0.786813,-1,-972,1958
1754829948612,0x064,6,01 FF FF C3 47 A6,1,12.500000,34.174603,-0.786813,-1,-972,1958
1754829948619,0x064,6,01 FF FF C3 47 A6,1,12.500000,34.174603,-0.786813,-1,-972,1958
1754829948626,0x064,6,01 FF FF C3 47 A6,1,12.500000,34.174603,-0.786813,-1,-972,1958
1754829948638,0x064,6,01 FF FF C3 47 A6,1,12.500000,34.174603,-0.786813,-1,-972,1958
1754829948638,0x064,6,01 FF FF C3 47 A6,1,12.500000,34.174603,-0.786813,-1,-972,1958
1754829948641,0x064,6,01 FF FF C3 47 A6,1,12.500000,34.174603,-0.786813,-1,-972,1958
1754830214633,0x064,6,01 FF FF 80 07 D8,1,12.500000,0.015873,-0.347253,-1,-2048,2008
1754830214633,0x064,6,01 FF FF 80 08 37,1,12.500000,0.015873,0.487912,-1,-2048,-1993
1754830214633,0x064,6,01 FF FF 80 08 37,1,12.500000,0.015873,0.487912,-1,-2048,-1993
1754830214638,0x064,6,01 FF FF 80 08 37,1,12.500000,0.015873,0.487912,-1,-2048,-1993
1754830214644,0x064,6,01 FF FF 80 08 37,1,12.500000,0.015873,0.487912,-1,-2048,-1993
1754830214650,0x064,6,01 FF FF 80 08 37,1,12.500000,0.015873,0.487912,-1,-2048,-1993
1754830214658,0x064,6,01 FF FF 80 07 EF,1,12.500000,0.015873,-0.145055,-1,-2048,2031
1754830214661,0x064,6,01 FF FF 80 07 EF,1,12.500000,0.015873,-0.145055,-1,-2048,2031
1754830214667,0x064,6,01 FF FF 80 07 EF,1,12.500000,0.015873,-0.145055,-1,-2048,2031
1754830214674,0x064,6,01 FF FF 80 07 EF,1,12.500000,0.015873,-0.145055,-1,-2048,2031
1754830214678,0x064,6,01 FF FF 80 07 EF,1,12.500000,0.015873,-0.145055,-1,-2048,2031
1754830214683,0x064,6,01 FF FF 80 07 EF,1,12.500000,0.015873,-0.145055,-1,-2048,2031
1754830214688,0x064,6,01 FF FF 80 07 EF,1,12.500000,0.015873,-0.145055,-1,-2048,2031
1754830214694,0x064,6,01 FF FF 80 07 EF,1,12.500000,0.015873,-0.145055,-1,-2048,2031
1754830214699,0x064,6,01 FF FF 80 07 EF,1,12.500000,0.015873,-0.145055,-1,-2048,2031
1754830214706,0x064,6,01 FF FF 80 07 EF,1,12.500000,0.015873,-0.145055,-1,-2048,2031
1754830214716,0x064,6,01 FF FF 80 07 EF,1,12.500000,0.015873,-0.145055,-1,-2048,2031
1754830214718,0x064,6,01 FF FF 80 07 EF,1,12.500000,0.015873,-0.145055,-1,-2048,2031
1754830214725,0x064,6,01 FF FF 80 07 EF,1,12.500000,0.015873,-0.145055,-1,-2048,2031
1754830214729,0x064,6,01 FF FF 80 07 EF,1,12.500000,0.015873,-0.145055,-1,-2048,2031
1754830214735,0x064,6,01 FF FF 80 07 EF,1,12.500000,0.015873,-0.145055,-1,-2048,2031
1754830214744,0x064,6,01 FF FF 80 07 EF,1,12.500000,0.015873,-0.145055,-1,-2048,2031
1754830214748,0x064,6,01 FF FF 80 07 EF,1,12.500000,0.015873,-0.145055,-1,-2048,2031
1754830214750,0x064,6,01 FF FF 80 07 EF,1,12.500000,0.015873,-0.145055,-1,-2048,2031
1754830214756,0x064,6,01 FF FF 80 08 10,1,12.500000,0.015873,0.145055,-1,-2048,-2032
1754830214762,0x064,6,01 FF FF 80 08 10,1,12.500000,0.015873,0.145055,-1,-2048,-2032
1754830214768,0x064,6,01 FF FF 80 08 10,1,12.500000,0.015873,0.145055,-1,-2048,-2032
1754830214773,0x064,6,01 FF FF 80 08 10,1,12.500000,0.015873,0.145055,-1,-2048,-2032
1754830214778,0x064,6,01 FF FF 80 08 10,1,12.500000,0.015873,0.145055,-1,-2048,-2032
1754830214783,0x064,6,01 FF FF 80 08 10,1,12.500000,0.015873,0.145055,-1,-2048,-2032
1754830214789,0x064,6,01 FF FF 80 08 10,1,12.500000,0.015873,0.145055,-1,-2048,-2032
1754830214798,0x064,6,01 FF FF 80 08 10,1,12.500000,0.015873,0.145055,-1,-2048,-2032
1754830214801,0x064,6,01 FF FF 80 08 10,1,12.500000,0.015873,0.145055,-1,-2048,-2032
1754830214805,0x064,6,01 FF FF 80 08 10,1,12.500000,0.015873,0.145055,-1,-2048,-2032
1754830214810,0x064,6,01 FF FF 80 08 10,1,12.500000,0.015873,0.145055,-1,-2048,-2032
1754830214818,0x064,6,01 FF FF 80 08 10,1,12.500000,0.015873,0.145055,-1,-2048,-2032
1754830214830,0x064,6,01 FF FF 80 08 10,1,12.500000,0.015873,0.145055,-1,-2048,-2032
1754830214831,0x064,6,01 FF FF 80 08 10,1,12.500000,0.015873,0.145055,-1,-2048,-2032
1754830214836,0x064,6,01 FF FF 80 08 10,1,12.500000,0.015873,0.145055,-1,-2048,-2032
1754830214841,0x064,6,01 FF FF 80 08 10,1,12.500000,0.015873,0.145055,-1,-2048,-2032
1754830214851,0x064,6,01 FF FF 80 08 10,1,12.500000,0.015873,0.145055,-1,-2048,-2032
1754830214854,0x064,6,01 FF FF 80 08 1F,1,12.500000,0.015873,0.276923,-1,-2048,-2017
1754830214858,0x064,6,01 FF FF 80 08 1F,1,12.500000,0.015873,0.276923,-1,-2048,-2017
1754830214870,0x064,6,01 FF FF 80 08 1F,1,12.500000,0.015873,0.276923,-1,-2048,-2017
1754830214874,0x064,6,01 FF FF 80 08 1F,1,12.500000,0.015873,0.276923,-1,-2048,-2017
1754830214875,0x064,6,01 FF FF 80 08 1F,1,12.500000,0.015873,0.276923,-1,-2048,-2017
1754830214880,0x064,6,01 FF FF 80 08 1F,1,12.500000,0.015873,0.276923,-1,-2048,-2017
1754830214886,0x064,6,01 FF FF 80 08 1F,1,12.500000,0.015873,0.276923,-1,-2048,-2017
1754830214894,0x064,6,01 FF FF 80 08 1F,1,12.500000,0.015873,0.276923,-1,-2048,-2017
1754830214898,0x064,6,01 FF FF 80 08 1F,1,12.500000,0.015873,0.276923,-1,-2048,-2017
1754830214906,0x064,6,01 FF FF 80 08 1F,1,12.500000,0.015873,0.276923,-1,-2048,-2017
1754830214909,0x064,6,01 FF FF 80 08 1F,1,12.500000,0.015873,0.276923,-1,-2048,-2017
1754830214913,0x064,6,01 FF FF 80 08 1F,1,12.500000,0.015873,0.276923,-1,-2048,-2017
1754830214919,0x064,6,01 FF FF 80 08 1F,1,12.500000,0.015873,0.276923,-1,-2048,-2017
1754830214924,0x064,6,01 FF FF 80 08 1F,1,12.500000,0.015873,0.276923,-1,-2048,-2017
1754830214964,0x064,6,01 FF FF 80 08 1F,1,12.500000,0.015873,0.276923,-1,-2048,-2017
1754830214965,0x064,6,01 FF FF 80 08 1F,1,12.500000,0.015873,0.276923,-1,-2048,-2017
1754830214972,0x064,6,01 FF FF 80 08 1F,1,12.500000,0.015873,0.276923,-1,-2048,-2017
1754830214982,0x064,6,01 FF FF 80 08 32,1,12.500000,0.015873,0.443956,-1,-2048,-1998
1754830214988,0x064,6,01 FF FF 80 08 32,1,12.500000,0.015873,0.443956,-1,-2048,-1998
1754830214988,0x064,6,01 FF FF 80 08 32,1,12.500000,0.015873,0.443956,-1,-2048,-1998
1754830214988,0x064,6,01 FF FF 80 08 32,1,12.500000,0.015873,0.443956,-1,-2048,-1998
1754830214988,0x064,6,01 FF FF 80 08 32,1,12.500000,0.015873,0.443956,-1,-2048,-1998
1754830214994,0x064,6,01 FF FF 80 08 32,1,12.500000,0.015873,0.443956,-1,-2048,-1998
1754830214999,0x064,6,01 FF FF 80 08 32,1,12.500000,0.015873,0.443956,-1,-2048,-1998
1754830215005,0x064,6,01 FF FF 80 08 32,1,12.500000,0.015873,0.443956,-1,-2048,-1998
1754830215014,0x064,6,01 FF FF 80 08 32,1,12.500000,0.015873,0.443956,-1,-2048,-1998
1754830215023,0x064,6,01 FF FF 80 08 32,1,12.500000,0.015873,0.443956,-1,-2048,-1998
1754830215023,0x064,6,01 FF FF 80 08 32,1,12.500000,0.015873,0.443956,-1,-2048,-1998
1754830215029,0x064,6,01 FF FF 80 08 32,1,12.500000,0.015873,0.443956,-1,-2048,-1998
1754830215046,0x064,6,01 FF FF 80 08 32,1,12.500000,0.015873,0.443956,-1,-2048,-1998
1754830215046,0x064,6,01 FF FF 80 08 32,1,12.500000,0.015873,0.443956,-1,-2048,-1998
1754830215047,0x064,6,01 FF FF 80 08 32,1,12.500000,0.015873,0.443956,-1,-2048,-1998
1754830215055,0x064,6,01 FF FF 80 07 D3,1,12.500000,0.015873,-0.391209,-1,-2048,2003
1754830215059,0x064,6,01 FF FF 80 07 D3,1,12.500000,0.015873,-0.391209,-1,-2048,2003
1754830215066,0x064,6,01 FF FF 80 07 D3,1,12.500000,0.015873,-0.391209,-1,-2048,2003
1754830215070,0x064,6,01 FF FF 80 07 D3,1,12.500000,0.015873,-0.391209,-1,-2048,2003
1754830215082,0x064,6,01 FF FF 80 07 D3,1,12.500000,0.015873,-0.391209,-1,-2048,2003
1754830215083,0x064,6,01 FF FF 80 07 D3,1,12.500000,0.015873,-0.391209,-1,-2048,2003
1754830215088,0x064,6,01 FF FF 80 07 D3,1,12.500000,0.015873,-0.391209,-1,-2048,2003
1754830215094,0x064,6,01 FF FF 80 07 D3,1,12.500000,0.015873,-0.391209,-1,-2048,2003
1754830215099,0x064,6,01 FF FF 80 07 D3,1,12.500000,0.015873,-0.391209,-1,-2048,2003
1754830215104,0x064,6,01 FF FF 80 07 D3,1,12.500000,0.015873,-0.391209,-1,-2048,2003
1754830215109,0x064,6,01 FF FF 80 07 D3,1,12.500000,0.015873,-0.391209,-1,-2048,2003
1754830215115,0x064,6,01 FF FF 80 07 D3,1,12.500000,0.015873,-0.391209,-1,-2048,2003
1754830215128,0x064,6,01 FF FF 80 07 D3,1,12.500000,0.015873,-0.391209,-1,-2048,2003
1754830215129,0x064,6,01 FF FF 80 07 D3,1,12.500000,0.015873,-0.391209,-1,-2048,2003
1754830215135,0x064,6,01 FF FF 80 07 D3,1,12.500000,0.015873,-0.391209,-1,-2048,2003
1754830215145,0x064,6,01 FF FF 80 07 D3,1,12.500000,0.015873,-0.391209,-1,-2048,2003
1754830215153,0x064,6,01 FF FF 80 07 D3,1,12.500000,0.015873,-0.391209,-1,-2048,2003
1754830215156,0x064,6,01 FF FF 80 07 F8,1,12.500000,0.015873,-0.065934,-1,-2048,2040
1754830215169,0x064,6,01 FF FF 80 07 F8,1,12.500000,0.015873,-0.065934,-1,-2048,2040
1754830215174,0x064,6,01 FF FF 80 07 F8,1,12.500000,0.015873,-0.065934,-1,-2048,2040
1754830215179,0x064,6,01 FF FF 80 07 F8,1,12.500000,0.015873,-0.065934,-1,-2048,2040
1754830215183,0x064,6,01 FF FF 80 07 F8,1,12.500000,0.015873,-0.065934,-1,-2048,2040
1754830215187,0x064,6,01 FF FF 80 07 F8,1,12.500000,0.015873,-0.065934,-1,-2048,2040
1754830215195,0x064,6,01 FF FF 80 07 F8,1,12.500000,0.015873,-0.065934,-1,-2048,2040
1754830215201,0x064,6,01 FF FF 80 07 F8,1,12.500000,0.015873,-0.065934,-1,-2048,2040
1754830215207,0x064,6,01 FF FF 80 07 F8,1,12.500000,0.015873,-0.065934,-1,-2048,2040
1754830215210,0x064,6,01 FF FF 80 07 F8,1,12.500000,0.015873,-0.065934,-1,-2048,2040
1754830215215,0x064,6,01 FF FF 80 07 F8,1,12.500000,0.015873,-0.065934,-1,-2048,2040
1754830215226,0x064,6,01 FF FF 80 07 F8,1,12.500000,0.015873,-0.065934,-1,-2048,2040
1754830215232,0x064,6,01 FF FF 80 07 F8,1,12.500000,0.015873,-0.065934,-1,-2048,2040
1754830215236,0x064,6,01 FF FF 80 07 F8,1,12.500000,0.015873,-0.065934,-1,-2048,2040
1754830215238,0x064,6,01 FF FF 80 07 F8,1,12.500000,0.015873,-0.065934,-1,-2048,2040
1754830215244,0x064,6,01 FF FF 80 07 F8,1,12.500000,0.015873,-0.065934,-1,-2048,2040
1754830215251,0x064,6,01 FF FF 80 07 F8,1,12.500000,0.015873,-0.065934,-1,-2048,2040
1754830215257,0x064,6,01 FF FF 80 08 04,1,12.500000,0.015873,0.039560,-1,-2048,-2044
1754830215270,0x064,6,01 FF FF 80 08 04,1,12.500000,0.015873,0.039560,-1,-2048,-2044
1754830215278,0x064,6,01 FF FF 80 08 04,1,12.500000,0.015873,0.039560,-1,-2048,-2044
1754830215283,0x064,6,01 FF FF 80 08 04,1,12.500000,0.015873,0.039560,-1,-2048,-2044
1754830215288,0x064,6,01 FF FF 80 08 04,1,12.500000,0.015873,0.039560,-1,-2048,-2044
1754830215294,0x064,6,01 FF FF 80 08 04,1,12.500000,0.015873,0.039560,-1,-2048,-2044
1754830215300,0x064,6,01 FF FF 80 08 04,1,12.500000,0.015873,0.039560,-1,-2048,-2044
1754830215307,0x064,6,01 FF FF 80 08 04,1,12.500000,0.015873,0.039560,-1,-2048,-2044
1754830215312,0x064,6,01 FF FF 80 08 04,1,12.500000,0.015873,0.039560,-1,-2048,-2044
1754830215317,0x064,6,01 FF FF 80 08 04,1,12.500000,0.015873,0.039560,-1,-2048,-2044
1754830215323,0x064,6,01 FF FF 80 08 04,1,12.500000,0.015873,0.039560,-1,-2048,-2044
1754830215334,0x064,6,01 FF FF 80 08 04,1,12.500000,0.015873,0.039560,-1,-2048,-2044
1754830215339,0x064,6,01 FF FF 80 08 04,1,12.500000,0.015873,0.039560,-1,-2048,-2044
1754830215343,0x064,6,01 FF FF 80 08 04,1,12.500000,0.015873,0.039560,-1,-2048,-2044
1754830215349,0x064,6,01 FF FF 80 08 04,1,12.500000,0.015873,0.039560,-1,-2048,-2044
1754830215354,0x064,6,01 FF FF 80 07 C0,1,12.500000,0.015873,-0.558242,-1,-2048,1984
1754830215360,0x064,6,01 FF FF 80 07 C0,1,12.500000,0.015873,-0.558242,-1,-2048,1984
1754830215366,0x064,6,01 FF FF 80 07 C0,1,12.500000,0.015873,-0.558242,-1,-2048,1984
1754830215372,0x064,6,01 FF FF 80 07 C0,1,12.500000,0.015873,-0.558242,-1,-2048,1984
1754830215377,0x064,6,01 FF FF 80 07 C0,1,12.500000,0.015873,-0.558242,-1,-2048,1984
1754830215383,0x064,6,01 FF FF 80 07 C0,1,12.500000,0.015873,-0.558242,-1,-2048,1984
1754830215388,0x064,6,01 FF FF 80 07 C0,1,12.500000,0.015873,-0.558242,-1,-2048,1984
1754830215394,0x064,6,01 FF FF 80 07 C0,1,12.500000,0.015873,-0.558242,-1,-2048,1984
1754830215400,0x064,6,01 FF FF 80 07 C0,1,12.500000,0.015873,-0.558242,-1,-2048,1984
1754830215409,0x064,6,01 FF FF 80 07 C0,1,12.500000,0.015873,-0.558242,-1,-2048,1984
1754830215412,0x064,6,01 FF FF 80 07 C0,1,12.500000,0.015873,-0.558242,-1,-2048,1984
1754830215420,0x064,6,01 FF FF 80 07 C0,1,12.500000,0.015873,-0.558242,-1,-2048,1984
1754830215432,0x064,6,01 FF FF 80 07 C0,1,12.500000,0.015873,-0.558242,-1,-2048,1984
1754830215438,0x064,6,01 FF FF 80 07 C0,1,12.500000,0.015873,-0.558242,-1,-2048,1984
1754830215442,0x064,6,01 FF FF 80 07 C0,1,12.500000,0.015873,-0.558242,-1,-2048,1984
1754830215447,0x064,6,01 FF FF 80 07 C0,1,12.500000,0.015873,-0.558242,-1,-2048,1984
1754830215452,0x064,6,01 FF FF 80 67 90,1,12.500000,0.206349,-0.980220,-1,-2042,1936
1754830215458,0x064,6,01 FF FF 80 67 90,1,12.500000,0.206349,-0.980220,-1,-2042,1936
1754830215464,0x064,6,01 FF FF 80 67 90,1,12.500000,0.206349,-0.980220,-1,-2042,1936
1754830215484,0x064,6,01 FF FF 80 67 90,1,12.500000,0.206349,-0.980220,-1,-2042,1936
1754830215485,0x064,6,01 FF FF 80 67 90,1,12.500000,0.206349,-0.980220,-1,-2042,1936
1754830215490,0x064,6,01 FF FF 80 67 90,1,12.500000,0.206349,-0.980220,-1,-2042,1936
1754830215498,0x064,6,01 FF FF 80 67 90,1,12.500000,0.206349,-0.980220,-1,-2042,1936
1754830215503,0x064,6,01 FF FF 80 67 90,1,12.500000,0.206349,-0.980220,-1,-2042,1936
1754830215508,0x064,6,01 FF FF 80 67 90,1,12.500000,0.206349,-0.980220,-1,-2042,1936
1754830215514,0x064,6,01 FF FF 80 67 90,1,12.500000,0.206349,-0.980220,-1,-2042,1936
1754830215520,0x064,6,01 FF FF 80 67 90,1,12.500000,0.206349,-0.980220,-1,-2042,1936
1754830215525,0x064,6,01 FF FF 80 67 90,1,12.500000,0.206349,-0.980220,-1,-2042,1936
1754830215530,0x064,6,01 FF FF 80 67 90,1,12.500000,0.206349,-0.980220,-1,-2042,1936
1754830215536,0x064,6,01 FF FF 80 67 90,1,12.500000,0.206349,-0.980220,-1,-2042,1936
1754830215545,0x064,6,01 FF FF 80 67 90,1,12.500000,0.206349,-0.980220,-1,-2042,1936
1754830215550,0x064,6,01 FF FF 80 67 90,1,12.500000,0.206349,-0.980220,-1,-2042,1936
1754830215555,0x064,6,01 FF FF 81 27 C2,1,12.500000,0.587302,-0.540659,-1,-2030,1986
1754830215558,0x064,6,01 FF FF 81 27 C2,1,12.500000,0.587302,-0.540659,-1,-2030,1986
1754830215571,0x064,6,01 FF FF 81 27 C2,1,12.500000,0.587302,-0.540659,-1,-2030,1986
1754830215574,0x064,6,01 FF FF 81 27 C2,1,12.500000,0.587302,-0.540659,-1,-2030,1986
1754830215578,0x064,6,01 FF FF 81 27 C2,1,12.500000,0.587302,-0.540659,-1,-2030,1986
1754830215588,0x064,6,01 FF FF 81 27 C2,1,12.500000,0.587302,-0.540659,-1,-2030,1986
1754830215591,0x064,6,01 FF FF 81 27 C2,1,12.500000,0.587302,-0.540659,-1,-2030,1986
1754830215594,0x064,6,01 FF FF 81 27 C2,1,12.500000,0.587302,-0.540659,-1,-2030,1986
1754830215602,0x064,6,01 FF FF 81 27 C2,1,12.500000,0.587302,-0.540659,-1,-2030,1986
1754830215605,0x064,6,01 FF FF 81 27 C2,1,12.500000,0.587302,-0.540659,-1,-2030,1986
1754830215611,0x064,6,01 FF FF 81 27 C2,1,12.500000,0.587302,-0.540659,-1,-2030,1986
1754830215617,0x064,6,01 FF FF 81 27 C2,1,12.500000,0.587302,-0.540659,-1,-2030,1986
1754830215623,0x064,6,01 FF FF 81 27 C2,1,12.500000,0.587302,-0.540659,-1,-2030,1986
1754830215630,0x064,6,01 FF FF 81 27 C2,1,12.500000,0.587302,-0.540659,-1,-2030,1986
1754830215635,0x064,6,01 FF FF 81 27 C2,1,12.500000,0.587302,-0.540659,-1,-2030,1986
1754830215640,0x064,6,01 FF FF 81 27 C2,1,12.500000,0.587302,-0.540659,-1,-2030,1986
1754830215647,0x064,6,01 FF FF 81 27 C2,1,12.500000,0.587302,-0.540659,-1,-2030,1986
1754830215652,0x064,6,01 FF FF 81 27 C2,1,12.500000,0.587302,-0.540659,-1,-2030,1986
1754830215657,0x064,6,01 FF FF 81 F7 F8,1,12.500000,1.000000,-0.065934,-1,-2017,2040
1754830215662,0x064,6,01 FF FF 81 F7 F8,1,12.500000,1.000000,-0.065934,-1,-2017,2040
1754830215667,0x064,6,01 FF FF 81 F7 F8,1,12.500000,1.000000,-0.065934,-1,-2017,2040
1754830215673,0x064,6,01 FF FF 81 F7 F8,1,12.500000,1.000000,-0.065934,-1,-2017,2040
1754830215678,0x064,6,01 FF FF 81 F7 F8,1,12.500000,1.000000,-0.065934,-1,-2017,2040
1754830215689,0x064,6,01 FF FF 81 F7 F8,1,12.500000,1.000000,-0.065934,-1,-2017,2040
1754830215694,0x064,6,01 FF FF 81 F7 F8,1,12.500000,1.000000,-0.065934,-1,-2017,2040
1754830215699,0x064,6,01 FF FF 81 F7 F8,1,12.500000,1.000000,-0.065934,-1,-2017,2040
1754830215705,0x064,6,01 FF FF 81 F7 F8,1,12.500000,1.000000,-0.065934,-1,-2017,2040
1754830215711,0x064,6,01 FF FF 81 F7 F8,1,12.500000,1.000000,-0.065934,-1,-2017,2040
1754830215717,0x064,6,01 FF FF 81 F7 F8,1,12.500000,1.000000,-0.065934,-1,-2017,2040
1754830215722,0x064,6,01 FF FF 81 F7 F8,1,12.500000,1.000000,-0.065934,-1,-2017,2040
1754830215737,0x064,6,01 FF FF 81 F7 F8,1,12.500000,1.000000,-0.065934,-1,-2017,2040
1754830215743,0x064,6,01 FF FF 81 F7 F8,1,12.500000,1.000000,-0.065934,-1,-2017,2040
1754830215770,0x064,6,01 FF FF 81 F7 F8,1,12.500000,1.000000,-0.065934,-1,-2017,2040
1754830215770,0x064,6,01 FF FF 81 F7 F8,1,12.500000,1.000000,-0.065934,-1,-2017,2040
1754830215773,0x064,6,01 FF FF 82 F7 D7,1,12.500000,1.507937,-0.356044,-1,-2001,2007
1754830215775,0x064,6,01 FF FF 82 F7 D7,1,12.500000,1.507937,-0.356044,-1,-2001,2007
1754830215779,0x064,6,01 FF FF 82 F7 D7,1,12.500000,1.507937,-0.356044,-1,-2001,2007
1754830215782,0x064,6,01 FF FF 82 F7 D7,1,12.500000,1.507937,-0.356044,-1,-2001,2007
1754830215786,0x064,6,01 FF FF 82 F7 D7,1,12.500000,1.507937,-0.356044,-1,-2001,2007
1754830215793,0x064,6,01 FF FF 82 F7 D7,1,12.500000,1.507937,-0.356044,-1,-2001,2007
1754830215796,0x064,6,01 FF FF 82 F7 D7,1,12.500000,1.507937,-0.356044,-1,-2001,2007
1754830215802,0x064,6,01 FF FF 82 F7 D7,1,12.500000,1.507937,-0.356044,-1,-2001,2007
1754830215811,0x064,6,01 FF FF 82 F7 D7,1,12.500000,1.507937,-0.356044,-1,-2001,2007
1754830215813,0x064,6,01 FF FF 82 F7 D7,1,12.500000,1.507937,-0.356044,-1,-2001,2007
1754830215819,0x064,6,01 FF FF 82 F7 D7,1,12.500000,1.507937,-0.356044,-1,-2001,2007
1754830215824,0x064,6,01 FF FF 82 F7 D7,1,12.500000,1.507937,-0.356044,-1,-2001,2007
1754830215829,0x064,6,01 FF FF 82 F7 D7,1,12.500000,1.507937,-0.356044,-1,-2001,2007
1754830215835,0x064,6,01 FF FF 82 F7 D7,1,12.500000,1.507937,-0.356044,-1,-2001,2007
1754830215843,0x064,6,01 FF FF 82 F7 D7,1,12.500000,1.507937,-0.356044,-1,-2001,2007
1754830215846,0x064,6,01 FF FF 82 F7 D7,1,12.500000,1.507937,-0.356044,-1,-2001,2007
1754830215851,0x064,6,01 FF FF 82 F7 D7,1,12.500000,1.507937,-0.356044,-1,-2001,2007
1754830215857,0x064,6,01 FF FF 84 18 52,1,12.500000,2.079365,0.725275,-1,-1983,-1966
1754830215865,0x064,6,01 FF FF 84 18 52,1,12.500000,2.079365,0.725275,-1,-1983,-1966
1754830215870,0x064,6,01 FF FF 84 18 52,1,12.500000,2.079365,0.725275,-1,-1983,-1966
1754830215875,0x064,6,01 FF FF 84 18 52,1,12.500000,2.079365,0.725275,-1,-1983,-1966
1754830215883,0x064,6,01 FF FF 84 18 52,1,12.500000,2.079365,0.725275,-1,-1983,-1966
1754830215891,0x064,6,01 FF FF 84 18 52,1,12.500000,2.079365,0.725275,-1,-1983,-1966
1754830215893,0x064,6,01 FF FF 84 18 52,1,12.500000,2.079365,0.725275,-1,-1983,-1966
1754830215898,0x064,6,01 FF FF 84 18 52,1,12.500000,2.079365,0.725275,-1,-1983,-1966
1754830215903,0x064,6,01 FF FF 84 18 52,1,12.500000,2.079365,0.725275,-1,-1983,-1966
1754830215910,0x064,6,01 FF FF 84 18 52,1,12.500000,2.079365,0.725275,-1,-1983,-1966
1754830215916,0x064,6,01 FF FF 84 18 52,1,12.500000,2.079365,0.725275,-1,-1983,-1966
1754830215922,0x064,6,01 FF FF 84 18 52,1,12.500000,2.079365,0.725275,-1,-1983,-1966
1754830215929,0x064,6,01 FF FF 84 18 52,1,12.500000,2.079365,0.725275,-1,-1983,-1966
1754830215936,0x064,6,01 FF FF 84 18 52,1,12.500000,2.079365,0.725275,-1,-1983,-1966
1754830215942,0x064,6,01 FF FF 84 18 52,1,12.500000,2.079365,0.725275,-1,-1983,-1966
1754830215948,0x064,6,01 FF FF 84 18 52,1,12.500000,2.079365,0.725275,-1,-1983,-1966
1754830215954,0x064,6,01 FF FF 84 F8 7B,1,12.500000,2.523810,1.085714,-1,-1969,-1925
1754830215959,0x064,6,01 FF FF 84 F8 7B,1,12.500000,2.523810,1.085714,-1,-1969,-1925
1754830215968,0x064,6,01 FF FF 84 F8 7B,1,12.500000,2.523810,1.085714,-1,-1969,-1925
1754830215979,0x064,6,01 FF FF 84 F8 7B,1,12.500000,2.523810,1.085714,-1,-1969,-1925
1754830215986,0x064,6,01 FF FF 84 F8 7B,1,12.500000,2.523810,1.085714,-1,-1969,-1925
1754830215989,0x064,6,01 FF FF 84 F8 7B,1,12.500000,2.523810,1.085714,-1,-1969,-1925
1754830215997,0x064,6,01 FF FF 84 F8 7B,1,12.500000,2.523810,1.085714,-1,-1969,-1925
1754830216013,0x064,6,01 FF FF 84 F8 7B,1,12.500000,2.523810,1.085714,-1,-1969,-1925
1754830216013,0x064,6,01 FF FF 84 F8 7B,1,12.500000,2.523810,1.085714,-1,-1969,-1925
1754830216015,0x064,6,01 FF FF 84 F8 7B,1,12.500000,2.523810,1.085714,-1,-1969,-1925
1754830216021,0x064,6,01 FF FF 84 F8 7B,1,12.500000,2.523810,1.085714,-1,-1969,-1925
1754830216043,0x064,6,01 FF FF 84 F8 7B,1,12.500000,2.523810,1.085714,-1,-1969,-1925
1754830216050,0x064,6,01 FF FF 84 F8 7B,1,12.500000,2.523810,1.085714,-1,-1969,-1925
1754830216053,0x064,6,01 FF FF 84 F8 7B,1,12.500000,2.523810,1.085714,-1,-1969,-1925
1754830216058,0x064,6,01 FF FF 86 C7 E2,1,12.500000,3.444444,-0.259341,-1,-1940,2018
1754830216059,0x064,6,01 FF FF 86 C7 E2,1,12.500000,3.444444,-0.259341,-1,-1940,2018
1754830216072,0x064,6,01 FF FF 86 C7 E2,1,12.500000,3.444444,-0.259341,-1,-1940,2018
1754830216085,0x064,6,01 FF FF 86 C7 E2,1,12.500000,3.444444,-0.259341,-1,-1940,2018
1754830216098,0x064,6,01 FF FF 86 C7 E2,1,12.500000,3.444444,-0.259341,-1,-1940,2018
1754830216105,0x064,6,01 FF FF 86 C7 E2,1,12.500000,3.444444,-0.259341,-1,-1940,2018
1754830216106,0x064,6,01 FF FF 86 C7 E2,1,12.500000,3.444444,-0.259341,-1,-1940,2018
1754830216106,0x064,6,01 FF FF 86 C7 E2,1,12.500000,3.444444,-0.259341,-1,-1940,2018
1754830216122,0x064,6,01 FF FF 86 C7 E2,1,12.500000,3.444444,-0.259341,-1,-1940,2018
1754830216124,0x064,6,01 FF FF 86 C7 E2,1,12.500000,3.444444,-0.259341,-1,-1940,2018
1754830216125,0x064,6,01 FF FF 86 C7 E2,1,12.500000,3.444444,-0.259341,-1,-1940,2018
1754830216130,0x064,6,01 FF FF 86 C7 E2,1,12.500000,3.444444,-0.259341,-1,-1940,2018
1754830216139,0x064,6,01 FF FF 86 C7 E2,1,12.500000,3.444444,-0.259341,-1,-1940,2018
1754830216142,0x064,6,01 FF FF 86 C7 E2,1,12.500000,3.444444,-0.259341,-1,-1940,2018
1754830216148,0x064,6,01 FF FF 86 C7 E2,1,12.500000,3.444444,-0.259341,-1,-1940,2018
1754830216152,0x064,6,01 FF FF 86 C7 E2,1,12.500000,3.444444,-0.259341,-1,-1940,2018
1754830216157,0x064,6,01 FF FF 87 48 2B,1,12.500000,3.698413,0.382418,-1,-1932,-2005
1754830216162,0x064,6,01 FF FF 87 48 2B,1,12.500000,3.698413,0.382418,-1,-1932,-2005
1754830216167,0x064,6,01 FF FF 87 48 2B,1,12.500000,3.698413,0.382418,-1,-1932,-2005
1754830216177,0x064,6,01 FF FF 87 48 2B,1,12.500000,3.698413,0.382418,-1,-1932,-2005
1754830216178,0x064,6,01 FF FF 87 48 2B,1,12.500000,3.698413,0.382418,-1,-1932,-2005
1754830216184,0x064,6,01 FF FF 87 48 2B,1,12.500000,3.698413,0.382418,-1,-1932,-2005
1754830216189,0x064,6,01 FF FF 87 48 2B,1,12.500000,3.698413,0.382418,-1,-1932,-2005
1754830216194,0x064,6,01 FF FF 87 48 2B,1,12.500000,3.698413,0.382418,-1,-1932,-2005
1754830216201,0x064,6,01 FF FF 87 48 2B,1,12.500000,3.698413,0.382418,-1,-1932,-2005
1754830216206,0x064,6,01 FF FF 87 48 2B,1,12.500000,3.698413,0.382418,-1,-1932,-2005
1754830216211,0x064,6,01 FF FF 87 48 2B,1,12.500000,3.698413,0.382418,-1,-1932,-2005
1754830216219,0x064,6,01 FF FF 87 48 2B,1,12.500000,3.698413,0.382418,-1,-1932,-2005
1754830216221,0x064,6,01 FF FF 87 48 2B,1,12.500000,3.698413,0.382418,-1,-1932,-2005
1754830216230,0x064,6,01 FF FF 87 48 2B,1,12.500000,3.698413,0.382418,-1,-1932,-2005
1754830216232,0x064,6,01 FF FF 87 48 2B,1,12.500000,3.698413,0.382418,-1,-1932,-2005
1754830216243,0x064,6,01 FF FF 87 48 2B,1,12.500000,3.698413,0.382418,-1,-1932,-2005
1754830216245,0x064,6,01 FF FF 87 48 2B,1,12.500000,3.698413,0.382418,-1,-1932,-2005
1754830216250,0x064,6,01 FF FF 87 48 2B,1,12.500000,3.698413,0.382418,-1,-1932,-2005
1754830216256,0x064,6,01 FF FF 88 F7 D2,1,12.500000,4.555556,-0.400000,-1,-1905,2002
1754830216265,0x064,6,01 FF FF 88 F7 D2,1,12.500000,4.555556,-0.400000,-1,-1905,2002
1754830216270,0x064,6,01 FF FF 88 F7 D2,1,12.500000,4.555556,-0.400000,-1,-1905,2002
1754830216271,0x064,6,01 FF FF 88 F7 D2,1,12.500000,4.555556,-0.400000,-1,-1905,2002
1754830216278,0x064,6,01 FF FF 88 F7 D2,1,12.500000,4.555556,-0.400000,-1,-1905,2002
1754830216283,0x064,6,01 FF FF 88 F7 D2,1,12.500000,4.555556,-0.400000,-1,-1905,2002
1754830216289,0x064,6,01 FF FF 88 F7 D2,1,12.500000,4.555556,-0.400000,-1,-1905,2002
1754830216294,0x064,6,01 FF FF 88 F7 D2,1,12.500000,4.555556,-0.400000,-1,-1905,2002
1754830216308,0x064,6,01 FF FF 88 F7 D2,1,12.500000,4.555556,-0.400000,-1,-1905,2002
1754830216319,0x064,6,01 FF FF 88 F7 D2,1,12.500000,4.555556,-0.400000,-1,-1905,2002
1754830216335,0x064,6,01 FF FF 88 F7 D2,1,12.500000,4.555556,-0.400000,-1,-1905,2002
1754830216336,0x064,6,01 FF FF 88 F7 D2,1,12.500000,4.555556,-0.400000,-1,-1905,2002
1754830216337,0x064,6,01 FF FF 88 F7 D2,1,12.500000,4.555556,-0.400000,-1,-1905,2002
1754830216338,0x064,6,01 FF FF 88 F7 D2,1,12.500000,4.555556,-0.400000,-1,-1905,2002
1754830216343,0x064,6,01 FF FF 88 F7 D2,1,12.500000,4.555556,-0.400000,-1,-1905,2002
1754830216348,0x064,6,01 FF FF 88 F7 D2,1,12.500000,4.555556,-0.400000,-1,-1905,2002
1754830216354,0x064,6,01 FF FF 8A C8 11,1,12.500000,5.476190,0.153846,-1,-1876,-2031
1754830216359,0x064,6,01 FF FF 8A C8 11,1,12.500000,5.476190,0.153846,-1,-1876,-2031
1754830216366,0x064,6,01 FF FF 8A C8 11,1,12.500000,5.476190,0.153846,-1,-1876,-2031
1754830216386,0x064,6,01 FF FF 8A C8 11,1,12.500000,5.476190,0.153846,-1,-1876,-2031
1754830216408,0x064,6,01 FF FF 8A C8 11,1,12.500000,5.476190,0.153846,-1,-1876,-2031
1754830216410,0x064,6,01 FF FF 8A C8 11,1,12.500000,5.476190,0.153846,-1,-1876,-2031
1754830216422,0x064,6,01 FF FF 8A C8 11,1,12.500000,5.476190,0.153846,-1,-1876,-2031
1754830216425,0x064,6,01 FF FF 8A C8 11,1,12.500000,5.476190,0.153846,-1,-1876,-2031
1754830216425,0x064,6,01 FF FF 8A C8 11,1,12.500000,5.476190,0.153846,-1,-1876,-2031
1754830216426,0x064,6,01 FF FF 8A C8 11,1,12.500000,5.476190,0.153846,-1,-1876,-2031
1754830216438,0x064,6,01 FF FF 8A C8 11,1,12.500000,5.476190,0.153846,-1,-1876,-2031
1754830216443,0x064,6,01 FF FF 8A C8 11,1,12.500000,5.476190,0.153846,-1,-1876,-2031
1754830216447,0x064,6,01 FF FF 8A C8 11,1,12.500000,5.476190,0.153846,-1,-1876,-2031
1754830216452,0x064,6,01 FF FF 8A C8 11,1,12.500000,5.476190,0.153846,-1,-1876,-2031
1754830216459,0x064,6,01 FF FF 8C 27 BD,1,12.500000,6.174603,-0.584615,-1,-1854,1981
1754830216464,0x064,6,01 FF FF 8C 27 BD,1,12.500000,6.174603,-0.584615,-1,-1854,1981
1754830216478,0x064,6,01 FF FF 8C 27 BD,1,12.500000,6.174603,-0.584615,-1,-1854,1981
1754830216492,0x064,6,01 FF FF 8C 27 BD,1,12.500000,6.174603,-0.584615,-1,-1854,1981
1754830216493,0x064,6,01 FF FF 8C 27 BD,1,12.500000,6.174603,-0.584615,-1,-1854,1981
1754830216493,0x064,6,01 FF FF 8C 27 BD,1,12.500000,6.174603,-0.584615,-1,-1854,1981
1754830216498,0x064,6,01 FF FF 8C 27 BD,1,12.500000,6.174603,-0.584615,-1,-1854,1981
1754830216503,0x064,6,01 FF FF 8C 27 BD,1,12.500000,6.174603,-0.584615,-1,-1854,1981
1754830216508,0x064,6,01 FF FF 8C 27 BD,1,12.500000,6.174603,-0.584615,-1,-1854,1981
1754830216523,0x064,6,01 FF FF 8C 27 BD,1,12.500000,6.174603,-0.584615,-1,-1854,1981
1754830216531,0x064,6,01 FF FF 8C 27 BD,1,12.500000,6.174603,-0.584615,-1,-1854,1981
1754830216543,0x064,6,01 FF FF 8C 27 BD,1,12.500000,6.174603,-0.584615,-1,-1854,1981
1754830216558,0x064,6,01 FF FF 8C 27 BD,1,12.500000,6.174603,-0.584615,-1,-1854,1981
1754830216574,0x064,6,01 FF FF 8C 27 BD,1,12.500000,6.174603,-0.584615,-1,-1854,1981
1754830216594,0x064,6,01 FF FF 8E 37 BD,1,12.500000,7.222222,-0.584615,-1,-1821,1981
1754830216600,0x064,6,01 FF FF 8E 37 BD,1,12.500000,7.222222,-0.584615,-1,-1821,1981
1754830216602,0x064,6,01 FF FF 8E 37 BD,1,12.500000,7.222222,-0.584615,-1,-1821,1981
1754830216605,0x064,6,01 FF FF 8E 37 BD,1,12.500000,7.222222,-0.584615,-1,-1821,1981
1754830216608,0x064,6,01 FF FF 8E 37 BD,1,12.500000,7.222222,-0.584615,-1,-1821,1981
1754830216616,0x064,6,01 FF FF 8E 37 BD,1,12.500000,7.222222,-0.584615,-1,-1821,1981
1754830216623,0x064,6,01 FF FF 8E 37 BD,1,12.500000,7.222222,-0.584615,-1,-1821,1981
1754830216638,0x064,6,01 FF FF 8E 37 BD,1,12.500000,7.222222,-0.584615,-1,-1821,1981
1754830216660,0x064,6,01 FF FF 8E 37 BD,1,12.500000,7.222222,-0.584615,-1,-1821,1981
1754830216665,0x064,6,01 FF FF 8E 37 BD,1,12.500000,7.222222,-0.584615,-1,-1821,1981
1754830216674,0x064,6,01 FF FF 8E 37 BD,1,12.500000,7.222222,-0.584615,-1,-1821,1981
1754830216688,0x064,6,01 FF FF 8E 37 BD,1,12.500000,7.222222,-0.584615,-1,-1821,1981
1754830216690,0x064,6,01 FF FF 8F D8 0B,1,12.500000,8.047619,0.101099,-1,-1795,-2037
1754830216695,0x064,6,01 FF FF 8F D8 0B,1,12.500000,8.047619,0.101099,-1,-1795,-2037
1754830216710,0x064,6,01 FF FF 8F D8 0B,1,12.500000,8.047619,0.101099,-1,-1795,-2037
1754830216713,0x064,6,01 FF FF 8F D8 0B,1,12.500000,8.047619,0.101099,-1,-1795,-2037
1754830216716,0x064,6,01 FF FF 8F D8 0B,1,12.500000,8.047619,0.101099,-1,-1795,-2037
1754830216723,0x064,6,01 FF FF 8F D8 0B,1,12.500000,8.047619,0.101099,-1,-1795,-2037
1754830216730,0x064,6,01 FF FF 8F D8 0B,1,12.500000,8.047619,0.101099,-1,-1795,-2037
1754830216739,0x064,6,01 FF FF 8F D8 0B,1,12.500000,8.047619,0.101099,-1,-1795,-2037
1754830216750,0x064,6,01 FF FF 8F D8 0B,1,12.500000,8.047619,0.101099,-1,-1795,-2037
1754830216756,0x064,6,01 FF FF 8F D8 0B,1,12.500000,8.047619,0.101099,-1,-1795,-2037
1754830216756,0x064,6,01 FF FF 8F D8 0B,1,12.500000,8.047619,0.101099,-1,-1795,-2037
1754830216756,0x064,6,01 FF FF 8F D8 0B,1,12.500000,8.047619,0.101099,-1,-1795,-2037
1754830216756,0x064,6,01 FF FF 8F D8 0B,1,12.500000,8.047619,0.101099,-1,-1795,-2037
1754830216757,0x064,6,01 FF FF 8F D8 0B,1,12.500000,8.047619,0.101099,-1,-1795,-2037
1754830216758,0x064,6,01 FF FF 90 B8 1B,1,12.500000,8.492063,0.241758,-1,-1781,-2021
1754830216764,0x064,6,01 FF FF 90 B8 1B,1,12.500000,8.492063,0.241758,-1,-1781,-2021
1754830216781,0x064,6,01 FF FF 90 B8 1B,1,12.500000,8.492063,0.241758,-1,-1781,-2021
1754830216785,0x064,6,01 FF FF 90 B8 1B,1,12.500000,8.492063,0.241758,-1,-1781,-2021
1754830216795,0x064,6,01 FF FF 90 B8 1B,1,12.500000,8.492063,0.241758,-1,-1781,-2021
1754830216797,0x064,6,01 FF FF 90 B8 1B,1,12.500000,8.492063,0.241758,-1,-1781,-2021
1754830216800,0x064,6,01 FF FF 90 B8 1B,1,12.500000,8.492063,0.241758,-1,-1781,-2021
1754830216814,0x064,6,01 FF FF 90 B8 1B,1,12.500000,8.492063,0.241758,-1,-1781,-2021
1754830216818,0x064,6,01 FF FF 90 B8 1B,1,12.500000,8.492063,0.241758,-1,-1781,-2021
1754830216819,0x064,6,01 FF FF 90 B8 1B,1,12.500000,8.492063,0.241758,-1,-1781,-2021
1754830216824,0x064,6,01 FF FF 90 B8 1B,1,12.500000,8.492063,0.241758,-1,-1781,-2021
1754830216835,0x064,6,01 FF FF 90 B8 1B,1,12.500000,8.492063,0.241758,-1,-1781,-2021
1754830216841,0x064,6,01 FF FF 90 B8 1B,1,12.500000,8.492063,0.241758,-1,-1781,-2021
1754830216846,0x064,6,01 FF FF 90 B8 1B,1,12.500000,8.492063,0.241758,-1,-1781,-2021
1754830216855,0x064,6,01 FF FF 90 B8 1B,1,12.500000,8.492063,0.241758,-1,-1781,-2021
1754830216858,0x064,6,01 FF FF 93 88 27,1,12.500000,9.920635,0.347253,-1,-1736,-2009
1754830216869,0x064,6,01 FF FF 93 88 27,1,12.500000,9.920635,0.347253,-1,-1736,-2009
1754830216885,0x064,6,01 FF FF 93 88 27,1,12.500000,9.920635,0.347253,-1,-1736,-2009
1754830216886,0x064,6,01 FF FF 93 88 27,1,12.500000,9.920635,0.347253,-1,-1736,-2009
1754830216892,0x064,6,01 FF FF 93 88 27,1,12.500000,9.920635,0.347253,-1,-1736,-2009
1754830216899,0x064,6,01 FF FF 93 88 27,1,12.500000,9.920635,0.347253,-1,-1736,-2009
1754830216901,0x064,6,01 FF FF 93 88 27,1,12.500000,9.920635,0.347253,-1,-1736,-2009
1754830216906,0x064,6,01 FF FF 93 88 27,1,12.500000,9.920635,0.347253,-1,-1736,-2009
1754830216915,0x064,6,01 FF FF 93 88 27,1,12.500000,9.920635,0.347253,-1,-1736,-2009
1754830216916,0x064,6,01 FF FF 93 88 27,1,12.500000,9.920635,0.347253,-1,-1736,-2009
1754830216922,0x064,6,01 FF FF 93 88 27,1,12.500000,9.920635,0.347253,-1,-1736,-2009
1754830216928,0x064,6,01 FF FF 93 88 27,1,12.500000,9.920635,0.347253,-1,-1736,-2009
1754830216936,0x064,6,01 FF FF 93 88 27,1,12.500000,9.920635,0.347253,-1,-1736,-2009
1754830216939,0x064,6,01 FF FF 93 88 27,1,12.500000,9.920635,0.347253,-1,-1736,-2009
1754830216944,0x064,6,01 FF FF 93 88 27,1,12.500000,9.920635,0.347253,-1,-1736,-2009
1754830216950,0x064,6,01 FF FF 93 88 27,1,12.500000,9.920635,0.347253,-1,-1736,-2009
1754830216956,0x064,6,01 FF FF 94 A8 08,1,12.500000,10.492063,0.074725,-1,-1718,-2040
1754830216964,0x064,6,01 FF FF 94 A8 08,1,12.500000,10.492063,0.074725,-1,-1718,-2040
1754830216972,0x064,6,01 FF FF 94 A8 08,1,12.500000,10.492063,0.074725,-1,-1718,-2040
1754830216978,0x064,6,01 FF FF 94 A8 08,1,12.500000,10.492063,0.074725,-1,-1718,-2040
1754830216980,0x064,6,01 FF FF 94 A8 08,1,12.500000,10.492063,0.074725,-1,-1718,-2040
1754830216985,0x064,6,01 FF FF 94 A8 08,1,12.500000,10.492063,0.074725,-1,-1718,-2040
1754830216995,0x064,6,01 FF FF 94 A8 08,1,12.500000,10.492063,0.074725,-1,-1718,-2040
1754830216996,0x064,6,01 FF FF 94 A8 08,1,12.500000,10.492063,0.074725,-1,-1718,-2040
1754830217003,0x064,6,01 FF FF 94 A8 08,1,12.500000,10.492063,0.074725,-1,-1718,-2040
1754830217007,0x064,6,01 FF FF 94 A8 08,1,12.500000,10.492063,0.074725,-1,-1718,-2040
1754830217018,0x064,6,01 FF FF 94 A8 08,1,12.500000,10.492063,0.074725,-1,-1718,-2040
1754830217024,0x064,6,01 FF FF 94 A8 08,1,12.500000,10.492063,0.074725,-1,-1718,-2040
1754830217035,0x064,6,01 FF FF 94 A8 08,1,12.500000,10.492063,0.074725,-1,-1718,-2040
1754830217044,0x064,6,01 FF FF 94 A8 08,1,12.500000,10.492063,0.074725,-1,-1718,-2040
1754830217044,0x064,6,01 FF FF 94 A8 08,1,12.500000,10.492063,0.074725,-1,-1718,-2040
1754830217049,0x064,6,01 FF FF 94 A8 08,1,12.500000,10.492063,0.074725,-1,-1718,-2040
1754830217057,0x064,6,01 FF FF 96 D8 1F,1,12.500000,11.603175,0.276923,-1,-1683,-2017
1754830217073,0x064,6,01 FF FF 96 D8 1F,1,12.500000,11.603175,0.276923,-1,-1683,-2017
1754830217079,0x064,6,01 FF FF 96 D8 1F,1,12.500000,11.603175,0.276923,-1,-1683,-2017
1754830217079,0x064,6,01 FF FF 96 D8 1F,1,12.500000,11.603175,0.276923,-1,-1683,-2017
1754830217083,0x064,6,01 FF FF 96 D8 1F,1,12.500000,11.603175,0.276923,-1,-1683,-2017
1754830217099,0x064,6,01 FF FF 96 D8 1F,1,12.500000,11.603175,0.276923,-1,-1683,-2017
1754830217114,0x064,6,01 FF FF 96 D8 1F,1,12.500000,11.603175,0.276923,-1,-1683,-2017
1754830217123,0x064,6,01 FF FF 96 D8 1F,1,12.500000,11.603175,0.276923,-1,-1683,-2017
1754830217128,0x064,6,01 FF FF 96 D8 1F,1,12.500000,11.603175,0.276923,-1,-1683,-2017
1754830217136,0x064,6,01 FF FF 96 D8 1F,1,12.500000,11.603175,0.276923,-1,-1683,-2017
1754830217141,0x064,6,01 FF FF 96 D8 1F,1,12.500000,11.603175,0.276923,-1,-1683,-2017
1754830217146,0x064,6,01 FF FF 96 D8 1F,1,12.500000,11.603175,0.276923,-1,-1683,-2017
1754830217161,0x064,6,01 FF FF 96 D8 1F,1,12.500000,11.603175,0.276923,-1,-1683,-2017
1754830217167,0x064,6,01 FF FF 99 18 0D,1,12.500000,12.746032,0.118681,-1,-1647,-2035
1754830217181,0x064,6,01 FF FF 99 18 0D,1,12.500000,12.746032,0.118681,-1,-1647,-2035
1754830217186,0x064,6,01 FF FF 99 18 0D,1,12.500000,12.746032,0.118681,-1,-1647,-2035
1754830217192,0x064,6,01 FF FF 99 18 0D,1,12.500000,12.746032,0.118681,-1,-1647,-2035
1754830217195,0x064,6,01 FF FF 99 18 0D,1,12.500000,12.746032,0.118681,-1,-1647,-2035
1754830217202,0x064,6,01 FF FF 99 18 0D,1,12.500000,12.746032,0.118681,-1,-1647,-2035
1754830217206,0x064,6,01 FF FF 99 18 0D,1,12.500000,12.746032,0.118681,-1,-1647,-2035
1754830217212,0x064,6,01 FF FF 99 18 0D,1,12.500000,12.746032,0.118681,-1,-1647,-2035
1754830217217,0x064,6,01 FF FF 99 18 0D,1,12.500000,12.746032,0.118681,-1,-1647,-2035
1754830217223,0x064,6,01 FF FF 99 18 0D,1,12.500000,12.746032,0.118681,-1,-1647,-2035
1754830217234,0x064,6,01 FF FF 99 18 0D,1,12.500000,12.746032,0.118681,-1,-1647,-2035
1754830217238,0x064,6,01 FF FF 99 18 0D,1,12.500000,12.746032,0.118681,-1,-1647,-2035
1754830217240,0x064,6,01 FF FF 99 18 0D,1,12.500000,12.746032,0.118681,-1,-1647,-2035
1754830217246,0x064,6,01 FF FF 99 18 0D,1,12.500000,12.746032,0.118681,-1,-1647,-2035
1754830217262,0x064,6,01 FF FF 99 18 0D,1,12.500000,12.746032,0.118681,-1,-1647,-2035
1754830217267,0x064,6,01 FF FF 9A F8 49,1,12.500000,13.698413,0.646154,-1,-1617,-1975
1754830217284,0x064,6,01 FF FF 9A F8 49,1,12.500000,13.698413,0.646154,-1,-1617,-1975
1754830217290,0x064,6,01 FF FF 9A F8 49,1,12.500000,13.698413,0.646154,-1,-1617,-1975
1754830217294,0x064,6,01 FF FF 9A F8 49,1,12.500000,13.698413,0.646154,-1,-1617,-1975
1754830217298,0x064,6,01 FF FF 9A F8 49,1,12.500000,13.698413,0.646154,-1,-1617,-1975
1754830217305,0x064,6,01 FF FF 9A F8 49,1,12.500000,13.698413,0.646154,-1,-1617,-1975
1754830217332,0x064,6,01 FF FF 9A F8 49,1,12.500000,13.698413,0.646154,-1,-1617,-1975
1754830217339,0x064,6,01 FF FF 9A F8 49,1,12.500000,13.698413,0.646154,-1,-1617,-1975
1754830217340,0x064,6,01 FF FF 9A F8 49,1,12.500000,13.698413,0.646154,-1,-1617,-1975
1754830217342,0x064,6,01 FF FF 9A F8 49,1,12.500000,13.698413,0.646154,-1,-1617,-1975
1754830217343,0x064,6,01 FF FF 9A F8 49,1,12.500000,13.698413,0.646154,-1,-1617,-1975
1754830217351,0x064,6,01 FF FF 9A F8 49,1,12.500000,13.698413,0.646154,-1,-1617,-1975
1754830217352,0x064,6,01 FF FF 9A F8 49,1,12.500000,13.698413,0.646154,-1,-1617,-1975
1754830217360,0x064,6,01 FF FF 9D 28 2C,1,12.500000,14.809524,0.391209,-1,-1582,-2004
1754830217367,0x064,6,01 FF FF 9D 28 2C,1,12.500000,14.809524,0.391209,-1,-1582,-2004
1754830217368,0x064,6,01 FF FF 9D 28 2C,1,12.500000,14.809524,0.391209,-1,-1582,-2004
1754830217377,0x064,6,01 FF FF 9D 28 2C,1,12.500000,14.809524,0.391209,-1,-1582,-2004
1754830217379,0x064,6,01 FF FF 9D 28 2C,1,12.500000,14.809524,0.391209,-1,-1582,-2004
1754830217384,0x064,6,01 FF FF 9D 28 2C,1,12.500000,14.809524,0.391209,-1,-1582,-2004
1754830217391,0x064,6,01 FF FF 9D 28 2C,1,12.500000,14.809524,0.391209,-1,-1582,-2004
1754830217402,0x064,6,01 FF FF 9D 28 2C,1,12.500000,14.809524,0.391209,-1,-1582,-2004
1754830217406,0x064,6,01 FF FF 9D 28 2C,1,12.500000,14.809524,0.391209,-1,-1582,-2004
1754830217412,0x064,6,01 FF FF 9D 28 2C,1,12.500000,14.809524,0.391209,-1,-1582,-2004
1754830217417,0x064,6,01 FF FF 9D 28 2C,1,12.500000,14.809524,0.391209,-1,-1582,-2004
1754830217422,0x064,6,01 FF FF 9D 28 2C,1,12.500000,14.809524,0.391209,-1,-1582,-2004
1754830217431,0x064,6,01 FF FF 9D 28 2C,1,12.500000,14.809524,0.391209,-1,-1582,-2004
1754830217435,0x064,6,01 FF FF 9D 28 2C,1,12.500000,14.809524,0.391209,-1,-1582,-2004
1754830217438,0x064,6,01 FF FF 9D 28 2C,1,12.500000,14.809524,0.391209,-1,-1582,-2004
1754830217443,0x064,6,01 FF FF 9D 28 2C,1,12.500000,14.809524,0.391209,-1,-1582,-2004
1754830217449,0x064,6,01 FF FF 9D 28 2C,1,12.500000,14.809524,0.391209,-1,-1582,-2004
1754830217456,0x064,6,01 FF FF A0 18 27,1,12.500000,16.301587,0.347253,-1,-1535,-2009
1754830217466,0x064,6,01 FF FF A0 18 27,1,12.500000,16.301587,0.347253,-1,-1535,-2009
1754830217471,0x064,6,01 FF FF A0 18 27,1,12.500000,16.301587,0.347253,-1,-1535,-2009
1754830217473,0x064,6,01 FF FF A0 18 27,1,12.500000,16.301587,0.347253,-1,-1535,-2009
1754830217479,0x064,6,01 FF FF A0 18 27,1,12.500000,16.301587,0.347253,-1,-1535,-2009
1754830217484,0x064,6,01 FF FF A0 18 27,1,12.500000,16.301587,0.347253,-1,-1535,-2009
1754830217490,0x064,6,01 FF FF A0 18 27,1,12.500000,16.301587,0.347253,-1,-1535,-2009
1754830217495,0x064,6,01 FF FF A0 18 27,1,12.500000,16.301587,0.347253,-1,-1535,-2009
1754830217511,0x064,6,01 FF FF A0 18 27,1,12.500000,16.301587,0.347253,-1,-1535,-2009
1754830217518,0x064,6,01 FF FF A0 18 27,1,12.500000,16.301587,0.347253,-1,-1535,-2009
1754830217527,0x064,6,01 FF FF A0 18 27,1,12.500000,16.301587,0.347253,-1,-1535,-2009
1754830217536,0x064,6,01 FF FF A0 18 27,1,12.500000,16.301587,0.347253,-1,-1535,-2009
1754830217539,0x064,6,01 FF FF A0 18 27,1,12.500000,16.301587,0.347253,-1,-1535,-2009
1754830217545,0x064,6,01 FF FF A0 18 27,1,12.500000,16.301587,0.347253,-1,-1535,-2009
1754830217550,0x064,6,01 FF FF A0 18 27,1,12.500000,16.301587,0.347253,-1,-1535,-2009
1754830217556,0x064,6,01 FF FF A2 08 42,1,12.500000,17.285714,0.584615,-1,-1504,-1982
1754830217561,0x064,6,01 FF FF A2 08 42,1,12.500000,17.285714,0.584615,-1,-1504,-1982
1754830217567,0x064,6,01 FF FF A2 08 42,1,12.500000,17.285714,0.584615,-1,-1504,-1982
1754830217578,0x064,6,01 FF FF A2 08 42,1,12.500000,17.285714,0.584615,-1,-1504,-1982
1754830217578,0x064,6,01 FF FF A2 08 42,1,12.500000,17.285714,0.584615,-1,-1504,-1982
1754830217586,0x064,6,01 FF FF A2 08 42,1,12.500000,17.285714,0.584615,-1,-1504,-1982
1754830217592,0x064,6,01 FF FF A2 08 42,1,12.500000,17.285714,0.584615,-1,-1504,-1982
1754830217598,0x064,6,01 FF FF A2 08 42,1,12.500000,17.285714,0.584615,-1,-1504,-1982
1754830217604,0x064,6,01 FF FF A2 08 42,1,12.500000,17.285714,0.584615,-1,-1504,-1982
1754830217609,0x064,6,01 FF FF A2 08 42,1,12.500000,17.285714,0.584615,-1,-1504,-1982
1754830217614,0x064,6,01 FF FF A2 08 42,1,12.500000,17.285714,0.584615,-1,-1504,-1982
1754830217620,0x064,6,01 FF FF A2 08 42,1,12.500000,17.285714,0.584615,-1,-1504,-1982
1754830217626,0x064,6,01 FF FF A2 08 42,1,12.500000,17.285714,0.584615,-1,-1504,-1982
1754830217632,0x064,6,01 FF FF A2 08 42,1,12.500000,17.285714,0.584615,-1,-1504,-1982
1754830217646,0x064,6,01 FF FF A2 08 42,1,12.500000,17.285714,0.584615,-1,-1504,-1982
1754830217652,0x064,6,01 FF FF A2 08 42,1,12.500000,17.285714,0.584615,-1,-1504,-1982
1754830217657,0x064,6,01 FF FF A3 67 C2,1,12.500000,17.984127,-0.540659,-1,-1482,1986
1754830217660,0x064,6,01 FF FF A3 67 C2,1,12.500000,17.984127,-0.540659,-1,-1482,1986
1754830217669,0x064,6,01 FF FF A3 67 C2,1,12.500000,17.984127,-0.540659,-1,-1482,1986
1754830217671,0x064,6,01 FF FF A3 67 C2,1,12.500000,17.984127,-0.540659,-1,-1482,1986
1754830217676,0x064,6,01 FF FF A3 67 C2,1,12.500000,17.984127,-0.540659,-1,-1482,1986
1754830217681,0x064,6,01 FF FF A3 67 C2,1,12.500000,17.984127,-0.540659,-1,-1482,1986
1754830217688,0x064,6,01 FF FF A3 67 C2,1,12.500000,17.984127,-0.540659,-1,-1482,1986
1754830217693,0x064,6,01 FF FF A3 67 C2,1,12.500000,17.984127,-0.540659,-1,-1482,1986
1754830217699,0x064,6,01 FF FF A3 67 C2,1,12.500000,17.984127,-0.540659,-1,-1482,1986
1754830217707,0x064,6,01 FF FF A3 67 C2,1,12.500000,17.984127,-0.540659,-1,-1482,1986
1754830217710,0x064,6,01 FF FF A3 67 C2,1,12.500000,17.984127,-0.540659,-1,-1482,1986
1754830217715,0x064,6,01 FF FF A3 67 C2,1,12.500000,17.984127,-0.540659,-1,-1482,1986
1754830217720,0x064,6,01 FF FF A3 67 C2,1,12.500000,17.984127,-0.540659,-1,-1482,1986
1754830217727,0x064,6,01 FF FF A3 67 C2,1,12.500000,17.984127,-0.540659,-1,-1482,1986
1754830217734,0x064,6,01 FF FF A3 67 C2,1,12.500000,17.984127,-0.540659,-1,-1482,1986
1754830217737,0x064,6,01 FF FF A3 67 C2,1,12.500000,17.984127,-0.540659,-1,-1482,1986
1754830217742,0x064,6,01 FF FF A3 67 C2,1,12.500000,17.984127,-0.540659,-1,-1482,1986
1754830217749,0x064,6,01 FF FF A3 67 C2,1,12.500000,17.984127,-0.540659,-1,-1482,1986
1754830217755,0x064,6,01 FF FF A5 38 26,1,12.500000,18.904762,0.338462,-1,-1453,-2010
1754830217761,0x064,6,01 FF FF A5 38 26,1,12.500000,18.904762,0.338462,-1,-1453,-2010
1754830217769,0x064,6,01 FF FF A5 38 26,1,12.500000,18.904762,0.338462,-1,-1453,-2010
1754830217777,0x064,6,01 FF FF A5 38 26,1,12.500000,18.904762,0.338462,-1,-1453,-2010
1754830217782,0x064,6,01 FF FF A5 38 26,1,12.500000,18.904762,0.338462,-1,-1453,-2010
1754830217790,0x064,6,01 FF FF A5 38 26,1,12.500000,18.904762,0.338462,-1,-1453,-2010
1754830217794,0x064,6,01 FF FF A5 38 26,1,12.500000,18.904762,0.338462,-1,-1453,-2010
1754830217800,0x064,6,01 FF FF A5 38 26,1,12.500000,18.904762,0.338462,-1,-1453,-2010
1754830217805,0x064,6,01 FF FF A5 38 26,1,12.500000,18.904762,0.338462,-1,-1453,-2010
1754830217811,0x064,6,01 FF FF A5 38 26,1,12.500000,18.904762,0.338462,-1,-1453,-2010
1754830217821,0x064,6,01 FF FF A5 38 26,1,12.500000,18.904762,0.338462,-1,-1453,-2010
1754830217826,0x064,6,01 FF FF A5 38 26,1,12.500000,18.904762,0.338462,-1,-1453,-2010
1754830217837,0x064,6,01 FF FF A5 38 26,1,12.500000,18.904762,0.338462,-1,-1453,-2010
1754830217844,0x064,6,01 FF FF A5 38 26,1,12.500000,18.904762,0.338462,-1,-1453,-2010
1754830217851,0x064,6,01 FF FF A5 38 26,1,12.500000,18.904762,0.338462,-1,-1453,-2010
1754830217856,0x064,6,01 FF FF A5 38 26,1,12.500000,18.904762,0.338462,-1,-1453,-2010
1754830217869,0x064,6,01 FF FF A9 08 1C,1,12.500000,20.841270,0.250549,-1,-1392,-2020
1754830217872,0x064,6,01 FF FF A9 08 1C,1,12.500000,20.841270,0.250549,-1,-1392,-2020
1754830217874,0x064,6,01 FF FF A9 08 1C,1,12.500000,20.841270,0.250549,-1,-1392,-2020
1754830217879,0x064,6,01 FF FF A9 08 1C,1,12.500000,20.841270,0.250549,-1,-1392,-2020
1754830217886,0x064,6,01 FF FF A9 08 1C,1,12.500000,20.841270,0.250549,-1,-1392,-2020
1754830217899,0x064,6,01 FF FF A9 08 1C,1,12.500000,20.841270,0.250549,-1,-1392,-2020
1754830217916,0x064,6,01 FF FF A9 08 1C,1,12.500000,20.841270,0.250549,-1,-1392,-2020
1754830217923,0x064,6,01 FF FF A9 08 1C,1,12.500000,20.841270,0.250549,-1,-1392,-2020
1754830217928,0x064,6,01 FF FF A9 08 1C,1,12.500000,20.841270,0.250549,-1,-1392,-2020
1754830217931,0x064,6,01 FF FF A9 08 1C,1,12.500000,20.841270,0.250549,-1,-1392,-2020
1754830217940,0x064,6,01 FF FF A9 08 1C,1,12.500000,20.841270,0.250549,-1,-1392,-2020
1754830217945,0x064,6,01 FF FF A9 08 1C,1,12.500000,20.841270,0.250549,-1,-1392,-2020
1754830217948,0x064,6,01 FF FF A9 08 1C,1,12.500000,20.841270,0.250549,-1,-1392,-2020
1754830217951,0x064,6,01 FF FF A9 08 1C,1,12.500000,20.841270,0.250549,-1,-1392,-2020
1754830217957,0x064,6,01 FF FF AA 28 46,1,12.500000,21.412698,0.619780,-1,-1374,-1978
1754830217962,0x064,6,01 FF FF AA 28 46,1,12.500000,21.412698,0.619780,-1,-1374,-1978
1754830217968,0x064,6,01 FF FF AA 28 46,1,12.500000,21.412698,0.619780,-1,-1374,-1978
1754830217973,0x064,6,01 FF FF AA 28 46,1,12.500000,21.412698,0.619780,-1,-1374,-1978
1754830217978,0x064,6,01 FF FF AA 28 46,1,12.500000,21.412698,0.619780,-1,-1374,-1978
1754830217983,0x064,6,01 FF FF AA 28 46,1,12.500000,21.412698,0.619780,-1,-1374,-1978
1754830217989,0x064,6,01 FF FF AA 28 46,1,12.500000,21.412698,0.619780,-1,-1374,-1978
1754830217994,0x064,6,01 FF FF AA 28 46,1,12.500000,21.412698,0.619780,-1,-1374,-1978
1754830218001,0x064,6,01 FF FF AA 28 46,1,12.500000,21.412698,0.619780,-1,-1374,-1978
1754830218006,0x064,6,01 FF FF AA 28 46,1,12.500000,21.412698,0.619780,-1,-1374,-1978
1754830218013,0x064,6,01 FF FF AA 28 46,1,12.500000,21.412698,0.619780,-1,-1374,-1978
1754830218019,0x064,6,01 FF FF AA 28 46,1,12.500000,21.412698,0.619780,-1,-1374,-1978
1754830218024,0x064,6,01 FF FF AA 28 46,1,12.500000,21.412698,0.619780,-1,-1374,-1978
1754830218029,0x064,6,01 FF FF AA 28 46,1,12.500000,21.412698,0.619780,-1,-1374,-1978
1754830218041,0x064,6,01 FF FF AA 28 46,1,12.500000,21.412698,0.619780,-1,-1374,-1978
1754830218062,0x064,6,01 FF FF AA 28 46,1,12.500000,21.412698,0.619780,-1,-1374,-1978
1754830218078,0x064,6,01 FF FF AA 28 46,1,12.500000,21.412698,0.619780,-1,-1374,-1978
1754830218085,0x064,6,01 FF FF AB B8 0F,1,12.500000,22.206349,0.136264,-1,-1349,-2033
1754830218092,0x064,6,01 FF FF AB B8 0F,1,12.500000,22.206349,0.136264,-1,-1349,-2033
1754830218092,0x064,6,01 FF FF AB B8 0F,1,12.500000,22.206349,0.136264,-1,-1349,-2033
1754830218093,0x064,6,01 FF FF AB B8 0F,1,12.500000,22.206349,0.136264,-1,-1349,-2033
1754830218099,0x064,6,01 FF FF AB B8 0F,1,12.500000,22.206349,0.136264,-1,-1349,-2033
1754830218101,0x064,6,01 FF FF AB B8 0F,1,12.500000,22.206349,0.136264,-1,-1349,-2033
1754830218111,0x064,6,01 FF FF AB B8 0F,1,12.500000,22.206349,0.136264,-1,-1349,-2033
1754830218121,0x064,6,01 FF FF AB B8 0F,1,12.500000,22.206349,0.136264,-1,-1349,-2033
1754830218128,0x064,6,01 FF FF AB B8 0F,1,12.500000,22.206349,0.136264,-1,-1349,-2033
1754830218133,0x064,6,01 FF FF AB B8 0F,1,12.500000,22.206349,0.136264,-1,-1349,-2033
1754830218138,0x064,6,01 FF FF AB B8 0F,1,12.500000,22.206349,0.136264,-1,-1349,-2033
1754830218142,0x064,6,01 FF FF AB B8 0F,1,12.500000,22.206349,0.136264,-1,-1349,-2033
1754830218153,0x064,6,01 FF FF AB B8 0F,1,12.500000,22.206349,0.136264,-1,-1349,-2033
1754830218160,0x064,6,01 FF FF AB B8 0F,1,12.500000,22.206349,0.136264,-1,-1349,-2033
1754830218173,0x064,6,01 FF FF AE 78 6C,1,12.500000,23.603175,0.953846,-1,-1305,-1940
1754830218174,0x064,6,01 FF FF AE 78 6C,1,12.500000,23.603175,0.953846,-1,-1305,-1940
1754830218178,0x064,6,01 FF FF AE 78 6C,1,12.500000,23.603175,0.953846,-1,-1305,-1940
1754830218184,0x064,6,01 FF FF AE 78 6C,1,12.500000,23.603175,0.953846,-1,-1305,-1940
1754830218192,0x064,6,01 FF FF AE 78 6C,1,12.500000,23.603175,0.953846,-1,-1305,-1940
1754830218194,0x064,6,01 FF FF AE 78 6C,1,12.500000,23.603175,0.953846,-1,-1305,-1940
1754830218200,0x064,6,01 FF FF AE 78 6C,1,12.500000,23.603175,0.953846,-1,-1305,-1940
1754830218205,0x064,6,01 FF FF AE 78 6C,1,12.500000,23.603175,0.953846,-1,-1305,-1940
1754830218212,0x064,6,01 FF FF AE 78 6C,1,12.500000,23.603175,0.953846,-1,-1305,-1940
1754830218217,0x064,6,01 FF FF AE 78 6C,1,12.500000,23.603175,0.953846,-1,-1305,-1940
1754830218222,0x064,6,01 FF FF AE 78 6C,1,12.500000,23.603175,0.953846,-1,-1305,-1940
1754830218228,0x064,6,01 FF FF AE 78 6C,1,12.500000,23.603175,0.953846,-1,-1305,-1940
1754830218234,0x064,6,01 FF FF AE 78 6C,1,12.500000,23.603175,0.953846,-1,-1305,-1940
1754830218239,0x064,6,01 FF FF AE 78 6C,1,12.500000,23.603175,0.953846,-1,-1305,-1940
1754830218244,0x064,6,01 FF FF AE 78 6C,1,12.500000,23.603175,0.953846,-1,-1305,-1940
1754830218249,0x064,6,01 FF FF AE 78 6C,1,12.500000,23.603175,0.953846,-1,-1305,-1940
1754830218255,0x064,6,01 FF FF B0 B8 0A,1,12.500000,24.746032,0.092308,-1,-1269,-2038
1754830218260,0x064,6,01 FF FF B0 B8 0A,1,12.500000,24.746032,0.092308,-1,-1269,-2038
1754830218267,0x064,6,01 FF FF B0 B8 0A,1,12.500000,24.746032,0.092308,-1,-1269,-2038
1754830218270,0x064,6,01 FF FF B0 B8 0A,1,12.500000,24.746032,0.092308,-1,-1269,-2038
1754830218276,0x064,6,01 FF FF B0 B8 0A,1,12.500000,24.746032,0.092308,-1,-1269,-2038
1754830218281,0x064,6,01 FF FF B0 B8 0A,1,12.500000,24.746032,0.092308,-1,-1269,-2038
1754830218286,0x064,6,01 FF FF B0 B8 0A,1,12.500000,24.746032,0.092308,-1,-1269,-2038
1754830218291,0x064,6,01 FF FF B0 B8 0A,1,12.500000,24.746032,0.092308,-1,-1269,-2038
1754830218303,0x064,6,01 FF FF B0 B8 0A,1,12.500000,24.746032,0.092308,-1,-1269,-2038
1754830218306,0x064,6,01 FF FF B0 B8 0A,1,12.500000,24.746032,0.092308,-1,-1269,-2038
1754830218309,0x064,6,01 FF FF B0 B8 0A,1,12.500000,24.746032,0.092308,-1,-1269,-2038
1754830218322,0x064,6,01 FF FF B0 B8 0A,1,12.500000,24.746032,0.092308,-1,-1269,-2038
1754830218329,0x064,6,01 FF FF B0 B8 0A,1,12.500000,24.746032,0.092308,-1,-1269,-2038
1754830218346,0x064,6,01 FF FF B0 B8 0A,1,12.500000,24.746032,0.092308,-1,-1269,-2038
1754830218361,0x064,6,01 FF FF B0 B8 0A,1,12.500000,24.746032,0.092308,-1,-1269,-2038
1754830218373,0x064,6,01 FF FF B0 B8 0A,1,12.500000,24.746032,0.092308,-1,-1269,-2038
1754830218391,0x064,6,01 FF FF B2 B8 23,1,12.500000,25.761905,0.312088,-1,-1237,-2013
1754830218397,0x064,6,01 FF FF B2 B8 23,1,12.500000,25.761905,0.312088,-1,-1237,-2013
1754830218398,0x064,6,01 FF FF B2 B8 23,1,12.500000,25.761905,0.312088,-1,-1237,-2013
1754830218398,0x064,6,01 FF FF B2 B8 23,1,12.500000,25.761905,0.312088,-1,-1237,-2013
1754830218398,0x064,6,01 FF FF B2 B8 23,1,12.500000,25.761905,0.312088,-1,-1237,-2013
1754830218398,0x064,6,01 FF FF B2 B8 23,1,12.500000,25.761905,0.312088,-1,-1237,-2013
1754830218399,0x064,6,01 FF FF B2 B8 23,1,12.500000,25.761905,0.312088,-1,-1237,-2013
1754830218405,0x064,6,01 FF FF B2 B8 23,1,12.500000,25.761905,0.312088,-1,-1237,-2013
1754830218410,0x064,6,01 FF FF B2 B8 23,1,12.500000,25.761905,0.312088,-1,-1237,-2013
1754830218418,0x064,6,01 FF FF B2 B8 23,1,12.500000,25.761905,0.312088,-1,-1237,-2013
1754830218443,0x064,6,01 FF FF B2 B8 23,1,12.500000,25.761905,0.312088,-1,-1237,-2013
1754830218455,0x064,6,01 FF FF B2 B8 23,1,12.500000,25.761905,0.312088,-1,-1237,-2013
1754830218455,0x064,6,01 FF FF B2 B8 23,1,12.500000,25.761905,0.312088,-1,-1237,-2013
1754830218456,0x064,6,01 FF FF B2 B8 23,1,12.500000,25.761905,0.312088,-1,-1237,-2013
1754830218456,0x064,6,01 FF FF B2 B8 23,1,12.500000,25.761905,0.312088,-1,-1237,-2013
1754830218459,0x064,6,01 FF FF B4 58 70,1,12.500000,26.587302,0.989011,-1,-1211,-1936
1754830218465,0x064,6,01 FF FF B4 58 70,1,12.500000,26.587302,0.989011,-1,-1211,-1936
1754830218470,0x064,6,01 FF FF B4 58 70,1,12.500000,26.587302,0.989011,-1,-1211,-1936
1754830218478,0x064,6,01 FF FF B4 58 70,1,12.500000,26.587302,0.989011,-1,-1211,-1936
1754830218480,0x064,6,01 FF FF B4 58 70,1,12.500000,26.587302,0.989011,-1,-1211,-1936
1754830218486,0x064,6,01 FF FF B4 58 70,1,12.500000,26.587302,0.989011,-1,-1211,-1936
1754830218492,0x064,6,01 FF FF B4 58 70,1,12.500000,26.587302,0.989011,-1,-1211,-1936
1754830218497,0x064,6,01 FF FF B4 58 70,1,12.500000,26.587302,0.989011,-1,-1211,-1936
1754830218503,0x064,6,01 FF FF B4 58 70,1,12.500000,26.587302,0.989011,-1,-1211,-1936
1754830218512,0x064,6,01 FF FF B4 58 70,1,12.500000,26.587302,0.989011,-1,-1211,-1936
1754830218519,0x064,6,01 FF FF B4 58 70,1,12.500000,26.587302,0.989011,-1,-1211,-1936
1754830218522,0x064,6,01 FF FF B4 58 70,1,12.500000,26.587302,0.989011,-1,-1211,-1936
1754830218528,0x064,6,01 FF FF B4 58 70,1,12.500000,26.587302,0.989011,-1,-1211,-1936
1754830218545,0x064,6,01 FF FF B4 58 70,1,12.500000,26.587302,0.989011,-1,-1211,-1936
1754830218555,0x064,6,01 FF FF B4 58 70,1,12.500000,26.587302,0.989011,-1,-1211,-1936
1754830218555,0x064,6,01 FF FF B4 58 70,1,12.500000,26.587302,0.989011,-1,-1211,-1936
1754830218556,0x064,6,01 FF FF B6 78 2D,1,12.500000,27.666667,0.400000,-1,-1177,-2003
1754830218567,0x064,6,01 FF FF B6 78 2D,1,12.500000,27.666667,0.400000,-1,-1177,-2003
1754830218579,0x064,6,01 FF FF B6 78 2D,1,12.500000,27.666667,0.400000,-1,-1177,-2003
1754830218589,0x064,6,01 FF FF B6 78 2D,1,12.500000,27.666667,0.400000,-1,-1177,-2003
1754830218591,0x064,6,01 FF FF B6 78 2D,1,12.500000,27.666667,0.400000,-1,-1177,-2003
1754830218592,0x064,6,01 FF FF B6 78 2D,1,12.500000,27.666667,0.400000,-1,-1177,-2003
1754830218602,0x064,6,01 FF FF B6 78 2D,1,12.500000,27.666667,0.400000,-1,-1177,-2003
1754830218608,0x064,6,01 FF FF B6 78 2D,1,12.500000,27.666667,0.400000,-1,-1177,-2003
1754830218616,0x064,6,01 FF FF B6 78 2D,1,12.500000,27.666667,0.400000,-1,-1177,-2003
1754830218619,0x064,6,01 FF FF B6 78 2D,1,12.500000,27.666667,0.400000,-1,-1177,-2003
1754830218624,0x064,6,01 FF FF B6 78 2D,1,12.500000,27.666667,0.400000,-1,-1177,-2003
1754830218629,0x064,6,01 FF FF B6 78 2D,1,12.500000,27.666667,0.400000,-1,-1177,-2003
1754830218634,0x064,6,01 FF FF B6 78 2D,1,12.500000,27.666667,0.400000,-1,-1177,-2003
1754830218639,0x064,6,01 FF FF B6 78 2D,1,12.500000,27.666667,0.400000,-1,-1177,-2003
1754830218645,0x064,6,01 FF FF B6 78 2D,1,12.500000,27.666667,0.400000,-1,-1177,-2003
1754830218650,0x064,6,01 FF FF B6 78 2D,1,12.500000,27.666667,0.400000,-1,-1177,-2003
1754830218659,0x064,6,01 FF FF B6 B8 2A,1,12.500000,27.793651,0.373626,-1,-1173,-2006
1754830218663,0x064,6,01 FF FF B6 B8 2A,1,12.500000,27.793651,0.373626,-1,-1173,-2006
1754830218670,0x064,6,01 FF FF B6 B8 2A,1,12.500000,27.793651,0.373626,-1,-1173,-2006
1754830218674,0x064,6,01 FF FF B6 B8 2A,1,12.500000,27.793651,0.373626,-1,-1173,-2006
1754830218680,0x064,6,01 FF FF B6 B8 2A,1,12.500000,27.793651,0.373626,-1,-1173,-2006
1754830218684,0x064,6,01 FF FF B6 B8 2A,1,12.500000,27.793651,0.373626,-1,-1173,-2006
1754830218689,0x064,6,01 FF FF B6 B8 2A,1,12.500000,27.793651,0.373626,-1,-1173,-2006
1754830218696,0x064,6,01 FF FF B6 B8 2A,1,12.500000,27.793651,0.373626,-1,-1173,-2006
1754830218700,0x064,6,01 FF FF B6 B8 2A,1,12.500000,27.793651,0.373626,-1,-1173,-2006
1754830218705,0x064,6,01 FF FF B6 B8 2A,1,12.500000,27.793651,0.373626,-1,-1173,-2006
1754830218710,0x064,6,01 FF FF B6 B8 2A,1,12.500000,27.793651,0.373626,-1,-1173,-2006
1754830218717,0x064,6,01 FF FF B6 B8 2A,1,12.500000,27.793651,0.373626,-1,-1173,-2006
1754830218727,0x064,6,01 FF FF B6 B8 2A,1,12.500000,27.793651,0.373626,-1,-1173,-2006
1754830218732,0x064,6,01 FF FF B6 B8 2A,1,12.500000,27.793651,0.373626,-1,-1173,-2006
1754830218732,0x064,6,01 FF FF B6 B8 2A,1,12.500000,27.793651,0.373626,-1,-1173,-2006
1754830218738,0x064,6,01 FF FF B6 B8 2A,1,12.500000,27.793651,0.373626,-1,-1173,-2006
1754830218743,0x064,6,01 FF FF B6 B8 2A,1,12.500000,27.793651,0.373626,-1,-1173,-2006
1754830218748,0x064,6,01 FF FF B6 B8 2A,1,12.500000,27.793651,0.373626,-1,-1173,-2006
1754830218754,0x064,6,01 FF FF B6 B8 2A,1,12.500000,27.793651,0.373626,-1,-1173,-2006
1754830218759,0x064,6,01 FF FF BA 98 09,1,12.500000,29.761905,0.083516,-1,-1111,-2039
1754830218766,0x064,6,01 FF FF BA 98 09,1,12.500000,29.761905,0.083516,-1,-1111,-2039
1754830218770,0x064,6,01 FF FF BA 98 09,1,12.500000,29.761905,0.083516,-1,-1111,-2039
1754830218783,0x064,6,01 FF FF BA 98 09,1,12.500000,29.761905,0.083516,-1,-1111,-2039
1754830218803,0x064,6,01 FF FF BA 98 09,1,12.500000,29.761905,0.083516,-1,-1111,-2039
1754830218810,0x064,6,01 FF FF BA 98 09,1,12.500000,29.761905,0.083516,-1,-1111,-2039
1754830218811,0x064,6,01 FF FF BA 98 09,1,12.500000,29.761905,0.083516,-1,-1111,-2039
1754830218811,0x064,6,01 FF FF BA 98 09,1,12.500000,29.761905,0.083516,-1,-1111,-2039
1754830218818,0x064,6,01 FF FF BA 98 09,1,12.500000,29.761905,0.083516,-1,-1111,-2039
1754830218823,0x064,6,01 FF FF BA 98 09,1,12.500000,29.761905,0.083516,-1,-1111,-2039
1754830218832,0x064,6,01 FF FF BA 98 09,1,12.500000,29.761905,0.083516,-1,-1111,-2039
1754830218851,0x064,6,01 FF FF BA 98 09,1,12.500000,29.761905,0.083516,-1,-1111,-2039
1754830218857,0x064,6,01 FF FF BA 98 09,1,12.500000,29.761905,0.083516,-1,-1111,-2039
1754830218864,0x064,6,01 FF FF BA 98 09,1,12.500000,29.761905,0.083516,-1,-1111,-2039
1754830218865,0x064,6,01 FF FF BB C7 D4,1,12.500000,30.365079,-0.382418,-1,-1092,2004
1754830218869,0x064,6,01 FF FF BB C7 D4,1,12.500000,30.365079,-0.382418,-1,-1092,2004
1754830218870,0x064,6,01 FF FF BB C7 D4,1,12.500000,30.365079,-0.382418,-1,-1092,2004
1754830218876,0x064,6,01 FF FF BB C7 D4,1,12.500000,30.365079,-0.382418,-1,-1092,2004
1754830218882,0x064,6,01 FF FF BB C7 D4,1,12.500000,30.365079,-0.382418,-1,-1092,2004
1754830218887,0x064,6,01 FF FF BB C7 D4,1,12.500000,30.365079,-0.382418,-1,-1092,2004
1754830218894,0x064,6,01 FF FF BB C7 D4,1,12.500000,30.365079,-0.382418,-1,-1092,2004
1754830218898,0x064,6,01 FF FF BB C7 D4,1,12.500000,30.365079,-0.382418,-1,-1092,2004
1754830218904,0x064,6,01 FF FF BB C7 D4,1,12.500000,30.365079,-0.382418,-1,-1092,2004
1754830218909,0x064,6,01 FF FF BB C7 D4,1,12.500000,30.365079,-0.382418,-1,-1092,2004
1754830218917,0x064,6,01 FF FF BB C7 D4,1,12.500000,30.365079,-0.382418,-1,-1092,2004
1754830218927,0x064,6,01 FF FF BB C7 D4,1,12.500000,30.365079,-0.382418,-1,-1092,2004
1754830218952,0x064,6,01 FF FF BB C7 D4,1,12.500000,30.365079,-0.382418,-1,-1092,2004
1754830218955,0x064,6,01 FF FF BB C7 D4,1,12.500000,30.365079,-0.382418,-1,-1092,2004
1754830218955,0x064,6,01 FF FF BB C7 D4,1,12.500000,30.365079,-0.382418,-1,-1092,2004
1754830218955,0x064,6,01 FF FF BB C7 D4,1,12.500000,30.365079,-0.382418,-1,-1092,2004
1754830218963,0x064,6,01 FF FF BB F8 23,1,12.500000,30.460317,0.312088,-1,-1089,-2013
1754830218965,0x064,6,01 FF FF BB F8 23,1,12.500000,30.460317,0.312088,-1,-1089,-2013
1754830218974,0x064,6,01 FF FF BB F8 23,1,12.500000,30.460317,0.312088,-1,-1089,-2013
1754830218975,0x064,6,01 FF FF BB F8 23,1,12.500000,30.460317,0.312088,-1,-1089,-2013
1754830218981,0x064,6,01 FF FF BB F8 23,1,12.500000,30.460317,0.312088,-1,-1089,-2013
1754830218986,0x064,6,01 FF FF BB F8 23,1,12.500000,30.460317,0.312088,-1,-1089,-2013
1754830218992,0x064,6,01 FF FF BB F8 23,1,12.500000,30.460317,0.312088,-1,-1089,-2013
1754830218999,0x064,6,01 FF FF BB F8 23,1,12.500000,30.460317,0.312088,-1,-1089,-2013
1754830219005,0x064,6,01 FF FF BB F8 23,1,12.500000,30.460317,0.312088,-1,-1089,-2013
1754830219010,0x064,6,01 FF FF BB F8 23,1,12.500000,30.460317,0.312088,-1,-1089,-2013
1754830219014,0x064,6,01 FF FF BB F8 23,1,12.500000,30.460317,0.312088,-1,-1089,-2013
1754830219020,0x064,6,01 FF FF BB F8 23,1,12.500000,30.460317,0.312088,-1,-1089,-2013
1754830219026,0x064,6,01 FF FF BB F8 23,1,12.500000,30.460317,0.312088,-1,-1089,-2013
1754830219032,0x064,6,01 FF FF BB F8 23,1,12.500000,30.460317,0.312088,-1,-1089,-2013
1754830219040,0x064,6,01 FF FF BB F8 23,1,12.500000,30.460317,0.312088,-1,-1089,-2013
1754830219043,0x064,6,01 FF FF BB F8 23,1,12.500000,30.460317,0.312088,-1,-1089,-2013
1754830219048,0x064,6,01 FF FF BB F8 23,1,12.500000,30.460317,0.312088,-1,-1089,-2013
1754830219053,0x064,6,01 FF FF BB F8 23,1,12.500000,30.460317,0.312088,-1,-1089,-2013
1754830219059,0x064,6,01 FF FF BD 68 58,1,12.500000,31.190476,0.778022,-1,-1066,-1960
1754830219066,0x064,6,01 FF FF BD 68 58,1,12.500000,31.190476,0.778022,-1,-1066,-1960
1754830219076,0x064,6,01 FF FF BD 68 58,1,12.500000,31.190476,0.778022,-1,-1066,-1960
1754830219079,0x064,6,01 FF FF BD 68 58,1,12.500000,31.190476,0.778022,-1,-1066,-1960
1754830219087,0x064,6,01 FF FF BD 68 58,1,12.500000,31.190476,0.778022,-1,-1066,-1960
1754830219089,0x064,6,01 FF FF BD 68 58,1,12.500000,31.190476,0.778022,-1,-1066,-1960
1754830219095,0x064,6,01 FF FF BD 68 58,1,12.500000,31.190476,0.778022,-1,-1066,-1960
1754830219101,0x064,6,01 FF FF BD 68 58,1,12.500000,31.190476,0.778022,-1,-1066,-1960
1754830219107,0x064,6,01 FF FF BD 68 58,1,12.500000,31.190476,0.778022,-1,-1066,-1960
1754830219113,0x064,6,01 FF FF BD 68 58,1,12.500000,31.190476,0.778022,-1,-1066,-1960
1754830219118,0x064,6,01 FF FF BD 68 58,1,12.500000,31.190476,0.778022,-1,-1066,-1960
1754830219124,0x064,6,01 FF FF BD 68 58,1,12.500000,31.190476,0.778022,-1,-1066,-1960
1754830219130,0x064,6,01 FF FF BD 68 58,1,12.500000,31.190476,0.778022,-1,-1066,-1960
1754830219142,0x064,6,01 FF FF BD 68 58,1,12.500000,31.190476,0.778022,-1,-1066,-1960
1754830219160,0x064,6,01 FF FF BD 68 58,1,12.500000,31.190476,0.778022,-1,-1066,-1960
1754830219182,0x064,6,01 FF FF BD 68 58,1,12.500000,31.190476,0.778022,-1,-1066,-1960
1754830219188,0x064,6,01 FF FF BF 18 44,1,12.500000,32.047619,0.602198,-1,-1039,-1980
1754830219193,0x064,6,01 FF FF BF 18 44,1,12.500000,32.047619,0.602198,-1,-1039,-1980
1754830219199,0x064,6,01 FF FF BF 18 44,1,12.500000,32.047619,0.602198,-1,-1039,-1980
1754830219208,0x064,6,01 FF FF BF 18 44,1,12.500000,32.047619,0.602198,-1,-1039,-1980
1754830219209,0x064,6,01 FF FF BF 18 44,1,12.500000,32.047619,0.602198,-1,-1039,-1980
1754830219212,0x064,6,01 FF FF BF 18 44,1,12.500000,32.047619,0.602198,-1,-1039,-1980
1754830219212,0x064,6,01 FF FF BF 18 44,1,12.500000,32.047619,0.602198,-1,-1039,-1980
1754830219217,0x064,6,01 FF FF BF 18 44,1,12.500000,32.047619,0.602198,-1,-1039,-1980
1754830219223,0x064,6,01 FF FF BF 18 44,1,12.500000,32.047619,0.602198,-1,-1039,-1980
1754830219226,0x064,6,01 FF FF BF 18 44,1,12.500000,32.047619,0.602198,-1,-1039,-1980
1754830219231,0x064,6,01 FF FF BF 18 44,1,12.500000,32.047619,0.602198,-1,-1039,-1980
1754830219237,0x064,6,01 FF FF BF 18 44,1,12.500000,32.047619,0.602198,-1,-1039,-1980
1754830219245,0x064,6,01 FF FF BF 18 44,1,12.500000,32.047619,0.602198,-1,-1039,-1980
1754830219251,0x064,6,01 FF FF BF 18 44,1,12.500000,32.047619,0.602198,-1,-1039,-1980
1754830219256,0x064,6,01 FF FF BF 18 44,1,12.500000,32.047619,0.602198,-1,-1039,-1980
1754830219261,0x064,6,01 FF FF C2 87 E1,1,12.500000,33.793651,-0.268132,-1,-984,2017
1754830219284,0x064,6,01 FF FF C2 87 E1,1,12.500000,33.793651,-0.268132,-1,-984,2017
1754830219287,0x064,6,01 FF FF C2 87 E1,1,12.500000,33.793651,-0.268132,-1,-984,2017
1754830219292,0x064,6,01 FF FF C2 87 E1,1,12.500000,33.793651,-0.268132,-1,-984,2017
1754830219297,0x064,6,01 FF FF C2 87 E1,1,12.500000,33.793651,-0.268132,-1,-984,2017
1754830219301,0x064,6,01 FF FF C2 87 E1,1,12.500000,33.793651,-0.268132,-1,-984,2017
1754830219321,0x064,6,01 FF FF C2 87 E1,1,12.500000,33.793651,-0.268132,-1,-984,2017
1754830219323,0x064,6,01 FF FF C2 87 E1,1,12.500000,33.793651,-0.268132,-1,-984,2017
1754830219326,0x064,6,01 FF FF C2 87 E1,1,12.500000,33.793651,-0.268132,-1,-984,2017
1754830219327,0x064,6,01 FF FF C2 87 E1,1,12.500000,33.793651,-0.268132,-1,-984,2017
1754830219332,0x064,6,01 FF FF C2 87 E1,1,12.500000,33.793651,-0.268132,-1,-984,2017
1754830219333,0x064,6,01 FF FF C2 87 E1,1,12.500000,33.793651,-0.268132,-1,-984,2017
1754830219340,0x064,6,01 FF FF C2 87 E1,1,12.500000,33.793651,-0.268132,-1,-984,2017
1754830219344,0x064,6,01 FF FF C2 87 E1,1,12.500000,33.793651,-0.268132,-1,-984,2017
1754830219353,0x064,6,01 FF FF C2 87 E1,1,12.500000,33.793651,-0.268132,-1,-984,2017
1754830219357,0x064,6,01 FF FF C2 87 E1,1,12.500000,33.793651,-0.268132,-1,-984,2017
1754830219362,0x064,6,01 FF FF C2 B7 C1,1,12.500000,33.888889,-0.549451,-1,-981,1985
1754830219366,0x064,6,01 FF FF C2 B7 C1,1,12.500000,33.888889,-0.549451,-1,-981,1985
1754830219371,0x064,6,01 FF FF C2 B7 C1,1,12.500000,33.888889,-0.549451,-1,-981,1985
1754830219377,0x064,6,01 FF FF C2 B7 C1,1,12.500000,33.888889,-0.549451,-1,-981,1985
1754830219382,0x064,6,01 FF FF C2 B7 C1,1,12.500000,33.888889,-0.549451,-1,-981,1985
1754830219392,0x064,6,01 FF FF C2 B7 C1,1,12.500000,33.888889,-0.549451,-1,-981,1985
1754830219395,0x064,6,01 FF FF C2 B7 C1,1,12.500000,33.888889,-0.549451,-1,-981,1985
1754830219400,0x064,6,01 FF FF C2 B7 C1,1,12.500000,33.888889,-0.549451,-1,-981,1985
1754830219406,0x064,6,01 FF FF C2 B7 C1,1,12.500000,33.888889,-0.549451,-1,-981,1985
1754830219412,0x064,6,01 FF FF C2 B7 C1,1,12.500000,33.888889,-0.549451,-1,-981,1985
1754830219417,0x064,6,01 FF FF C2 B7 C1,1,12.500000,33.888889,-0.549451,-1,-981,1985
1754830219432,0x064,6,01 FF FF C2 B7 C1,1,12.500000,33.888889,-0.549451,-1,-981,1985
1754830219438,0x064,6,01 FF FF C2 B7 C1,1,12.500000,33.888889,-0.549451,-1,-981,1985
1754830219451,0x064,6,01 FF FF C2 B7 C1,1,12.500000,33.888889,-0.549451,-1,-981,1985
1754830219456,0x064,6,01 FF FF C2 B7 C1,1,12.500000,33.888889,-0.549451,-1,-981,1985
1754830219466,0x064,6,01 FF FF C1 98 46,1,12.500000,33.317460,0.619780,-1,-999,-1978
1754830219471,0x064,6,01 FF FF C1 98 46,1,12.500000,33.317460,0.619780,-1,-999,-1978
1754830219476,0x064,6,01 FF FF C1 98 46,1,12.500000,33.317460,0.619780,-1,-999,-1978
1754830219481,0x064,6,01 FF FF C1 98 46,1,12.500000,33.317460,0.619780,-1,-999,-1978
1754830219487,0x064,6,01 FF FF C1 98 46,1,12.500000,33.317460,0.619780,-1,-999,-1978
1754830219491,0x064,6,01 FF FF C1 98 46,1,12.500000,33.317460,0.619780,-1,-999,-1978
1754830219497,0x064,6,01 FF FF C1 98 46,1,12.500000,33.317460,0.619780,-1,-999,-1978
1754830219504,0x064,6,01 FF FF C1 98 46,1,12.500000,33.317460,0.619780,-1,-999,-1978
1754830219512,0x064,6,01 FF FF C1 98 46,1,12.500000,33.317460,0.619780,-1,-999,-1978
1754830219517,0x064,6,01 FF FF C1 98 46,1,12.500000,33.317460,0.619780,-1,-999,-1978
1754830219522,0x064,6,01 FF FF C1 98 46,1,12.500000,33.317460,0.619780,-1,-999,-1978
1754830219528,0x064,6,01 FF FF C1 98 46,1,12.500000,33.317460,0.619780,-1,-999,-1978
1754830219533,0x064,6,01 FF FF C1 98 46,1,12.500000,33.317460,0.619780,-1,-999,-1978
1754830219539,0x064,6,01 FF FF C1 98 46,1,12.500000,33.317460,0.619780,-1,-999,-1978
1754830219544,0x064,6,01 FF FF C1 98 46,1,12.500000,33.317460,0.619780,-1,-999,-1978
1754830219551,0x064,6,01 FF FF C1 98 46,1,12.500000,33.317460,0.619780,-1,-999,-1978
1754830219556,0x064,6,01 FF FF C3 77 E2,1,12.500000,34.269841,-0.259341,-1,-969,2018
1754830219561,0x064,6,01 FF FF C3 77 E2,1,12.500000,34.269841,-0.259341,-1,-969,2018
1754830219566,0x064,6,01 FF FF C3 77 E2,1,12.500000,34.269841,-0.259341,-1,-969,2018
1754830219572,0x064,6,01 FF FF C3 77 E2,1,12.500000,34.269841,-0.259341,-1,-969,2018
1754830219579,0x064,6,01 FF FF C3 77 E2,1,12.500000,34.269841,-0.259341,-1,-969,2018
1754830219587,0x064,6,01 FF FF C3 77 E2,1,12.500000,34.269841,-0.259341,-1,-969,2018
1754830219590,0x064,6,01 FF FF C3 77 E2,1,12.500000,34.269841,-0.259341,-1,-969,2018
1754830219595,0x064,6,01 FF FF C3 77 E2,1,12.500000,34.269841,-0.259341,-1,-969,2018
1754830219601,0x064,6,01 FF FF C3 77 E2,1,12.500000,34.269841,-0.259341,-1,-969,2018
1754830219607,0x064,6,01 FF FF C3 77 E2,1,12.500000,34.269841,-0.259341,-1,-969,2018
1754830219612,0x064,6,01 FF FF C3 77 E2,1,12.500000,34.269841,-0.259341,-1,-969,2018
1754830219623,0x064,6,01 FF FF C3 77 E2,1,12.500000,34.269841,-0.259341,-1,-969,2018
1754830219628,0x064,6,01 FF FF C3 77 E2,1,12.500000,34.269841,-0.259341,-1,-969,2018
1754830219633,0x064,6,01 FF FF C3 77 E2,1,12.500000,34.269841,-0.259341,-1,-969,2018
1754830219635,0x064,6,01 FF FF C3 77 E2,1,12.500000,34.269841,-0.259341,-1,-969,2018
1754830219640,0x064,6,01 FF FF C3 77 E2,1,12.500000,34.269841,-0.259341,-1,-969,2018
1754830219646,0x064,6,01 FF FF C3 77 E2,1,12.500000,34.269841,-0.259341,-1,-969,2018
1754830219655,0x064,6,01 FF FF C3 77 E2,1,12.500000,34.269841,-0.259341,-1,-969,2018
1754830219671,0x064,6,01 FF FF C4 27 DF,1,12.500000,34.619048,-0.285714,-1,-958,2015
1754830219678,0x064,6,01 FF FF C4 27 DF,1,12.500000,34.619048,-0.285714,-1,-958,2015
1754830219688,0x064,6,01 FF FF C4 27 DF,1,12.500000,34.619048,-0.285714,-1,-958,2015
1754830219695,0x064,6,01 FF FF C4 27 DF,1,12.500000,34.619048,-0.285714,-1,-958,2015
1754830219699,0x064,6,01 FF FF C4 27 DF,1,12.500000,34.619048,-0.285714,-1,-958,2015
1754830219706,0x064,6,01 FF FF C4 27 DF,1,12.500000,34.619048,-0.285714,-1,-958,2015
1754830219706,0x064,6,01 FF FF C4 27 DF,1,12.500000,34.619048,-0.285714,-1,-958,2015
1754830219708,0x064,6,01 FF FF C4 27 DF,1,12.500000,34.619048,-0.285714,-1,-958,2015
1754830219713,0x064,6,01 FF FF C4 27 DF,1,12.500000,34.619048,-0.285714,-1,-958,2015
1754830219718,0x064,6,01 FF FF C4 27 DF,1,12.500000,34.619048,-0.285714,-1,-958,2015
1754830219727,0x064,6,01 FF FF C4 27 DF,1,12.500000,34.619048,-0.285714,-1,-958,2015
1754830219730,0x064,6,01 FF FF C4 27 DF,1,12.500000,34.619048,-0.285714,-1,-958,2015
1754830219735,0x064,6,01 FF FF C4 27 DF,1,12.500000,34.619048,-0.285714,-1,-958,2015
1754830219746,0x064,6,01 FF FF C4 27 DF,1,12.500000,34.619048,-0.285714,-1,-958,2015
1754830219780,0x064,6,01 FF FF C4 27 DF,1,12.500000,34.619048,-0.285714,-1,-958,2015
1754830219784,0x064,6,01 FF FF C4 27 DF,1,12.500000,34.619048,-0.285714,-1,-958,2015
1754830219784,0x064,6,01 FF FF C4 C8 30,1,12.500000,34.936508,0.426374,-1,-948,-2000
1754830219785,0x064,6,01 FF FF C4 C8 30,1,12.500000,34.936508,0.426374,-1,-948,-2000
1754830219786,0x064,6,01 FF FF C4 C8 30,1,12.500000,34.936508,0.426374,-1,-948,-2000
1754830219791,0x064,6,01 FF FF C4 C8 30,1,12.500000,34.936508,0.426374,-1,-948,-2000
1754830219796,0x064,6,01 FF FF C4 C8 30,1,12.500000,34.936508,0.426374,-1,-948,-2000
1754830219802,0x064,6,01 FF FF C4 C8 30,1,12.500000,34.936508,0.426374,-1,-948,-2000
1754830219807,0x064,6,01 FF FF C4 C8 30,1,12.500000,34.936508,0.426374,-1,-948,-2000
1754830219813,0x064,6,01 FF FF C4 C8 30,1,12.500000,34.936508,0.426374,-1,-948,-2000
1754830219819,0x064,6,01 FF FF C4 C8 30,1,12.500000,34.936508,0.426374,-1,-948,-2000
1754830219828,0x064,6,01 FF FF C4 C8 30,1,12.500000,34.936508,0.426374,-1,-948,-2000
1754830219830,0x064,6,01 FF FF C4 C8 30,1,12.500000,34.936508,0.426374,-1,-948,-2000
1754830219835,0x064,6,01 FF FF C4 C8 30,1,12.500000,34.936508,0.426374,-1,-948,-2000
1754830219842,0x064,6,01 FF FF C4 C8 30,1,12.500000,34.936508,0.426374,-1,-948,-2000
1754830219848,0x064,6,01 FF FF C4 C8 30,1,12.500000,34.936508,0.426374,-1,-948,-2000
1754830219855,0x064,6,01 FF FF C4 C8 30,1,12.500000,34.936508,0.426374,-1,-948,-2000
1754830219861,0x064,6,01 FF FF C8 58 0E,1,12.500000,36.746032,0.127473,-1,-891,-2034
1754830219869,0x064,6,01 FF FF C8 58 0E,1,12.500000,36.746032,0.127473,-1,-891,-2034
1754830219871,0x064,6,01 FF FF C8 58 0E,1,12.500000,36.746032,0.127473,-1,-891,-2034
1754830219877,0x064,6,01 FF FF C8 58 0E,1,12.500000,36.746032,0.127473,-1,-891,-2034
1754830219884,0x064,6,01 FF FF C8 58 0E,1,12.500000,36.746032,0.127473,-1,-891,-2034
1754830219889,0x064,6,01 FF FF C8 58 0E,1,12.500000,36.746032,0.127473,-1,-891,-2034
1754830219894,0x064,6,01 FF FF C8 58 0E,1,12.500000,36.746032,0.127473,-1,-891,-2034
1754830219900,0x064,6,01 FF FF C8 58 0E,1,12.500000,36.746032,0.127473,-1,-891,-2034
1754830219915,0x064,6,01 FF FF C8 58 0E,1,12.500000,36.746032,0.127473,-1,-891,-2034
1754830219919,0x064,6,01 FF FF C8 58 0E,1,12.500000,36.746032,0.127473,-1,-891,-2034
1754830219926,0x064,6,01 FF FF C8 58 0E,1,12.500000,36.746032,0.127473,-1,-891,-2034
1754830219933,0x064,6,01 FF FF C8 58 0E,1,12.500000,36.746032,0.127473,-1,-891,-2034
1754830219935,0x064,6,01 FF FF C8 58 0E,1,12.500000,36.746032,0.127473,-1,-891,-2034
1754830219939,0x064,6,01 FF FF C8 58 0E,1,12.500000,36.746032,0.127473,-1,-891,-2034
1754830219946,0x064,6,01 FF FF C8 58 0E,1,12.500000,36.746032,0.127473,-1,-891,-2034
1754830219955,0x064,6,01 FF FF C8 58 0E,1,12.500000,36.746032,0.127473,-1,-891,-2034
1754830219956,0x064,6,01 FF FF C7 D8 0F,1,12.500000,36.492063,0.136264,-1,-899,-2033
1754830219962,0x064,6,01 FF FF C7 D8 0F,1,12.500000,36.492063,0.136264,-1,-899,-2033
1754830219968,0x064,6,01 FF FF C7 D8 0F,1,12.500000,36.492063,0.136264,-1,-899,-2033
1754830219972,0x064,6,01 FF FF C7 D8 0F,1,12.500000,36.492063,0.136264,-1,-899,-2033
1754830219977,0x064,6,01 FF FF C7 D8 0F,1,12.500000,36.492063,0.136264,-1,-899,-2033
1754830219983,0x064,6,01 FF FF C7 D8 0F,1,12.500000,36.492063,0.136264,-1,-899,-2033
1754830219988,0x064,6,01 FF FF C7 D8 0F,1,12.500000,36.492063,0.136264,-1,-899,-2033
1754830219994,0x064,6,01 FF FF C7 D8 0F,1,12.500000,36.492063,0.136264,-1,-899,-2033
1754830220000,0x064,6,01 FF FF C7 D8 0F,1,12.500000,36.492063,0.136264,-1,-899,-2033
1754830220005,0x064,6,01 FF FF C7 D8 0F,1,12.500000,36.492063,0.136264,-1,-899,-2033
1754830220010,0x064,6,01 FF FF C7 D8 0F,1,12.500000,36.492063,0.136264,-1,-899,-2033
1754830220016,0x064,6,01 FF FF C7 D8 0F,1,12.500000,36.492063,0.136264,-1,-899,-2033
1754830220021,0x064,6,01 FF FF C7 D8 0F,1,12.500000,36.492063,0.136264,-1,-899,-2033
1754830220027,0x064,6,01 FF FF C7 D8 0F,1,12.500000,36.492063,0.136264,-1,-899,-2033
1754830220031,0x064,6,01 FF FF C7 D8 0F,1,12.500000,36.492063,0.136264,-1,-899,-2033
1754830220036,0x064,6,01 FF FF C7 D8 0F,1,12.500000,36.492063,0.136264,-1,-899,-2033
1754830220042,0x064,6,01 FF FF C7 D8 0F,1,12.500000,36.492063,0.136264,-1,-899,-2033
1754830220051,0x064,6,01 FF FF C7 D8 0F,1,12.500000,36.492063,0.136264,-1,-899,-2033
1754830220056,0x064,6,01 FF FF C7 D8 0F,1,12.500000,36.492063,0.136264,-1,-899,-2033
1754830220059,0x064,6,01 FF FF C5 67 CB,1,12.500000,35.253968,-0.461538,-1,-938,1995
1754830220065,0x064,6,01 FF FF C5 67 CB,1,12.500000,35.253968,-0.461538,-1,-938,1995
1754830220076,0x064,6,01 FF FF C5 67 CB,1,12.500000,35.253968,-0.461538,-1,-938,1995
1754830220083,0x064,6,01 FF FF C5 67 CB,1,12.500000,35.253968,-0.461538,-1,-938,1995
1754830220085,0x064,6,01 FF FF C5 67 CB,1,12.500000,35.253968,-0.461538,-1,-938,1995
1754830220091,0x064,6,01 FF FF C5 67 CB,1,12.500000,35.253968,-0.461538,-1,-938,1995
1754830220097,0x064,6,01 FF FF C5 67 CB,1,12.500000,35.253968,-0.461538,-1,-938,1995
1754830220106,0x064,6,01 FF FF C5 67 CB,1,12.500000,35.253968,-0.461538,-1,-938,1995
1754830220114,0x064,6,01 FF FF C5 67 CB,1,12.500000,35.253968,-0.461538,-1,-938,1995
1754830220124,0x064,6,01 FF FF C5 67 CB,1,12.500000,35.253968,-0.461538,-1,-938,1995
1754830220128,0x064,6,01 FF FF C5 67 CB,1,12.500000,35.253968,-0.461538,-1,-938,1995
1754830220140,0x064,6,01 FF FF C5 67 CB,1,12.500000,35.253968,-0.461538,-1,-938,1995
1754830220142,0x064,6,01 FF FF C5 67 CB,1,12.500000,35.253968,-0.461538,-1,-938,1995
1754830220148,0x064,6,01 FF FF C5 67 CB,1,12.500000,35.253968,-0.461538,-1,-938,1995
1754830220160,0x064,6,01 FF FF C5 67 CB,1,12.500000,35.253968,-0.461538,-1,-938,1995
1754830220177,0x064,6,01 FF FF C6 D8 02,1,12.500000,35.984127,0.021978,-1,-915,-2046
1754830220180,0x064,6,01 FF FF C6 D8 02,1,12.500000,35.984127,0.021978,-1,-915,-2046
1754830220180,0x064,6,01 FF FF C6 D8 02,1,12.500000,35.984127,0.021978,-1,-915,-2046
1754830220184,0x064,6,01 FF FF C6 D8 02,1,12.500000,35.984127,0.021978,-1,-915,-2046
1754830220189,0x064,6,01 FF FF C6 D8 02,1,12.500000,35.984127,0.021978,-1,-915,-2046
1754830220195,0x064,6,01 FF FF C6 D8 02,1,12.500000,35.984127,0.021978,-1,-915,-2046
1754830220200,0x064,6,01 FF FF C6 D8 02,1,12.500000,35.984127,0.021978,-1,-915,-2046
1754830220208,0x064,6,01 FF FF C6 D8 02,1,12.500000,35.984127,0.021978,-1,-915,-2046
1754830220214,0x064,6,01 FF FF C6 D8 02,1,12.500000,35.984127,0.021978,-1,-915,-2046
1754830220219,0x064,6,01 FF FF C6 D8 02,1,12.500000,35.984127,0.021978,-1,-915,-2046
1754830220224,0x064,6,01 FF FF C6 D8 02,1,12.500000,35.984127,0.021978,-1,-915,-2046
1754830220234,0x064,6,01 FF FF C6 D8 02,1,12.500000,35.984127,0.021978,-1,-915,-2046
1754830220238,0x064,6,01 FF FF C6 D8 02,1,12.500000,35.984127,0.021978,-1,-915,-2046
1754830220241,0x064,6,01 FF FF C6 D8 02,1,12.500000,35.984127,0.021978,-1,-915,-2046
1754830220246,0x064,6,01 FF FF C6 D8 02,1,12.500000,35.984127,0.021978,-1,-915,-2046
1754830220257,0x064,6,01 FF FF C6 D8 02,1,12.500000,35.984127,0.021978,-1,-915,-2046
1754830220259,0x064,6,01 FF FF C6 18 27,1,12.500000,35.603175,0.347253,-1,-927,-2009
1754830220265,0x064,6,01 FF FF C6 18 27,1,12.500000,35.603175,0.347253,-1,-927,-2009
1754830220269,0x064,6,01 FF FF C6 18 27,1,12.500000,35.603175,0.347253,-1,-927,-2009
1754830220274,0x064,6,01 FF FF C6 18 27,1,12.500000,35.603175,0.347253,-1,-927,-2009
1754830220279,0x064,6,01 FF FF C6 18 27,1,12.500000,35.603175,0.347253,-1,-927,-2009
1754830220285,0x064,6,01 FF FF C6 18 27,1,12.500000,35.603175,0.347253,-1,-927,-2009
1754830220290,0x064,6,01 FF FF C6 18 27,1,12.500000,35.603175,0.347253,-1,-927,-2009
1754830220296,0x064,6,01 FF FF C6 18 27,1,12.500000,35.603175,0.347253,-1,-927,-2009
1754830220309,0x064,6,01 FF FF C6 18 27,1,12.500000,35.603175,0.347253,-1,-927,-2009
1754830220310,0x064,6,01 FF FF C6 18 27,1,12.500000,35.603175,0.347253,-1,-927,-2009
1754830220321,0x064,6,01 FF FF C6 18 27,1,12.500000,35.603175,0.347253,-1,-927,-2009
1754830220323,0x064,6,01 FF FF C6 18 27,1,12.500000,35.603175,0.347253,-1,-927,-2009
1754830220328,0x064,6,01 FF FF C6 18 27,1,12.500000,35.603175,0.347253,-1,-927,-2009
1754830220335,0x064,6,01 FF FF C6 18 27,1,12.500000,35.603175,0.347253,-1,-927,-2009
1754830220339,0x064,6,01 FF FF C6 18 27,1,12.500000,35.603175,0.347253,-1,-927,-2009
1754830220343,0x064,6,01 FF FF C6 18 27,1,12.500000,35.603175,0.347253,-1,-927,-2009
1754830220349,0x064,6,01 FF FF C6 18 27,1,12.500000,35.603175,0.347253,-1,-927,-2009
1754830220357,0x064,6,01 FF FF C6 18 27,1,12.500000,35.603175,0.347253,-1,-927,-2009
1754830220375,0x064,6,01 FF FF C8 E7 A7,1,12.500000,37.031746,-0.778022,-1,-882,1959
1754830220380,0x064,6,01 FF FF C8 E7 A7,1,12.500000,37.031746,-0.778022,-1,-882,1959
1754830220384,0x064,6,01 FF FF C8 E7 A7,1,12.500000,37.031746,-0.778022,-1,-882,1959
1754830220389,0x064,6,01 FF FF C8 E7 A7,1,12.500000,37.031746,-0.778022,-1,-882,1959
1754830220404,0x064,6,01 FF FF C8 E7 A7,1,12.500000,37.031746,-0.778022,-1,-882,1959
1754830220409,0x064,6,01 FF FF C8 E7 A7,1,12.500000,37.031746,-0.778022,-1,-882,1959
1754830220418,0x064,6,01 FF FF C8 E7 A7,1,12.500000,37.031746,-0.778022,-1,-882,1959
1754830220426,0x064,6,01 FF FF C8 E7 A7,1,12.500000,37.031746,-0.778022,-1,-882,1959
1754830220426,0x064,6,01 FF FF C8 E7 A7,1,12.500000,37.031746,-0.778022,-1,-882,1959
1754830220431,0x064,6,01 FF FF C8 E7 A7,1,12.500000,37.031746,-0.778022,-1,-882,1959
1754830220437,0x064,6,01 FF FF C8 E7 A7,1,12.500000,37.031746,-0.778022,-1,-882,1959
1754830220442,0x064,6,01 FF FF C8 E7 A7,1,12.500000,37.031746,-0.778022,-1,-882,1959
1754830220448,0x064,6,01 FF FF C8 E7 A7,1,12.500000,37.031746,-0.778022,-1,-882,1959
1754830220454,0x064,6,01 FF FF C8 E7 A7,1,12.500000,37.031746,-0.778022,-1,-882,1959
1754830220459,0x064,6,01 FF FF C9 07 7F,1,12.500000,37.095238,-1.129670,-1,-880,1919
1754830220467,0x064,6,01 FF FF C9 07 7F,1,12.500000,37.095238,-1.129670,-1,-880,1919
1754830220471,0x064,6,01 FF FF C9 07 7F,1,12.500000,37.095238,-1.129670,-1,-880,1919
1754830220479,0x064,6,01 FF FF C9 07 7F,1,12.500000,37.095238,-1.129670,-1,-880,1919
1754830220481,0x064,6,01 FF FF C9 07 7F,1,12.500000,37.095238,-1.129670,-1,-880,1919
1754830220486,0x064,6,01 FF FF C9 07 7F,1,12.500000,37.095238,-1.129670,-1,-880,1919
1754830220492,0x064,6,01 FF FF C9 07 7F,1,12.500000,37.095238,-1.129670,-1,-880,1919
1754830220497,0x064,6,01 FF FF C9 07 7F,1,12.500000,37.095238,-1.129670,-1,-880,1919
1754830220502,0x064,6,01 FF FF C9 07 7F,1,12.500000,37.095238,-1.129670,-1,-880,1919
1754830220508,0x064,6,01 FF FF C9 07 7F,1,12.500000,37.095238,-1.129670,-1,-880,1919
1754830220524,0x064,6,01 FF FF C9 07 7F,1,12.500000,37.095238,-1.129670,-1,-880,1919
1754830220527,0x064,6,01 FF FF C9 07 7F,1,12.500000,37.095238,-1.129670,-1,-880,1919
1754830220527,0x064,6,01 FF FF C9 07 7F,1,12.500000,37.095238,-1.129670,-1,-880,1919
1754830220532,0x064,6,01 FF FF C9 07 7F,1,12.500000,37.095238,-1.129670,-1,-880,1919
1754830220536,0x064,6,01 FF FF C9 07 7F,1,12.500000,37.095238,-1.129670,-1,-880,1919
1754830220542,0x064,6,01 FF FF C9 07 7F,1,12.500000,37.095238,-1.129670,-1,-880,1919
1754830220548,0x064,6,01 FF FF C9 07 7F,1,12.500000,37.095238,-1.129670,-1,-880,1919
1754830220553,0x064,6,01 FF FF C9 07 7F,1,12.500000,37.095238,-1.129670,-1,-880,1919
1754830220561,0x064,6,01 FF FF C7 88 0C,1,12.500000,36.333333,0.109890,-1,-904,-2036
1754830220565,0x064,6,01 FF FF C7 88 0C,1,12.500000,36.333333,0.109890,-1,-904,-2036
1754830220570,0x064,6,01 FF FF C7 88 0C,1,12.500000,36.333333,0.109890,-1,-904,-2036
1754830220580,0x064,6,01 FF FF C7 88 0C,1,12.500000,36.333333,0.109890,-1,-904,-2036
1754830220588,0x064,6,01 FF FF C7 88 0C,1,12.500000,36.333333,0.109890,-1,-904,-2036
1754830220593,0x064,6,01 FF FF C7 88 0C,1,12.500000,36.333333,0.109890,-1,-904,-2036
1754830220595,0x064,6,01 FF FF C7 88 0C,1,12.500000,36.333333,0.109890,-1,-904,-2036
1754830220600,0x064,6,01 FF FF C7 88 0C,1,12.500000,36.333333,0.109890,-1,-904,-2036
1754830220606,0x064,6,01 FF FF C7 88 0C,1,12.500000,36.333333,0.109890,-1,-904,-2036
1754830220612,0x064,6,01 FF FF C7 88 0C,1,12.500000,36.333333,0.109890,-1,-904,-2036
1754830220619,0x064,6,01 FF FF C7 88 0C,1,12.500000,36.333333,0.109890,-1,-904,-2036
1754830220623,0x064,6,01 FF FF C7 88 0C,1,12.500000,36.333333,0.109890,-1,-904,-2036
1754830220628,0x064,6,01 FF FF C7 88 0C,1,12.500000,36.333333,0.109890,-1,-904,-2036
1754830220633,0x064,6,01 FF FF C7 88 0C,1,12.500000,36.333333,0.109890,-1,-904,-2036
1754830220639,0x064,6,01 FF FF C7 88 0C,1,12.500000,36.333333,0.109890,-1,-904,-2036
1754830220644,0x064,6,01 FF FF C7 88 0C,1,12.500000,36.333333,0.109890,-1,-904,-2036
1754830220649,0x064,6,01 FF FF C7 88 0C,1,12.500000,36.333333,0.109890,-1,-904,-2036
1754830220655,0x064,6,01 FF FF C7 88 0C,1,12.500000,36.333333,0.109890,-1,-904,-2036
1754830220661,0x064,6,01 FF FF C7 78 86,1,12.500000,36.301587,1.182418,-1,-905,-1914
1754830220667,0x064,6,01 FF FF C7 78 86,1,12.500000,36.301587,1.182418,-1,-905,-1914
1754830220690,0x064,6,01 FF FF C7 78 86,1,12.500000,36.301587,1.182418,-1,-905,-1914
1754830220706,0x064,6,01 FF FF C7 78 86,1,12.500000,36.301587,1.182418,-1,-905,-1914
1754830220707,0x064,6,01 FF FF C7 78 86,1,12.500000,36.301587,1.182418,-1,-905,-1914
1754830220707,0x064,6,01 FF FF C7 78 86,1,12.500000,36.301587,1.182418,-1,-905,-1914
1754830220710,0x064,6,01 FF FF C7 78 86,1,12.500000,36.301587,1.182418,-1,-905,-1914
1754830220715,0x064,6,01 FF FF C7 78 86,1,12.500000,36.301587,1.182418,-1,-905,-1914
1754830220722,0x064,6,01 FF FF C7 78 86,1,12.500000,36.301587,1.182418,-1,-905,-1914
1754830220726,0x064,6,01 FF FF C7 78 86,1,12.500000,36.301587,1.182418,-1,-905,-1914
1754830220734,0x064,6,01 FF FF C7 78 86,1,12.500000,36.301587,1.182418,-1,-905,-1914
1754830220736,0x064,6,01 FF FF C7 78 86,1,12.500000,36.301587,1.182418,-1,-905,-1914
1754830220742,0x064,6,01 FF FF C7 78 86,1,12.500000,36.301587,1.182418,-1,-905,-1914
1754830220748,0x064,6,01 FF FF C7 78 86,1,12.500000,36.301587,1.182418,-1,-905,-1914
1754830220754,0x064,6,01 FF FF C7 78 86,1,12.500000,36.301587,1.182418,-1,-905,-1914
1754830220758,0x064,6,01 FF FF C7 98 4D,1,12.500000,36.365079,0.681319,-1,-903,-1971
1754830220772,0x064,6,01 FF FF C7 98 4D,1,12.500000,36.365079,0.681319,-1,-903,-1971
1754830220784,0x064,6,01 FF FF C7 98 4D,1,12.500000,36.365079,0.681319,-1,-903,-1971
1754830220800,0x064,6,01 FF FF C7 98 4D,1,12.500000,36.365079,0.681319,-1,-903,-1971
1754830220825,0x064,6,01 FF FF C7 98 4D,1,12.500000,36.365079,0.681319,-1,-903,-1971
1754830220826,0x064,6,01 FF FF C7 98 4D,1,12.500000,36.365079,0.681319,-1,-903,-1971
1754830220826,0x064,6,01 FF FF C7 98 4D,1,12.500000,36.365079,0.681319,-1,-903,-1971
1754830220826,0x064,6,01 FF FF C7 98 4D,1,12.500000,36.365079,0.681319,-1,-903,-1971
1754830220826,0x064,6,01 FF FF C7 98 4D,1,12.500000,36.365079,0.681319,-1,-903,-1971
1754830220841,0x064,6,01 FF FF C7 98 4D,1,12.500000,36.365079,0.681319,-1,-903,-1971
1754830220842,0x064,6,01 FF FF C7 98 4D,1,12.500000,36.365079,0.681319,-1,-903,-1971
1754830220869,0x064,6,01 FF FF C7 98 4D,1,12.500000,36.365079,0.681319,-1,-903,-1971
1754830220873,0x064,6,01 FF FF C7 98 4D,1,12.500000,36.365079,0.681319,-1,-903,-1971
1754830220876,0x064,6,01 FF FF C9 68 68,1,12.500000,37.285714,0.918681,-1,-874,-1944
1754830220876,0x064,6,01 FF FF C9 68 68,1,12.500000,37.285714,0.918681,-1,-874,-1944
1754830220876,0x064,6,01 FF FF C9 68 68,1,12.500000,37.285714,0.918681,-1,-874,-1944
1754830220882,0x064,6,01 FF FF C9 68 68,1,12.500000,37.285714,0.918681,-1,-874,-1944
1754830220887,0x064,6,01 FF FF C9 68 68,1,12.500000,37.285714,0.918681,-1,-874,-1944
1754830220893,0x064,6,01 FF FF C9 68 68,1,12.500000,37.285714,0.918681,-1,-874,-1944
1754830220916,0x064,6,01 FF FF C9 68 68,1,12.500000,37.285714,0.918681,-1,-874,-1944
1754830220920,0x064,6,01 FF FF C9 68 68,1,12.500000,37.285714,0.918681,-1,-874,-1944
1754830220966,0x064,6,01 FF FF C9 68 68,1,12.500000,37.285714,0.918681,-1,-874,-1944
1754830220972,0x064,6,01 FF FF C9 68 68,1,12.500000,37.285714,0.918681,-1,-874,-1944
1754830221011,0x064,6,01 FF FF C9 68 68,1,12.500000,37.285714,0.918681,-1,-874,-1944
1754830221011,0x064,6,01 FF FF C9 68 68,1,12.500000,37.285714,0.918681,-1,-874,-1944
1754830221011,0x064,6,01 FF FF C9 68 68,1,12.500000,37.285714,0.918681,-1,-874,-1944
1754830221011,0x064,6,01 FF FF C9 68 68,1,12.500000,37.285714,0.918681,-1,-874,-1944
1754830221012,0x064,6,01 FF FF C8 48 18,1,12.500000,36.714286,0.215385,-1,-892,-2024
1754830221012,0x064,6,01 FF FF C8 48 18,1,12.500000,36.714286,0.215385,-1,-892,-2024
1754830221012,0x064,6,01 FF FF C8 48 18,1,12.500000,36.714286,0.215385,-1,-892,-2024
1754830221015,0x064,6,01 FF FF C8 48 18,1,12.500000,36.714286,0.215385,-1,-892,-2024
1754830221017,0x064,6,01 FF FF C8 48 18,1,12.500000,36.714286,0.215385,-1,-892,-2024
1754830221019,0x064,6,01 FF FF C8 48 18,1,12.500000,36.714286,0.215385,-1,-892,-2024
1754830221026,0x064,6,01 FF FF C8 48 18,1,12.500000,36.714286,0.215385,-1,-892,-2024
1754830221042,0x064,6,01 FF FF C8 48 18,1,12.500000,36.714286,0.215385,-1,-892,-2024
1754830221049,0x064,6,01 FF FF C8 48 18,1,12.500000,36.714286,0.215385,-1,-892,-2024
1754830221057,0x064,6,01 FF FF C8 48 18,1,12.500000,36.714286,0.215385,-1,-892,-2024
1754830221073,0x064,6,01 FF FF C6 D8 41,1,12.500000,35.984127,0.575824,-1,-915,-1983
1754830221074,0x064,6,01 FF FF C6 D8 41,1,12.500000,35.984127,0.575824,-1,-915,-1983
1754830221074,0x064,6,01 FF FF C6 D8 41,1,12.500000,35.984127,0.575824,-1,-915,-1983
1754830221079,0x064,6,01 FF FF C6 D8 41,1,12.500000,35.984127,0.575824,-1,-915,-1983
1754830221085,0x064,6,01 FF FF C6 D8 41,1,12.500000,35.984127,0.575824,-1,-915,-1983
1754830221091,0x064,6,01 FF FF C6 D8 41,1,12.500000,35.984127,0.575824,-1,-915,-1983
1754830221097,0x064,6,01 FF FF C6 D8 41,1,12.500000,35.984127,0.575824,-1,-915,-1983
1754830221102,0x064,6,01 FF FF C6 D8 41,1,12.500000,35.984127,0.575824,-1,-915,-1983
1754830221128,0x064,6,01 FF FF C6 D8 41,1,12.500000,35.984127,0.575824,-1,-915,-1983
1754830221150,0x064,6,01 FF FF C6 D8 41,1,12.500000,35.984127,0.575824,-1,-915,-1983
1754830221150,0x064,6,01 FF FF C6 D8 41,1,12.500000,35.984127,0.575824,-1,-915,-1983
1754830221151,0x064,6,01 FF FF C6 D8 41,1,12.500000,35.984127,0.575824,-1,-915,-1983
1754830221152,0x064,6,01 FF FF C6 D8 41,1,12.500000,35.984127,0.575824,-1,-915,-1983
1754830221161,0x064,6,01 FF FF C6 07 DD,1,12.500000,35.571429,-0.303297,-1,-928,2013
1754830221164,0x064,6,01 FF FF C6 07 DD,1,12.500000,35.571429,-0.303297,-1,-928,2013
1754830221169,0x064,6,01 FF FF C6 07 DD,1,12.500000,35.571429,-0.303297,-1,-928,2013
1754830221176,0x064,6,01 FF FF C6 07 DD,1,12.500000,35.571429,-0.303297,-1,-928,2013
1754830221180,0x064,6,01 FF FF C6 07 DD,1,12.500000,35.571429,-0.303297,-1,-928,2013
1754830221191,0x064,6,01 FF FF C6 07 DD,1,12.500000,35.571429,-0.303297,-1,-928,2013
1754830221191,0x064,6,01 FF FF C6 07 DD,1,12.500000,35.571429,-0.303297,-1,-928,2013
1754830221197,0x064,6,01 FF FF C6 07 DD,1,12.500000,35.571429,-0.303297,-1,-928,2013
1754830221204,0x064,6,01 FF FF C6 07 DD,1,12.500000,35.571429,-0.303297,-1,-928,2013
1754830221218,0x064,6,01 FF FF C6 07 DD,1,12.500000,35.571429,-0.303297,-1,-928,2013
1754830221238,0x064,6,01 FF FF C6 07 DD,1,12.500000,35.571429,-0.303297,-1,-928,2013
1754830221240,0x064,6,01 FF FF C6 07 DD,1,12.500000,35.571429,-0.303297,-1,-928,2013
1754830221240,0x064,6,01 FF FF C6 07 DD,1,12.500000,35.571429,-0.303297,-1,-928,2013
1754830221243,0x064,6,01 FF FF C6 07 DD,1,12.500000,35.571429,-0.303297,-1,-928,2013
1754830221256,0x064,6,01 FF FF C6 07 DD,1,12.500000,35.571429,-0.303297,-1,-928,2013
1754830221257,0x064,6,01 FF FF C6 07 DD,1,12.500000,35.571429,-0.303297,-1,-928,2013
1754830221262,0x064,6,01 FF FF C5 87 F4,1,12.500000,35.317460,-0.101099,-1,-936,2036
1754830221270,0x064,6,01 FF FF C5 87 F4,1,12.500000,35.317460,-0.101099,-1,-936,2036
1754830221276,0x064,6,01 FF FF C5 87 F4,1,12.500000,35.317460,-0.101099,-1,-936,2036
1754830221285,0x064,6,01 FF FF C5 87 F4,1,12.500000,35.317460,-0.101099,-1,-936,2036
1754830221287,0x064,6,01 FF FF C5 87 F4,1,12.500000,35.317460,-0.101099,-1,-936,2036
1754830221292,0x064,6,01 FF FF C5 87 F4,1,12.500000,35.317460,-0.101099,-1,-936,2036
1754830221306,0x064,6,01 FF FF C5 87 F4,1,12.500000,35.317460,-0.101099,-1,-936,2036
1754830221328,0x064,6,01 FF FF C5 87 F4,1,12.500000,35.317460,-0.101099,-1,-936,2036
1754830221333,0x064,6,01 FF FF C5 87 F4,1,12.500000,35.317460,-0.101099,-1,-936,2036
1754830221341,0x064,6,01 FF FF C5 87 F4,1,12.500000,35.317460,-0.101099,-1,-936,2036
1754830221342,0x064,6,01 FF FF C5 87 F4,1,12.500000,35.317460,-0.101099,-1,-936,2036
1754830221354,0x064,6,01 FF FF C5 87 F4,1,12.500000,35.317460,-0.101099,-1,-936,2036
1754830221361,0x064,6,01 FF FF C5 87 F4,1,12.500000,35.317460,-0.101099,-1,-936,2036
1754830221376,0x064,6,01 FF FF C5 48 41,1,12.500000,35.190476,0.575824,-1,-940,-1983
1754830221391,0x064,6,01 FF FF C5 48 41,1,12.500000,35.190476,0.575824,-1,-940,-1983
1754830221406,0x064,6,01 FF FF C5 48 41,1,12.500000,35.190476,0.575824,-1,-940,-1983
1754830221411,0x064,6,01 FF FF C5 48 41,1,12.500000,35.190476,0.575824,-1,-940,-1983
1754830221415,0x064,6,01 FF FF C5 48 41,1,12.500000,35.190476,0.575824,-1,-940,-1983
